ID,VISTAS,TITULO ACTUAL,NUEVO TITULO,ALTERNATIVA 2,ALTERNATIVA 3,NUEVA DESCRIPCION,KEYWORDS
IiVBeMC2wPc,887902,"Aterradoras Historias de LOS PUENTES DEL DIABLO, creepypasta",Los Puentes del Diablo esconden el mismo pacto en 6 países,Puentes del Diablo: la advertencia que se repite de Perú a Alemania,"Puente del Diablo: si escuchas un llanto bajo el arco, no bajes","Los puentes del diablo aparecen en casi todos los continentes, y lo más inquietante es que las leyendas de estos puentes del diablo cuentan siempre el mismo pacto: una obra imposible terminada en una sola noche, a cambio de un alma.

En este documental recorremos seis de esos relatos. En Arequipa, Perú, la tradición cuenta que el puente que hoy se llama Juan Pablo II, al final de la avenida Ejército rumbo a Cerro Colorado, fue conocido antiguamente como el puente del diablo: según la leyenda, una joven escuchó el llanto de un bebé bajo el puente, bajó a rescatarlo y descubrió con horror que la criatura era el mismísimo demonio. En un pueblo de Inglaterra, el relato habla de una mujer pobre que aceptó la oferta de un desconocido de construir un puente a cambio del primer ser vivo que lo cruzara, y burló al tentador lanzando primero un bocado y un perro. En Colombia, la leyenda del Puente del Común, en la vía de Bogotá a Zipaquirá, cuenta que el maestro de obra Florentino vendió su alma para levantar el puente, escondió a un sacerdote y se salvó cuando el gallo cantó antes de la última piedra, dejando estampada la pata de Satanás en una roca.

El recorrido sigue por la frontera entre Alsacia y Suiza, donde según se narra Belcebú fue engañado con una cabra negra y dejó un agujero que ningún esfuerzo logra reparar; por un lago en Alemania, donde un pastor habría burlado al diablo despertando al gallo a medianoche, dejando el puente inconcluso; y por Durango, México, donde la tradición de la hacienda Navacoyán, junto al río del Tunal, cuenta que un albañil desesperado cerró el trato, el puente amaneció terminado y su cuerpo apareció sobre la obra antes de que un remolino se lo llevara para siempre.

Seis épocas, seis países, un solo comprador de almas. ¿Por qué la misma historia se repite en lugares que jamás tuvieron contacto entre sí? Escucha cada relato y decide si es casualidad o advertencia.

Si te apasionan los misterios y las leyendas documentadas con seriedad, suscríbete a El DoQmentalista y activa la campana para no perderte los próximos episodios.

#PuentesDelDiablo #Leyendas #Misterio","el doqmentalista, documentales de misterio en espanol, el documentalista, puentes del diablo, puente del diablo, pactos con el diablo, leyenda del puente del común, puente del diablo arequipa, leyenda de durango navacoyán, leyendas de puentes, leyendas latinoamericanas, historias de terror reales, leyendas urbanas, mitos y leyendas, relatos paranormales, historias del diablo, creepypasta en español, misterios sin resolver"
WrUiIXmGk0k,877562,"El legendario Mago Merlín no es quien tú creias y te lo muestro, evidencia histórica.",El Mago Merlín no nació en Camelot: fue inventado en 1136,Mago Merlín: el manuscrito de 1136 donde empezó toda su leyenda,El verdadero origen del Mago Merlín que el cine te hizo olvidar,"El Mago Merlín no nació en Camelot. El origen del Mago Merlín está en un libro medieval, y su historia real es mucho más extraña que la que te contaron las películas.

En este documental recorremos los orígenes del mago más famoso de la literatura. Aunque hoy lo asociamos con la leyenda del Rey Arturo, Merlín no se originó ahí: la creación del personaje se atribuye al escritor Geoffrey de Monmouth en su obra de 1136, la Historia de los Reyes de Bretaña. Según se narra, Geoffrey combinó varias figuras para dar forma a Merlín: un profeta del norte y el líder romano-britano Ambrosius. La Historia Brittonum ya contaba el relato del rey Vortigern, quien intentaba levantar una torre que se derrumbaba una y otra vez; el remedio, decían, era rociar los cimientos con la sangre de un niño nacido sin padre. Ese niño reveló que bajo la torre luchaban dos dragones, símbolo de los sajones y los britanos. Geoffrey retomó esta historia y puso a Merlín en el lugar del niño sin padre.

El relato de Geoffrey también incluye las profecías de Merlín, la historia en la que el mago crea Stonehenge como lugar de entierro para Ambrosius, y el episodio de Uther Pendragon en Tintagel, donde engendra a Arturo con la esposa de su enemigo. Décadas después, el poeta Robert de Boron compuso su propio Merlín, con énfasis en sus poderes de cambio de forma, su conexión con el Santo Grial y su faceta de bromista, además de presentar a Blaise, el maestro del mago. Y de los diversos relatos posteriores surgió su caída: según la leyenda, Merlín se enamoró de la hija del rey del norte, le enseñó toda su magia, y ella lo atrapó con un hechizo dentro de una tumba de piedra, donde murió. El mago paradójico, hijo del diablo y siervo de Dios según los textos, terminó vencido por su propio deseo.

¿Merlín realmente existió o solo es fantasía? Acompáñame a descubrir cómo un personaje de un libro del siglo XII se convirtió en el mentor del rey de Camelot.

Suscríbete al canal para más documentales de misterio, leyendas y enigmas de la historia en español.

#MagoMerlin #ReyArturo #ElDoQmentalista","el doqmentalista, documentales de misterio en espanol, mago merlin, origen de merlin, leyenda del rey arturo, geoffrey de monmouth, historia de los reyes de bretana, camelot, uther pendragon, robert de boron, stonehenge, vortigern, leyendas medievales, mitologia britanica, magos y hechiceros, misterios de la historia, enigmas historicos, personajes legendarios, documental en espanol"
CA1qHyUwA3o,877027,7 Predicciones Que Ocurrirán Después De La Pandemia,Predicciones de la Pandemia: El Futuro Que Anunciaron y Olvidamos,Predicciones Post Pandemia: El Futuro Que Anunciaron y Olvidamos,7 Predicciones Post Pandemia: La Advertencia Que Sigue Vigente,"¿Qué predicciones se hicieron para el mundo después de la pandemia y cuántas de ellas ya forman parte de tu vida diaria? En este documental repasamos los 7 escenarios que, según los expertos citados en el video, marcarían el rumbo de la humanidad tras el 2020, el año de la cuarentena y el aislamiento.

La primera predicción habla de una crisis alimentaria: cadenas de suministro reducidas, países que dejan de exportar alimentos para retenerlos y prevenir la escasez, algo que, como recuerda el video, ya se había visto antes en Grecia y Venezuela. Le sigue la esclavitud tecnológica: trabajo desde casa, telemedicina generalizada, compras en línea disparadas, drones que entregan alimentos y una dependencia creciente de las máquinas, que no son susceptibles al virus.

El tercer escenario es el contacto cero: una hiperconciencia obsesiva de cada superficie que tocamos y el ascenso de los comandos de voz, la visión artificial y la realidad aumentada, hasta poder controlarlo todo sin tocar ningún dispositivo físico. El cuarto anuncia enfermedades psicológicas nuevas y difíciles de catalogar, producto de los largos periodos de confinamiento, con síntomas que irían de la depresión al comportamiento errático. Después vienen el monopolio de medicamentos, con las ciencias médicas dominando la próxima década; el colapso de la humanidad, un mundo cada vez menos abierto, menos próspero y menos libre; y finalmente el despertar espiritual, una era de reflexión colectiva, de filosofía renacida y de una nueva relación con la naturaleza.

Años después de aquel anuncio, la pregunta sigue abierta: ¿la naturaleza nos puso en nuestro lugar, como plantea este relato, o apenas estamos viendo el comienzo? Mira el documental completo, compara cada predicción con lo que ves a tu alrededor y saca tus propias conclusiones en los comentarios.

Si te apasionan los documentales de misterio en español, suscríbete a El DoQmentalista y activa la campanita para no perderte ningún episodio.

#Predicciones #Pandemia #Documental","el doqmentalista, documentales de misterio en español, predicciones pandemia, predicciones después de la pandemia, que pasará después de la pandemia, crisis alimentaria, contacto cero, despertar espiritual, esclavitud tecnológica, enfermedades psicológicas confinamiento, futuro de la humanidad, predicciones que se cumplieron, telemedicina, inteligencia artificial, documental en español, misterio, enigmas, profecías"
CtvQKBUuZKU,873953,¿Por Qué Dios Abandonó A Jesús Cuando Estaba En La Cruz? La Pasión De Cristo - Secretos De La Biblia,¿Por Qué Dios Abandonó A Jesús En La Cruz? La Respuesta Cambia Todo,Salmo 22: Las Últimas Palabras De Jesús Que Casi Nadie Entiende,La Madre Teresa Sintió El Mismo Abandono Que Jesús En La Cruz,"¿Por qué Dios abandonó a Jesús cuando estaba en la cruz? Esa pregunta nace de las palabras más desconcertantes de toda la Pasión de Cristo, y en este documental las analizamos a fondo.

El relato evangélico cuenta que, llegando el mediodía, todo el país se oscureció hasta las tres de la tarde, y que a las tres en punto Jesús gritó con voz fuerte: ""Eloí, Eloí, ¿lemá sabactani?"", que significa ""Dios mío, Dios mío, ¿por qué me has abandonado?"". Para muchos cristianos estas palabras son casi insoportables. ¿De verdad Jesús pensó que su Padre lo había abandonado? ¿Perdió la esperanza en el momento más oscuro de la crucifixión? En este video exploramos las dos maneras de entender ese grito. La primera posibilidad sostiene que Jesús estaba citando el Salmo 22 del Antiguo Testamento, un salmo que comienza con esa queja pero termina como un himno de acción de gracias, por lo que sus palabras serían, paradójicamente, una expresión de esperanza. La segunda posibilidad es más inquietante: que Jesús realmente se sintió abandonado, después de la traición de Judas, la huida de casi todos los apóstoles, los azotes, la humillación y el peso aplastante del madero por las calles de Jerusalén.

Ahí entra un concepto que los escritores espirituales llaman ""la noche oscura"": un estado que se acerca a la desesperación sin aceptarla. El video recuerda el caso de la Madre Teresa de Calcuta, fundadora de las Misioneras de la Caridad, quien según sus propias cartas, publicadas después de su muerte, pasó unos 50 años sintiendo un vacío en su oración, e incluso escribió a su confesor sobre ""ese terrible dolor de pérdida"". Y sin embargo, nunca abandonó su fe. Sentirse abandonado no es lo mismo que desesperar, y esa distinción cambia por completo la lectura de la cruz: quien ha sentido la ausencia de Dios se parece a Jesús más de lo que imagina.

Si te apasionan los misterios y secretos de la Biblia contados con seriedad, suscríbete a El DoQmentalista y activa la campana para no perderte los próximos documentales.

#SecretosDeLaBiblia #JesusEnLaCruz #ElDoQmentalista","el doqmentalista, documentales de misterio en español, secretos de la biblia, por que dios abandono a jesus, salmo 22, jesus en la cruz, la pasion de cristo, eloi eloi lema sabactani, ultimas palabras de jesus, noche oscura del alma, madre teresa de calcuta, crucifixion de jesus, misterios biblicos, biblia explicada, antiguo testamento, semana santa, cristianismo, documental biblico"
y46t4g7BO7Y,869484,"Los Versículos más RETORCIDOS del Antiguo Testamento, (VER CON BIBLIA EN MANO)",Versículos retorcidos de la Biblia que nadie lee en voz alta,¿Leíste estos versículos del Antiguo Testamento? Casi nadie los conoce,Antiguo Testamento: comprueba estos pasajes con tu propia Biblia,"Los versículos más retorcidos del Antiguo Testamento existen, están impresos en tu propia Biblia y casi nunca se leen en voz alta. En este documental no te pedimos que nos creas: te pedimos que sigas cada pasaje con Biblia en mano y juzgues por ti mismo.

El recorrido comienza con Primera de Samuel 18:25-27, donde el rey Saúl pide como dote cien prepucios de los filisteos, y David responde matando a doscientos hombres para convertirse en yerno del rey. Sigue Números 31:17-18, con la orden dada durante la guerra contra Madián, y Génesis 19:8-11, el momento en que Lot ofrece a sus dos hijas a la multitud que rodea su casa. También abrimos Segunda de Reyes 2:23-25, el episodio en que unos muchachos se burlan de Eliseo gritándole ""calvo, sube"", y el texto relata que dos osos salieron del monte y despedazaron a cuarenta y dos de ellos.

La parte más dura llega con Jueces 11:29-39: Jefté promete a Jehová ofrecer en holocausto a lo primero que salga de su casa si vence a los amonitas, y quien sale a recibirlo con panderos y danzas es su única hija. Ella pide dos meses para llorar su virginidad por los montes, y al volver, su padre cumple el voto. Leemos además Jueces 19:25-28, el relato de la concubina entregada a una multitud; Génesis 19:30-32, la decisión de las hijas de Lot en la cueva; Deuteronomio 25:11-12, el castigo a la mujer que interviene en una pelea; y Éxodo 21, que regula los golpes a los siervos y la venta de las hijas.

Como se aclara desde el inicio del video, estos textos fueron escritos por hombres en una época de plagas, guerras y esclavitud, y su escritura lo reflejó todo. Aquí no se interpreta ni se opina: se lee lo que la Biblia dice, versículo por versículo, para que cada quien juzgue según su propio criterio.

Si te interesan los documentales que se atreven a abrir los textos que otros evitan, suscríbete a El DoQmentalista y activa la campana para no perderte el próximo episodio.

#AntiguoTestamento #Biblia #ElDoQmentalista","el doqmentalista, documentales de misterio en español, documental biblico, versiculos retorcidos de la biblia, antiguo testamento, pasajes oscuros de la biblia, jefte y su hija, eliseo y los osos, lot y sus hijas, jueces 11, exodo 21, versiculos polemicos, biblia en mano, analisis biblico, historia biblica, misterios de la biblia, curiosidades biblicas, relatos biblicos, biblia explicada"
AEuipu5jqqo,868636,"El Libro Perdido De Enoc, Los Hijos De Dios Y El Templo Más Antiguo Del Mundo",El Libro de Enoc: el texto excluido de la Biblia que reapareció en Etiopía,Libro de Enoc y los Hijos de Dios: el relato que el mundo olvidó,"Göbekli Tepe: un templo de 11.000 años, el diluvio y el Libro de Enoc","El Libro de Enoc es el texto que quedó fuera de la Biblia, y sin embargo la propia Biblia lo cita. ¿Por qué un libro mencionado por los autores del Génesis y de Judas terminó excluido y dado por destruido durante siglos?

Este documental sigue el rastro del manuscrito. Según se narra, en 1770 el aventurero inglés James Bruce viajó a Etiopía, donde pasó tres años, y a su regreso anunció un descubrimiento asombroso: había conseguido un antiguo manuscrito que resultó ser una traducción de aquel libro perdido. El texto retrata a Enoc menos como un profeta típico y más como un chamán: un soñador con experiencias extracorporales que afirmaba haber sido contactado por entidades de planos más allá del nuestro. Según el Libro de Enoc y el Génesis, un grupo de entidades llamadas los Hijos de Dios se sintió atraído por las Hijas de los Hombres, y de esa unión nació una nueva raza: los nefilim, a quienes Génesis 6:4 llama los héroes de la antigüedad, los hombres de renombre. El relato suma otro nivel al drama: los Vigilantes, y un grupo de ángeles llamados Uriel, Rafael, Miguel y Gabriel que, según el texto, vigilaban a los vigilantes.

Y aquí entra un dato que sí es piedra y tierra: Göbekli Tepe, en Turquía, considerado el templo más antiguo del mundo, construido hace algo más de 11.000 años, justo después de la catástrofe que puso fin a la Edad de Hielo, y enterrado deliberadamente tras unas pocas generaciones de uso. El sitio está cerca del monte Ararat, el lugar donde la tradición ubica el descanso del arca de Noé. El video explora las especulaciones: ¿eran los Hijos de Dios ángeles caídos atrapados en una guerra cósmica, o sobrevivientes de una civilización avanzada de la Edad de Hielo a quienes los pueblos de la Edad de Piedra recordaron como dioses? ¿Y guarda relación Göbekli Tepe con la tabla de piedra que, según la leyenda, Enoc enterró antes del diluvio? El relato incluso conecta la reaparición del libro en Etiopía con un encuentro entre el rey Salomón y la reina de Saba.

Suscríbete al canal de El DoQmentalista para no perderte los próximos archivos del misterio.

#LibroDeEnoc #GobekliTepe #MisteriosDeLaBiblia","el doqmentalista, documentales de misterio en espanol, libro de enoc, hijos de dios, nefilim, gobekli tepe, vigilantes, angeles caidos, james bruce, monte ararat, diluvio universal, textos apocrifos, libros prohibidos de la biblia, misterios de la biblia, civilizaciones antiguas, edad de hielo, enigmas historicos, documental en español"
BRmdhvtM8D4,844139,El Demonio Belcebú – El Señor De Las Moscas,Belcebú era un dios antes de convertirse en demonio,Belcebú no es Satanás: el error que la demonología arrastra hace siglos,Belcebú y las brujas de Salem: la advertencia que nadie escuchó,"Belcebú, el Señor de las Moscas, es uno de los demonios más temidos de la tradición occidental, pero su historia comenzó de una forma muy distinta. Antes de ocupar un trono en el infierno, Belcebú fue el nombre con el que los hebreos se burlaban de un dios de sus enemigos.

Este documental recorre el origen del término Baal Zebub, una deidad venerada en la ciudad filistea de Ecrón. Según se narra, el título ""señor de las moscas"" nació como una mofa hebrea ante los templos paganos donde la carne de los sacrificios se dejaba pudrir, atrayendo nubes de insectos. Con los siglos, los primeros demonólogos, que ignoraban que Baal era un título aplicado a varios dioses semíticos, convirtieron aquel apodo despectivo en el nombre de un único príncipe infernal. La tradición demonológica que cita el video lo describe de formas contradictorias: para Peter Binsfeld representa el pecado de la gula, para Francis Barret es el príncipe de los dioses falsos, y la ocultista Johan Weyer sostiene que dirigió una rebelión contra Satanás hasta volverse segundo al mando de Lucifer. La imagen más célebre proviene del Diccionario Infernal de Colin de Plancy, escrito en 1818: una criatura de tres cabezas, humano coronado, gato y rana, sostenidas por el cuerpo de una araña.

El relato también explora su vínculo con la brujería. Según la versión de los inquisidores, Belcebú presidía los sabbats donde se negaba a Jesucristo, y su nombre fue mencionado muchas veces en los juicios de Salem. Uno de los casos más inquietantes que recoge el documental es el de la hermana Madeleine, del convento de las ursulinas en Francia, quien en el siglo XVII habría sido poseída por este demonio. Finalmente, el video sigue el rastro del culto a Baal hasta Cartago, donde bajo el nombre de Hammon los relatos sugieren que se ofrecían sacrificios humanos, y hasta las inscripciones fenicias que el arqueólogo Ernest Renan encontró en el siglo XIX.

Si te apasionan los misterios del ocultismo y la historia oculta detrás de los grandes nombres de la demonología, suscríbete a El DoQmentalista y activa la campana para no perderte ningún documental.

#Belcebú #Demonología #ElDoQmentalista","el doqmentalista, documentales de misterio en español, documental paranormal, belcebú, señor de las moscas, baal zebub, príncipes del infierno, demonio de la gula, diccionario infernal, colin de plancy, brujas de salem, baal hammon, demonología, ocultismo, ángeles caídos, demonios, misterio, historia oculta"
OM5FJuTYnZY,835628,"Tú Ángel De La Guarda, Increíble, Descubre Porque No es Seguro Conocer su Nombre",Ángel de la Guarda: Por Qué la Iglesia Desaconseja Buscar Su Nombre,Ángel de la Guarda: Lo Que Dios Decidió No Revelarte,¿Conoces el Nombre de Tu Ángel de la Guarda? Mejor Detente,"Tu ángel de la guarda tiene un nombre, pero según la enseñanza católica ese nombre no te pertenece. En este documental exploramos por qué la Iglesia desaconseja buscar o asignar un nombre al ángel de la guarda, y qué riesgos espirituales señala esa tradición para quien lo intenta.

La tradición católica enseña que cada persona tiene un ángel guardián dado por Dios para guiarla en el camino de la salvación. El video recuerda las palabras atribuidas a San Basilio Magno: junto a cada creyente hay un ángel como protector y pastor que lo lleva a la vida. Sin embargo, las Sagradas Escrituras solo revelan el nombre de tres ángeles: Gabriel, Miguel y Rafael. Según esta enseñanza, todo lo demás quedó deliberadamente oculto, y los propios relatos bíblicos lo ilustran: en el libro de Génesis, el patriarca Jacob pidió el nombre del ser misterioso que luchó con él y solo recibió como respuesta ""¿por qué preguntas mi nombre?"". En el libro de los Jueces, cuando los padres de Sansón quisieron honrar al ángel que les anunció el nacimiento de su hijo, la respuesta fue igual de enigmática: su nombre es maravilloso.

El documental expone tres razones de fondo. Nombrar algo es reclamar autoridad sobre ello, como hizo Adán con los animales en el Edén, y no está en nuestra autoridad nombrar a criaturas de un orden superior. Conocer el nombre de un espíritu puro sería conocer su esencia misma, un conocimiento reservado a Dios. Y quien busca señales para descubrir ese nombre puede terminar engañándose a sí mismo o, peor aún, siguiendo señales falsas de engañadores que se disfrazan de ángeles de luz. El video también cita el Directorio sobre la Piedad Popular y la Liturgia de la Santa Sede, que desalienta expresamente la práctica de asignar nombres a los ángeles, salvo los tres que aparecen en las Escrituras.

Conocer a tu ángel guardián a través de la oración es una cosa; intentar arrancarle sus misterios es otra muy distinta. Aquí te contamos dónde está la línea y por qué, según esta tradición, cruzarla puede salir muy caro.

Si te apasionan los misterios de la fe, lo oculto y lo inexplicable, suscríbete a El DoQmentalista y activa la campana para no perderte ningún documental.

#AngelDeLaGuarda #Misterio #ElDoQmentalista","el doqmentalista, documentales de misterio en espanol, documental en espanol, angel de la guarda, nombre del angel de la guarda, angeles guardianes, angeles en la biblia, gabriel miguel y rafael, enseñanza catolica sobre los angeles, jacob lucha con el angel, misterios de la biblia, seres celestiales, mundo espiritual, proteccion espiritual, angeles y demonios, misterio y ocultismo, fe catolica, relatos biblicos"
00uVXGSXESQ,832574,"La Leyenda De EL LUISÓN, El Hombre Lobo Sudamericano. El DoQmentalista",El Luisón: la maldición del séptimo hijo que Paraguay aún teme,"Luisón: si pasa corriendo entre tus piernas de noche, ya es tarde",Luisón: el hombre lobo que los guaraníes conocían antes que Hollywood,"El Luisón, el hombre lobo sudamericano, es una de las criaturas más temidas de la mitología guaraní: una bestia mitad humana, mitad lobo que, según la leyenda, ronda los cementerios por la noche para devorar la carne de los recién fallecidos. En este documental repasamos el origen de esta figura y por qué tantas personas en Sudamérica todavía la consideran tan real como el resto de sus creencias.

El relato cuenta que todo comenzó con Tau y Kerana, una pareja que sufrió una terrible maldición. Tau, un ser maligno, tomó la forma de un apuesto joven y durante siete días visitó a la bella Kerana; el espíritu del bien, Angatupyry, luchó contra él durante otros siete días, pero Tau resultó vencedor y se llevó consigo a la joven. Indignada por tal atrevimiento, la tribu de Kerana lanzó una maldición: todos los hijos de la pareja nacerían monstruos. Así nacieron siete criaturas, todas prematuras, a los siete meses de gestación, y la séptima fue el Luisón. Algunos estudiosos, según se narra en el video, ven en esos monstruos una representación de las siete penas de la humanidad: el miedo, el dolor, el llanto, el hambre, la sed, la enfermedad y la muerte, siendo esta última la atribuida al Luisón, considerado el señor de la muerte.

La tradición sostiene que los días martes y viernes el Luisón pierde su forma humana: quienes dicen haberlo visto lo describen con grandes colmillos, olor desagradable y ojos penetrantes, una bestia que ataca por la espalda cuando caminas cerca de un panteón en plena oscuridad. Al amanecer recupera su aspecto humano, sucio, triste y cansado. La creencia sigue viva en Paraguay, parte de Argentina, regiones de Brasil, el sureste de Bolivia y el norte de Uruguay: se dice que si un matrimonio tiene siete hijos varones consecutivos, el séptimo será un Luisón. Para evitarlo, la leyenda describe un ritual: bautizar al niño siete veces en siete iglesias diferentes, con un mandatario del gobierno como padrino, e incluso hay quienes afirman que debe ser el mismísimo presidente. Si el ritual falla, cuentan que el niño desaparecerá misteriosamente a los siete años. Y si el Luisón es un forastero, solo se le puede descubrir diciendo su nombre siete veces al revés.

Suscríbete a El DoQmentalista para más documentales de misterio, leyendas y casos inexplicables en español.

#Luisón #MitologíaGuaraní #ElDoQmentalista","el doqmentalista, documentales de misterio en español, doqmentalista, el luisón, luison hombre lobo, mitología guaraní, leyendas de paraguay, hombre lobo sudamericano, maldición del séptimo hijo, tau y kerana, leyendas guaraníes, licantropía, criptozoología, mitos y leyendas latinoamericanas, casos paranormales, leyendas de terror, criaturas mitológicas, misterio en español"
7NQJhbnAzYU,828502,Ella Es Baba Yaga / La Bruja Que Lo Sabe Todo / EL DOQMENTALISTA,Baba Yaga tiene un origen real en Siberia que casi olvidamos,"Baba Yaga: si su cabaña gira hacia ti en el bosque, huye",Baba Yaga y las cabañas reales que hallaron arqueólogos en 1948,"Baba Yaga es mucho más que una bruja de cuento: detrás de Baba Yaga hay un rastro que lleva a los bosques de Siberia y a un hallazgo arqueológico que pocos conocen. En este documental recorremos la leyenda completa y el posible origen real de su famosa cabaña con patas de pollo.

Según el folklore ruso, Baba Yaga es la temible bruja de dientes de hierro, delgada como un esqueleto, cuya nariz roza el techo de su choza cuando ronca sobre su viejo horno de ladrillos. El relato cuenta que no vuela en escoba, sino montada en un gran mortero, y que borra sus huellas con una escoba de abedul plateado mientras un viento salvaje y una multitud de espíritus anuncian su llegada. Su cabaña, rodeada a veces por una valla de huesos rematada con calaveras de cuencas ardientes, gira sobre enormes patas de pollo y solo se detiene ante un conjuro secreto. La tradición sostiene que gobierna sobre los elementos a través de tres jinetes, el blanco, el rojo y el negro, que representan el amanecer, el sol rojo y la medianoche, y que la sirven tres pares de manos sin cuerpo. En los cuentos de Vasilisa aparece también el hechicero Koschéi el Inmortal, y una pista inquietante: alguien se atrevió a mezclar tierra con sus semillas de amapola. ¿Quién podría ser enemigo de Baba Yaga?

Pero el video también explora la posible base real de la leyenda: construcciones de pueblos nómadas cazadores recolectores de Siberia y los Urales, levantadas sobre tocones de árboles cuyas raíces parecen muslos de pollo, usadas para proteger suministros de los animales. Según se narra, en 1948 los arqueólogos rusos Yefimenko y Tretyakov descubrieron pequeñas cabañas de este tipo con restos de cremación en su interior, un eco de antiguas tradiciones funerarias. Al final, la leyenda revela otra cara de Baba Yaga: la mujer sabia que lo ve todo y lo revela todo a los puros de corazón, guardiana de las aguas de la vida y de la muerte.

Si te apasionan el misterio, el folklore y lo oculto, suscríbete a El DoQmentalista y activa la campana para no perderte ningún documental.

#BabaYaga #FolkloreRuso #ElDoQmentalista","el doqmentalista, documentales de misterio en espanol, baba yaga, bruja baba yaga, folklore ruso, leyendas rusas, cabaña con patas de pollo, vasilisa la hermosa, koschei el inmortal, brujas famosas, mitologia eslava, leyendas de brujas, historias de terror, misterios sin resolver, documentales paranormales, ocultismo, seres mitologicos, leyendas del bosque"
gPg6Pl3pOhw,807664,"En busca del Primer vampiro, Mas Poderoso Que Drácula",El Primer Vampiro: Drácula Llegó 700 Años Tarde a Inglaterra,Entierros de Vampiros: lo Que Revelaron 100 Esqueletos en 2017,Vampiro Medieval: el Obispo Que Fue Llamado a Enfrentar a un No-Muerto,"¿Quién fue el primer vampiro? Mucho antes de que Drácula desembarcara en Inglaterra con su suministro de suelo transilvano, la isla ya tenía sus propios no-muertos, y este documental sigue su rastro.

La historia del conde Drácula fue creada por el irlandés Bram Stoker en 1897, pero el vampiro entró en la literatura inglesa mucho antes: en 1819, con el cuento de John Polidori, cuyo protagonista se inspiró en un retrato apenas disfrazado del poeta Lord Byron. Es decir, el primer vampiro de ficción fue en realidad un depredador señor inglés. Fuera de la ficción, el video recorre los casos que cita una investigación de la Universidad de Hertfordshire. Según la leyenda, en la década de 1750 un vampiro se apareció ante una señorita Fisher: arañaba la ventana antes de desaparecer en una antigua bóveda repleta de ataúdes abiertos y destrozados, donde un solo féretro permanecía intacto, con su ocupante arrugado y momificado en el interior. En Renwick, Cumbria, los nativos fueron apodados murciélagos por la monstruosa criatura que, según se dice, salió volando de los cimientos de una iglesia reconstruida en 1733.

El caso más inquietante viene del siglo 12: William de Newburgh registró a un terrorífico vengador, y el relato cuenta que el obispo de Lincoln fue llamado para enfrentarlo. La solución no fue desenterrar y quemar el cadáver, sino colocar una absolución de la Iglesia sobre el pecho del muerto: al abrir la tumba, el cuerpo no se había descompuesto, y el vampiro jamás volvió a ser visto deambulando.

Y luego están los huesos. Más de 100 cadáveres descubiertos en un pueblo inglés hoy desierto, datados de antes del siglo 14. Una inspección de 2017 relacionó los esqueletos quemados y rotos con mutilaciones deliberadas para evitar que los muertos regresaran por los vivos, una creencia común en el folklore de la época que alcanzó incluso a mujeres, niños y adolescentes. Y en un antiguo yacimiento romano de Italia apareció el cráneo de un niño de 10 años con una gran roca insertada en la boca, para evitar, según la creencia, que se mordiera y chupara su propia sangre.

Si te apasionan los misterios narrados con seriedad documental, suscríbete a El DoQmentalista y acompáñanos en la próxima búsqueda.

#Vampiros #Dracula #Misterio","el doqmentalista, documentales de misterio en espanol, documentales paranormales, el primer vampiro, vampiros reales, entierros de vampiros, vampiros en inglaterra, vampiro medieval, dracula, bram stoker, john polidori, william de newburgh, leyendas de vampiros, folclore ingles, no muertos, criaturas legendarias, casos paranormales, misterios sin resolver, leyendas medievales, ocultismo"
-r_95mLRXp0,797412,¿Qué pasó con la Verdadera Cruz de Cristo?,La Verdadera Cruz de Cristo: 4 desapariciones y un final sin resolver,¿Dónde terminó la Cruz de Cristo? Del Gólgota al Monte Athos,Cruz de Cristo: los análisis dicen que solo queda una décima parte,"¿Dónde terminó la Verdadera Cruz de Cristo? La reliquia más buscada del cristianismo desapareció cuatro veces a lo largo de la historia, y su rastro todavía guarda preguntas sin respuesta.

Según la tradición cristiana, todo comienza en el año 326, cuando Santa Elena, madre del emperador romano Constantino I, emprende a sus 80 años una peregrinación a Tierra Santa. El relato cuenta que en el Gólgota se hallaron tres cruces enterradas, y que el obispo de Jerusalén ideó una prueba: una mujer enferma tocó la madera y, al rozar una de las tres, sanó de inmediato. Elena no tuvo dudas. En ese mismo lugar ordenó levantar la Iglesia de la Resurrección.

Pero la historia de la reliquia apenas comenzaba. La cruz cayó en manos de los persas hasta que, en el año 630, el emperador bizantino Heraclio la recuperó y devolvió una parte a Jerusalén, dejando otra en Constantinopla; la Iglesia conmemora ese episodio cada 14 de septiembre con la fiesta de la Exaltación de la Santa Cruz. Vinieron después la conquista árabe, el ocultamiento de la reliquia y su reaparición en 1099 con las cruzadas, cuando fue restituida con honores en la Basílica del Santo Sepulcro. Hasta que en 1187, en una batalla junto al lago Tiberíades, en Galilea, los cruzados cayeron ante el sultán Saladino y la cruz se esfumó sin dejar rastro. La leyenda dice que el papa Urbano III murió al enterarse de la noticia.

El documental sigue también la suerte del fragmento de Constantinopla tras la Cuarta Cruzada de 1203, la compra de fragmentos en 1238 junto a los instrumentos de la Pasión —una corona de espinas, una santa lanza y una santa esponja— llevados a París, y la desaparición de esas piezas durante la Revolución Francesa en 1794. Hoy, según diversos análisis que cita el video, los supuestos fragmentos del lignum crucis repartidos por el mundo apenas constituirían una décima parte de la cruz original; el mayor se conserva en el monasterio del Monte Athos, en Grecia, y otros en Roma, Bruselas, Venecia, Gante y París.

Suscríbete a El DoQmentalista para más documentales de misterio, historia y enigmas de la fe en español.

#VeraCruz #Reliquias #ElDoQmentalista","el doqmentalista, documentales de misterio en español, verdadera cruz de cristo, santa elena, lignum crucis, reliquias de la pasión, monte athos, saladino, cruzadas, heraclio, constantinopla, basílica del santo sepulcro, reliquias cristianas, misterios de la biblia, historia del cristianismo, documental religioso, enigmas históricos, jerusalén"
yfiUDk3v5io,793547,Documental: ESCAPE INFERNAL: LA HISTORIA DE HARALD LARSEN - Documentales Interesantes,El periodista que juró haber escapado del infierno en 1915,Harald Larsen: los artículos perdidos de un viaje al infierno,Un mes en el infierno: el caso danés que nadie pudo explicar,"¿Puede un periodista escapar del infierno y regresar para contarlo? El relato de Harald Larsen, el danés que aseguró haber pasado un mes entre demonios, es una de las historias más extrañas jamás aparecidas en la prensa europea.

Según narra este documental, en octubre de 2016 un periódico danés publicó un artículo sobre Harald Larsen, precedido por una carta de su hija, Elsebeth, quien encontró los textos que su padre había firmado con las iniciales H. L. medio siglo antes. El relato cuenta que en diciembre de 1913 Larsen se inscribió como periodista independiente y comenzó a escribir columnas sobre ocultismo y rituales paganos, hasta convertirse en el columnista más leído del periódico. En junio de 1914 decidió explorar una casa encantada en el norte de Dinamarca, donde afirmó haber visto a una mujer espectral vestida de negro, de unos 40 años y de una belleza aterradora. Sus artículos terminaron abruptamente en septiembre de 1914.

La leyenda continúa en mayo de 1915, cuando Larsen viajó a Brasil para cubrir un festival religioso que fue suspendido de forma inesperada. Según su propio testimonio, la dama espectral le habría revelado que alrededor del mundo existen portales que conducen al infierno, y uno de ellos estaría en una gruta cercana a Palmital. El relato describe ocho puertas custodiadas por monstruos, a las que engañó con identidades falsas; tres demonios sin rostro que lo torturaban mientras sus heridas sanaban casi al instante; y una multitud de condenados coreando ""el danés, el nuevo rey"", hasta que el propio Satanás le permitió volver a la tierra con instrucciones tan precisas como inquietantes: una cuerda al cuello, un recipiente con sal y un salmo recitado al revés.

Tras el incidente, cuenta la historia, Larsen se casó con Anne Møller y jamás consiguió volver a publicar su experiencia: sus artículos desaparecían sin explicación. Su hija llegó a pensar que todo fue una alucinación; otros hablan de un truco publicitario para ganar popularidad, de una enfermedad mental o de un trance hipnótico autoinducido. Tú decides qué creer.

Suscríbete a El DoQmentalista para más documentales de misterio en español, casos paranormales y relatos que la historia prefirió olvidar.

#misterio #paranormal #documentales","el doqmentalista, documentales de misterio en español, documentales interesantes, harald larsen, escape del infierno, viaje al infierno, el danés que escapó del infierno, portales al infierno, mujer de negro, periodista danés, leyendas danesas, casos paranormales, historias de terror reales, misterios sin resolver, ocultismo, relatos sobrenaturales"
VOeJfWJvRdE,787155,5 Formas de PROTEGERSE de los ataques psiquicos autodefensa psiquica y energía sutil,Ataques Psíquicos: 5 señales de que eres el blanco y cómo protegerte,"Ataque Psíquico: por qué despiertas agotado, con miedo y sin energía",Defensa Psíquica: el escudo de luz que la tradición oriental aún enseña,"¿Sabrías reconocer un ataque psíquico? La fatiga extrema, las pesadillas recurrentes y esa ansiedad que aparece sin motivo podrían ser, según la tradición esotérica, señales de que una energía ajena intenta entrar en tu campo.

En este documental repasamos las cinco señales que estas creencias asocian con un ataque psíquico o espiritual: miedo o ansiedad incapacitante, pesadillas o terrores nocturnos acompañados de ataques de pánico, fatiga extrema, parálisis emocional o espiritual, y el cuestionamiento repentino de tu camino, tus valores o incluso tu cordura. La premisa central de esta tradición es clara: las energías negativas prosperan en presencia de otras energías negativas, como el miedo, y por eso la mayor herramienta de defensa sería el poder del amor y la luz.

A partir de ahí, el video presenta cinco prácticas de autodefensa psíquica transmitidas por distintas corrientes espirituales. La ceremonia de limpieza, con incienso de copal, cuarzos para el entorno y elementos naturales como la espirulina o la clorofila, pasando el humo por toda la casa y en especial sobre y debajo de la cama. El corte de la conexión, una visualización en la que unas tijeras imaginarias cortan el cordón que te une a lo que te daña, mientras se pronuncia la frase de liberación de toda energía parasitaria del cuerpo, la mente y el espíritu. La meditación de la luz interior, esa chispa en el corazón que crece hasta rodearlo todo. El fortalecimiento del aura, un concepto que el video atribuye a la filosofía oriental, visualizando los chakras desde el rojo en los pies hasta el violeta en la coronilla hasta formar una barrera energética que tú controlas. Y el trabajo con los sueños lúcidos, porque según estas creencias muchos ataques ocurren justamente mientras dormimos.

Nada de esto se presenta como ciencia comprobada: es un recorrido serio y documentado por prácticas de protección que la tradición esotérica ha conservado durante generaciones, contadas tal como se transmiten.

Si te apasionan el misterio, lo oculto y las fronteras de lo inexplicable, suscríbete a El DoQmentalista y activa la campana para no perderte ningún documental.

#AtaquesPsiquicos #ProteccionEspiritual #ElDoQmentalista","el doqmentalista, documentales de misterio en espanol, el documentalista, ataques psiquicos, defensa psiquica, autodefensa psiquica, proteccion espiritual, limpieza energetica, energia negativa, aura y chakras, cortar cordones energeticos, suenos lucidos, incienso de copal, cuarzos de proteccion, meditacion de proteccion, energia sutil, ocultismo, espiritualidad, misterio, paranormal"
2DW2UtOlLBw,785449,Top 10 Misterios de Nahuales: Licantropía y Metamorfosis en la Brujería,Nahuales y Licantropía: una creencia más antigua que la escritura,Nahuales: el enigma pintado en una cueva del año 13.000 a.C.,Hombres Lobo y Nahuales: el misterio que los eruditos aún debaten,"¿Qué son realmente los nahuales y por qué la creencia en personas capaces de convertirse en animales aparece en casi todas las culturas del planeta? Los nahuales y la licantropía podrían ser mucho más antiguos de lo que imaginas: este documental sigue el rastro de la metamorfosis humana desde las cavernas prehistóricas hasta las tradiciones de brujería.

El recorrido comienza en la mitología griega, donde Zeus se transformaba en cisne, en toro y hasta en hormiga, y continúa con los dioses egipcios de cabeza animal, como Horus con cabeza de pájaro y Anubis con cabeza de perro, y con el travieso Loki de los mitos nórdicos, que según esos relatos tomaba la forma de una mujer y de varios animales. Pero el dato más inquietante viene del sur de Francia: el video narra que en la cueva de Tres Frentes se encuentra la figura conocida como El Hechicero, con partes de animal y de humano, y que muchos estudiosos creen que esos dibujos indican una creencia prehistórica en rituales de transformación que se remontaría hasta el año 13.000 antes de Cristo, miles de años antes del lenguaje escrito.

También exploramos la teriantropía, la transformación de un humano en otro ser, y su forma más famosa: la licantropía. El concepto de hombre lobo se remonta a la antigua Grecia y culminó en la creencia moderna de que estos seres cambian de forma durante las tres noches de luna llena. La tradición suele presentarlos como víctimas de un hechizo o una maldición, como la bestia del cuento del siglo dieciocho de La Bella y la Bestia. Incluso en la Odisea de Homero aparece Proteo, un dios marino capaz de alterar su forma tan rápido como las olas cambiantes, dotado además de capacidades proféticas. El capítulo final pertenece a los chamanes: según estas tradiciones, mediante rituales o el uso de ciertas sustancias alteraban su estado de conciencia para interactuar con el mundo sobrenatural, y por ese supuesto don de la forma dual eran venerados como sanadores y sabios en sus comunidades.

Si te apasionan los misterios documentados con seriedad, suscríbete a El DoQmentalista y acompáñanos en la próxima investigación.

#Nahuales #Licantropia #ElDoQmentalista","el doqmentalista, documentales de misterio en español, nahuales, licantropía, hombres lobo, metamorfosis humana, teriantropía, cambio de forma, brujería, chamanes, leyendas de nahuales, mitología griega, el hechicero cueva, misterios sin resolver, ocultismo, paranormal, criaturas sobrenaturales, leyendas mexicanas, top 10 misterios"
MbO0AxbdTVs,776066,Enigma Documental: Los Secretos Ocultos de la Biblia,¿Jesús tuvo hermanos? 10 verdades que tu Biblia dice y la iglesia no enseña,Secretos de la Biblia que dejaron de enseñar en las iglesias,¿Sabías que tu Biblia no dice lo que siempre creíste?,"¿Qué dice realmente la Biblia que en la iglesia nunca te enseñaron? En este documental repasamos diez enseñanzas que están escritas en tus propias Escrituras y que, según la lectura que propone el video, contradicen varias creencias cristianas populares que damos por hechas.

El recorrido comienza con Éxodo 12, donde se ordena a Moisés y Aarón que el principio de meses sea en primavera, cuando el pueblo salió de Egipto: bíblicamente hablando, el año no empieza el primero de enero en pleno invierno. Después el video analiza Romanos 6:23, que declara que la paga del pecado es la muerte, y Malaquías 4, donde se dice que los soberbios y los que hacen maldad ""serán cenizas"" bajo las plantas de los pies. Según esta lectura, la idea de un tormento que arde por toda la eternidad no estaría en el texto. También se examina Juan 3, donde Jesús explica que nacer de nuevo es nacer del agua y del Espíritu, y Apocalipsis 22, donde el propio ángel le pide a Juan que no lo adore, porque la adoración pertenece solo a Dios.

La segunda mitad toca temas todavía más incómodos. Mateo 13:55-56 nombra a los hermanos de Jesús —Santiago, José, Simón y Judas— y menciona además a sus hermanas. Romanos 16:5 muestra que la iglesia bíblica son las personas, no los edificios ni las grandes catedrales. Y Juan 14:30 llama a Satanás el gobernante de este mundo, una clave que el video propone para entender tanto sufrimiento a nuestro alrededor. Cerramos con dos curiosidades: entre los cerca de cien animales que recorren las Escrituras, las ovejas son las más mencionadas y el gato doméstico jamás aparece; y la imagen del Judas pelirrojo, presente en cuadros y obras de teatro, no tiene respaldo en ningún texto del Nuevo Testamento. Según se narra, esas falsas representaciones alimentaron siglos de prejuicio contra las personas pelirrojas, señaladas incluso como brujas.

Este no es un video para atacar la fe, sino para invitarte a leer tu propia Biblia con ojos nuevos y comprobar cada punto por ti mismo, versículo por versículo.

Si te apasionan los enigmas de la fe, los textos antiguos y los misterios que la historia dejó en las sombras, suscríbete a El DoQmentalista y activa la campana para no perderte los próximos documentales.

#Biblia #Misterio #ElDoQmentalista","el doqmentalista, documentales de misterio en espanol, documental biblico, secretos de la biblia, que dice la biblia realmente, curiosidades biblicas, hermanos de jesus, judas pelirrojo, el infierno en la biblia, nacer de nuevo significado, año nuevo biblico, animales de la biblia, versiculos biblicos explicados, misterios biblicos, enigmas religiosos, cristianismo, historia biblica, textos sagrados, misterio y ocultismo, documental en español"
iTuSNxrgntE,765012,Baba Yaga y La muñeca Mágica De Vasilisa / EL DOQMENTALISTA,La muñeca mágica de Vasilisa: nunca la muestres a nadie,La muñeca mágica de Vasilisa: nunca la muestres a nadie,"Baba Yaga: si ves cráneos brillando en el bosque, huye","Baba Yaga y la muñeca mágica de Vasilisa: la leyenda rusa cuenta que en un bosque de abedules vivía una bruja que se comía a la gente, y que solo una niña protegida por la bendición de su madre logró salir viva de su cabaña.

El relato comienza con un comerciante y su esposa, que tenían una hija llamada Vasilisa. Antes de morir, la madre puso una muñequita en las manos de la niña y le dejó una instrucción precisa: llevarla siempre consigo, no mostrársela jamás a nadie y darle de comer cuando algo malo ocurriera. Tras la muerte de la madre, el padre volvió a casarse con una viuda que, junto a sus dos hijas, envidiaba la belleza de Vasilisa y la cargaba de trabajos pesados. Según la historia, la muñeca la aconsejaba y la ayudaba a cumplir cada tarea.

Una noche, la madrastra apagó todas las velas y envió a Vasilisa al bosque prohibido a pedirle fuego a Baba Yaga. En el camino, la niña vio pasar a tres jinetes: uno blanco, uno rojo y uno negro. Al llegar encontró una cabaña rodeada por una cerca de huesos humanos coronada con cráneos, cuya puerta tenía dientes afilados como cerradura. La bruja le impuso tareas imposibles, como separar semilla por semilla el maíz enmohecido y limpiar las semillas de amapola, bajo amenaza de cocinarla y comerla. La muñeca cumplió cada encargo, y cuando Baba Yaga supo que la niña llevaba la bendición de una madre, la expulsó de su casa y le entregó un cráneo con ojos que brillaban como fuego.

El desenlace del cuento es tan inquietante como su inicio: el cráneo redujo a cenizas a la madrastra y a sus hijas, y Vasilisa, refugiada en casa de una anciana, tejió una tela tan fina que llegó a manos del zar, con quien terminó casándose, llevando su muñequita en el bolsillo hasta el día de su muerte.

Si te apasionan las leyendas y los relatos de misterio narrados como documental, suscríbete a El DoQmentalista y activa la campanita para no perderte el próximo archivo.

#BabaYaga #LeyendasRusas #ElDoQmentalista","el doqmentalista, documentales de misterio en espanol, baba yaga, la muñeca de vasilisa, vasilisa la hermosa, leyendas rusas, cuentos rusos de terror, la bruja del bosque, folclore eslavo, cabaña de baba yaga, leyendas de brujas, cuentos de hadas oscuros, mitos y leyendas, historias de terror, relatos de misterio, narraciones para dormir, misterio y ocultismo"
K5EyFHA_A-k,763454,¿Qué Sucederá en 2023? Los Profecías Más Siniestras Reveladas - Documental Inquietante,Baba Vanga y Nostradamus: Lo Que Predijeron para la Humanidad,Profecías de Baba Vanga: La Advertencia Que Aún Inquieta,Nostradamus: ¿Qué Anunciaba Su Profecía Más Siniestra?,"¿Qué anunciaban las profecías de Baba Vanga y Nostradamus para el 2023? En este documental repasamos las predicciones más siniestras que rodearon ese año y lo que, según los videntes, le esperaba a la humanidad.

El relato presenta a Baba Vanga, la famosa profetisa búlgara, quien según la tradición habría anunciado para el 2023 una gran destrucción capaz de provocar la muerte de muchas personas, además de grandes conflictos y guerras. Sus supuestas visiones también hablaban de transiciones profundas: el avance de la tecnología, el desarrollo de la inteligencia artificial, el aumento de la desigualdad y la lucha por los derechos humanos. Por su parte, a Nostradamus, el célebre profeta del siglo XVI, los intérpretes le atribuyen anuncios de una gran destrucción, una invasión y una crisis económica sin precedentes, pero también del inicio de una nueva era de conciencia y de equilibrio entre la tecnología, la naturaleza y la espiritualidad.

El documental recorre además otras predicciones que circularon para ese año: desde una guerra, un terremoto o un tsunami, hasta la posibilidad de otra pandemia, sin olvidar el eclipse solar total que los astrólogos consideraban un evento importante. Y plantea la pregunta que sigue vigente: si estas visiones apuntaran a algo real, ¿cuáles serían las consecuencias para la civilización humana? ¿Una desigualdad todavía mayor, con los ricos más ricos y los pobres más pobres? ¿Una guerra definitiva? Nada de esto está comprobado, y el propio relato lo reconoce: no sabemos si estas profecías son ciertas. Pero la fascinación humana por conocer el futuro, desde los profetas hasta la astrología, sigue tan viva como siempre.

Más allá del miedo, el mensaje final es de preparación: estar atentos a los cambios económicos, políticos y sociales, y trabajar juntos contra la desigualdad, el cambio climático y el terrorismo para construir un mundo mejor. Porque quizá la lección de estas profecías no está en el futuro que describen, sino en lo que nos obligan a preguntarnos hoy.

Si te apasionan los misterios, las profecías y los enigmas que la historia no termina de resolver, suscríbete a El DoQmentalista y activa la campanita para no perderte ningún documental.

#BabaVanga #Nostradamus #Profecias","el doqmentalista, documentales de misterio en español, baba vanga, nostradamus, profecías de baba vanga, profecías de nostradamus, predicciones 2023, vidente búlgara, profecías aterradoras, fin del mundo, profetas y videntes, eclipse solar, documental de misterio, misterios sin resolver, ocultismo, enigmas, paranormal, predicciones del futuro"
_LxofHbGKyo,751709,"La historia de Caín y Abel, El Hombre Del Pecado, La Marca De Cain / El DoQmentalista",La Marca de Caín y la leyenda del primer vampiro que la Biblia no cuenta,Caín y Abel: del sacrificio rechazado a la marca del primer asesino,Caín mató a Abel y lo que pasó después casi nadie lo recuerda,"La marca de Caín es uno de los enigmas más comentados de toda la Biblia: una señal puesta por Dios sobre el primer asesino de la historia, y el origen de una leyenda que lo señala, para muchos, como el primer vampiro. En este documental repasamos el relato de Caín y Abel y lo que la tradición cuenta que ocurrió después del crimen.

Según el Génesis, tras ser expulsados del jardín del Edén, Adán y Eva enseñaron a sus hijos a ofrecer sacrificios a Dios. Abel, que era pastor, eligió su primer y mejor cordero. Caín, que era granjero, razonó que Dios no necesitaba tanto y ofreció apenas un poco de paja de su cosecha. El fuego consumió por completo la ofrenda de Abel, mientras la de Caín nunca llegó a arder. Los celos hicieron el resto: Caín llevó a su hermano a caminar y lo mató, convirtiéndose en el primer homicida y en la primera causa de muerte de un ser humano según las escrituras.

El castigo fue vagar como fugitivo y errante, con una marca que anunciaría su crimen a todos. Pero Dios también declaró que ningún hombre podría hacerle daño, y de esa promesa nace el mito: según la leyenda, Caín nunca pudo morir, se convirtió en el primer no muerto y fue condenado a recorrer la tierra hasta el final de los tiempos, sin envejecer y arrastrando la desgracia a dondequiera que llega. Sin embargo, no todos aceptan esa versión. El video también recoge la postura de quienes sostienen que el Caín bíblico habría perecido en el diluvio, junto con toda la humanidad que no iba en el arca con Noé y su familia, y menciona escritos según los cuales habría muerto en un accidente a la edad de setecientos setenta y siete años. Incluso la propia maldición, que promete siete veces venganza sobre quien tomara su vida, sugiere para algunos estudiosos que Caín sí podía morir.

¿Inmortal condenado a vagar por la tierra o simple mortal alcanzado por el diluvio? Suscríbete a El DoQmentalista para más documentales de misterio, historia y enigmas de la Biblia en español.

#ElDoQmentalista #MarcaDeCain #CainYAbel","el doqmentalista, documentales de misterio en español, la marca de caín, caín y abel, primer vampiro, historia de caín, primer asesinato de la historia, misterios de la biblia, génesis, adán y eva, leyendas bíblicas, personajes de la biblia, relatos bíblicos, documental en español, enigmas de la historia, misterio y ocultismo"
34OSdECH5q0,745681,Historia de los Gitanos: El Orígen y Los Secretos de la Cultura Gitana,Historia de los Gitanos: El Origen que Europa Quiso Olvidar,Pueblo Gitano: La Orden Real que Quiso Extinguirlos en 1749,"Gitanos: De la India a la Gran Redada, el Viaje de un Pueblo","La historia de los gitanos es una de las más sorprendentes y menos contadas de Europa. Durante siglos se creyó que el pueblo gitano venía de Egipto, pero la opinión más extendida, basada en análisis genéticos y lingüísticos, apunta a un origen muy distinto: la región del Punjab, entre la India y Pakistán.

En este documental recorremos el camino del pueblo romaní desde los reinos medios de la India hasta su llegada a Europa en el siglo quince, cuando muchos grupos se presentaban como nobles egipcios. En 1425, dos romaníes solicitaron un salvoconducto al rey Alfonso Quinto de Aragón, el Magnánimo, haciéndose llamar condes de Egipto, y de aquella creencia nació la propia palabra gitano. Conocerás también los otros nombres que recibieron por el mundo, de zíngaros a bohemios, y por qué algunos romaníes rechazan la letra zeta que los nazis tatuaban en los campos de concentración para identificarlos.

Exploramos sus tradiciones más profundas: el pedimento gitano, la prueba del pañuelo en la boda, el cante de alboreá en honor a la novia y el vínculo del pueblo gitano con el flamenco a través de figuras como Camarón de la Isla, Manolo Caracol, Carmen Amaya y Farruquito. Y llegamos al capítulo más oscuro de esta historia: la Gran Redada o Prisión General de Gitanos, la persecución autorizada por el rey Fernando Sexto de España y organizada en secreto por el Marqués de la Ensenada, que comenzó de forma sincronizada el 30 de julio de 1749 con el objetivo declarado de arrestar y extinguir a todos los gitanos del reino. Cerramos con el símbolo que hoy une a la comunidad romaní dispersa por el planeta: la bandera gitana establecida en el primer congreso de Londres en 1971, inspirada en la bandera de la India, y el himno Gelem Gelem, la misma enseña que cubrió el féretro de Camarón de la Isla.

Si te apasionan los pueblos con historias que casi nadie cuenta, suscríbete a El DoQmentalista y activa la campana para no perderte los próximos documentales.

#Gitanos #PuebloRomani #Documental","el doqmentalista, documentales de misterio en espanol, documentales en espanol, historia de los gitanos, pueblo gitano, cultura gitana, pueblo romani, gran redada 1749, origen de los gitanos, prueba del pañuelo, bandera gitana, zingaros, boda gitana, flamenco gitano, camaron de la isla, historia oculta, documental historico, tradiciones y costumbres, etnias del mundo, historia de europa"
_4rgABacLZE,745643,7 Cosas Que No Sabias Sobre Las Brujas - El DoQmentalista,Brujas: Por Qué Realmente Las Quemaban (No Era Brujería),"Caza de Brujas: 60,000 Ejecuciones Que Europa Quiso Olvidar",Brujas en Escoba: El Origen Que Nadie Se Atreve a Contar,"¿Cuánto sabes realmente sobre las brujas? La caza de brujas que sacudió Europa esconde detalles que casi nadie conoce, y en este documental los recorremos uno por uno, desde el ritual más infame del aquelarre hasta la razón oculta detrás de las hogueras.

Comenzamos con el ósculo infame, la ceremonia que, según la creencia popular de la época, sellaba la sumisión de las brujas al diablo al inicio del aquelarre. Los relatos de los procesos, obtenidos en su mayoría bajo tortura, describen al diablo presentándose como macho cabrío, gato negro o sapo para recibir este homenaje. Después repasamos las cifras del horror: el video cita datos difundidos por expertos del Vaticano y el libro La caza de brujas en la Europa moderna de Brian Levack, que hablan de al menos 110 mil procesos entre 1450 y 1750, con unas 60,000 ejecuciones: mil mujeres en Italia, cuatro mil en Francia, 25 mil en Alemania y unas 10 mil en Polonia.

Pero la pregunta clave es otra: ¿por qué casi todas las víctimas fueron mujeres? El relato apunta al Éxodo 22:18 como justificación, aunque el motivo de fondo habría sido eliminar a las comadronas y parteras que proveían hierbas anticonceptivas y abortivas, justo cuando la peste negra había aniquilado a un tercio de la población europea y se necesitaba repoblar el continente. También te contamos la explicación detrás del mito de las brujas volando en escoba: un ungüento alucinógeno aplicado en la piel que producía visiones de vuelo tan intensas que las propias acusadas las confesaban como reales en sus juicios. Cerramos con los orígenes de la brujería, que algunos estudiosos remontan a una antigua religión neolítica, y con la diferencia entre las brujas blancas, dedicadas según la tradición a curar y proteger, y las brujas negras, asociadas a la invocación de muertos, demonios y maldiciones.

Si te apasionan los misterios, el ocultismo y la historia que no te contaron en la escuela, suscríbete a El DoQmentalista y activa la campanita para no perderte el siguiente capítulo, donde veremos cuántos tipos de brujas existen.

#Brujas #CazaDeBrujas #Misterio","el doqmentalista, documentales de misterio en espanol, brujas, caza de brujas, historia de las brujas, osculo infame, aquelarre, brujas blancas, brujas negras, por que las brujas vuelan en escoba, unguento de las brujas, quema de brujas en europa, brujeria, inquisicion, ocultismo, misterios sin resolver, historia oculta, paranormal, documental en espanol"
G7E_pWkQ_zg,738686,Historia: Las Sorprendentes Revelaciones de la Semana Santa a través del Tiempo,"Semana Santa, lo que casi nadie te contó sobre la crucifixión de Jesús",La crucifixión de Jesús: de sus últimas palabras a las reliquias que aún se veneran,¿Cómo era Jesús realmente? La arqueología responde y no es lo que crees,"La Semana Santa guarda relatos que casi nunca se cuentan completos. Este documental recorre la crucifixión de Jesús de Nazaret desde sus últimas horas hasta las reliquias que, según la tradición, todavía se veneran en iglesias de todo el mundo.

Comenzamos con las siete últimas frases que los evangelios atribuyen a Jesús en la cruz, desde perdónalos porque no saben lo que hacen (Lucas 23:34) hasta en tus manos encomiendo mi espíritu (Lucas 23:46). Después analizamos las seis razones por las que, según el relato del Nuevo Testamento, los líderes religiosos querían verlo muerto: sus afirmaciones de autoridad, sus milagros, la expulsión de los mercaderes del templo, la amenaza política frente a Roma, su cercanía con los pecadores y su falta de respeto por las tradiciones. El video también repasa lo que los estudiosos citados señalan sobre el personaje histórico: su nacimiento se ubica entre el año 7 y el 1 antes de Cristo, y su crucifixión habría ocurrido bajo Poncio Pilato, gobernador de Judea entre el 26 y el 37 después de Cristo. Una investigación del King's College de Londres, citada en el documental, sugiere que Jesús medía alrededor de 1.65, con piel marrón oliva, cabello negro corto y complexión delgada pero algo musculosa, muy lejos de la imagen suave que solemos recibir.

El recorrido continúa con el relato de la tentación en el desierto durante 40 días y 40 noches, la caminata sobre el mar de Galilea narrada en tres evangelios, las 14 estaciones del viacrucis, los exorcismos que describen las escrituras y el enigma de las 72 horas entre su muerte y su resurrección. Cerramos con las reliquias más famosas atribuidas a Jesús: la sábana santa de Turín, la corona de espinas que sobrevivió al incendio de Notre Dame, el sudario de Oviedo, la santa lanza de Longinos y la leyenda del santo grial, presentadas como lo que son, tradiciones y creencias cuya autenticidad sigue en debate hasta hoy.

Si te apasionan los misterios bíblicos contados con seriedad y sin adornos, suscríbete al canal y activa la campanita para no perderte los próximos documentales.

#SemanaSanta #JesusDeNazaret #MisteriosBiblicos","el doqmentalista, documentales de misterio en español, documentales en español, semana santa, crucifixión de jesús, últimas palabras de jesús, reliquias de jesús, sábana santa de turín, jesús de nazaret, tentaciones de jesús, viacrucis, quién era jesús, misterios bíblicos, historia bíblica, poncio pilato, milagros de jesús, misterios sin resolver, documental bíblico"
xW4dbXblGZw,720202,Historias De la Biblia: El Cielo Oscureció Cuando Murió Jesús,Oscuridad en la Crucifixión: el Eclipse Que la NASA No Encuentra,Muerte de Jesús: Historiadores Paganos Registraron las Tinieblas,¿Qué Oscureció el Cielo al Morir Jesús? No Fue un Eclipse Solar,"¿Qué oscureció el cielo en la crucifixión de Jesús? Los evangelios describen tres horas de tinieblas al mediodía, y ni siquiera los mapas de eclipses de la NASA logran ubicar un eclipse que las explique.

Este documental recorre los relatos de Mateo 27:45, Marcos 15:33 y Lucas 23:44-45, donde se narra que hubo tinieblas sobre toda la tierra desde la hora sexta hasta la hora novena, mientras el velo del templo se rasgaba por la mitad. Según se expone en el video, el episodio no aparecería solo en la Biblia: el historiador Talos habría intentado explicar la oscuridad como un eclipse de sol, tal como lo cita Julio Africano, historiador del siglo tercero, quien consideró esa explicación poco razonable. El video también menciona una cronología griega escrita alrededor del año 137 de nuestra era que habla del mayor eclipse de sol en el año 33, con estrellas visibles al mediodía y un gran terremoto en Bitinia. Y Tertuliano, apologista del siglo segundo, escribió que aquella maravilla se conservaba en los archivos de su época.

Pero, ¿pudo ser un simple eclipse? De acuerdo con lo que narra el documental, los mapas de la NASA que trazan unos 5.000 años de eclipses registran ocho eclipses solares totales entre los años 26 y 36 de nuestra era. Uno ocurrió el 19 de marzo del año 33, pero su trayectoria de totalidad pasó cerca de la Antártida; otro, el 9 de marzo del año 34, cruzó los océanos cerca de Australia. Ninguno habría oscurecido los cielos de Judea. Además, los astrónomos del Vaticano citados en el video señalan que la totalidad de un eclipse solar dura apenas unos minutos, jamás tres horas. Y si Jesús murió cerca de la hora que indica la Biblia, ningún eclipse solar coincide con ese momento.

Entonces, ¿qué fue lo que ocurrió aquel día? ¿Un fenómeno astronómico todavía sin identificar o, como sostiene la tradición cristiana, una señal del cielo ante la muerte de Jesús? Acompáñanos a examinar los textos evangélicos, los historiadores antiguos y los datos astronómicos detrás de uno de los momentos más enigmáticos del relato bíblico.

Si te apasionan los misterios de la Biblia y de la historia, suscríbete a El DoQmentalista y activa la campanita para no perderte ningún documental.

#CrucifixionDeJesus #MisteriosDeLaBiblia #Documental","el doqmentalista, documentales de misterio en español, historias de la biblia, crucifixion de jesus, oscuridad en la crucifixion, tinieblas en la crucifixion, eclipse del año 33, muerte de jesus, evangelios de mateo marcos y lucas, talos historiador, tertuliano, julio africano, misterios biblicos, historia del cristianismo, jesus de nazaret, semana santa, documental biblico, fenomenos inexplicables"
6ATRD6egGjw,706786,5 Legendarias Ciudades Perdidas Que Nunca Han Sido Encontradas,Ciudades Perdidas: El Hallazgo de James Cameron Bajo el Mar,La Ciudad Perdida de Z: 100 Personas Desaparecieron Buscándola,Ciudades Perdidas Que el Mundo Olvidó: de la Atlántida al Kalahari,"¿Existen realmente las ciudades perdidas o son solo leyendas que el tiempo se negó a borrar? En este documental recorremos cinco ciudades perdidas que jamás han sido encontradas, desde las selvas de Sudamérica hasta el fondo del Mediterráneo.

Comenzamos con la Ciudad Perdida de Z. En 1925, el topógrafo británico coronel Percy Fawcett entró con dos hombres más en las remotas selvas de Mato Grosso, en Brasil, buscando las ruinas de una antigua civilización. Nunca fueron vistos de nuevo, y en las décadas siguientes unas cien personas perecieron o desaparecieron intentando descubrir qué les sucedió. Algunos creen que su ciudad se inspiró en Kuhikugu, un complejo arqueológico descubierto a principios del siglo veintiuno que habría albergado a más de cincuenta mil personas. Después viajamos a la Atlántida, mencionada por primera vez por el filósofo griego Platón en el 360 antes de Cristo: según su relato, la isla se hundió en el mar tras una terrible noche de fuego y terremotos. El video narra la expedición del investigador Simcha Jacobovici, en asociación con el director James Cameron, que reportó el hallazgo de seis anclas de piedra de la Edad de Bronce en el estrecho de Gibraltar, y la hipótesis de que la ciudad de Tartessos, en el sur de España, podría estar detrás del mito atlante.

La travesía continúa con Lyonesse, el reino que según la leyenda artúrica fue engullido por el océano frente a Cornualles, descrito en el itinerario de Guillermo de Worcester en el siglo quince con sus ciento cuarenta iglesias sumergidas. Seguimos con El Dorado, la ciudad dorada de los Andes que obsesionó a los conquistadores del siglo dieciséis y al explorador sir Walter Raleigh, cuyas dos expediciones terminaron en desastre. Y cerramos en el desierto del Kalahari, donde el aventurero conocido como el Gran Farini afirmó en 1885 haber visto ruinas enterradas en la arena, un enigma que expediciones con escáneres aéreos y radares siguen persiguiendo hasta hoy.

Si te apasionan los misterios de la historia y las civilizaciones desaparecidas, suscríbete a El DoQmentalista para más documentales como este.

#CiudadesPerdidas #Atlantida #Misterio","el doqmentalista, documentales de misterio en espanol, ciudades perdidas, la atlantida, ciudad perdida de z, percy fawcett, el dorado, lyonesse, desierto del kalahari, james cameron atlantida, tartessos, civilizaciones perdidas, civilizaciones antiguas, misterios de la historia, lugares misteriosos, arqueologia misteriosa, enigmas sin resolver, documental en espanol"
Glb4-J7OCAQ,700143,"""ASHERAH: La Desconocida Esposa De Dios Que La Biblia Ocultó"" ✅ Documental Impactante",ASHERAH: La Excavación de 1928 que Sacó a la Luz a la Esposa de Yahvé,ASHERAH: La Excavación de 1928 que Sacó a la Luz a la Esposa de Yahvé,Asherah Aparece 40 Veces en la Biblia ¿Por Qué Nadie Habla de Ella?,"¿Y si Dios tuvo una esposa? Asherah, la esposa olvidada de Dios, es la protagonista de este documental que sigue el rastro de una diosa enterrada durante casi dos milenios. Y no es un invento de internet: su nombre aparece unas 40 veces en la Biblia hebrea, aunque casi siempre como objeto de burla de los propios escritores bíblicos.

Todo comenzó con la excavación de 1928 en Ugarit, una ciudad portuaria del actual norte de Siria. Entre sus textos apareció una figura enigmática descrita como la esposa de El, el dios supremo. Según narra el documental, antes de que los hebreos emigraran a lo que se conocería como Israel, Asherah ya era venerada como madre de la tierra y diosa de la fertilidad, y los antiguos israelitas la adoptaron en su panteón junto a Yahvé. Las pruebas que presenta el video sugieren que su culto se practicó desde el siglo XII antes de Cristo hasta poco antes de la caída del reino de Judá, en el llamado período preexilio.

La pieza más inquietante es una antigua bendición grabada que se repite en varias excavaciones de la región, con la fórmula ""Yahvé y su Asherah"", hallada en sitios considerados santuarios como Samaria, Jerusalén, Temán y el antiguo lugar de enterramiento de Khirbet el-Qom. El documental también recorre las estatuillas de pilar, populares entre los siglos X y VII antes de Cristo y encontradas sobre todo en casas particulares: con los pechos exagerados y sostenidos por las manos, se cree que simbolizaban el aspecto nutricio de la diosa madre en un mundo acosado por la sequía. Y hay más: muchos estudiosos, cita el video, creen que el árbol de Asherah está detrás de la parábola del jardín del Edén, donde la élite gobernante habría reescrito la historia para asociar a la diosa con la caída de la humanidad.

¿Era Asherah realmente la compañera de Yahvé, como sostienen hoy muchos estudiosos, o su culto se limitó a la religión popular de las aldeas, lejos de la religión oficial del libro? Las piezas del rompecabezas siguen apareciendo, y cada hallazgo arqueológico obliga a releer lo que creíamos saber sobre el antiguo Israel.

Suscríbete a El DoQmentalista para más documentales de misterio, arqueología y enigmas de la Biblia en español.

#Asherah #ElDoQmentalista #MisteriosDeLaBiblia","el doqmentalista, documentales de misterio en español, asherah, esposa de dios, asherah esposa de yahvé, diosa asherah, ugarit, biblia hebrea, arqueología bíblica, antiguo israel, khirbet el qom, diosa madre, religión cananea, misterios de la biblia, historia antigua, diosas antiguas, politeísmo, documental en español, enigmas religiosos, ocultismo"
NxWPsaVxE3Q,699426,"Cenizas De Ángel, El legado prohibido, ¿ Aún Existen los Nephilims ? El libro De Enoch",Ángeles caídos: los esenios lo sabían y lo guardaron en Qumrán,Ángeles caídos: los esenios lo sabían y lo guardaron en Qumrán,¿Aún existen los Nefilim? El relato del Libro de Enoc,"¿Qué cuenta realmente el Libro de Enoc sobre los Nefilim? Este documental recorre uno de los relatos más inquietantes de la literatura antigua: el nacimiento de un niño que, según el texto, brillaba como el sol y llenó de miedo a su propio padre.

El relato comienza con Lamec, hijo de Matusalén, quien al ver a su hijo recién nacido —de piel blanca como la nieve, cabello como la lana y ojos que iluminaban toda la casa— sospecha que no es como un ser humano, sino semejante a los hijos de los ángeles del cielo. Desesperado, acude a Matusalén y ambos buscan al patriarca Enoc, quien según la narración revela que los ángeles vigilantes transgredieron el mandamiento, se unieron a mujeres mortales y engendraron gigantes, trayendo corrupción sobre la tierra; el niño, llamado Noé, sería el remanente que se salvaría de lo que estaba por venir.

El documental conecta este relato con Génesis 6:1-4, donde los hijos de Dios toman esposas entre las hijas de los hombres y aparecen los Nefilim, los hombres poderosos de renombre, y explica por qué, según los teólogos citados en el video, estos pasajes se interpretan como un símbolo de la caída de la humanidad y no como un hecho literal. También explora las huellas posteriores del texto: el interés de los esenios de Qumrán por los escritos enóquicos hallados entre los rollos del mar muerto, el uso de su lista de ángeles en ritos de exorcismo y curación, la referencia de Pablo en Corintios 11:10 tal como la interpretó el padre de la iglesia Tertuliano, y la mención de una organización moderna en Estados Unidos conocida como los hijos de Jared, que según se narra declara una guerra implacable a los descendientes de los vigilantes.

¿Pudieron los ángeles y los humanos tener descendencia? ¿Por qué la tradición judeocristiana sostiene que los ángeles son incorpóreos, mientras estos textos antiguos los describen como seres de carne y hueso? El video presenta ambas posturas tal como aparecen en las fuentes que cita, para que tú saques tus propias conclusiones.

Suscríbete a El DoQmentalista para más documentales de misterio, textos antiguos y enigmas bíblicos en español.

#LibroDeEnoc #Nefilim #AngelesCaidos","el doqmentalista, documentales de misterio en español, documental en español, libro de enoc, nefilim, angeles caidos, vigilantes, genesis 6, gigantes en la biblia, nacimiento de noe, esenios, qumran, rollos del mar muerto, textos apocrifos, misterios biblicos, enigmas antiguos, ocultismo, historia antigua, paranormal"
uVFoW7GSuwc,698902,"Los 10 monstruos más aterradores que podrían existir, El Doqmentalista",Criaturas que la ciencia no puede explicar: 10 monstruos con testigos,"Monstruos que podrían existir: si ves uno de estos 10, aléjate",Chupacabras y Mothman: los testigos que juran haberlos visto,"¿Existen criaturas que la ciencia no puede explicar? Estos 10 monstruos tienen algo en común: testigos que aseguran haberlos visto de frente, y expertos que no logran cerrar el caso del todo.

En este documental repasamos diez criaturas de la criptozoología con relatos de avistamientos que se repiten a lo largo de décadas. Según se narra, en 1903 un hombre apellidado Stevens afirmó haber encontrado en el Gran Cañón a un humanoide cubierto de pelo gris con garras de cinco centímetros: el monstruo de Mogollón, que gente de la reserva de Fort Apache dice seguir viendo, aunque los biólogos cuestionan su existencia. Están también los hombres de palo negro, figuras larguísimas y sin sombra reportadas en Wyoming; el Mamlambo, un reptil gigante de la mitología sudafricana al que los aldeanos del río culpan de muertes que la policía atribuye a ahogamientos; y el Dobhar-chú de Irlanda, el sabueso del agua ligado a la leyenda de un matrimonio del siglo diecisiete.

El recorrido sigue con las mujeres ciervo de los relatos de tribus nativas americanas, el chupacabras visto por primera vez en Puerto Rico en 1995 y reportado después en México, Rusia y Chile, y el extraño Fresno Nightcrawler, captado por una cámara de seguridad en California y avistado una vez más en Yosemite. También conocerás el Snallygaster de Maryland, cuyos encuentros llenaron periódicos en 1909, cuando según el relato el Instituto Smithsoniano llegó a ofrecer un premio por la piel del animal; el hombre mantis de Nueva Jersey, que huye cuando alguien se acerca; y el Mothman, el humanoide alado de ojos rojos visto en Point Pleasant desde 1966, al que unos consideran un presagio de desastres y otros un ángel, un demonio o una maldición.

¿Leyendas exageradas o criaturas reales que caminan entre nosotros? Los expertos ofrecen explicaciones para casi todo: coyotes con sarna, crecidas de río, bromas confirmadas. Pero los testigos mantienen su versión, y algunos casos siguen sin una respuesta que convenza a todos.

Suscríbete al canal de El DoQmentalista para más documentales de misterio en español y activa la campanita para no perderte ningún caso.

#ElDoqmentalista #Criptozoologia #Misterio","el doqmentalista, documentales de misterio en español, criptozoología, chupacabras, mothman, monstruo de mogollón, fresno nightcrawler, hombres de palo negro, mamlambo, snallygaster, criaturas misteriosas, monstruos reales, avistamientos de criaturas, leyendas urbanas, casos paranormales, misterios sin resolver, criaturas legendarias, top 10 misterio"
Q51ZlMeII7w,698108,Top 5 Juegos Prohibidos: Experiencias Peligrosas Que Nadie Debería Atreverse a Jugar,Juegos malditos que abren portales y nadie debería intentar,¿Te atreverías a repetir el nombre de Verónica nueve veces frente al espejo?,"Si un ritual te pide sangre y una vela a medianoche, huye","Los juegos malditos aparecen en casi todas las culturas: rituales de invocación que, según las leyendas, abren portales entre nuestro mundo y el de entidades atraídas por la maldad, el sufrimiento y la muerte. En este documental repasamos cinco de los juegos malditos más temidos, narrados tal como los describen los relatos que circulan de generación en generación, y las reglas que supuestamente hay que seguir para sobrevivirlos.

El recorrido comienza con Esclavo y Amo, un supuesto ritual para invocar a un demonio llamado Levará en el cuerpo de un animal sin dueño, casi siempre un gato o un perro callejero. Según el relato, el animal deja de ser lo que era: se convierte en un esclavo que obedece a su amo, bebe sangre y prefiere salir de noche. Después viajamos a Japón con el juego de Daruma: una tina de agua fría, las luces apagadas y un nombre repetido una y otra vez pasada la medianoche. La leyenda urbana cuenta que Daruma murió al golpear su cráneo contra el borde de su propia tina, y que perseguirá durante 24 horas, sin permitirle dormir, a quien la haya invocado.

El plato fuerte es el Juego de Medianoche, descrito en la tradición como un antiguo ritual pagano para castigar a quienes desobedecían las leyes divinas: un papel con tu nombre completo, una gota de tu sangre, una vela encendida sobre una puerta de madera y 22 golpes que deben terminar exactamente a la medianoche. A partir de ese momento, dice el relato, el Hombre de la Medianoche recorrerá tu casa hasta las 3:33 de la mañana, y solo un círculo de sal podrá protegerte si tu vela se apaga y no logras encenderla en diez segundos. Cerramos con el Fuego de la Escalera, cien escalones recorridos a ciegas a cambio de un deseo con un precio oculto, y con Nueve Veces Verónica, la entidad del espejo conocida también como Bloody Mary, la vieja del quinto o María la Paralítica, que según la creencia popular ataca con tijeras o cuchillos a quien no logra ganarse su compasión.

Este video no es una invitación a jugar: es un archivo de leyendas urbanas contadas con la seriedad que merecen.

Si te apasionan el misterio, lo paranormal y las tradiciones oscuras narradas como documental, suscríbete al canal de El DoQmentalista y activa la campanita para no perderte los próximos casos.

#JuegosMalditos #LeyendasUrbanas #ElDoQmentalista","el doqmentalista, documentales de misterio en español, juegos malditos, rituales de invocación, el hombre de la medianoche, ritual de daruma, nueve veces verónica, juego de medianoche, esclavo y amo ritual, leyendas urbanas de terror, juegos paranormales, rituales peligrosos, creepypastas en español, leyendas urbanas japonesas, historias de terror en español, misterio y ocultismo, fantasmas y demonios, paranormal"
J_hlf0j9OQE,695869,"Reviven A Una Bruja En México, su hija la desentierra en el panteón, toman venganza contra el pueblo",Brujas de México: el joven que las vio revivir a una muerta en el panteón,Leyenda de la bruja revivida: el relato que un pueblo de México quiso olvidar,Brujas de Torreal: la advertencia de no espiar jamás un entierro maldito,"Brujas de México: esta es una de las leyendas más inquietantes sobre panteones y hechicería que se cuentan en los pueblos mexicanos. El relato de las llamadas brujas de Torreal habla de una madre y una hija tan temidas que vivían apartadas de todos, y de un rito nocturno que un solo testigo se atrevió a presenciar.

Según narra la leyenda, en un pueblo muy recóndito vivían estas dos mujeres, señaladas como hechiceras capaces de hacer el mal por encargo. Se decía incluso que revivían a los muertos con ayuda del diablo para predecir el futuro, aunque nadie lo había comprobado. Un joven mestizo llamado Marcelo, apodado Juan sin miedo por su valentía, decidió vigilarlas para descubrir si los rumores eran ciertos. Al principio solo vio a una anciana y a su hija haciendo labores domésticas y recolectando hierbas para curaciones. Pero todo cambió cuando la madre murió y el párroco prohibió sepultarla en tierra santa, obligando a la hija a enterrarla en el cementerio viejo del pueblo.

El relato cuenta que Marcelo siguió a la hija de madrugada y la vio desenterrar el ataúd ayudada por una multitud de ratas, atar una lagartija a la lengua de la difunta y pronunciar oraciones de un libro en un idioma extraño. Entonces, dice la leyenda, la muerta abrió los ojos y ordenó a su hija tomar venganza del pueblo y derramar la sangre del sacerdote sobre su tumba. El párroco, advertido por la familia del joven, huyó del lugar, pero según se narra una serpiente ponzoñosa lo mató en una de sus primeras paradas. Tiempo después, Marcelo habría presenciado un segundo desenterramiento, en el que la hija vertía un líquido que parecía sangre sobre el cadáver de su madre. El joven terminó mudándose a la capital, convencido de que las brujas siempre supieron que las espiaba y aun así lo dejaron vivir.

Si te apasionan las leyendas de brujas, los panteones y los misterios de los pueblos de Latinoamérica, suscríbete al canal y activa la campana para no perderte los próximos documentales.

#BrujasDeMexico #LeyendasMexicanas #Paranormal","el doqmentalista, documentales de misterio en espanol, brujas de mexico, leyenda de la bruja revivida, brujas de torreal, leyendas de panteones, brujeria en mexico, revivir a los muertos leyenda, leyendas de pueblos mexicanos, historias de brujas, leyendas de terror mexicanas, relatos paranormales, misterio y ocultismo, historias de terror en espanol, leyendas latinoamericanas, cementerios embrujados, narraciones de miedo, mitos y leyendas"
N3scyXNsGzg,691823,"""Los Textos Gnósticos Que La Iglesia Católica Prohibió: Secretos De Los Evangelios Apócrifos""",Evangelios Gnósticos: Los 52 Libros Que Quedaron Fuera De La Biblia,Evangelios Apócrifos: Lo Que La Iglesia Nunca Te Contó De Jesús,Textos Gnósticos: El Papiro De Oxford Que Retrata A Otro Jesús,"¿Qué dicen realmente los evangelios gnósticos que quedaron fuera de la Biblia? En 1945 fueron descubiertos unos enigmáticos manuscritos conocidos como los evangelios gnósticos o los libros perdidos de la Biblia: alrededor de 52 libros que no entraron en el texto bíblico oficial, en muchos casos porque contradecían directamente a otros libros del canon.

Este documental recorre los relatos más desconcertantes de esos textos. El Testimonio de la Verdad narra la historia del Edén desde la perspectiva de la serpiente, presentada en la literatura gnóstica como el principio de la sabiduría divina, que convence a Adán y Eva de alcanzar el conocimiento mientras el Señor intenta impedirlo. El Evangelio de Felipe reúne frases tan inquietantes como ""Dios es un devorador de hombres"", sostiene que el Espíritu Santo sería una entidad femenina y hasta afirma que antes de la venida de Cristo no existía el pan. Y el poema Trueno, Mente Perfecta declara: ""soy la primera y la última, soy la honrada y la despreciada"".

También conocerás el Primer Apocalipsis de Santiago: en el verano de 2017, investigadores que trabajaban en los archivos de Oxford reunieron un trozo de papiro con la copia más antigua conocida de este texto apócrifo, parte de un hallazgo del siglo 19 en un vertedero egipcio. En ese relato, Jesús describe el mundo como la prisión de un dios enfadado, custodiada por figuras demoníacas llamadas arcontes. Por su parte, el Evangelio de la Infancia de Tomás pinta a un Jesús niño capaz de curar con su aliento la mordedura de una víbora que atacó a Santiago, pero también de maldecir a quienes lo molestaban. Según estos mismos evangelios, ni siquiera Judas Iscariote habría sido un traidor, sino un participante activo en un plan acordado con el propio Jesús para dejar morir su cuerpo mundano y ascender al cielo.

Ninguna de estas historias forma parte de la Biblia tal como la conocemos hoy. Son los relatos que los evangelios apócrifos conservaron durante siglos y que todavía generan debate entre creyentes y estudiosos de la historia.

Suscríbete a El DoQmentalista para más documentales de misterio, historia oculta y enigmas de la fe en español.

#EvangeliosGnosticos #EvangeliosApocrifos #Misterio","el doqmentalista, documentales de misterio en español, documental en español, evangelios gnósticos, evangelios apócrifos, textos gnósticos, libros perdidos de la biblia, evangelio de felipe, evangelio de la infancia de tomás, primer apocalipsis de santiago, judas iscariote, arcontes, misterios de la biblia, historia del cristianismo, manuscritos antiguos, enigmas históricos, ocultismo"
PQ3gdJsPXGA,672928,"El Pozo más profundo en la Tierra, El Misterio del Agujero de Kola el mas Grande Del Planeta",El Pozo Más Profundo de la Tierra Reveló lo que Nadie Esperaba,"Agujero de Kola, el Proyecto Soviético que el Mundo Olvidó","Pozo de Kola: ¿Por Qué Rusia Dejó de Excavar a 12,262 Metros?","El pozo más profundo de la Tierra existe, y no está donde imaginas: se esconde bajo una simple tapa metálica de unos 23 centímetros de diámetro, en el punto más al noreste de Rusia. Es el pozo superprofundo de Kola, y lo que se encontró ahí abajo desafió lo que la ciencia esperaba.

A partir de 1970, en plena Guerra Fría, el gobierno soviético emprendió el proyecto SG-3 con la meta de taladrar el hueco más profundo jamás cavado: 15,000 metros. Para ello usaron la plataforma Uralmash 15,000, una estructura de unos 36 metros de alto con perforadora y sistemas de bombeo. La península de Kola, enclavada en el círculo polar sobre el escudo báltico, fue el escenario de una perforación que se extendió por décadas. Hasta 1994, cuando la operación entró en suspensión indefinida, el agujero había alcanzado los 12,262 metros de profundidad: el récord que aún conserva. Y sin embargo, eso no llegó ni al 0.2 por ciento del camino hacia el centro del planeta, que está a 6,371 kilómetros bajo nuestros pies.

Lo que detuvo el proyecto fue tan inesperado como fascinante. A 12 kilómetros se esperaban 100 grados centígrados, pero los instrumentos registraron 180; a 15 kilómetros la temperatura rondaría los 300 grados y ninguna broca funcionaría en esas condiciones. Tampoco apareció la transición del granito al basalto que se suponía a unos 7 kilómetros: en su lugar, roca completamente fracturada y saturada de agua, y un barro descrito como hirviendo con hidrógeno. Más sorprendente todavía: a unos 6.4 kilómetros de profundidad se hallaron fósiles de plancton en notable estado de conservación, con al menos 24 especies antiguas representadas. En 2008 el proyecto fue definitivamente abandonado y desmantelado; hoy solo una placa de metal soldada sella el orificio. Después, la petrolera Exxon perforó en la isla rusa de Sajalín pozos de 12,345 y 12,376 metros, aunque por su desplazamiento horizontal nunca igualaron la profundidad vertical de Kola.

En este documental te contamos qué logró realmente el hombre en su intento por llegar al centro de la Tierra, qué encontró en el camino y por qué nadie ha vuelto a intentarlo.

Si te apasionan los grandes enigmas de nuestro planeta, suscríbete al canal y activa la campana para no perderte ningún documental.

#PozoDeKola #Misterios #Documentales","el doqmentalista, documentales de misterio en espanol, pozo superprofundo de kola, agujero de kola, el pozo mas profundo del mundo, perforacion mas profunda de la tierra, proyecto sg-3, peninsula de kola, centro de la tierra, union sovietica guerra fria, pozo de sajalin exxon, misterios de la tierra, geologia misteriosa, enigmas del planeta, documentales en espanol, misterios sin resolver, ciencia y misterio, lugares misteriosos del mundo"
lJWk1hpXqdw,666531,"Biblia: Descubre el enigma de Sansón y Dalila, historias que impactan hoy",Sansón y Dalila: así cayó el hombre más fuerte de la Biblia,Sansón y Dalila: la trampa de miel que ni un gigante esquivó,Sansón y Dalila: la historia que creías conocer... y no,"Sansón y Dalila es mucho más que una historia de amor y traición: es el relato bíblico de cómo el hombre más fuerte de Israel terminó ciego, encadenado y moliendo grano en la cárcel de sus enemigos. En este documental narramos la historia de Sansón y Dalila tal como la cuenta el relato, paso a paso, sin adornos y sin saltarnos las partes incómodas.

El relato cuenta que Sansón había hecho un juramento como hombre consagrado: no cortarse el pelo, no beber vino y no tocar a un muerto. Por ese voto era considerado un hombre santo, aunque su carácter era otra cosa. Despedazó a un león con sus propias manos, y al volver encontró en el cuerpo del animal un panal con miel: de ahí nació el famoso acertijo de su boda, ""del que come salió la carne y del fuerte salió la dulzura"". Cuando los invitados filisteos le sacaron la respuesta a través de su esposa, Sansón bajó a Ascalón, mató a 30 hombres y tomó sus ropas para pagar la apuesta. Después vinieron los zorros con antorchas atadas a las colas, los campos filisteos en llamas y una guerra personal en la que, según se narra, peleó incluso con la mandíbula de un burro como única arma.

Entonces apareció Dalila, la mujer del valle de Sorec. Lo que Sansón no sabía es que, según el relato, ella era una espía al servicio de los filisteos: su propio rey celebró que ""el hombre fuerte"" había caído en su trampa de miel. Tres veces Sansón le mintió sobre el origen de su fuerza, con cuerdas de arco verdes y cuerdas nuevas que rompió como hilos, hasta que una noche confesó lo del cabello. Ella lo afeitó mientras dormía, cobró su oro, y los filisteos le sacaron los ojos. Pero nadie en aquella prisión notó un detalle: el pelo estaba volviendo a crecer. Y en la fiesta de su dios, entre burlas y vino en la cara, Sansón empujó las dos columnas del templo y lo derrumbó sobre todos, matando más filisteos en su muerte que en toda su vida.

Si te apasionan los enigmas de la Biblia y las historias que aún nos hablan hoy, suscríbete a El DoQmentalista y activa la campana para no perderte ningún documental.

#SansonYDalila #HistoriasDeLaBiblia #Documental","el doqmentalista, documentales de misterio en espanol, documental biblico, sanson y dalila, historia de sanson, dalila biblia, jueces biblia, filisteos, valle de sorec, la fuerza de sanson, nazareo, personajes biblicos, historias de la biblia, relatos biblicos narrados, enigmas de la biblia, misterios biblicos, biblia explicada, historia antigua, documental en espanol"
qLYcbcBJU2c,666476,"""¿Qué Es El Purgatorio? Misterios Revelados Sobre Este Enigmático Lugar"" - Mundo Católico Audiobook",El Purgatorio: La Palabra Que No Aparece Ni Una Vez En La Biblia,El Purgatorio Y Las Indulgencias: La Denuncia Que Encendió La Reforma,¿Existe El Purgatorio? El Debate Que Dividió Al Cristianismo,"El purgatorio es una de las doctrinas más polémicas del cristianismo, y lo más sorprendente es que la palabra purgatorio no aparece ni una sola vez en la Biblia. Entonces, ¿de dónde salió este enigmático estado intermedio que no es el cielo ni el infierno?

En este documental recorremos los pasajes que la Iglesia católica interpreta como fundamento de la doctrina: las palabras de Jesús sobre el deudor y la cárcel en el evangelio de Lucas y en Mateo 5:25-26, la advertencia de Apocalipsis 21:27 de que nada manchado entrará en la Jerusalén celestial, y el pasaje de 1 Corintios 3:13-15, donde san Pablo habla de quien se salvará como quien escapa del fuego. El Antiguo Testamento también entra en la discusión: el segundo libro de los Macabeos, con su sacrificio de expiación por los muertos, además de Daniel 12:10 y Zacarías 13:9, textos que la Iglesia católica y la Iglesia copta ortodoxa leen como señales de una purificación después de la muerte. La tradición copta llega incluso a citar los capítulos 6 a 36 del libro de Enoc en defensa de esta creencia.

Pero no todos aceptaron la doctrina. Para Lutero, el purgatorio fue una invención humana, y la Reforma protestante se inició precisamente con su denuncia contra la venta de indulgencias, aquellos certificados que, según se narra, prometían acortar el castigo de las almas a cambio de oro y plata. Los reformados señalan además que los pasajes que hablarían de un estado de purgación provienen de libros deuterocanónicos que ellos no aceptan en el canon bíblico.

El purgatorio también dejó una huella profunda en la cultura: Dante Alighieri lo imaginó en la Divina Comedia como una montaña de siete rellanos donde las ánimas purgan un pecado distinto en cada nivel, Calderón de la Barca escribió El purgatorio de San Patricio inspirado en leyendas populares, y en Roma, la iglesia del Sagrado Corazón del Sufragio conserva reliquias, objetos y testimonios atribuidos a las almas purgantes.

Si te apasionan los misterios de la fe, la historia de las doctrinas y los enigmas del más allá, suscríbete a El DoQmentalista y activa la campana para no perderte ningún documental.

#Purgatorio #MisteriosDeLaFe #Documental","el doqmentalista, documentales de misterio en espanol, documental religioso, purgatorio, que es el purgatorio, el purgatorio en la biblia, indulgencias, lutero y las indulgencias, reforma protestante, iglesia catolica, iglesia copta, almas del purgatorio, divina comedia dante, libro de enoc, vida despues de la muerte, misterios de la iglesia, historia del cristianismo, el vaticano, teologia catolica, el mas alla"
1c1mfRdwx94,666392,La Misteriosa Leyenda Del Zodiaco Chino: Secretos Ocultos De La Mitología China,El Zodiaco Chino Nació De Una Traición Que Nadie Te Contó,¿Por Qué El Gato No Está En El Zodiaco Chino? La Leyenda Lo Explica,La Leyenda De Los 12 Animales Del Zodiaco Chino Como Nunca Te La Contaron,"El zodiaco chino guarda una leyenda que muy pocos conocen completa. Detrás de los 12 animales que marcan los ciclos del calendario chino hay un relato ancestral de astucia, traición y recompensa que explica por qué esos animales fueron elegidos y en ese orden exacto.

Según la leyenda popular china, el Emperador de Jade organizó una carrera para decidir qué animales entrarían en el zodiaco: debían cruzar un río, y cada uno recibiría un año según su orden de llegada. El relato cuenta que la rata y el gato, grandes amigos pero pésimos nadadores, acordaron cruzar sobre la espalda del noble búfalo. Pero con un premio de por medio, la rata lanzó al gato al agua para asegurar su triunfo. Desde entonces, dice la tradición, el gato se convirtió en enemigo natural de las ratas y quedó fuera del zodiaco para siempre. La rata reclamó el primer lugar y el búfalo, que la había cargado, fue nombrado segundo.

La leyenda continúa con el tigre, que luchó contra las corrientes para llegar tercero, y el conejo, que alcanzó el cuarto puesto saltando de orilla en orilla con ayuda de un tronco flotante. El dragón, pese a poder volar, llegó quinto: según el relato, se detuvo a crear lluvia para ayudar a la gente y hasta empujó con su aliento al conejo que se aferraba al tronco. Una serpiente asustó al caballo en la recta final y le arrebató el sexto lugar, dejándolo séptimo. La cabra, el mono y el gallo cruzaron juntos en una balsa de madera y ocuparon los puestos octavo, noveno y décimo como premio a su trabajo en equipo. El perro, el mejor nadador de todos, llegó apenas en el puesto 11 porque no resistió darse un baño en el agua fresca del río. Y el cerdo, que se detuvo a comer y dormir una siesta a mitad de la carrera, despertó justo a tiempo para convertirse en el animal número 12.

En este documental narramos la leyenda completa tal como la cuenta la tradición china, con cada detalle del mito que dio forma a uno de los sistemas de calendario más antiguos que se siguen usando hoy.

Si te apasionan las leyendas, los mitos ancestrales y los misterios de las culturas del mundo, suscríbete a El DoQmentalista y activa la campana para no perderte ningún documental.

#ZodiacoChino #MitologiaChina #Leyendas","el doqmentalista, documentales de misterio en espanol, zodiaco chino, leyenda del zodiaco chino, 12 animales del zodiaco chino, emperador de jade, mitologia china, calendario chino, horoscopo chino, carrera de los animales, por que el gato no esta en el zodiaco chino, leyendas chinas, mitos y leyendas, leyendas ancestrales, mitologia oriental, cultura china, documental narrado en espanol, misterios del mundo"
VFxW-Iumb5s,665398,"""5 Historias Aterradoras De La Biblia Que Te Helarán La Sangre - Relatos De Horror 2022""",Historias de Terror en la Biblia: 5 Relatos Que Nadie Se Atreve a Explicar,¿Por Qué Dios Permite el Mal? Las 5 Historias Más Oscuras de la Biblia,Sodoma y Gomorra: ¿El Relato Bíblico de una Explosión Nuclear?,"¿Cuáles son las historias de terror de la Biblia más perturbadoras? En este documental recorremos cinco relatos bíblicos que, leídos con atención, ponen en jaque a las películas de horror más modernas.

Comenzamos con el tormento de Job: según el relato, Dios permite que Satanás —cuyo nombre en hebreo significa acusador— despoje a Job de todo lo que posee. Sus rebaños son robados por sus enemigos, sus hijos mueren aplastados cuando un viento derrumba la casa, y su cuerpo es cubierto de forúnculos y llagas. Job exige una explicación, y la respuesta llega desde la tormenta: ""¿Dónde estabas cuando puse los cimientos de la tierra?"". Al final su fe es recompensada con el doble de todo lo que tenía, pero la pregunta de por qué les ocurren cosas malas a las personas buenas queda sin responder. Seguimos con Daniel 5: durante el banquete del rey Belsasar, que bebía junto a mil de sus nobles en las copas de oro tomadas del templo de Jerusalén, los dedos de una mano aparecen de la nada y escriben en el yeso de la pared: ""Mene, Mene, Tekel, Parsin"". Daniel interpreta la sentencia y esa misma noche, hacia el año 539 antes de Cristo, los persas invaden Babilonia, el rey es asesinado y Darío el Medo se corona.

El recorrido continúa con la masacre de los inocentes de Mateo 2, un episodio que solo aparece en ese evangelio, cuando Herodes ordena matar a todos los niños de Belén de dos años o menos; con la destrucción de Sodoma y Gomorra en Génesis 19, donde la mujer de Lot se convierte en estatua de sal y donde, según narra el video, algunos análisis han teorizado que la descripción de la catástrofe recuerda a una explosión de potencia nuclear; y cerramos con las langostas del abismo de Apocalipsis 9: criaturas como caballos de batalla, con rostros humanos, dientes de león y aguijones de escorpión, comandadas por el ángel del abismo llamado Abadón en hebreo, es decir, el destructor. Un libro tan difícil de interpretar que, según se cuenta, el propio Juan Calvino se negó a escribir un comentario sobre él declarando que no lo entendía.

Si te apasionan los enigmas bíblicos, el misterio y los documentales narrados con seriedad, suscríbete al canal de El DoQmentalista y activa la campanita para no perderte ningún episodio.

#MisteriosDeLaBiblia #Documental #RelatosDeTerror","el doqmentalista, documentales de misterio en español, historias de terror de la biblia, relatos biblicos aterradores, misterios de la biblia, sodoma y gomorra, la mano que escribe en la pared, daniel 5, el tormento de job, masacre de los inocentes, langostas del apocalipsis, apocalipsis 9, terror biblico, historias biblicas oscuras, relatos de horror, enigmas biblicos, misterio y paranormal"
27fdwtXOO4s,664438,¿Por qué antes vivían mas los humanos? FUIMOS CASTIGADOS,¿De verdad antes vivían más? El enigma de los 900 años de Adán,"Reyes sumerios: el archivo que registra reinados de 30,000 años",Vivir 300 años: los casos que la ciencia no logra explicar,"¿Por qué antes vivían más los humanos? La pregunta atraviesa la Biblia, las tablillas de Sumeria y las crónicas de China: textos antiguos de culturas que no se conocieron entre sí registran vidas de cientos de años como si fueran algo normal.

El Génesis atribuye 930 años a Adán, 600 a Noé y 175 a Abraham, con una disminución progresiva de generación en generación. Una teoría intenta reducir esas cifras suponiendo que un ""año"" equivalía a una órbita lunar de unos 28 días: así Adán habría muerto a los 77, pero ese ajuste convertiría a Enoc en padre a los 5 años, algo imposible. El video también cita el artículo de Carol A. Hill, publicado en diciembre de 2003 en la revista Perspectivas de la Ciencia y de la Fe Cristiana, que propone que los números del Génesis tendrían un significado a la vez numérico y simbólico.

El paralelo más inquietante aparece en la lista de los reyes sumerios, un registro de 4000 años de antigüedad del antiguo sur de Irak: enumera reinados de más de 30,000 años y, al igual que la Biblia, distingue entre reyes anteriores y posteriores al diluvio, mostrando una caída constante de la esperanza de vida. Los estudios citados en el video observan que varias de esas cifras son múltiplos de 60 o cuadrados perfectos: 900 es el cuadrado de 30, 625 el de 25 y 400 el de 20.

Pero el enigma no termina en la antigüedad. En 1996, un periodista de India Today visitó en Nepal a Bir Narayan Chaudhari, quien afirmaba tener 141 años y haber trabajado en la primera encuesta de Nepal, en 1888; la memoria colectiva de su pueblo respaldaba el relato, aunque no existía documentación para probarlo. En el Cáucaso, según se narra, hay quienes aseguran superar los 170 años. Y el historiador Flavio Josefo, en el siglo primero, ya defendía que los patriarcas realmente vivieron esos siglos gracias a su virtud y a su cercanía con Dios.

¿Exageración, simbolismo, errores de traducción... o la memoria de una humanidad que perdió el don de la larga vida?

Suscríbete a El DoQmentalista para más documentales de misterio en español, donde lo antiguo todavía tiene preguntas sin responder.

#ElDoQmentalista #Misterio #Longevidad","el doqmentalista, documentales de misterio en español, misterios de la biblia, longevidad bíblica, patriarcas bíblicos, por qué antes vivían más, 900 años de adán, lista de reyes sumerios, matusalén, flavio josefo, longevidad extrema, textos antiguos, diluvio, génesis, enigmas históricos, misterios sin resolver, documental en español, casos inexplicables"
9j5aIo-Afxg,664318,"""SATANÁS En La Edad Media: El Verdadero Rostro Del Mal En La Historia Oculta""",El Diablo No Nació Siendo Un Monstruo: Así Lo Creó La Edad Media,El Diablo No Nació Siendo Un Monstruo: Así Lo Creó La Edad Media,Pactos Con Demonios: La Advertencia Medieval Que Seguimos Ignorando,"Satanás en la Edad Media no era el monstruo de cuernos y pezuñas que todos imaginamos hoy. Un mosaico del siglo 6, en la basílica de San Apolinar en Rávena, muestra el Juicio Final con la figura satánica representada como un etéreo ángel azul. ¿Cómo pasó el diablo de ser un ángel a convertirse en la bestia devoradora de almas que domina nuestro imaginario?

Este documental recorre esa transformación paso a paso. Partimos de la representación más famosa del demonio, la que el poeta inglés John Milton plasmó en 1667 en El Paraíso Perdido: la caída de Lucifer, el más bello de los ángeles, que por orgullo y deseo de poder se rebeló contra Dios. Pero la Biblia cristiana dedica muy pocos pasajes al diablo y nunca describe su aspecto. En el Antiguo Testamento, como se ve en el libro de Job, Satanás actúa como un adversario, no como el enemigo activo de Dios; en el Nuevo Testamento ya es una fuerza del mal que tienta a Jesús, y la primera epístola de Pedro lo describe como un león rugiente que anda buscando a quien devorar. Según se narra, fue una traducción del siglo 4 de la Biblia hebrea al latín la que unió por primera vez al Lucifer de Isaías con el ángel rebelde arrojado del cielo.

El video también explora las influencias que moldearon su rostro: los relatos babilónicos sobre los lilitos, demonios nocturnos que la tradición judía vincularía después con Lilith; Belcebú, el señor de las moscas, nombrado como falso ídolo cananeo; y el dios pagano Pan, mitad cabra y mitad hombre, cuyos cuernos y pezuñas terminaron asociados al pecado. De ahí pasamos al Infierno de Dante, a los nigromantes del escolasticismo que conjuraban espíritus, y al siglo 14, cuando la peste negra, el hambre y las guerras dispararon el miedo al diablo y encendieron la caza de brujas: según la creencia de la época, ya no se trataba de personas engañadas por Satanás, sino en convivencia activa con él.

Si te apasionan los misterios de la historia oculta y el lado oscuro de las creencias, suscríbete a El DoQmentalista y activa la campana para no perderte ningún documental.

#SatanasEnLaEdadMedia #HistoriaOculta #ElDoQmentalista","el doqmentalista, documentales de misterio en español, documental historia oculta, satanas en la edad media, historia del diablo, origen de lucifer, angel caido, el paraiso perdido milton, infierno de dante, lilith leyenda, belcebu señor de las moscas, caza de brujas medieval, nigromancia, demonios en la biblia, edad media misterios, ocultismo documental, misterios sin resolver, historia del cristianismo, paranormal en español"
R0A4_YIgvQw,647812,"CÓMO SON LOS ÁNGELES, Documentales Prohibidos, La vida secreta de un ángel custodio",Cómo son los ángeles según la Biblia: nada que ver con las pinturas,Ángeles con ruedas llenas de ojos: lo que el profeta Ezequiel vio,"Ángeles reales: por qué conviene saber reconocerlos, según las escrituras","¿Cómo son los ángeles realmente? Olvida las alas blancas y los rostros serenos de las pinturas: cuando revisamos cómo son los ángeles según las propias descripciones de la Biblia, el resultado es mucho más extraño e inquietante de lo que la mayoría imagina.

En este documental recorremos los pasajes donde las escrituras intentan describir a estos seres espirituales. Hebreos 13:2 sugiere que pueden adoptar apariencia humana sin que lo notemos: ""no os olvidéis de la hospitalidad, porque por ella algunos, sin saberlo, hospedaron ángeles"". Números 22:23 narra el episodio del asno de Balaam, que vio al ángel de Dios de pie en el camino con una espada desenvainada mientras su dueño no percibía nada, lo que indica que estos seres pueden permanecer invisibles ante quienes ellos consideren conveniente. Génesis 3:24 los presenta como guardianes armados: querubines y una espada flameante custodiando el camino hacia el árbol de la vida en el Edén.

Pero las descripciones más desconcertantes vienen de los profetas. Daniel 10:5-6 habla de un hombre vestido de lino con cinturón de oro, rostro como el aspecto de un relámpago, ojos como antorchas encendidas y brazos como el brillo del bronce bruñido. Y Ezequiel lleva el lenguaje humano al límite: seres acompañados de ruedas y con todo el cuerpo, incluyendo la espalda, las manos y las alas, lleno de ojos por todas partes (Ezequiel 10:12). El video también explora por qué importa saber todo esto: según las escrituras, el mal en ocasiones se viste del bien, y reconocer cómo se muestran los verdaderos ángeles serviría para desenmascarar a los enemigos espirituales que intentan aparentar lo que no son. Cerramos con la reflexión atribuida a Santo Tomás de Aquino, quien sostenía que cada ángel es único en su especie, pues al no estar compuestos de materia, es imposible que dos ángeles pertenezcan a una misma especie.

Un recorrido serio y documentado por las apariencias de los ángeles: humanas, guerreras, luminosas e incomprensibles, y por la razón de que las palabras humanas nunca alcancen para describirlos del todo.

Si te apasionan los misterios de la Biblia y lo sobrenatural, suscríbete al canal y activa la campana para no perderte los próximos documentales.

#Angeles #MisteriosDeLaBiblia #Documental","el doqmentalista, documentales de misterio en español, documentales en español, como son los angeles, angeles segun la biblia, angeles reales, angel custodio, querubines, ruedas con ojos, ezequiel, daniel 10, santo tomas de aquino, seres espirituales, angeles y demonios, misterios de la biblia, teologia, lo sobrenatural, paranormal, fenomenos inexplicables, ocultismo"
Oua-dtxfet8,639309,"El Ángel de Dios que Mató a 185,000 Humanos En Una Sola Noche",El Ángel Que Mató a 185.000 Soldados: La Biblia Nunca Dijo Su Nombre,Isaías 37:36: El Pasaje Más Aterrador Que Casi Nadie Lee,Ángel de la Muerte: Los 6 Sospechosos de la Matanza de Isaías 37,"El ángel que mató a 185,000 soldados en una sola noche aparece en Isaías 37:36, y la Biblia nunca revela su nombre. En este documental analizamos uno de los pasajes más inquietantes de las escrituras: un campamento entero de guerreros asirios que amaneció convertido en un campo de cuerpos.

El contexto es la guerra entre Senaquerib, rey de los asirios, y Ezequías, rey de Judá, quien según se narra reinó aproximadamente del 729 al 686 antes de Cristo. Existen dos fuentes principales sobre este episodio: el relato bíblico y el llamado Prisma de Senaquerib, unos anales inscritos en tres prismas de arcilla que describen el asedio de Jerusalén. Ambos relatos coinciden en varios puntos: Senaquerib tomó las ciudades amuralladas de Judea excepto Jerusalén, cuarenta y seis según el prisma, y Ezequías terminó pagando tributo. El prisma incluso presume que encerró a Ezequías en Jerusalén ""como a un pájaro"". Pero difieren en el final: según la Biblia, tras la oración desesperada de Ezequías, Dios respondió por medio del profeta Isaías, y esa noche salió el ángel de Jehová y mató a 185,000 soldados en el campamento asirio, sin que nadie lo notara hasta la mañana siguiente.

¿Quién era ese ángel aniquilador? El video repasa las teorías que distintas tradiciones ofrecen: el Ángel Destructor que la Biblia hebrea menciona en Segunda de Samuel 24:15 y Primera de Crónicas 21:15; Azrael, quien según el islam y el judaísmo lleva un pergamino con el destino de los mortales; Mawet, personificado a veces como ángel de la muerte en las escrituras hebreas; Samael, el arcángel acusador de la tradición talmúdica; los dos ángeles del castigo de la tumba del concepto judeo-islámico; y Duma, el ángel del silencio y de la quietud de la muerte, tutelar de Egipto, por quien el narrador se inclina al final. Ninguna de estas identificaciones es un hecho probado: son tradiciones y teorías que aquí se presentan como tales, para que tú saques tu propia conclusión.

Si te apasionan los enigmas de la Biblia, la angelología y los rincones más oscuros de los textos sagrados, suscríbete al canal de El DoQmentalista y activa la campana para no perderte los próximos casos.

#Biblia #Misterio #ElDoQmentalista","el doqmentalista, documentales de misterio en español, angel que mato a 185000, isaias 37 36, senaquerib, ezequias, asedio de jerusalen, prisma de senaquerib, angel de la muerte, angel destructor, duma angel del silencio, azrael, samael, mawet, angelologia, misterios de la biblia, historia biblica, angeles biblicos, ocultismo, textos sagrados"
JmOo3MUwF7I,637620,"""El Verdadero Rostro De Jesús: ¿Cómo Era Realmente El Hijo De Dios?""",El Rostro de Jesús Que Ningún Evangelio Describió Jamás,Cómo Era Jesús: La Reconstrucción Que Desafía Todas las Imágenes,El Rostro de Jesús: La Niña Que Asegura Haberlo Visto en Sueños,"¿Cómo era el verdadero rostro de Jesús? Ninguna fotografía, pintura o descripción de su época nos dice cómo lucía realmente el hombre más representado de la historia, y lo que imaginamos al rezar suele ser el rostro de un actor de cine.

En este documental exploramos uno de los enigmas más desconcertantes de la Biblia: los evangelios narran cómo Jesús camina, sana, realiza milagros, es crucificado y resucita, pero jamás describen sus facciones. Ni siquiera los textos apócrifos encontrados hasta hoy lo hacen, algo muy extraño si consideramos que otros documentos de la época sí describían a sus protagonistas, e incluso la propia Biblia pone en relieve la belleza del rey David y de Moisés. ¿Por qué nadie describió a Jesús?

Analizamos las interpretaciones más llamativas fuera de los medios: la aproximación generada por un programa de computación a partir de las marcas de un supuesto sudario que habría cubierto el rostro de Jesús en su entierro, y el caso de Akiane Kramarik, una joven pintora de Mount Morris, Illinois, que según relata comenzó a experimentar visiones celestiales a los 3 años y a los 8 pintó su cuadro más conocido, Príncipe de la Paz, que ella afirma retrata las verdaderas facciones de Jesús. Sus padres, que eran ateos, terminaron convirtiéndose al cristianismo. Eso sí: como aclara el propio video, ninguno de estos casos puede ser comprobado con las pruebas disponibles.

También repasamos lo que sugieren las referencias históricas de la época: un hombre de ojos marrones, pelo oscuro y piel morena, con rasgos cercanos a los de los habitantes de Egipto, probablemente musculoso por su oficio de carpintero, con barba y cabello cortos, muy lejos del estereotipo de las películas. Y el único indicio que sí aparece en la Biblia está en Mateo 11:19, donde se describe al hijo del hombre como alguien que come y bebe vino, amigo de publicanos y pecadores.

Al final, la pregunta cambia por completo: ¿importa realmente si fue alto o bajo, blanco o moreno? Quizás lo esencial nunca estuvo en su apariencia, sino en su significado.

Suscríbete a El DoQmentalista para más documentales de misterio, historia y enigmas de la Biblia en español.

#RostroDeJesus #MisteriosBiblicos #Documental","el doqmentalista, documentales de misterio en espanol, documentales en espanol, rostro de jesus, verdadero rostro de jesus, como era jesus realmente, apariencia de jesus, akiane kramarik, principe de la paz, sudario de jesus, jesus de nazaret, jesus historico, misterios de la biblia, evangelios apocrifos, enigmas biblicos, historia del cristianismo, misterio y ocultismo, documental biblico"
qI5z_ZUEHzg,634619,Porqué las personas mas inteligentes son tan solitarias desarrollo personal,El misterio de las mentes brillantes: por qué prefieren estar solas,Inteligencia y soledad: qué pasa en tu cerebro si te gusta estar solo,"Por qué la gente inteligente es solitaria, según la psicología evolutiva","¿Por qué las personas inteligentes prefieren estar solas? La respuesta que propone la psicología evolutiva es más incómoda de lo que imaginas: si disfrutas la soledad, puede que tu cerebro esté funcionando exactamente como el de una mente altamente inteligente.

Este documental explora los hallazgos que citan investigadores de la psicología evolutiva: mientras que para la mayoría de la gente socializar con amigos aumenta la felicidad, las personas altamente inteligentes experimentan una menor satisfacción en la vida cuando socializan con más frecuencia. Según la llamada teoría de la sabana de la felicidad, nuestro cerebro hizo la mayor parte de su evolución cuando los humanos vivían como cazadores-recolectores, en bandas muy unidas de hasta 150 individuos donde era raro cruzarse con extraños. Por eso, sostienen estos investigadores, el cerebro promedio no está bien adaptado a la densidad de población de las ciudades modernas, un ambiente de alto estrés donde interactuamos con desconocidos de manera constante. Y ahí aparece el giro: las mentes más inteligentes se habrían adaptado justamente aislándose, usando la soledad como una forma de reajuste después de socializar en entornos urbanos estresantes.

El video también repasa cómo se mide esto: un coeficiente intelectual promedio ronda los 100 puntos, mientras que una persona altamente inteligente se ubica cerca o por encima de 130, un nivel que solo alcanza el 2 por ciento de la población. Con tan pocas personas afines alrededor, preferir la soledad se vuelve casi natural. Pero hay un lado oscuro: los individuos con mayor coeficiente intelectual tienden a sufrir más ansiedad, y ese aislamiento puede ser un síntoma, no una elección. Como recuerda el documental citando al psiquiatra fundador de la psicología analítica, la soledad no viene de no tener gente alrededor, sino de no poder comunicar lo que de verdad nos importa. La conclusión no es quedarse solo: es encontrar gente con ideas afines con la que puedas expresarte de verdad.

Si te apasionan los misterios de la mente humana y los documentales que te hacen cuestionarlo todo, suscríbete al canal de El DoQmentalista y activa la campanita para no perderte ningún episodio.

#PersonasInteligentes #PsicologiaEvolutiva #Soledad","el doqmentalista, documentales de misterio en espanol, documentales en espanol, personas inteligentes solitarias, por que las personas inteligentes prefieren estar solas, inteligencia y soledad, psicologia evolutiva, teoria de la sabana de la felicidad, coeficiente intelectual alto, personas con iq alto, ansiedad e inteligencia, soledad y felicidad, psicologia humana, misterios de la mente, desarrollo personal, documental psicologia, mente humana"
7qWBchZ_yvU,634296,Documental: ¿ENSEÑA LA BIBLIA LA BRUJERÍA? - Documentales interesantes,La Biblia y la brujería: ¿por qué condena la magia y luego describe este ritual?,Libro de Tobías: el capítulo donde un ángel enseña un ritual con un pez,El ritual del pez en la Biblia: el pasaje que casi nadie recuerda haber leído,"¿La Biblia y la brujería pueden aparecer en un mismo capítulo? Este documental examina el pasaje que parece contradecir todo lo que el Antiguo Testamento condena.

En el Libro de Tobías, capítulos 6 y 8, el relato cuenta que un joven viaja acompañado de un ángel llamado Rafael, que se presenta como Azarías, y de un perro. Al acampar a orillas del río Tigris, un pez enorme intenta devorarle el pie. El ángel le ordena capturarlo y guardar tres órganos: la hiel, el corazón y el hígado, porque, según sus propias palabras, son un excelente remedio. Más adelante le explica el uso: quemar el corazón y el hígado ante una persona atacada por un demonio hace que los ataques cesen para siempre, y la hiel, aplicada en los ojos, cura las manchas blancas que impiden ver.

El relato continúa con Sara, una mujer que había tenido siete maridos, todos muertos la noche de bodas, según se narra, a manos de un demonio. Siguiendo las instrucciones del ángel, Tobías coloca el hígado y el corazón del pez sobre las brasas del incienso en la habitación nupcial: el olor hace huir al demonio hacia las regiones de Egipto, donde Rafael lo encadena.

A partir de ahí, el documental plantea las preguntas incómodas: si el Antiguo Testamento aborrece la adivinación, la nigromancia y la hechicería, ¿cómo interpretar un pasaje donde un ángel enseña a expulsar demonios quemando vísceras de un animal? ¿Es una contradicción, una lectura metafórica pendiente de descifrar, o el rastro de las muchas modificaciones que, según sostienen los librepensadores citados en el video, ha sufrido el texto a lo largo del tiempo? También se aclara que hasta hoy no existen pruebas científicas de que esos ingredientes curen tales afecciones, y el análisis cierra con la enseñanza de Mateo 17:20 sobre la fe como un grano de mostaza y el poder que, según el mensaje final del canal, habita en cada hijo de Dios.

Un recorrido serio, versículo por versículo, para que al final saques tus propias conclusiones.

Suscríbete a El DoQmentalista y activa la campana para más documentales de misterio, Biblia y ocultismo en español.

#LibroDeTobias #MisteriosDeLaBiblia #ElDoQmentalista","el doqmentalista, documentales de misterio en español, documentales en español, libro de tobías, la biblia y la brujería, tobías y el ángel rafael, ritual del pez en la biblia, sara y los siete maridos, contradicciones de la biblia, brujería en la biblia, misterios de la biblia, antiguo testamento, expulsión de demonios, ángeles y demonios, textos bíblicos poco conocidos, ocultismo, historia bíblica, misterio y religión"
G_sTqsd02Eo,632428,La Biblia y el Apocalipsis: ¿Predicción o Profecía?,El apocalipsis bíblico se ha anunciado más de 300 veces y siempre falló,Fin de los tiempos: por qué cada generación cree que le tocará verlo,Señales del apocalipsis: la advertencia de Jesús que casi nadie escuchó,"¿Cuántas veces se ha anunciado el fin del mundo? El apocalipsis bíblico ha sido proclamado una y otra vez a lo largo de la historia, y este documental repasa por qué todas esas fechas llegaron... y pasaron.

Alrededor del año 1000 después de Cristo hubo una enorme expectativa en todo el cristianismo sobre el fin de los tiempos. En 1844, en Estados Unidos, la gente comenzó a vender todas sus posesiones convencida de que el fin estaba cerca; cuando nada ocurrió, el episodio pasó a conocerse como la Gran Decepción. El video también recuerda a los quintos monárquicos, que esperaban el regreso de Jesús alrededor de 1666, a Joseph Smith, a un viejo reverendo bautista nacido en 1887 que creyó que vería el fin durante su vida adulta, y el famoso 2012, cuando una interpretación de las escrituras mayas convenció a mucha gente de que el mundo se acabaría.

¿Y qué dice la Biblia? Según se narra, Mateo 24 y Lucas 21 recogen el momento en que los apóstoles le preguntan a Jesús cuáles serían las señales de su regreso, y Hechos 3:19-23 sugiere que su autor creía que el fin era inminente. Pero el video subraya un detalle incómodo: en Mateo 24:36 el propio Jesús advierte que nadie sabrá el día ni la hora, y pide enfocarse en amar a los enemigos y cuidar a los necesitados en lugar de obsesionarse con el final. Incluso se explora la posibilidad de que algunos episodios apocalípticos se refieran a acontecimientos del pasado, como los eventos climáticos extremos de los años 535 y 536, transmitidos en forma poética y oral.

Con más de 300 predicciones fallidas y una tasa de fracaso del 100 por ciento hasta la fecha, la pregunta ya no es cuándo llegará el apocalipsis, sino por qué cada generación está convencida de que le tocará verlo... y qué revela eso sobre nosotros.

Si te apasionan los misterios de la Biblia y lo que se esconde detrás de las profecías, suscríbete a El DoQmentalista para más documentales como este.

#Apocalipsis #FinDelMundo #ProfeciasBiblicas","el doqmentalista, documentales de misterio en español, doqmentalista, fin del mundo, apocalipsis biblico, profecias del fin del mundo, gran decepcion 1844, fin de los tiempos, mateo 24, profecias biblicas, señales del apocalipsis, 2012 fin del mundo, armagedon, juicio final, misterios de la biblia, documental biblico, quintos monarquicos, regreso de jesus"
TK9KGgHEBh8,631788,Encuentran un misterioso mensaje del futuro en una botella en él triángulo de las bermudas,Triángulo de las Bermudas: la leyenda de la botella con un mensaje del futuro,Mensaje escrito con sangre aparece flotando cerca del Triángulo de las Bermudas,¿Qué pasa con el tiempo en el Triángulo de las Bermudas? El caso del náufrago,"Una botella con un mensaje del futuro, hallada a la deriva muy cerca del Triángulo de las Bermudas. Así comienza uno de los casos más inquietantes que hemos documentado en el canal: el náufrago del tiempo.

Según relata esta historia, el pasado 4 de marzo los tripulantes de un yate en la bahía de Florida, Estados Unidos, encontraron un objeto que brillaba de forma extraña sobre el agua. Alfred Reed, buzo profesional de 35 años y coleccionista de objetos rescatados del mar, pidió unos binoculares y confirmó lo que sospechaba: era una botella flotando en alta mar, y parecía llevar algo en su interior. Con una red la subieron a bordo. Era una botella parecida a las de ron, con la etiqueta desgastada hasta ser irreconocible, y adentro había un pedazo de papel enrollado. Alfred hizo que la dejaran secar al sol antes de abrirla, para no arruinar lo que ese papel pudiera contener.

Lo que encontraron los dejó sin palabras. El texto no estaba en inglés sino en español y, según cuenta el relato, parecía haber sido escrito con sangre. Alan Díaz, un tripulante estadounidense de padres argentinos, lo tradujo para el resto: quien escribía venía desde Cuba rumbo a Florida cuando una tormenta destruyó su bote. Pedía que le dijeran a Elena y a su hija Wendy que lo intentó y que las amaba. Firmaba: Roberto M. Pero lo más extraño estaba al reverso de la hoja, donde aparecía una fecha: 30 de junio. Una fecha que todavía no llegaba. ¿Una broma cruel, o algo más? El relato recuerda que quienes han estado en esa zona aseguran que el tiempo transcurre de manera diferente, y se habla de casos de personas que desaparecen y reaparecen años después. El documental también menciona que, según cálculos que se citan como serios, unos 150.000 cubanos habrían muerto en las últimas décadas intentando huir de la isla por cualquier vía.

Algunos expertos han propuesto explicaciones científicas para ciertos sucesos de la zona, desde cambios en la densidad del agua y el aire hasta variaciones en la presión atmosférica. Pero eso apenas cubre una pequeña parte de los casos. El Triángulo de las Bermudas guarda todavía demasiados barcos sin encontrar, aviones desaparecidos y vidas que el mar nunca devolvió.

Suscríbete a El DoQmentalista para más documentales de misterio en español, casos inexplicables y expedientes que pocos se atreven a contar.

#TriánguloDeLasBermudas #Misterio #ElDoQmentalista","el doqmentalista, documentales de misterio en español, triángulo de las bermudas, mensaje en una botella, náufrago del tiempo, mensaje del futuro, bahía de florida, roberto m, balseros cubanos, misterios del mar, viajes en el tiempo, casos sin resolver, fenómenos inexplicables, misterios sin resolver, paranormal en español, historias reales de misterio, relatos de terror, desapariciones misteriosas"
bHeRkk9ix6M,631085,"La Magia de Los Antiguos, 5 Increíbles libros de Hechizos, Maldiciones y Encantamientos",Libros de Magia Antiguos: 5 Grimorios que Sí Existen,Picatrix: el Grimorio Árabe con los Hechizos Más Perturbadores,Magia Antigua: los 5 Libros que la Historia Intentó Olvidar,"Los libros de magia antiguos no son un invento del cine: existen grimorios reales que atravesaron siglos y terminaron en manos de sociedades ocultas. En este documental recorremos cinco de esos manuscritos, sus supuestos autores y las creencias que los rodean.

Comenzamos con el Libro de Abramelin el Mago, escrito como la autobiografía de Abraham de Worms, un judío alemán que se cree vivió entre los siglos 14 y 15. Según el relato, Abraham viajó a Maguncia para estudiar con un rabino llamado Moisés y, tras años de camino, llegó a Egipto, donde el mago Abramelin le habría enseñado su magia cabalística y entregado dos manuscritos para copiar. La tradición esotérica sostiene que su ritual central, la operación de Abramelin, permitiría al mago obtener el conocimiento y la conversación de su ángel guardián. El texto fue retomado después por la Orden Hermética de la Golden Dawn y por el sistema de Thelema de Aleister Crowley.

Seguimos con el Ars Notoria, la parte más antigua de las Llaves Menores de Salomón: no un libro de hechizos, sino de oraciones en hebreo, griego y latín que, según se narra, otorgarían memoria perfecta y dominio de las artes liberales. Luego llega la Pseudomonarchia Daemonum, la falsa jerarquía de los demonios: un compendio del siglo 16 con los nombres de 69 demonios, obra de Johann Weyer, médico holandés nacido en 1515, discípulo del ocultista Cornelius Agrippa, que intentó defender a los acusados de brujería aunque, se cuenta, sus súplicas de misericordia fueron ignoradas. También abrimos el Picatrix, el libro árabe de astrología y magia oculta que el video sitúa entre los siglos 10 y 11, conocido originalmente como la meta de los sabios y traducido al latín en 1256 para el rey castellano Alfonso el Sabio, famoso por la naturaleza obscena de sus recetas mágicas.

Cerramos con el Arbatel, un grimorio del Renacimiento que se dice fue escrito en 1575 por un autor desconocido y que, a diferencia de otros manuscritos ocultos, contiene consejos espirituales y guías sobre cómo vivir una vida honesta y honorable.

Si te fascinan los grimorios, el ocultismo y los enigmas que la historia dejó en sus márgenes, suscríbete a El DoQmentalista y activa la campana para no perderte ningún documental.

#Grimorios #Ocultismo #Misterio","el doqmentalista, documentales de misterio en espanol, documentales de ocultismo, libros de magia antiguos, grimorios reales, picatrix, abramelin el mago, ars notoria, pseudomonarchia daemonum, arbatel, llaves menores de salomon, johann weyer, aleister crowley, magia antigua, hechizos y maldiciones, libros ocultos, sociedades secretas, esoterismo, misterios historicos"
ValpFgFH0GM,630239,"Ofiuco El Nuevo Signo Del Zodiaco, EXPLICACIÓN La Nueva Astrologia, Nuevos signos, horoscopos, Tarot",Ofiuco existe y podría cambiar tu signo zodiacal para siempre,Ofiuco: el signo 13 que los antiguos conocían y dejaron fuera,Signos del zodiaco ¿qué está pasando con Ofiuco y Cetus?,"Ofiuco, el supuesto signo número 13 del zodiaco, ha puesto en duda todo lo que millones de personas creen sobre su horóscopo. Y no viene solo: junto a Ofiuco aparece Cetus, el gran monstruo marino, un posible signo número 14 que volvería a recorrer todas las fechas.

En este documental analizamos de dónde viene realmente el zodiaco. La palabra deriva del griego y significa círculo de animales: doce divisiones de 30 grados de longitud celeste centradas en la eclíptica, el camino trazado desde la Tierra pasando por el Sol. Según los registros antiguos que cita el video, los griegos heredaron su conocimiento de los cielos de los mesopotámicos, y estos a su vez de los sumerios; los doce signos se habrían desarrollado en Mesopotamia entre los años 3200 y 500 antes de Cristo, y fueron tomados por los griegos alrededor del año 500 antes de Cristo. Ofiuco, el portador de la serpiente, sí era conocido por algunos antepasados, pero un décimo tercer signo descuadraba un calendario de doce meses, así que quedó fuera de la lista.

Aquí entran los datos que incomodan a los creyentes de la astrología: si naciste entre el 30 de noviembre y el 18 de diciembre, es probable que el Sol pasara frente a la constelación de Ofiuco en tu cumpleaños; si naciste entre el 27 y 28 de marzo, frente a Cetus. Hoy se han catalogado 88 constelaciones, como Andrómeda, Serpens o Tucán, y dentro de ellas están las doce del zodiaco tradicional, de Aries a Piscis. El video también recuerda que, aunque en Occidente la astrología se considera una pseudociencia, en India el debate llegó a otro nivel: en 2001 se discutió financiar con dinero del estado la investigación en astrología, permitiendo cursos en universidades, y en febrero de 2011 el tribunal supremo de Bombay desestimó un caso que cuestionaba su condición de ciencia.

¿Son entonces Ofiuco y Cetus nuevos signos zodiacales, o solo constelaciones que los creadores del zodiaco jamás agregaron? La respuesta completa está en el documental, junto con la forma de averiguar cuál es tu verdadera constelación según la fecha, hora y lugar exactos de tu nacimiento.

Si te apasionan los misterios del cielo, la historia oculta y las creencias que moldearon al mundo, suscríbete al canal y activa la campana para no perderte los próximos documentales.

#Ofiuco #Zodiaco #Astrologia","el doqmentalista, documentales de misterio en espanol, ofiuco, signo ofiuco, cetus signo, nuevo signo zodiacal, signo numero 13, signos del zodiaco, zodiaco, horoscopo, astrologia, constelaciones, origen del zodiaco, astrologia vs astronomia, mitologia griega, misterios del universo, documental de misterio, creencias antiguas"
vBDmrf9shF0,629998,Misterios del Mundo: La verdad oculta de la Bruja Caníbal y su leyenda,"Bruja caníbal de Leicester: si oyes sus dientes rechinar, corre","Bruja caníbal de Leicester: si oyes sus dientes rechinar, corre",Black Annis: ¿diosa celta degradada o monja del siglo XV?,"Black Annis, la bruja caníbal del folclore inglés, no es la Llorona ni la bruja de Hansel y Gretel: la leyenda cuenta que esta mujer de cara azul se escabullía por las ventanas y con sus largos brazos arrancaba a los bebés de sus cunas durante la noche.

Según el relato tradicional, Black Annis habitaba en las colinas cercanas a Leicester, en una cueva que ella misma habría tallado con sus garras de hierro, con un roble creciendo frente a la entrada. Se la describe con pelo salvaje, colmillos amarillos y una piel azul inconfundible. La leyenda sostiene que bebía la sangre de sus víctimas, comía su carne y colgaba las pieles en su cueva como un curtidor macabro, para luego llevarlas enrolladas en la cintura a modo de falda. Como en aquellos tiempos no había ventanas de vidrio, los lugareños colgaban hierbas protectoras para que la bruja no llegara a las cunas de sus hijos, y los pastores le atribuían la desaparición de sus ovejas. Durante generaciones, a los niños de Leicester se les advertía: cuidado con Black Annis, ella te atrapará. Incluso existió una tradición del lunes de Pascua que consistía en arrastrar un gato muerto empapado en anís desde la cueva de la bruja hasta la casa del alcalde, costumbre que se agotó a finales del siglo dieciocho.

El video recorre también el relato registrado en 1941 sobre tres niños enviados por su madrastra a recoger leña al anochecer, la creencia de que la luz del día convertiría a la bruja en piedra, y las dos posibles mujeres reales detrás del mito: Agnes Scott, una monja dominicana que vivía como ermitaña en una cueva y murió en 1455, recordada con una placa de bronce en una iglesia local, y la bruja que, según se narra, predijo la muerte de Ricardo III sobre un puente de Leicester camino a la batalla de Bosworth. Algunas versiones sugieren además que Black Annis podría ser un derivado distorsionado de una antigua diosa celta de la tierra y la fertilidad, degradada con los siglos a bruja malvada.

Si te apasionan las leyendas oscuras y los misterios documentados con seriedad, suscríbete al canal de El DoQmentalista para no perderte los próximos casos.

#BlackAnnis #BrujaCanibal #Leyendas","el doqmentalista, documentales de misterio en espanol, black annis, bruja canibal, leyendas inglesas, folclore ingles, leyenda de leicester, agnes scott, ricardo iii leyenda, brujas del folclore, historias de brujas, leyendas de terror, misterios del mundo, mitologia celta, leyendas urbanas, casos paranormales, terror documental, criaturas del folclore"
Vbsw99qVX3Q,626380,"Yo Soy, El DoQmentalista y esto es, COSAS QUE LA IGLESIA NO QUIERE QUE SEPAS",Libros perdidos de la Biblia: el hallazgo de Egipto en 1945,Libros perdidos de la Biblia: el hallazgo de Egipto en 1945,Evangelios apócrifos: el Jesús que los primeros cristianos leían,"Los evangelios gnósticos, también llamados los libros perdidos de la Biblia, salieron a la luz en 1945, cuando en el sur de Egipto se descubrió un jarrón de arcilla lleno de manuscritos antiguos. ¿Qué decían esos textos y por qué quedaron fuera del canon oficial?

El video narra que alrededor de 100 libros de este tipo han sido encontrados en diferentes partes del mundo, y que muchos quedaron fuera del texto bíblico oficial porque en algunos casos se contradecían directamente entre sí. Entre ellos aparece el Testimonio de la Verdad, donde la historia del Edén se cuenta desde la perspectiva de la serpiente, presentada en la literatura gnóstica como el principio de la sabiduría divina. También el Evangelio de Felipe, con pasajes tan desconcertantes como la afirmación de que antes de que Cristo viniera no había pan en el mundo, o la idea de un Espíritu Santo femenino.

El recorrido pasa por el Evangelio de la Infancia de Tomás, con relatos de un joven Jesús capaz de sanar a su hermano Santiago de la mordida de una víbora, pero también de maldecir a quienes lo ofendían. Y llega hasta el verano de 2017, cuando, según se narra, eruditos que trabajaban en los archivos de Oxford armaron una pieza de papiro con la copia más antigua conocida del Primer Apocalipsis de Santiago, un texto apócrifo hallado en el siglo 19 en un basurero egipcio y probablemente escrito en el siglo 5 o 6. En ese relato, Jesús describe el mundo como una prisión custodiada por figuras demoníacas llamadas arcontes.

Según estos textos, incluso la traición de Judas tendría otra lectura: el relato cuenta que Jesús y Judas habrían planeado juntos la entrega. Y el Evangelio de Tomás afirma que el reino está dentro de ti y fuera de ti. Nada de esto se presenta aquí como doctrina ni como hecho probado: son los relatos que aquellas comunidades antiguas consideraban la palabra de Dios, y que hoy nos permiten asomarnos a un cristianismo muy distinto del que conocemos.

Si te apasionan los enigmas de la historia y los documentos que pocos se atreven a leer, suscríbete al canal para no perderte los próximos documentales de El DoQmentalista.

#EvangeliosGnosticos #MisteriosDeLaBiblia #ElDoQmentalista","el doqmentalista, documentales de misterio en español, evangelios gnosticos, evangelios apocrifos, libros perdidos de la biblia, evangelio de felipe, evangelio de tomas, evangelio de la infancia de tomas, primer apocalipsis de santiago, textos apocrifos, manuscritos antiguos de egipto, misterios de la biblia, historia del cristianismo, enigmas historicos, documental en español, ocultismo y religion"
SArPY7KQalM,626137,"EL BÁCULO DE MOISÉS, El DoQmentalista, Historias De La Biblia",El báculo de Moisés existió antes de Moisés según la cábala,¿Dónde quedó el báculo de Moisés? La leyenda señala el arca de la alianza,"Báculo de Moisés, la reliquia que une a Adán, Excalibur y la cruz","El báculo de Moisés es una de las reliquias más enigmáticas de las historias de la Biblia. Y según las leyendas de la cábala, el báculo de Moisés ni siquiera comenzó con Moisés: su historia arrancaría mucho antes, en el mismísimo jardín del Edén.

El relato cabalístico que exploramos en este documental cuenta que el bastón fue creado en la víspera del sexto día, tallado en madera de zafiro o de almendro, y entregado a Adán. De él habría pasado de patriarca en patriarca: Enoc, Matusalén, Noé, Sem, Abraham, Isaac y Jacob, hasta llegar a José en Egipto. Tras la muerte de José, la tradición sostiene que sus posesiones fueron a parar a la casa del faraón, y que un consejero llamado Jetró escapó con el bastón hacia Madián, donde lo clavó en el suelo de su jardín. La leyenda dice que la vara echó raíces, floreció y se convirtió en árbol, y que ningún pretendiente pudo arrancarla, hasta que llegó Moisés, la extrajo con facilidad y ganó la mano de Séfora, la hija de Jetró. Algunos ven en este relato un posible presagio de la espada en la piedra de Excalibur y el rey Arturo.

Según la cábala, el bastón estaba adornado con diez zafiros que representaban las diez emanaciones divinas del árbol de la vida, y habría sido entregado a Adán y Eva por el arcángel Raziel al abandonar el Edén. El cristianismo, por su parte, desarrolló su propio mito: se dice que aquella madera terminó convertida en la viga transversal de la cruz de Jesús. Sobre su paradero actual solo quedan especulaciones: guardado en la milenaria arca de la alianza, oculto en alguna parte de Egipto, llevado al cielo por un ángel, o quizá plantado en algún rincón del mundo, convertido en un gran roble a la espera de ser encontrado.

Si te apasionan los enigmas de la Biblia, las reliquias perdidas y las tradiciones ocultas, suscríbete al canal de El DoQmentalista y activa la campana para no perderte ningún documental.

#ElDoQmentalista #BaculoDeMoises #MisteriosBiblicos","el doqmentalista, documentales de misterio en español, historias de la biblia, baculo de moises, baston de moises, vara de moises, leyendas de la cabala, arca de la alianza, arbol de la vida, jetro y moises, arcangel raziel, reliquias biblicas, moises, misterios de la biblia, personajes biblicos, enigmas sin resolver, ocultismo, documental en español"
oB8qmbSF1vQ,625691,Encuentran Bruja real malvada en Venezuela brujas captadas en la vida real,Bruja en Venezuela: la familia que juró verla transformarse,"Brujas reales: si escuchas garras en tu techo de noche, no salgas",Bruja de los Andes: el caso venezolano que nadie ha podido explicar,"Una bruja en Venezuela aterrorizó a una familia entera durante noches que nadie en el pueblo olvidaría. Este es el relato de la familia Mendoza, que hasta hoy insiste en que todo sucedió de verdad.

Según cuenta la historia, a finales de la década de 1990, la familia Mendoza vivía en Rubio, un pueblo rural enclavado en la cordillera de los Andes venezolanos, donde habían residido por generaciones en una casa de estilo colonial. Todo cambió en 1997, cuando Juan, el tío más joven de la familia y conocido mujeriego, sedujo a una joven devota con una falsa promesa de matrimonio y luego la abandonó. El relato cuenta que la mujer, humillada ante su pueblo y rechazada por su propia iglesia, buscó a su abuela, señalada por la familia como practicante de magia negra, y desapareció un tiempo para regresar convertida en algo que ya no parecía del todo humano.

Primero llegaron los golpes en las paredes y el techo, los arañazos y un olor metálico y podrido. Después, según los testigos, Rita, la hermana de Juan, salió una noche con su esposo y sus hermanas y vieron sobre el techo del patio lo que describieron como un enorme buitre con rostro humano: el rostro de la antigua amante de Juan. El relato narra ataques cada vez más violentos, puertas astilladas y marcas de garras en la madera, hasta que un sacerdote aceptó bendecir la casa y rociarla con agua bendita. La criatura ya no pudo acercarse, pero tampoco se marchó. La familia, desesperada, decidió combatir fuego con fuego: Juan buscó en las montañas a una ermitaña de la que se decía que era la bruja más poderosa de la región, y con una garra rota durante uno de los ataques se forjó un talismán que, según se narra, despojó a la atacante de sus poderes frente a toda la familia.

¿Leyenda de pueblo o testimonio real? La familia Mendoza sostiene que ocurrió tal como lo cuentan, y esa insistencia es lo que mantiene vivo este caso hasta hoy.

Si te apasionan los misterios, las leyendas y los relatos que la razón no alcanza a explicar, suscríbete al canal y activa la campana para no perderte ningún documental.

#Brujas #Misterio #Venezuela","el doqmentalista, documentales de misterio en espanol, bruja en venezuela, brujas reales, familia mendoza, rubio venezuela, bruja de los andes, magia negra, mujer que se convierte en buitre, leyendas de venezuela, casos paranormales reales, brujeria en latinoamerica, relatos de terror reales, leyendas latinoamericanas, misterios sin resolver, historias paranormales, ocultismo, terror documental"
yQwlgGNIXzs,619754,Cómo Murieron Adán Y Eva - El Final Oculto - El DoQmentalista,La Muerte de Adán y Eva: El Final Que La Biblia No Cuenta,Adán y Eva: El Libro Apócrifo Que Narra Cómo Murieron,¿Dónde Están Enterrados Adán y Eva? El Misterio Sin Resolver,"¿Cómo murieron Adán y Eva? La Biblia guarda un silencio casi total sobre el final de la primera pareja humana, y este documental sigue las pistas dispersas en el Génesis, los textos apócrifos y las tradiciones orales.

El punto de partida es el propio libro de Génesis: allí se dice que Adán vivió 930 años, aunque nunca se menciona la edad de Eva al morir. Tras la expulsión del Edén, el relato bíblico los ubica al este del paraíso, cerca de la misteriosa tierra de Nod, el lugar donde se estableció Caín después del asesinato de Abel. En hebreo, nod significa vagabundeo o errante, y su ubicación exacta ha sido objeto de especulación durante siglos: algunos la sitúan en Mesopotamia, otros en Arabia o Siria.

Donde el Génesis calla, hablan los apócrifos. El llamado Libro de Adán y Eva, también conocido como La Vida de Adán y Eva, narra los últimos días del primer hombre: su enfermedad, los consejos que dio a sus hijos, la profecía sobre la venida de un futuro salvador y hasta la predicción del gran diluvio. Según este texto, Adán fue enterrado en el mismo lugar donde fue creado del polvo de la tierra, con el Arcángel Miguel participando en su sepultura. Eva, tras recibir una visión del reino de los cielos, pidió visitar la tumba de su esposo antes de morir en paz y ser enterrada junto a él.

Las tradiciones islámicas añaden otra capa al enigma: algunos hadices citados en el video sostienen que Adán fue creado con una estatura de 60 codos, unos 27 metros, que fue enterrado en La Meca o en el monte Abu Qubays, y que Eva descansa en Yeda, una ciudad saudita, aunque no existe consenso sobre ninguna de estas ubicaciones. La ciencia moderna aporta su propia lectura con el Adán cromosómico Y y la Eva mitocondrial, ancestros comunes de la humanidad que, según se explica, ni siquiera vivieron en la misma época. Y queda abierta una pregunta inquietante: quiénes eran los hombres que ya habitaban la tierra cuando llegó Caín, y qué papel jugaría Lilit en esos relatos antiguos.

Si te apasionan los enigmas de la Biblia y los textos que quedaron fuera de ella, suscríbete al canal para no perderte los próximos documentales.

#AdanYEva #TextosApocrifos #ElDoQmentalista","el doqmentalista, documentales de misterio en espanol, misterios de la biblia, adan y eva, como murieron adan y eva, muerte de adan, libro de adan y eva, vida de adan y eva, textos apocrifos, tierra de nod, jardin del eden, arcangel miguel, eva mitocondrial, adan cromosomico, lilit, genesis, enigmas biblicos, historia biblica, documental biblico, ocultismo"
ExE197EXMns,619128,Documental: Los Salmos Malditos de la Biblia y sus Secretos Ocultos,"Salmo 109, la maldición bíblica que aún se usa contra enemigos",Los Salmos Malditos existen y están escritos en tu Biblia,La leyenda del Salmo 109: el marinero que maldijo a toda una flota,"El Salmo 109 es conocido como el más temido de los salmos malditos de la Biblia, y sus palabras no dejan lugar a dudas: que sus días sean pocos, que sus hijos sean huérfanos, que su nombre sea borrado de la tierra. En este documental exploramos los llamados salmos imprecatorios, esos pasajes de las escrituras diseñados para invocar la retribución divina sobre blasfemos, opresores y pecadores impenitentes, lo opuesto exacto a una bendición.

El relato más escalofriante asociado a esta maldición viene de 1707. Según cuenta la leyenda, un marinero condenado a la horca por contradecir a un célebre y arrogante almirante británico pronunció el Salmo 109 momentos antes de morir. Poco después, cinco barcos de la flota, incluido el buque insignia, se estrellaron contra las rocas de un arrecife: murieron dos mil hombres, entre ellos el propio almirante. Pero el salmo también ha aparecido en tiempos recientes. En el 2010, un sheriff de Florida lo destacó en una Biblia junto a una anotación dirigida a Obama. En el 2012, el presidente de la cámara de representantes de Kansas, Mike O'Neal, lo envió a sus colegas republicanos apuntando al presidente, y ese mismo año un exintegrante de la Marina incitó a sus seguidores a usarlo como maldición contra el fundador de una fundación por la libertad religiosa en el ejército; el caso llegó a la corte, que concluyó que ninguna ley estaba siendo quebrantada.

Y el Salmo 109 no está solo. El video recorre el catálogo completo que la tradición atribuye a estos textos: los salmos 17, 48, 52, 100 y 140 para castigar sin destruir, el 58 al que se le atribuye causar ceguera, el 37 que según se narra trae muerte por fuego o espada, el 55 que hace caer al enemigo sin aviso, el terrible 137 que alcanza a toda la familia, el 59 contra los mentirosos, el 120 contra los chismes y el 93 para las batallas legales. Los eruditos bíblicos insisten en que no son venganza personal sino peticiones de justicia divina, o incluso textos alegóricos y catárticos. Pero ahí están, escritos entre las bendiciones y los llamados a amar al enemigo, como un completo enigma histórico.

Si te apasionan los misterios de la Biblia y los enigmas que la historia no termina de explicar, suscríbete a El DoQmentalista y activa la campana.

#SalmosMalditos #Salmo109 #MisteriosDeLaBiblia","el doqmentalista, documentales de misterio en espanol, documental en espanol, salmos malditos, salmo 109, salmos imprecatorios, maldiciones biblicas, salmo de judas, maldiciones de la biblia, salmo 137, misterios de la biblia, enigmas de la biblia, antiguo testamento, maldiciones reales, ocultismo, misterio y paranormal, enigmas historicos, documental biblico"
OXEtNtvUxS4,614145,Chica vuelve de la muerte y se venga de sus asesinos ROSMERI,Rosmeri: la leyenda de la chica que regresó de la muerte,"Leyenda de Rosmeri: si escuchas su llanto en el bosque, aléjate",Rosmeri: el relato de venganza que las abuelas contaban en voz baja,"La leyenda de Rosmeri es uno de esos relatos que las abuelas contaban en voz baja: la historia de una chica que, según se narra, regresó de la muerte para cobrar venganza de quienes le arrebataron la vida.

El relato sitúa la historia en un pequeño poblado de Francia, donde vivía Rosmeri, una joven de 15 años, hija única de padres muy católicos, querida y respetada por todo el pueblo. Según cuenta la leyenda, todo cambió cuando llegó una nueva familia: el nuevo comisario del condado con su esposa y sus dos hijos, Joshua y Joel, gemelos de 18 años conocidos por ser problemáticos y no respetar a nadie. Un día, cuando Rosmeri iba por agua a la fuente de la colina, los gemelos la interceptaron en el camino. El relato describe cómo la arrastraron a las espesuras del bosque, la atacaron con una crueldad inhumana y le quitaron la vida, para después enterrar su cuerpo junto a un pino muy alto, en un hoyo tan profundo que nadie pudiera encontrarla.

La leyenda cuenta que el pueblo entero la buscó durante meses sin hallar rastro, como si la tierra se la hubiera tragado. Hasta que un día, la madre de Rosmeri escuchó un llanto profundo entre los árboles cerca de la fuente, y su hija salió de la espesura para despedirse con una advertencia escalofriante: quienes le hicieron daño conocerían un infierno aquí en la tierra. Días después, en el viejo camino del antiguo aserradero, Joshua y Joel se encontraron con una hermosa desconocida entre los árboles. Lo que siguió, según el relato, fue una venganza tan macabra que terminó con Rosmeri entregando los restos de sus asesinos al propio comisario, su padre, antes de desaparecer del pueblo para siempre.

Esta historia fue compartida por Juan José Espinoza en el grupo de Facebook una historia que contar, y aquí la narramos como lo que es: una leyenda de terror y justicia desde la tumba que sigue estremeciendo a quienes la escuchan.

Si te apasionan las leyendas, los relatos paranormales y los misterios narrados con seriedad, suscríbete al canal El DoQmentalista y activa la campanita para no perderte ningún documental.

#LeyendasDeTerror #Rosmeri #Paranormal","el doqmentalista, documentales de misterio en español, relatos de terror en español, leyenda de rosmeri, la chica que volvió de la muerte, leyenda de venganza, fantasma vengativo, leyendas de terror, historias de aparecidos, relatos paranormales, leyendas urbanas en español, historias de fantasmas reales, terror narrado, misterio y terror, historias para no dormir, leyendas de pueblos, casos paranormales"
eaZbBUXnrXI,612748,¿Por Qué Los Menonitas o Amish Rechazan la Tecnologia? - Documentales Completos en Español,Amish: El Precio Real de Vivir Sin Tecnología en el Siglo XXI,"Menonitas y Amish: ¿Podrías Vivir Sin Luz, Celular Ni Autos?",Amish: La Comunidad Que Decidió Quedarse en el Siglo 18,"¿Por qué los amish y menonitas rechazan la tecnología en pleno siglo 21? Este documental te lleva al interior de una de las comunidades más herméticas de Norteamérica: gente que vive sin celular, sin internet y sin electricidad... por decisión propia.

Los amish son descendientes de inmigrantes suizos de habla alemana, herederos de la tradición anabaptista que defendía el bautismo de adultos y la separación entre iglesia y estado. Hoy sus comunidades están presentes en unos 30 estados de Estados Unidos y en Ontario, Canadá. Visten al estilo del siglo 17 o 18, se transportan en carretas tiradas por caballos y consideran que innovaciones como la electricidad promueven la competencia por bienes de estatus, mientras que las fotografías podrían alimentar la vanidad personal. Por eso también tienen prohibido ser grabados con cámaras de video, y en muchos grupos el bigote está vetado por ser considerado un símbolo de militarismo.

Pero este estilo de vida tiene un precio. Como casi todos descienden de unos pocos cientos de fundadores que vivieron en el siglo 18, han aparecido dolencias genéticas hereditarias, algunas extremadamente raras, que han aumentado la mortalidad infantil en sus comunidades. La mayoría lo acepta como voluntad de Dios y rechaza los exámenes genéticos, igual que rechaza los seguros médicos y de vida: si un granero es dañado por el fuego, la comunidad entera planea reconstruirlo en un solo día. Y aunque están exentos de la seguridad social de Estados Unidos según un proyecto de ley promulgado en 1965, los amish sí pagan impuestos.

También conocerás el rumspringa: la etapa en la que, alrededor de los 16 años, algunos jóvenes pueden experimentar el mundo exterior antes de elegir entre bautizarse dentro de la iglesia o abandonar la comunidad. Y verás por qué comunidades como las de Lancaster County y Perth County, en Canadá, mantienen una distancia entre sí que ha marcado su propio destino genético.

Si te fascinan las comunidades que desafían al mundo moderno, suscríbete a El DoQmentalista y activa la campanita para no perderte ningún documental completo en español.

#Amish #Menonitas #Documentales","el doqmentalista, documentales de misterio en espanol, documentales completos en español, amish, menonitas, por que los amish rechazan la tecnologia, comunidad amish, vida sin tecnologia, anabaptistas, rumspringa, estilo de vida amish, amish documental, lancaster county, comunidades religiosas, vida sin electricidad, culturas del mundo, tradiciones religiosas, documentales en español, misterios del mundo"
icCTFBlou3w,612519,Cómo Contactar Con Tu ángel de la guarda,Ángel de la Guarda: Las Señales que Casi Todos Ignoramos,Ángel de la Guarda: Las Señales que Casi Todos Ignoramos,Ángel de la Guarda: Haz Esto Antes de Intentar Contactarlo,"¿Cómo hablar con tu ángel de la guarda si ni siquiera te está permitido conocer su nombre? Esa es la pregunta que este documental intenta responder, paso a paso, siguiendo lo que dicen las escrituras y la tradición espiritual sobre nuestros guardianes invisibles.

El video parte de un pasaje del Evangelio de Mateo, capítulo 18, donde se advierte no despreciar a los pequeños porque sus ángeles están siempre en presencia del Padre celestial. Según la tradición que aquí se narra, el papel de los ángeles guardianes va mucho más allá de conseguirnos ventajas: existen sobre todo para acompañarnos en las dificultades espirituales, protegiendo a los hombres, las instituciones, las ciudades y las naciones. Y aunque en un episodio anterior vimos por qué Dios solo quiso revelar tres nombres angelicales, la creencia sostiene que cada uno de nosotros tiene asignado un guardián al que sí es posible acercarse.

A partir de ahí, el documental recorre las prácticas que la tradición esotérica y devocional recomienda para establecer ese contacto: identificar las asociaciones de tu ángel, pues se dice que hay ángeles vinculados a la curación, a la protección de los viajeros, a la alegría o a la sabiduría; ponerle un nombre propio, idea que un suscriptor del canal compartió en los comentarios, recordando que los nombres angelicales suelen terminar en ""el"", como Gabriel o Rafael; caminar con él y estar atento a señales como monedas encontradas, plumas flotando en el viento o sonidos armónicos; meditar con una vela encendida y la respiración lenta; escribirle cartas y llevar un diario de experiencias; hablarle como a un mejor amigo; y designar una hora fija cada día, aunque sean solo cinco minutos, para darle la oportunidad de responder. Según se narra, con la práctica constante ese contacto se vuelve cada vez más sencillo, hasta el punto de poder entablar verdaderas conversaciones.

Este no es un ritual de invocación ni una fórmula mágica: es un recorrido documentado por lo que la fe y la tradición cuentan sobre la comunicación con los seres que, se cree, caminan a nuestro lado.

Si te apasionan los misterios de los ángeles, la Biblia y lo oculto, suscríbete a El DoQmentalista y activa la campanita para no perderte ningún episodio.

#AngelDeLaGuarda #Angeles #Misterio","el doqmentalista, documentales de misterio en español, angel de la guarda, como contactar a tu angel de la guarda, como hablar con tu angel, angeles guardianes, señales de los angeles, nombre de tu angel de la guarda, cartas a tu angel, meditacion para contactar angeles, angeles en la biblia, gabriel y rafael, seres celestiales, espiritualidad, misterio, ocultismo, paranormal, documental de angeles"
TDG67OdFSac,607178,Historia De Terror - EL PERRO PERDIDO - horror cuentos reales leyenda,"El Perro Perdido: si toca tu puerta antes de Halloween, no le abras",Historia de terror: el perro que se paró en dos patas y me miró,Creepypasta en español: la criatura del bosque que fingía ser un perro,"El Perro Perdido es una historia de terror que empieza con un gesto inocente: abrirle la puerta a un animal callejero. Esta creepypasta en español cuenta lo que, según el relato, le ocurrió a un niño pocos días antes de Halloween, cuando un golpe en la puerta principal cambió su vida para siempre.

Según narra la historia, el protagonista encontró en su porche a un perro aparentemente perdido, parecido a un husky, con la lengua colgando y muerto de sed. Le dio agua, convenció a sus padres de quedárselo y lo dejó dormir en el cobertizo del jardín, porque su madre era alérgica. Pero desde la primera noche algo no encajaba: el animal rechazaba toda comida, y en la oscuridad sus ojos brillantes parecían vigilar la ventana de su habitación. La víspera de Halloween, el niño lo sacó a pasear por el bosque detrás de su casa, donde conoció a tres chicas adolescentes que acampaban para celebrar una fiesta. Cuando una de ellas intentó acariciar al perro, este le gruñó. Minutos después, el animal desapareció sin dejar rastro.

Lo que sigue, tal como lo cuenta el relato, es una de esas historias que se narran alrededor de la hoguera y que nadie quiere creer: gritos agudos entre los árboles, dos de las chicas heridas de muerte, y una última advertencia susurrada antes de morir sobre una criatura monstruosa que emergió del bosque. La policía lo atribuyó a un ataque de animales salvajes. Pero a la mañana siguiente, el protagonista vio algo que ninguna explicación oficial podía cubrir: su perro perdido, de pie al borde del bosque, irguiéndose sobre sus patas traseras antes de darse la vuelta y desaparecer entre los árboles. Desde entonces, dice la leyenda, cada noche de luna llena alguien lo ve acechando en el bosque.

Este video pertenece a la colección de historias de terror y leyendas narradas de El DoQmentalista, el canal donde el misterio se cuenta con calma, con detalle y sin prisa por encender la luz. Si te gustan los cuentos de miedo, los relatos paranormales y las leyendas que se cuentan en Halloween, suscríbete al canal y activa la campana para no perderte la próxima historia.

Cierra bien las puertas y las ventanas esta noche. Y si un perro desconocido toca a tu puerta, piénsalo dos veces antes de abrir.

#HistoriasDeTerror #Creepypasta #ElPerroPerdido","el doqmentalista, documentales de misterio en espanol, historias de terror narradas, el perro perdido, creepypasta en espanol, historia de terror de halloween, criatura del bosque, perro que camina en dos patas, leyendas de terror, cuentos de miedo reales, relatos de horror, historias para no dormir, terror en el bosque, leyendas urbanas, historias paranormales, noche de halloween, misterio y terror, relatos narrados en espanol"
5BiCIPr-WTk,601577,Misterios: La Marca De Caín y su Impacto en la Religión y la Historia,La Marca de Caín No Era un Castigo: Era Protección Divina,La Marca de Caín No Era un Castigo: Era Protección Divina,La Marca de Caín Podría Vivir en Ti: La Advertencia Olvidada,"La Marca de Caín es uno de los enigmas más inquietantes del relato bíblico: la señal que Dios puso sobre el primer asesino de la humanidad. Pero si la historia de la Marca de Caín es cierta, ¿por qué Dios perdonó la vida del hombre que mató a su propio hermano?

El relato cuenta que Caín asesinó a Abel, quien nunca le hizo daño, y que en aquel tiempo no existían leyes escritas, ni pena de muerte, ni cárceles: el asesinato era impensable y el castigo de Caín fue el destierro de su familia. Caín temía por su vida, esperando la retribución física de otros que quisieran vengarse de él, y según la narración Dios le dio una forma de identificación, una marca que le daba protección. Lejos de ser una condena, la señal habría sido un acto de misericordia: una advertencia para que nadie buscara venganza, con la promesa de vengar su asesinato siete veces, un número que en la tradición significa plenitud. La tradición judía va más allá y sostiene que fue marcado con un cuerno, y que murió en un accidente cuando un descendiente suyo lo confundió con un animal salvaje.

Sin embargo, algunos estudiosos sugieren una hipótesis todavía más perturbadora: que la Marca de Caín no sería una marca física sino espiritual, y que de ella nacerían la violencia, la ira, el orgullo y la venganza que habitan en el ser humano. Según esta idea, esa herencia se reconocería en figuras como Adolf Hitler, Pol Pot o Pablo Escobar, pero también en gestos cotidianos: el morbo ante un accidente o el placer de ver la desgracia ajena. El documental también explora el debate sobre la pena capital, la advertencia de Romanos 12:19 sobre no tomar venganza por mano propia, y la enseñanza de Jesús de ofrecer la otra mejilla. Como recuerda el propio relato, se trata de un mito, pero todos los mitos tienen su origen en algún punto de la realidad.

Si te apasionan los misterios bíblicos y los enigmas de la historia, suscríbete a El DoQmentalista y activa la campana para no perderte ningún documental.

#MarcaDeCain #MisteriosBiblicos #ElDoQmentalista","el doqmentalista, documentales de misterio en espanol, documental biblico, marca de cain, cain y abel, primer asesino de la humanidad, misterios de la biblia, genesis biblia, castigo de cain, tradicion judia cain, marca espiritual, enigmas biblicos, pena capital biblia, historia del mal, ocultismo, misterios sin resolver, relatos biblicos, documentales en espanol, misterio y religion"
EtZoeooW1qw,600875,¿ Jesús Es Lucifer Y Lucifer No Es Satanás ? El Portador De La Luz el documentalista,Lucifer No Es Satanás y Un Solo Versículo Creó La Confusión,Jesús Es El Portador De La Luz y Lo Olvidamos Hace 1700 Años,¿Por Qué Creemos Que Lucifer Es El Diablo? Todo Empezó Con Un Error,"Lucifer no es Satanás. Al menos eso sostienen muchos eruditos bíblicos, y la clave está escondida en un solo versículo: Isaías 14:12. En este documental estudiamos las escrituras para separar al diablo de Lucifer y descubrir por qué millones de personas creen que son el mismo ser.

En latín, Lucifer significa ""portador de luz"", un nombre extraño para quien también es llamado el príncipe de las tinieblas. Los romanos usaban esa palabra para nombrar a Venus, la estrella de la mañana, y en su mitología Lucifer era un dios que portaba una antorcha al amanecer, equivalente al dios griego Fósforo. El texto original de Isaías fue escrito en hebreo, pero los traductores latinos leyeron el término como ""estrella de la mañana"" y eligieron la palabra Lucifer. Según los eruditos hebreos citados en el video, ese pasaje ni siquiera habla de Satanás: la Enciclopedia Judía sostiene que se refiere a un rey babilónico, usando a Venus como metáfora de su caída.

Entonces, ¿cómo se convirtió el portador de la luz en el diablo? El video narra que las primeras referencias a Lucifer como Satanás datan del siglo 3, cuando el teólogo Orígenes Adamantium razonó que un ser caído del cielo no podía ser humano y conectó el versículo de Isaías con las palabras de Jesús en Lucas 10:18: ""yo veía a Satanás caer del cielo como un rayo"". Tertuliano y Gregorio el Teólogo se hicieron eco de esa interpretación, y para el siglo 14, cuando Dante escribió el Infierno, Lucifer ya significaba claramente Satanás. Pero hay un giro final: en el Nuevo Testamento, la figura llamada estrella de la mañana es Jesús. Apocalipsis 22:16 lo dice con sus propias palabras: ""yo soy la raíz y el linaje de David, la estrella resplandeciente de la mañana"". Un título que hoy nadie se atrevería a pronunciar.

Si te apasionan los misterios de la Biblia y los enigmas que la historia dejó enterrados, suscríbete al canal y activa la campanita para no perderte ningún documental.

#Lucifer #MisteriosDeLaBiblia #ElDoQmentalista","el doqmentalista, documentales de misterio en español, lucifer no es satanas, quien es lucifer, lucifer portador de la luz, isaias 14 12, jesus estrella de la mañana, origen de lucifer, error de traduccion de la biblia, lucifer y venus, origenes adamantium, misterios de la biblia, satanas en la biblia, angeles caidos, documental biblico, ocultismo, apocalipsis 22 16, enigmas religiosos"
8uVvzOc7LRs,597235,"MAGIA PODEROSA, El Nudo De Las Brujas, Amuletos, Hechizos y rituales para el amor, magia y brujería",El Nudo de las Brujas: el amuleto que nadie más debe tocar,Nudos Mágicos: el poder que las brujas conocían y el mundo olvidó,Magia de Nudos: por qué la Edad Media marcaba sus puertas con este símbolo,"El Nudo de las Brujas es uno de los amuletos de protección más enigmáticos de la tradición esotérica europea. En este documental exploramos qué es el nudo de las brujas, de dónde viene la magia de los nudos y por qué, según la creencia popular, nadie más que su dueño debería tocar este símbolo.

El relato nos lleva hasta la época de los romanos paganos, cuando las parejas se casaban haciendo votos solemnes entre sí y ante sus dioses durante la ceremonia de la boda: de ahí, se cuenta, nace la famosa frase de ""atar el nudo"". La tradición vincula este amuleto con la antigua cultura celta y con los restos de círculos de piedra y madera dispersos por Europa, alineados con eventos estelares o solares. El símbolo se describe como una cruz de cuatro aspas ovaladas entrelazadas, unidas por un rombo central y sobrepuestas a un círculo. Según la tradición esotérica, sus cuatro brazos representan los elementos de la magia natural, agua, fuego, tierra y aire, junto a las cuatro direcciones cardinales, mientras el rombo central haría referencia al tercer ojo, el centro de la sabiduría. Además, el nudo puede dibujarse en una sola línea continua, sin levantar el lápiz del papel, y por eso se le considera un símbolo de protección.

Según se narra, en la Edad Media mucha gente rascaba el nudo de las brujas sobre las puertas de casas y establos para frenar la negatividad, y los hombres de esa época creían que las mujeres podían inmovilizar su funcionamiento sexual usando la magia de los nudos. La tradición cuenta que los hechizos de atadura se realizaban con cuerdas de fibra natural y que, en la antigüedad, servían para proteger, curar y atraer buena suerte; desatar los nudos, según la creencia, podía facilitar un parto o resolver conflictos. También conocerás el ritual que el relato recomienda para activar el amuleto, lavarlo en agua corriente y dejarlo una noche completa bajo la luz de la luna llena, así como el conjuro que la tradición asocia a su trazado.

Si te apasionan los símbolos antiguos, el ocultismo y los misterios que la historia dejó en el olvido, suscríbete a El DoQmentalista para más documentales de misterio en español.

#NudoDeLasBrujas #Amuletos #Ocultismo","el doqmentalista, documentales de misterio en español, documentales de ocultismo, nudo de las brujas, nudos mágicos, magia de nudos, amuletos de protección, hechizos de atadura, símbolos de protección, brujería celta, brujas en la edad media, rituales de protección, ocultismo, esoterismo, magia antigua, símbolos mágicos, leyendas europeas, misterios y leyendas, paranormal"
Yzzw4MmKtf4,594792,EL ARCANGEL URIEL - El Fuego De Dios - Angeologia,Arcángel Uriel: el ángel que la Iglesia borró en el año 745,Arcángel Uriel: lo que los textos apócrifos cuentan del fuego de Dios,Arcángel Uriel: ¿por qué la Iglesia solo reconoce a tres arcángeles?,"¿Quién es el Arcángel Uriel y por qué su nombre desapareció de las iglesias de Roma? Este documental recorre la historia del llamado fuego de Dios, el arcángel que la tradición judía coloca junto a Miguel, Gabriel y Rafael como uno de los cuatro encargados de cuidar la tierra.

Según esa tradición, Uriel es el ángel del arrepentimiento y de la justicia, quien porta las llaves del infierno y lleva cuenta de los pensamientos, sentimientos y actos de los seres humanos. Su nombre significa fuego de Dios, y John Milton, en El Paraíso Perdido, lo describió como el espíritu de vista más aguda de todo el cielo. Los textos antiguos lo mencionan una y otra vez: el Apocalipsis de Esdras relata que Dios lo envió a instruir al profeta Esdras sobre los límites del entendimiento humano; el libro Leyendas de los judíos narra que guió a Abraham al sacarlo de la ciudad de Ur y que marcó con sangre de cordero las puertas de los hebreos en Egipto; y el libro de Enoc cuenta que advirtió a Noé del diluvio e intercedió ante Dios por la humanidad tras la caída de los ángeles.

Pero el punto de quiebre llegó en el año 745, cuando, según se narra, el papa Zacarías prohibió el nombre del Arcángel Uriel durante el Concilio de Roma e hizo destruir sus imágenes en las iglesias de la ciudad. Aun así, su memoria sobrevivió: la iglesia ortodoxa oriental lo conmemora cada 8 de noviembre, la iglesia copta lo venera, y todavía pueden encontrarse imágenes suyas de la época colonial en iglesias de Sudamérica. La tradición esotérica, por su parte, lo asocia al sol, al rayo oro rubí y naranja, a la abundancia material y a la llama que representa el fuego espiritual de la verdad, capaz de despertar la conciencia de los seres humanos.

Si te apasionan la angelología, los textos apócrifos y los grandes enigmas de la fe, suscríbete a El DoQmentalista para más documentales de misterio en español.

#ArcangelUriel #Angelologia #Misterio","el doqmentalista, documentales de misterio en espanol, documental en espanol, arcangel uriel, uriel fuego de dios, angelologia, arcangeles, libro de enoc, apocalipsis de esdras, textos apocrifos, concilio de roma 745, papa zacarias, angeles de la biblia, misterios de la biblia, misterios del vaticano, ocultismo, esoterismo, paranormal, tradicion judia"
K7qFnUJT8KQ,593038,Cárcel Vaticana: Papa León XIV Caín y criaturas del subsuelo,La leyenda del Vaticano: el descenso a las 3:33 y la celda de Caín,Cárcel del Vaticano: la advertencia que recibe cada nuevo Papa,Subsuelo del Vaticano: lo que Francisco sabía y León descubrió,"¿Qué esconde el subsuelo del Vaticano? Este relato cuenta que el Papa León XIV, en su primera madrugada como pontífice, fue despertado a las 3:33 para descender al tercer subsuelo y conocer la cárcel que la Iglesia habría llenado, según la historia, con criaturas recolectadas de todo el mundo.

La narración presenta al padre Rukaku, nuevo carcelero en jefe tras la muerte del padre Pómoro, quien según el relato custodió el lugar durante 54 años. El video describe un pasillo con más de 160 celdas empapadas cada 7 horas con agua bendita, una puerta de madera que la historia vincula con la cruz de San Pedro, y prisioneros imposibles: un leprechaun en la celda 217 que tiende trampas con monedas de oro, un doppelgänger que el relato sitúa capturado en Berlín en el 47 imitando al hijo muerto de una familia, y un ""reconstruido"" traído en el 2015 desde Texas, un niño rearmado tras ahogarse en una piscina y habitado, según se narra, por el demonio Andras.

El corazón de la historia es el encuentro con Caín, el primer fratricida del Génesis, a quien el relato imagina vivo, encerrado en un círculo de piedra junto a la roca manchada con la que habría matado a Abel. La criatura intenta sembrar celos y envidia en el corazón del nuevo Papa, la misma trampa que, según cuenta el video, destruyó al guardia Tempoli, quien se dejó morder buscando la inmortalidad de los judíos errantes. La narración cierra con dos revelaciones: el cazamonstruos del Vaticano sería Judas Iscariote acompañado de Lázaro, y todo Papa estaría obligado a la Sacra Reunioni, una conversación con el espíritu de su antecesor Francisco ante su sepulcro, donde le esperaría la profecía de los últimos días.

Un relato de misterio y ocultismo narrado al estilo documental, donde la leyenda se cruza con los pasillos más profundos de Roma.

Si te apasionan los misterios del Vaticano y las historias que nadie más se atreve a contar, suscríbete al canal y activa la campana para no perderte el próximo descenso.

#Vaticano #PapaLeonXIV #Misterio","el doqmentalista, documentales de misterio en español, el documentalista, carcel del vaticano, papa leon xiv, cain y abel, criaturas del vaticano, subsuelo del vaticano, judas iscariote cazamonstruos, judios errantes, doppelganger, leprechaun, misterios del vaticano, secretos del vaticano, relatos de terror en español, leyendas oscuras, ocultismo, paranormal en español, historias de misterio, videos de miedo"
FbkOdL3CmPA,592815,Top 5 Misterios del Tercer Ojo: El Ojo de Dios y el Conocimiento Final,El Tercer Ojo: Lo Que Sucede Realmente Cuando Se Abre,Tercer Ojo: Lo Que Nadie Te Advierte Antes de Abrirlo,¿Qué Poderes Despierta el Tercer Ojo? La Tradición Responde,"El tercer ojo es uno de los conceptos más enigmáticos de la espiritualidad oriental, y abrirlo, según quienes lo practican, no es ninguna broma. En este documental exploramos qué es el tercer ojo, qué sostiene la tradición budista sobre su apertura y qué le ocurre, según esas creencias, a la persona que lo despierta.

La tradición budista describe el tercer ojo como un cambio de mentalidad que se logra generalmente a través de la meditación y que permitiría ver todo con claridad: mirar en la estructura profunda del universo, en las relaciones kármicas de causa y efecto, e incluso hacia el pasado, el presente y el futuro, dependiendo del poder de meditación de cada individuo. Pero el relato advierte que ese despertar tiene un precio: solo se abriría cuando la persona renuncia a todos sus deseos personales, controla el comer, el oler, el sentir, el ver y el oír, y conquista el odio y la ira. La tradición del yoga lo explica a través de la alineación de los tres cuerpos, el físico, el mental y el de energía, que llevaría a estados no físicos llamados cuerpo etérico y cuerpo de bienaventuranza.

¿Y qué pasaría después? Según se narra, la persona despierta comenzaría a experimentar telepatía, clarividencia y sentimiento remoto: hablar con otros sin presencia física, leer pensamientos e incluso cambiarlos. El mundo se convertiría en una ilusión y lo divino en lo único real. La tradición sostiene que quien abre el tercer ojo pierde el deseo de riqueza, nombre y fama, desarrolla una voz y un aura magnéticas que atraen a los demás, elige comida sencilla y ropa sencilla, y solo anhela una cosa: la paz. El amor universal fluiría sin discriminación, porque la persona vería la misma energía suprema en todos los seres vivos.

¿Sabiduría milenaria o una promesa imposible de comprobar? Escucha lo que cuenta la tradición y saca tus propias conclusiones.

Si te apasionan los misterios del mundo espiritual, suscríbete al canal y activa la campana para no perderte ningún documental.

#TercerOjo #Misterio #Espiritualidad","el doqmentalista, documentales de misterio en espanol, documentales en espanol, tercer ojo, como abrir el tercer ojo, tercer ojo abierto, glandula pineal, chakra del tercer ojo, meditacion, budismo, clarividencia, telepatia, despertar espiritual, espiritualidad, poderes psiquicos, misterios sin resolver, ocultismo, lo paranormal, videos de misterio"
6-v1SBb2e3E,591436,"12 Veces Que El Diablo Se Aparece En La Biblia, El DoQmentalista",El Diablo en la Biblia: Aparece 12 Veces y Ninguna Es Como Crees,Satanás en la Biblia: Jesús Afirmó Verlo Caer del Cielo Como un Rayo,La Serpiente del Edén: Génesis Nunca la Llama Satanás,"El diablo en la Biblia aparece 12 veces, y la imagen que casi todos tenemos de él no viene de ninguna de ellas. La percepción popular de Satanás procede en gran medida de fuentes ajenas a la Escritura, como la Divina Comedia de Dante Alighieri y el arte antiguo y moderno que intentó ponerle rostro a lo que el texto apenas describe.

En este documental recorremos las doce apariciones, empezando por la más famosa: la serpiente del jardín del Edén en Génesis 3. Un detalle incomoda a muchos lectores: el texto nunca menciona a Satanás por su nombre, y algunos estudiosos de la Biblia señalan que la serpiente podría ser solo eso, un animal astuto; fueron las interpretaciones posteriores las que la identificaron con el diablo disfrazado. De ahí pasamos a Lucas 22, donde Satanás entra en Judas Iscariote antes de la traición; al libro de Job, donde el diablo obtiene permiso para probar la fe de un hombre que pierde sirvientes, ganado e hijos y termina cubierto de llagas; y a 1 Crónicas, donde incita a David a levantar un censo que le cuesta a Israel tres días de peste.

También verás a Satanás acusando al sumo sacerdote Josué en la visión de Zacarías, tentando tres veces a Jesús en el desierto tras cuarenta días de ayuno en Mateo 4, y el momento en que los 72 seguidores regresan y Jesús responde con una de las frases más debatidas de los evangelios: haber visto a Satanás caer del cielo como un rayo. El recorrido cierra con el dragón de siete cabezas del Apocalipsis que combate contra el arcángel Miguel, el Lucifer de Isaías 14 llamado hijo de la mañana, la armadura de Dios de Efesios 6, la disputa de Miguel con el diablo por el cuerpo de Moisés en la carta de Judas, y la advertencia de 1 Pedro: el adversario ronda como león rugiente, buscando a quién devorar.

Doce apariciones, doce versiones distintas de un mismo personaje: acusador, tentador, serpiente, dragón y estrella caída. Al final, la pregunta queda abierta: ¿cuánto de lo que crees saber sobre el diablo está realmente en la Biblia?

Si te apasionan los misterios de la Biblia y lo oculto, suscríbete a El DoQmentalista para no perderte los próximos documentales.

#ElDiabloEnLaBiblia #Satanas #MisteriosDeLaBiblia","el doqmentalista, documentales de misterio en español, el diablo en la biblia, satanás en la biblia, apariciones del diablo, lucifer hijo de la mañana, la serpiente del edén, tentación de jesús en el desierto, dragón del apocalipsis, arcángel miguel, quién es satanás, misterios de la biblia, biblia explicada, ángeles caídos, demonios, ocultismo, historia bíblica, misterio en español"
qANEOezPSZg,589865,¿QUE SON LOS DUENDES? ¿SON REALES? videos de terror 2018,"Duendes, lo que las viejas leyendas de Irlanda no te contaron",Duendes irlandeses: el archivo del folklore que guarda su oro,¿Qué son los duendes en realidad? Así nació la leyenda irlandesa,"¿Qué son los duendes y por qué llevan siglos escondiendo su oro de los humanos? Las leyendas de los duendes irlandeses guardan mucho más de lo que muestran los cuentos infantiles y los arcoíris.

En este documental recorremos el rastro de estas criaturas del folklore de Irlanda. Según los estudiosos que cita el video, el origen de la palabra podría venir del antiguo irlandés con el sentido de ""cuerpo pequeño"", aunque otra definición la conecta con un fabricante de zapatos, pues muchas historias los describen como los zapateros del mundo de las hadas. Se cree que habitaban los llamados fuertes o anillos de hadas de la antigua Irlanda, y una interpretación sugiere que podrían ser la encarnación moderna de un antiguo dios celta del sol, patrón de las artesanías. Los manuscritos irlandeses medievales de los siglos 12 al 15, según se narra, los mostraban como seres que vivían bajo el agua, guerreros de apetitos voraces, muy lejos de la imagen amable que conocemos hoy.

Las leyendas más famosas giran en torno a su tesoro. El relato clásico cuenta que un humano atrapa a un duende y lo obliga a revelar dónde esconde su oro, casi siempre bajo un árbol; el hombre ata un paño para marcar el lugar, pero al volver con una pala encuentra paños idénticos en todos los árboles de la zona. Otra tradición dice que el duende carga dos bolsas de cuero: una con un chelín de plata que siempre regresa a la bolsa y otra con una moneda de oro que se convierte en hojas o cenizas al liberarlo. También está la historia del hombre del condado de Mayo que pidió ser el más rico de una isla tropical y terminó rogando volver a Irlanda. Todas dejan la misma moraleja: enriquecerse rápido no funciona y con las hadas irlandesas no se juega. Hoy su huella sigue viva, desde un museo dedicado a ellos en Dublín hasta mascotas comerciales y películas de terror.

Si te apasionan el misterio, el folklore y las criaturas de leyenda, suscríbete al canal de El DoQmentalista y activa la campanita para no perderte ningún documental.

#Duendes #FolkloreIrlandes #Misterio","el doqmentalista, documentales de misterio en espanol, documentalista, duendes, que son los duendes, duendes irlandeses, leprechaun, leyendas de duendes, folklore irlandes, criaturas miticas, hadas irlandesas, oro de los duendes, leyendas de irlanda, mitologia celta, seres mitologicos, criaturas de leyenda, misterios sin resolver, historias de terror, paranormal, mitos y leyendas"
ORyrwIQH-l0,587327,Documental: El legado prohibido de los ángeles y su historia oculta,Ángeles caídos: el rollo del Mar Muerto que describe a sus hijos,Nefilim: los tres versos del Génesis que nadie logra explicar,Libro de Enoc: los esenios lo sabían y lo guardaron en Qumrán,"Ángeles caídos que tomaron esposas humanas y dejaron descendencia en la tierra: eso es lo que narra uno de los fragmentos más inquietantes hallados entre los rollos del Mar Muerto. En este documental analizamos el relato de los ángeles caídos y sus supuestos hijos, tal como aparece en los textos apócrifos.

Todo comienza con un nacimiento imposible. Según el relato atribuido al patriarca Enoc, la esposa de Lamec dio a luz un niño de piel blanca y rojiza, con el cabello blanco como la lana, cuyos ojos al abrirse hacían brillar toda la casa como el sol. Aterrado, Lamec corrió hacia su padre Matusalén convencido de que aquel hijo no era suyo, sino de los hijos de los ángeles del cielo. Esta escena se conserva en el llamado Génesis Apócrifo, una obra escrita en arameo y hallada tan dañada que solo sobreviven este nacimiento, un relato del arca de Noé y las andanzas de Abraham.

El texto acusa a una raza específica de seres: los llamados en hebreo irin, los que vigilan, traducidos al griego como vigilantes. Su progenie, según la tradición hebrea, recibe el nombre de nefilim, palabra que se traduce como los caídos o gigantes. La conexión aparece también en el propio libro del Génesis, capítulo 6, donde se lee que los hijos de Dios vieron que las hijas de los hombres eran hermosas y las tomaron como esposas. Los estudiosos no han alcanzado consenso sobre el significado real de esos versos, y los teólogos suelen leerlos como símbolo de la caída espiritual de la humanidad, no como hecho literal.

El documental también recorre el rastro de quienes tomaron estas historias en serio: los esenios del Mar Muerto, la comunidad asociada a Qumrán, que según se narra aceptó el libro de Enoc en su canon y usó su lista de ángeles en ritos de exorcismo y curación. Incluso el video cita al padre Tertuliano y su lectura de Corintios, abogando por que las mujeres se cubrieran la cabeza para no incitar a los ángeles caídos. ¿Fueron estos relatos pura fantasía, o el eco distorsionado de algo que ocurrió en una época olvidada de la humanidad?

Si te apasionan los enigmas de la Biblia y los textos que quedaron fuera del canon, suscríbete a El DoQmentalista y activa la campana para no perderte ningún documental.

#AngelesCaidos #Nefilim #LibroDeEnoc","el doqmentalista, documentales de misterio en español, documental en español, angeles caidos, nefilim, libro de enoc, rollos del mar muerto, genesis apocrifo, vigilantes, esenios, qumran, genesis 6, hijos de dios, gigantes en la biblia, textos apocrifos, misterios biblicos, enigmas de la biblia, ocultismo, historia oculta, documental paranormal"
9rxX9eOueLE,584566,"7 PROFECIAS De Nostradamus Para El 2021, El DoQmentalista",Nostradamus: las 7 profecías más aterradoras del vidente francés,Profecías de Nostradamus: 7 advertencias que aún inquietan,¿Qué predijo Nostradamus para el 2021? 7 augurios del vidente,"Las profecías de Nostradamus para el 2021 pintaban uno de los años más oscuros jamás anunciados. En este documental repasamos los siete augurios que, según varios expertos citados en el video, el astrólogo francés habría dejado escritos en sus enigmáticos cuartetos.

Nostradamus, el vidente del Renacimiento que murió en 1566, es señalado por la tradición como el hombre que habría anticipado la Revolución Francesa, el desarrollo de la bomba atómica, el asesinato de John F. Kennedy y los ataques del 11 de septiembre. Partiendo de esa fama, el video analiza siete predicciones atribuidas a sus versos: el estallido de una tercera guerra mundial entre Oriente y Occidente; una poderosa erupción solar comparable al evento de Carrington de 1859, aquella tormenta geomagnética que quemó los cables de telégrafo y encendió auroras tan intensas que muchos creyeron que la noche se había vuelto día; un supuesto apocalipsis zombi provocado por un arma biológica creada por un científico ruso; y una hambruna de proporciones bíblicas anunciada tras lluvia, sangre, hambre, acero y plaga.

La lista continúa con el posible impacto de un asteroide que, según se narra en el video, la propia NASA vigilaba con fecha del 6 de mayo del 2021; un gran terremoto en el continente americano señalado para el 25 de noviembre del 2021, con especial atención en California; y la aparición de soldados con chips implantados en el cerebro, súper soldados destinados a liderar los ejércitos del futuro.

Pero este documental no se queda en el asombro: también expone la mirada escéptica. Como se explica al final, no existen pruebas creíbles que respalden estas afirmaciones, los escépticos sostienen que los versos de Nostradamus se interpretan a conveniencia después de ocurridos los hechos, y ninguna de sus profecías se ha cumplido al cien por ciento. Un viaje entre el misterio y la razón, para que seas tú quien decida en qué creer.

Suscríbete a El DoQmentalista para más documentales de misterio, profecías y enigmas sin resolver en español.

#Nostradamus #Profecias #Misterio","el doqmentalista, documentales de misterio en español, el documentalista, nostradamus, profecías de nostradamus, predicciones de nostradamus, nostradamus 2021, cuartetos de nostradamus, tercera guerra mundial, apocalipsis zombie, evento de carrington, profecías del fin del mundo, videntes y profetas, misterios sin resolver, enigmas y misterios, documental en español, ocultismo, fin del mundo"
Ww3Ac6wlbaI,582880,La Puerta del Infierno: El Misterio Ardiente del Cráter de Darvaza en el Desierto de Turkmenistán,"Puerta del Infierno, el cráter que arde sin parar en Turkmenistán",Cráter de Darvaza: lo que la URSS nunca confirmó sobre este fuego,Cráter de Darvaza: así habría nacido la Puerta del Infierno,"La Puerta del Infierno existe, y arde a cielo abierto en pleno desierto. El cráter de Darvaza, en Turkmenistán, es un pozo de fuego que no se detiene, y la historia que se cuenta sobre su origen es tan inquietante como el espectáculo mismo.

Se trata de un cráter de 60 metros de diámetro por 20 de profundidad, situado en el desierto de Karakum, en Turkmenistán, cerca de una pequeña población. En su interior arde un fuego incesante desde hace más de 50 años, un resplandor que le ha ganado su apodo popular: la Puerta del Infierno. No es una formación puramente natural, sino el resultado de una extraña combinación entre la naturaleza, que creó el pozo cargado de gas, y la mano del hombre, que le prendió fuego.

Aunque no existe confirmación oficial, el relato más difundido cuenta que en la década de los 70, cuando Turkmenistán aún formaba parte de la URSS, el régimen soviético envió a un grupo de geólogos al desierto de Karakum para realizar prospecciones en busca de petróleo y gas. Durante una de esas exploraciones, según se narra, parte del equipo fue tragado por la tierra: habían descubierto una enorme cueva subterránea llena de gas natural. Los integrantes de la expedición que quedaron para contarlo habrían decidido prenderle fuego al gas, y desde entonces la llama no se ha apagado. El propio documental reconoce que la historia hace aguas por todas partes: hay muy pocos datos de lo que supuestamente ocurrió, y algunos sospechan que pudo ser un relato inventado por la gente del lugar para atraer turistas. Pero sea cierta o no la leyenda de su origen, la caverna ardiente existe, es real y es sobrecogedora.

Un agujero de fuego en medio del desierto, una expedición soviética envuelta en silencio y una llama que lleva décadas sin extinguirse. Eso es Darvaza, uno de los paisajes más extraños que el hombre haya ayudado a crear.

Si te apasionan los grandes enigmas del mundo, suscríbete al canal de El DoQmentalista y activa la campana para no perderte ningún documental.

#PuertaDelInfierno #Darvaza #Turkmenistán","el doqmentalista, documentales de misterio en espanol, los documentalistas, puerta del infierno, crater de darvaza, darvaza turkmenistan, desierto de karakum, crater ardiente, gas natural crater, geologos sovieticos urss, lugares misteriosos del mundo, misterios sin resolver, enigmas del mundo, fenomenos extranos, documental de misterio, lugares extremos del planeta, misterios de la tierra"
TEMtk0AwXTA,580442,"El Tercer CIelo y sus 7 Esferas Espirituales, El Reino De Dios la biblia The Third Heaven  jmj",El Tercer Cielo: las 7 Esferas del Cielo que pocos conocen,¿Cuántos Cielos hay? Los 3 Cielos que menciona la Biblia,Los 7 Cielos: el mapa espiritual descrito en textos hebreos,"El Tercer Cielo es uno de los conceptos más enigmáticos de las Escrituras. ¿Qué es exactamente el Tercer Cielo, dónde está y por qué la Biblia sugiere que existen tres cielos distintos?

En este documental recorremos las pistas que aparecen en los textos bíblicos. El primer cielo sería el que todos podemos ver: el sol, la luna, las estrellas y las nubes. El segundo cielo se describe como el lugar donde moran las fuerzas espirituales del mal, citando Efesios 6:12, que habla de la lucha contra los gobernantes y los poderes de este mundo oscuro en los reinos celestiales. Y el tercer cielo sería la morada de Dios, el reino al que se refiere 2 Corintios 12:2, donde Pablo relata el caso de un hombre que fue arrebatado hasta ese lugar. El video también repasa lo que dice Apocalipsis 21 sobre ese reino que desciende a la tierra, y las palabras de Jesús en Juan 14 y Juan 8:21 sobre el lugar que fue a preparar y al que nadie podía seguirlo todavía.

Además, exploramos una tradición que divide los cielos en siete esferas espirituales. Según se narra, estos niveles llevan nombres hebreos recogidos en la tradición del Talmud, entre ellos Vilón, Rakía, Zebul, Maón, Majón y Arabot, y cada uno tendría una función: desde la cortina que extiende los cielos según Isaías 40:22, pasando por la ubicación de la Jerusalén celestial con su templo y su altar, hasta los almacenes de nieve, lluvia y granizo, y la esfera más alta, donde estarían el trono de la gloria, los serafines y los espíritus de los justos. El video también menciona un diagrama inspirado en el libro de Urantia, donde estos niveles reciben el nombre de mundos de estancia, presentado aquí como una creencia más dentro de este gran misterio.

Si te apasionan los misterios de la Biblia y los enigmas espirituales contados con seriedad, suscríbete al canal de El DoQmentalista y activa la campana para no perderte ningún documental.

#ElTercerCielo #Los7Cielos #MisteriosBiblicos","el doqmentalista, documentales de misterio en espanol, documental biblico, el tercer cielo, los 7 cielos, esferas espirituales, los tres cielos de la biblia, reino de dios, 2 corintios 12, jerusalen celestial, talmud, cielos en hebreo, misterios biblicos, biblia explicada, angeles y serafines, morada de dios, vida despues de la muerte, enigmas espirituales"
XVJq0PqcImI,576356,El Oscurantismo De La Iglesia Católica - Documentales en Español,El Oscurantismo Católico: Quemaron Hasta un Cadáver por Hereje,Lo Que la Iglesia Católica Calló Sobre Galileo y Juana de Arco,¿Por Qué la Iglesia Medieval No Quería Que Leyeras la Biblia?,"El oscurantismo de la Iglesia Católica marcó siglos enteros de la historia de Occidente. En este documental recorremos la llamada era de la oscuridad: la época en que leer, traducir o descubrir algo nuevo podía costarte la hoguera.

Todo comienza con las cruzadas. En 1095 el papa Urbano II hizo un llamamiento a la guerra contra los musulmanes, y los relatos de la época cuentan que, cuando un ejército de caballeros capturó Jerusalén, las calles corrieron con sangre. Las cruzadas continuaron hasta 1396, marcando ciclos de guerra y un sufrimiento humano incalculable. El video también repasa la figura del papa Bonifacio VIII, de quien se narra que ordenó arrasar por completo la ciudad de Palestrina, rendida pacíficamente, y hacer pasar un arado sobre sus ruinas para demostrar que había quedado reducida a tierra y escombros.

La ciencia tampoco escapó. En 1610 Galileo publicó su Sidereus Nuncius, el Mensajero de las Estrellas, donde describía sus observaciones con un nuevo telescopio, incluidas las lunas de Júpiter. Defendió la teoría heliocéntrica que Nicolás Copérnico había publicado en 1543, y en 1616 la Inquisición declaró el heliocentrismo formalmente herético: los libros fueron prohibidos y a Galileo se le ordenó guardar silencio. Y en 1429, una Juana de Arco de 17 años, convencida de que Dios le había hablado, ayudó al rey Carlos VII a combatir a los ingleses; cuando fue capturada, terminó entregada a la iglesia y juzgada por herejía sin pruebas, con el derecho al consejo negado.

Pero los casos más estremecedores son los de quienes solo querían que la gente leyera la Biblia. William Tyndale se escondió para traducirla al inglés y fue capturado, juzgado por herejía y quemado en la hoguera. John Wycliffe, precursor de la Reforma que trabajó en la primera traducción de la Biblia al inglés, murió en 1384; en 1415 el Concilio de Constanza lo declaró hereje y ordenó no solo quemar sus libros, sino exhumar y quemar su cadáver. Cuarenta y tres años después de su muerte, sus cenizas fueron arrojadas al río. El documental cita incluso a Nietzsche para explicar qué significa realmente oscurecer la imagen del mundo.

Si te apasionan los rincones más oscuros de la historia, suscríbete al canal de El DoQmentalista para no perderte los próximos documentales.

#Oscurantismo #IglesiaCatolica #EdadMedia","el doqmentalista, documentales de misterio en espanol, documentales en espanol, oscurantismo, iglesia catolica, santa inquisicion, edad media, galileo galilei, juana de arco, william tyndale, john wycliffe, cruzadas, papa urbano ii, traduccion de la biblia, herejia, historia oculta, misterios de la historia, documentales de historia, vaticano"
jBxKiZBrnUE,575313,"¿Como salir del infierno?, La Mina De Carbón / El DoQmentalista",¿Se puede salir del infierno? El preso que dice haber vuelto,Salir del infierno: el detalle de Lucas 16 que casi nadie nota,Lago de fuego: por qué todas las almas piden agua en este relato,"¿Se puede salir del infierno? Es una de las preguntas más inquietantes de todas las tradiciones religiosas. En este documental exploramos si salir del infierno es realmente imposible, o si existe una grieta que casi nadie ha notado.

Comenzamos con la parábola del hombre rico y el pobre Lázaro, según Lucas 16:19-31. El rico, atormentado en el Hades, le suplica a Abraham que envíe a Lázaro a refrescar su lengua con una gota de agua, y Abraham le responde que entre ambos lados se ha abierto un gran abismo que nadie puede cruzar. Sin embargo, el video plantea un detalle intrigante: si Lázaro podía ser enviado a la tierra a advertir a los cinco hermanos del rico, ¿podría entonces alguien regresar del tormento? El cristianismo dice que no, pero la pregunta queda abierta.

Después repasamos lo que la tradición islámica sostiene sobre el perdón: el arrepentimiento sincero, las buenas obras que borran las malas acciones, la intercesión, la paciencia ante las dificultades y el perdón divino. Según los versículos coránicos citados en el video, el creyente que muere en fe puede ser castigado temporalmente en el infierno, pero no permanecerá allí para siempre. Dos religiones, dos respuestas opuestas a la misma pregunta.

Y para cerrar, el relato de La Mina de Carbón, enviado por el suscriptor Matías Giménez. Cuenta la historia que Andrés, un hombre de 48 años de Río Segundo, provincia de Córdoba, fue condenado a trabajos forzados en una mina de carbón por robar caballos. Un día, tras un derrumbe en las profundidades, todo quedó en oscuridad total. El relato narra que Andrés cruzó una gran puerta, encontró un río y una balsa guiada por una figura vestida de negro, y del otro lado lo esperaba un demonio con cabeza de león que lo condujo al lago de fuego, donde miles de almas gritaban pidiendo agua. Antes de ser arrojado, vio un campo verde, ángeles que cantaban y a su propia madre llamándolo. Cuando recuperaron su cuerpo de la mina, Andrés despertó sentado en el piso, pidiendo un vaso de agua. El video cierra citando Apocalipsis 20:13.

Si te apasionan los misterios de la fe, el más allá y los relatos que desafían toda explicación, suscríbete al canal y activa la campana para no perderte ningún documental.

#ElDoQmentalista #Misterio #Infierno","el doqmentalista, documentales de misterio en español, documental paranormal, salir del infierno, se puede salir del infierno, la mina de carbon, el rico y lazaro, lucas 16, infierno en el islam, lago de fuego, experiencias cercanas a la muerte, relatos del mas alla, misterios biblicos, apocalipsis 20 13, leyendas argentinas, historias de misterio, el infierno existe, vida despues de la muerte, relatos de suscriptores"
y5zo_TPaj3o,574977,"DINOSAURIOS EN LA BIBLIA, Evangelio habla de Dragones en el mundo pre-adamico, respuestas en genesis",¿Dinosaurios en la Biblia? El término hebreo que aparece casi 30 veces como dragón,Dinosaurios en la Biblia: Job describió una bestia con cola de cedro,¿Dragones en la Biblia? El debate que divide a creyentes y escépticos,"¿Existen dinosaurios en la Biblia? Aunque las escrituras nunca usan esa palabra, este documental muestra dónde podrían estar escondidos estos gigantes bajo otro nombre: dragones.

Cuando los textos bíblicos fueron escritos, la palabra dinosaurio simplemente no existía. En su lugar, el Antiguo Testamento emplea un término hebreo que las biblias modernas traducen a veces como monstruo marino, otras como serpiente y, muy a menudo, como dragón. Según se narra en el video, estas criaturas aparecen casi 30 veces en el Antiguo Testamento, descritas tanto en tierra como en el agua. El pasaje más inquietante es Job 40, versículos 15 al 18, donde se habla de un gigante que come hierba como buey, con huesos fuertes como bronce, miembros como barras de hierro y una cola comparable a un cedro. Algunos han querido identificarlo con un elefante o un hipopótamo, pero sus colas delgadas hacen imposible la comparación; en cambio, reptiles gigantes como el braquiosaurio o el diplodocus encajarían de forma sorprendente en esa descripción.

El documental también recorre el arte de las civilizaciones antiguas: petroglifos, artefactos y pequeñas figuras de arcilla halladas en Norteamérica que se asemejan a las representaciones modernas de dinosaurios, esculturas rupestres en Sudamérica que muestran hombres montando criaturas parecidas al diplodocus, además de mosaicos romanos, cerámica maya y murallas babilónicas. A esto se suman los relatos de viajeros como Marco Polo, mezclados con cuentos de bestias que custodian tesoros, y las supuestas huellas fosilizadas de humanos y dinosaurios que el video cita como encontradas juntas en Norteamérica y en Asia central occidental. Al final queda la gran pregunta del debate entre quienes defienden una tierra antigua y quienes creen en una tierra joven: si hombres y dinosaurios llegaron a convivir, ¿qué les ocurrió a estas criaturas después del diluvio?

Si te apasionan los enigmas de la Biblia y los misterios que casi nadie se atreve a analizar, suscríbete a El DoQmentalista y activa la campanita para no perderte ningún documental.

#DinosauriosEnLaBiblia #MisteriosBiblicos #ElDoQmentalista","el doqmentalista, documentales de misterio en español, dinosaurios en la biblia, dragones en la biblia, behemot, job 40, biblia y dinosaurios, criaturas biblicas, antiguo testamento, tierra joven, dinosaurios y humanos, arte antiguo dinosaurios, misterios de la biblia, enigmas biblicos, genesis, misterio, documental en español"
qgepZQ7SY0k,570688,"""La Tierra De Los Demonios: Arqueólogos Desentierran Una Estatua Maldita"" ✅ El DoQmentalista",Demonios de Mesopotamia: La Estatua Que Desenterraron en Irak,"Estatua de Lamassu: ""Han Despertado a los Antiguos Dioses""","Pazuzu, Lamashtu y Tiamat: Demonios Más Antiguos Que la Biblia","Los demonios de Mesopotamia no son un invento del cine: según la tradición, un imperio entero vivió aterrorizado por ellos. Y este documental sobre los demonios de Mesopotamia comienza con una estatua desenterrada en el norte de Irak.

Según narra el video, un equipo de arqueólogos europeos supervisaba una excavación cerca de Mosul, en busca de reliquias del antiguo imperio de Asiria. Entre los presentes había hombres piadosos que rezaban para que no se encontrara nada, convencidos de que remover esa tierra molestaría a los antiguos demonios. Pero los trabajadores tropezaron con un rostro: una barba larga y cuadrada trenzada en hileras de rizos, una especie de corona sobre el cabello y, al retirar más tierra, unas alas. Era la estatua de Lamassu, un demonio protector. El relato cuenta que algunos salieron corriendo gritando ""han despertado a los antiguos dioses""... o eso dice la historia.

A partir de ese hallazgo, el documental recorre el panteón oscuro de Mesopotamia. El video cita el libro Amuletos y Supersticiones, de un célebre egiptólogo británico, según el cual los pueblos que ocuparon la región desde aproximadamente el año 3000 antes de Cristo concedían una enorme importancia a la magia, precisamente para defenderse de las huestes de espíritus hostiles que los acosaban: desde los muertos furiosos hasta Lamashtu, el demonio femenino que, según la creencia, vivía en las montañas y acechaba a las embarazadas y a los niños.

Conocerás a Tiamat, el caos primordial del océano y antagonista del mito babilónico de la creación; el relato de Inanna en el salón del trono del inframundo, donde según el mito fue convertida en un cadáver colgado de un gancho; y a Pazuzu, el temido espíritu del viento del suroeste, descrito con cuerpo de león o de perro, que traía el hambre y la langosta en las estaciones secas. También verás cómo, según las interpretaciones judeocristianas posteriores que menciona el video, Ishtar se convirtió en Astarot, Baal en Belcebú, y los demonios lilu y lilitu habrían servido de inspiración para la Lilith del Antiguo Testamento.

Si te apasionan los misterios del mundo antiguo, suscríbete a El DoQmentalista y activa la campanita: cada semana desenterramos una historia que pocos se atreven a contar.

#ElDoQmentalista #Mesopotamia #DemoniosAntiguos","el doqmentalista, documentales de misterio en español, demonios de mesopotamia, pazuzu, lamashtu, lamassu, tiamat, demonios asirios, asiria, mitología mesopotámica, estatua maldita, arqueología en irak, mosul, astarot, belcebú, lilith origen, ocultismo, misterio y paranormal, civilizaciones antiguas, historia antigua"
rmv90BbZzvI,569769,Las verdades ocultas de Pachita La Chamána Mexicana,Pachita: el testimonio de quien la vio materializar órganos,Pachita: el testimonio de quien la vio materializar órganos,Pachita y el espíritu de Cuauhtémoc: lo que México olvidó,"Pachita, la chamana mexicana que la ciencia no pudo explicar. Este documental reconstruye el enigma de Bárbara Guerrero, la mujer detrás del nombre de Pachita, cuyos relatos de sanaciones imposibles siguen desconcertando a México.

Según se narra, Pachita nació en 1900 en un apartado rincón de Chihuahua y habría crecido bajo la tutela de un sabio africano que le enseñó el arte de la curación. Fue cantante callejera y trabajó en un cabaret antes de forjar su fama como curandera. Cada viernes, cuenta el relato, transformaba la llamada Casa de las Brujas, en la Colonia Roma de la Ciudad de México, en su sala de operaciones: los pacientes llevaban una sábana blanca, un litro de alcohol, un paquete de algodón y seis rollos de vendas, y ella, equipada solo con un cuchillo de monte, decía operar guiada por el espíritu de Cuauhtémoc, al que llamaba su hermanito. Los testimonios sostienen que abría cuerpos, extraía órganos enfermos y los reemplazaba por otros que se materializaban entre sus manos.

En la década de 1970 su nombre atrajo a personajes como Alejandro Jodorowsky y a Margarita López Portillo, hermana del entonces presidente José López Portillo. El caso más comentado es el del científico Jacobo Grinberg, psicólogo y académico que, según se relata en el video, observó y documentó durante años los procedimientos de Pachita, una experiencia que habría alimentado su teoría sobre la conciencia y la realidad.

Además, este documental incluye un testimonio de primera mano: la grabación de una conversación con Tamar El Levi, una mujer que asegura haber conocido a Pachita en persona, haber presenciado dos de sus cirugías y haber convivido con ella en la Colonia Roma. Su relato describe a una señora sencilla que nunca cobraba, que dejaba una bandeja en la puerta para quien quisiera dar algo, y que cerraba las heridas con sus propias manos, sin usar sutura.

¿Milagro, engaño o un fenómeno que todavía no sabemos nombrar? Escucha los relatos completos, compara los testimonios y decide tú mismo qué fue lo que ocurría cada viernes en aquella casa de la Colonia Roma.

Si te apasionan los misterios documentados de Latinoamérica, suscríbete al canal de El DoQmentalista y activa la campanita para no perderte los próximos casos.

#Pachita #MisteriosDeMexico #ElDoQmentalista","el doqmentalista, documentales de misterio en espanol, pachita, pachita la chamana mexicana, barbara guerrero, jacobo grinberg, cirugias psiquicas, curanderos de mexico, espiritu de cuauhtemoc, chamanismo mexicano, casa de las brujas colonia roma, alejandro jodorowsky, misterios de mexico, casos paranormales, sanaciones inexplicables, ocultismo, documental paranormal, leyendas mexicanas"
LozGTCJLnTU,568816,"Aquiles, El Legendario Guerrero De Troya, Mitologia Griega","Aquiles: el guerrero que pudo destronar a Zeus, según la profecía",Aquiles: Odiseo lo encontró en el inframundo y esto fue lo que dijo,Aquiles: nació de una profecía y cayó por la venganza de un dios,"Aquiles, el legendario guerrero de Troya, es mucho más que el héroe del talón vulnerable. Según la mitología griega, Aquiles pudo haber suplantado al mismísimo Zeus como gobernante del universo, y muy pocos conocen esa parte del relato.

La tradición cuenta que, un año antes del nacimiento de Aquiles, tanto Zeus como Poseidón se enamoraron de la diosa marina Tetis. Pero una profecía advertía que ella daría a luz un hijo más fuerte que su padre, capaz de empuñar un arma más poderosa que el rayo de Zeus o el tridente de Poseidón. Por la oportuna intervención de Temis o de Prometeo, según se narra, Tetis terminó unida al mortal Peleo, considerado el hombre más piadoso del planeta. Sobre la casi invulnerabilidad del héroe existen dos versiones del mito: una habla de un ritual nocturno con ambrosía y fuego que Peleo interrumpió, y otra relata que Tetis sumergió a su hijo en las aguas del río Estigia, en el inframundo, dejando sin proteger únicamente el talón por donde lo sujetaba. De ahí proviene la famosa expresión talón de Aquiles.

Educado por el centauro Quirón y unido por una profunda amistad a Patroclo y Fénix, Aquiles partió a la guerra de Troya comandando una flota de 50 barcos con 50 hombres cada uno, los poderosos mirmidones. En el camino hirió a Télefo, gobernante de Misia, y en la isla de Ténedos mató al rey Tenes, hijo de Apolo, una ofensa que el dios olímpico jamás olvidó. Cuando Héctor mató a Patroclo, Aquiles lo enfrentó en un duelo cara a cara y arrastró su cuerpo durante 11 días, hasta que los dioses intervinieron. Poco después, una flecha disparada por París y, según el relato, guiada por Apolo, golpeó el único punto vulnerable del héroe. En la Odisea de Homero, Odiseo lo encuentra en el inframundo, donde Aquiles confiesa que preferiría ser un siervo asalariado en la casa de un pobre, sobre la tierra, que un rey de reyes entre los muertos.

Si te apasionan los grandes relatos de la mitología y los misterios de la historia, suscríbete a El DoQmentalista y activa la campana para no perderte ningún documental.

#Aquiles #MitologiaGriega #ElDoQmentalista","el doqmentalista, documentales de misterio en español, aquiles, guerra de troya, mitología griega, talón de aquiles, héroes griegos, tetis diosa marina, aquiles y héctor, patroclo, río estigia, la odisea de homero, zeus y poseidón, leyendas griegas, dioses del olimpo, historias de la antigua grecia, documental de mitología, misterios de la historia"
oEieQXvXFCg,561779,Descubre el Misterio Detrás del Símbolo Sagrado de Dios - Documentales en Español,Tetragramatón: el nombre de Dios que nadie puede pronunciar,Símbolo de Dios: del templo de Jerusalén a la magia ceremonial,Tetragramatón: el símbolo de Dios que magos y alquimistas veneraron,"El Tetragramatón es quizá el símbolo sagrado más enigmático de la historia: cuatro letras hebreas que, según la tradición, forman el nombre mismo de Dios. En este documental exploramos el Tetragramatón, el símbolo sagrado de Dios, desde sus posibles orígenes hasta las controversias que todavía genera.

El relato nos lleva primero a la tradición judía, donde el Tetragramatón es considerado el nombre sagrado del Eterno, tan sagrado que su pronunciación está prohibida. Según se narra, solo el sumo sacerdote podía pronunciarlo en el templo de Jerusalén una vez al año, y en su lugar los fieles utilizan el término Adonai como muestra de respeto y reverencia. El video repasa también el debate que ha atravesado los siglos: algunos estudiosos sostienen que la pronunciación correcta sería Jehová, mientras otros afirman que el sonido original no puede conocerse debido a la naturaleza sagrada del nombre.

El recorrido continúa por las corrientes esotéricas que adoptaron el símbolo. En la cábala, el Tetragramatón se relaciona con el árbol de la vida, los cuatro mundos espirituales y las diez sephiroth. En la magia ceremonial, se narra que las cuatro letras se usaban para trazar círculos de protección, sellar pactos e invocar seres espirituales, actuando como una especie de contraseña hacia lo divino. Los alquimistas, por su parte, lo interpretaron como la unión de los cuatro elementos —tierra, aire, fuego y agua— en su búsqueda de la piedra filosofal, y la teosofía lo vio como emblema de la evolución del ser humano hacia la divinidad. El documental también recoge la creencia de que el símbolo habría sido usado por los hebreos hacia el siglo diez antes de Cristo, y que en el siglo tres antes de Cristo los egipcios lo habrían adoptado como amuleto de protección contra los demonios.

¿Símbolo divino o puerta hacia fuerzas que no comprendemos? Algunas voces advierten que su uso en rituales puede atraer energías negativas; otras defienden que solo exige respeto y precaución. Escucha el relato completo y decide tú mismo.

Si te apasionan los misterios del ocultismo, la Biblia y los símbolos antiguos, suscríbete a El DoQmentalista y activa la campanita para no perderte ningún documental.

#Tetragramaton #Misterio #Documentales","el doqmentalista, documentales de misterio en español, documentales en español, tetragramaton, simbolo de dios, nombre sagrado de dios, cabala, arbol de la vida, magia ceremonial, alquimia, letras hebreas, esoterismo, ocultismo, simbolos sagrados, misterios biblicos, teosofia, piedra filosofal, misterio"
G_ERhjdlsRo,557607,"""Las Riquezas Del VATICANO Pueden Borrar La Pobreza Mundial: ¿Por Qué No Lo Hacen?""",Riquezas Del Vaticano: Lo Que La Iglesia Nunca Ha Querido Revelar,Riquezas Del Vaticano: Lo Que La Iglesia Nunca Ha Querido Revelar,"¿Qué Hace El Vaticano Con Su Oro? Wall Street, Disney Y Mucho Más","El dinero del Vaticano es uno de los enigmas financieros más grandes de nuestro tiempo. Según los cálculos que repasa este documental, el dinero del Vaticano alcanzaría para acabar con la pobreza mundial no una, sino dos veces. ¿Por qué entonces nadie conoce la cifra exacta de su fortuna?

El video parte de un dato citado por la revista italiana Oggi: en 1952, el tesoro en oro del Vaticano fue colocado como el segundo más grande del mundo, solo detrás del de Estados Unidos, con un valor estimado de 7000 millones de liras, unos 3500 millones de euros. A partir de ahí, el documental calcula cuánto habría crecido ese oro hasta hoy y recuerda una deuda incómoda: a los indígenas de América, de donde salió buena parte de ese metal, jamás se les devolvió nada. También se narra cómo las reservas financieras exteriores de la Santa Sede se concentran en Wall Street, con participaciones que el video atribuye a empresas como General Motors, IBM y Disney, además de bancos, aseguradoras y compañías de alimentación valoradas en más de 12,000 millones de euros.

El caso de España resulta todavía más revelador. Según se expone, la Iglesia Católica sería dueña de unos 100,000 inmuebles, el equivalente al 80% del patrimonio histórico artístico nacional, con ejemplos como Toledo, donde el 70% del suelo habitable de la ciudad vieja estaría en sus manos, algo similar a lo que ocurre en Ávila, Burgos y Santiago de Compostela. El documental repasa el acuerdo sobre asuntos económicos firmado entre el Estado español y la Santa Sede el 3 de enero de 1979, las subvenciones anuales que superarían los 300 millones de euros, el informe de la fundación Caja Madrid difundido por la cadena SER sobre los 106 millones recibidos en 2001 para conservación de patrimonio, y las ventajas fiscales que eximen a la Iglesia de pagar IVA e impuestos de sucesiones o donaciones. Mientras tanto, se menciona que la cúpula eclesiástica española invierte en bolsa a través de sociedades con acciones en Inditex, Endesa, Banco Popular y Telefónica.

¿Está la Iglesia manejando correctamente ese dinero? ¿Qué opinas del amasamiento de bienes frente a la pobreza del mundo? Déjame tu opinión en los comentarios.

Suscríbete al canal de El DoQmentalista para más documentales de misterio e investigación en español.

#Vaticano #IglesiaCatolica #Documental","el doqmentalista, documentales de misterio en espanol, documental en espanol, riquezas del vaticano, dinero del vaticano, tesoro del vaticano, oro del vaticano, fortuna de la iglesia catolica, vaticano wall street, patrimonio de la iglesia en espana, finanzas del vaticano, santa sede, iglesia catolica, secretos del vaticano, pobreza mundial, misterios del vaticano, documental vaticano, historia de la iglesia"
9_Olfw2BLlg,554935,Documental: La Espada Flameante y su Misterioso Papel en el Edén,La Espada Flameante del Edén: el arma que según la leyenda Dios dividió en tres,Espada Flameante del Edén: ¿dónde terminaron sus tres piezas?,Espada Flameante del Edén: el arma que ningún mortal debería empuñar,"La Espada Flameante del Edén es una de las armas más enigmáticas mencionadas en las Escrituras. Según el Génesis 3:24, Dios puso al oriente del huerto querubines y una espada encendida que se revolvía por todos lados para guardar el camino del árbol de la vida.

En este documental exploramos lo que las tradiciones y leyendas cuentan sobre esa arma divina. La mitología sumeria habla de una deidad conocida como el portador de la espada en llamas, que según ese relato garantiza la más perfecta seguridad. Y la tradición ortodoxa oriental sostiene que, tras la crucifixión y resurrección de Jesús, la espada flameante fue removida del huerto del Edén, abriendo de nuevo el camino al paraíso para quienes lo merezcan.

El relato esotérico va más allá: cuenta que durante la rebelión de Lucifer, Dios dividió la espada en tres partes como precaución, para que nunca cayera completa en manos equivocadas. La primera, conocida como la espada de la muerte, habría sido blandida por Azrael, el ángel de la muerte, y sería capaz de borrar por completo la esencia de un ángel o de un demonio, sin dejar que su alma pase a otro plano. La segunda, el medallón de la vida, habría quedado en la Tierra sin que nadie sepa dónde: hay quienes especulan que los atlantes lo poseyeron, que permanece congelado en la Antártida o que está en poder del Vaticano, aunque nunca ha sido visto. La tercera pieza es una llave que une a las otras dos, custodiada, según los estudiosos que cita el relato, por Jesús o por alguno de sus hermanos celestiales.

Cuando las tres piezas se reúnen, dice la leyenda, las llamas se extienden por toda la hoja y el arma despliega poderes extraordinarios: la erradicación absoluta, la seducción irresistible sobre los mortales que la empuñan, un filo capaz de cortar cualquier cosa, el conocimiento temporal de lo divino, la sanación, la inmunidad ante la hechicería y la levitación de la llave hacia sus piezas hermanas.

Si te apasionan los misterios bíblicos y las leyendas que rodean a las Escrituras, suscríbete al canal de El DoQmentalista y activa la campanita para no perderte ningún documental.

#EspadaFlameante #MisteriosBiblicos #ElDoQmentalista","el doqmentalista, documentales de misterio en español, el documentalista, espada flameante, espada de fuego del eden, genesis 3 24, jardin del eden, querubines, arbol de la vida, azrael angel de la muerte, armas divinas, medallon de la vida, misterios biblicos, leyendas biblicas, mitologia sumeria, angeles y demonios, misterios del vaticano, ocultismo, documental paranormal"
wK7vplwv0fk,551098,"EL FRUTO PROHIBIDO DEL EDÉN, El Origen Del Mal,  adam and eve El DoQmentalista",El Fruto Prohibido del Edén: Lo Que la Biblia Nunca Dijo,¿Qué Comieron Realmente Adán y Eva? No Era una Manzana,El Árbol del Conocimiento: Lo Que Olvidamos del Relato del Edén,"El fruto prohibido del Edén es una de las imágenes más famosas de toda la Biblia, y sin embargo el texto nunca dice qué fruto era. En este documental analizamos qué comieron realmente Adán y Eva según el relato del Génesis, y por qué la manzana que todos imaginamos jamás aparece en el jardín.

A lo largo de los siglos han surgido varias interpretaciones: algunos especulan que el fruto prohibido era una metáfora del sexo, otros lo identifican con una manzana, y hay quienes sostienen que se trataba de un libro con conocimientos prohibidos o de una información que nunca debió ser revelada. Lo que el relato bíblico sí dice es que el árbol en cuestión era el árbol del conocimiento del bien y del mal, plantado en medio del jardín. Recorremos los pasajes clave, desde Génesis 1:27 al 29, donde Dios crea al ser humano a su imagen y le entrega las plantas y los árboles como alimento, hasta Génesis 3:2 al 7, donde la serpiente le asegura a la mujer que no morirán, sino que se les abrirán los ojos y llegarán a ser como Dios, conocedores del bien y del mal.

El documental también plantea las preguntas incómodas del relato: por qué habría un árbol letal en medio de un jardín habitado por dos personas inocentes, qué significa que Adán y Eva no murieran de inmediato tras comer, y qué implicó pasar de la inocencia de un niño a la carga moral de un adulto. De acuerdo con varios estudiosos del tema, lo relevante no es la especie del fruto, sino lo que simboliza: el conocimiento del bien y del mal y la responsabilidad que trae consigo. Cerramos con un pasaje inquietante que el video cita de 2 Corintios 4:4, donde se llama a Satanás el dios de este mundo, y con la posibilidad, según las escrituras, de que este mundo caído sea precisamente su territorio.

Si te apasionan los misterios de la Biblia y los enigmas del origen del mal, suscríbete al canal para más documentales como este.

#FrutoProhibido #AdanYEva #MisteriosDeLaBiblia","el doqmentalista, documentales de misterio en espanol, fruto prohibido, adan y eva, jardin del eden, arbol del conocimiento del bien y del mal, genesis explicado, pecado original, la serpiente del eden, que comieron adan y eva, misterios de la biblia, secretos biblicos, historia biblica, origen del mal, documental biblico, enigmas religiosos, relatos biblicos, misterio y ocultismo"
qEbEsy7W00U,551048,"Las Demonias Del Infierno, Las Reinas Del Inframundo",Demonios Femeninos Que Cazan de Noche y Cómo Protegerte Según la Leyenda,"Mujeres Demonio: Si Una Hermosa Desconocida Te Pide Ayuda, No La Sigas",Lilith y Lamashtu: Los Demonios Femeninos Que el Mundo Antiguo Temía,"¿Sabías que casi todas las culturas antiguas hablaron de demonios femeninos? En este documental recorremos la lista de los demonios femeninos más temidos del inframundo, tal como los describen las leyendas de Mesopotamia, Grecia, Japón, Filipinas y el Tíbet.

El recorrido comienza con Ardat Lili, un demonio nocturno de origen sumerio asociado a los niños y a las mujeres embarazadas, que según la tradición forma una tríada junto a Lilú y Lilitú. Sigue Batibat, la demonia de las pesadillas que, cuenta el relato, vive dentro de los árboles y ataca cuando alguien duerme cerca de ella: se sienta sobre el pecho de su víctima y comienza a asfixiarla. La creencia sostiene que morderse el pulgar es la única forma de despertar de esa pesadilla. También aparece Empusa, la demonia de una pata de burro y otra de bronce que seduce a los viajeros solitarios; una historia la relaciona con unos misioneros españoles cerca de lo que hoy es Torrejón de Ardoz, de los cuales, según el relato, solo uno regresó con vida a la iglesia de San Andrés en Madrid.

La lista continúa con las Gorgonas, gobernadas por Medusa, la única mortal de las tres hermanas, a quien Perseo venció usando el escudo de bronce pulido de Atenea como espejo, según narra el mito griego. De la religión mesopotámica llega Lamashtu, descrita como la más terrible de todos los demonios femeninos, portadora de siete nombres y representada en amuletos como una figura con cabeza de león o de pájaro arrodillada sobre un asno. Los antiguos textos griegos que cita el video hablan de Lamia, una reina de Libia amada por Zeus, y la tradición judía menciona a Lilith, llamada madre de los demonios, cuyo culto, según se narra, sobrevivió entre algunos judíos hasta el siglo siete. Cierran el desfile la protectora tibetana de azul oscuro, única mujer entre los ocho guardianes de la ley, y Yuki Onna, la mujer fantasmal de las nieves del folklore japonés que aparece sin pies y atrae a los hombres jóvenes a lugares remotos.

Si te apasionan los misterios, las leyendas y lo oculto, suscríbete al canal y activa la campanita para no perderte ningún documental.

#DemoniosFemeninos #Misterio #ElDoQmentalista","el doqmentalista, documentales de misterio en español, demonios femeninos, lilith, lamashtu, empusa, batibat, yuki onna, gorgonas, medusa, lamia, reinas del inframundo, demonología, mitología antigua, leyendas de terror, criaturas sobrenaturales, ocultismo, paranormal, folklore japonés"
BKQDQs0czSE,548113,Documental: El Peligroso Encuentro con un Demonio en Redes Sociales,Demonio en Redes Sociales: Habló con Él 3 Años sin Verlo Jamás,Enamorada de un Demonio: El Testimonio Anónimo de una Maestra,"Demonio por Facebook: Si tu Amor Virtual Nunca Aparece, Cuidado","Un demonio en redes sociales: así describe una mujer anónima al ser que, según su testimonio, se escondía detrás del chico perfecto que conoció por Facebook. Este relato, enviado al canal bajo condición de anonimato, cuenta casi tres años de una relación con alguien que jamás dio la cara.

Según narra la protagonista, todo comenzó cuando una amiga le dio su Facebook a un joven que decía vivir en el extranjero, venir de una familia adinerada y cuidar de su hermana pequeña tras la muerte de su madre por cáncer. Las conversaciones nocturnas se volvieron cada vez más cercanas, pero cuando acordaron conocerse en persona, él nunca llegó al lugar de la cita. El relato cuenta que durante casi tres años jamás se presentó frente a ella, mientras la rodeaban pesadillas, cambios de ánimo y una depresión profunda. Todo terminó con un correo inquietante: él decía tener miedo de lo que pudiera suceder y que ""ellos"" podían venir por ella. En abril del año 2015, según el testimonio, él le hizo llegar una bolsa llena de cartas y un collar a través de la amiga en común.

Lo que siguió, siempre según la narradora, fue aún más oscuro: episodios de pérdida de conciencia, un internado psiquiátrico de tres meses, la pérdida de su trabajo como maestra en 2015 y, ya en su nuevo empleo a principios de 2016, la voz de él por las noches junto al aroma de su perfume. El relato describe a un ser alto y pálido, de cuencas vacías y dientes como los de un pez, que la llamaba ""mi princesa"". Cuenta que los ataques se abrieron cuando conoció a su actual pareja, un hombre católico ortodoxo, y que la criatura tembló ante la imagen de Cristo en la ventana. Fue tras el bautizo de ambos bajo la iglesia ortodoxa, narra ella, cuando los ataques comenzaron a distanciarse.

¿Un caso de opresión espiritual, una mente al límite o algo que todavía no sabemos nombrar? Escucha el testimonio completo y decide por ti mismo qué se ocultaba al otro lado de la pantalla.

Si te atrapan los relatos de misterio y lo paranormal narrados con seriedad, suscríbete a El DoQmentalista y activa la campana para no perderte el próximo documental.

#Paranormal #RelatosDeTerror #Misterio","el doqmentalista, el documentalista, documentales de misterio en espanol, demonio en redes sociales, enamorada de un demonio, novio por facebook, relato paranormal, testimonio paranormal, ataques demoniacos, apariciones demoniacas, amor por internet, relatos de terror reales, historias de terror en espanol, casos paranormales, fenomenos paranormales, historias de miedo, terror y misterio, sucesos inexplicables"
W5s2q8GdyHc,547458,"Los 10 Mandamientos, No Son lo Que Creías - Documentales Interesantes",Los 10 Mandamientos No Son Mandamientos: ¿Y si Dios Nunca Ordenó Nada?,Los 10 Mandamientos: ¿Y si Solo Eran Consejos de un Padre?,Los 10 Mandamientos: el Sentido Original que Olvidamos al Traducir,"¿Los 10 Mandamientos son realmente mandamientos? Este documental propone una relectura que cambia por completo la forma de entender los 10 Mandamientos: no serían órdenes, sino otra cosa muy distinta de lo que nos enseñaron.

El video plantea que la palabra ""mandamientos"", tal como aparece en la Biblia moderna, no sería la más acertada, y sugiere que esto podría deberse a errores de traducción acumulados con el tiempo. Su argumento central es sencillo pero provocador: un Dios que es amor puro no impone reglas, porque el primer requisito para amar es dar libertad. Según esta visión, Dios actúa como un padre o una madre con sus hijos adultos: aconseja, muestra lo bueno y lo malo, se preocupa cuando cree que nos equivocamos, pero al final deja que cada uno elija su propio camino. La libertad, dice el documental, no es libertinaje: es la responsabilidad de decidir quiénes queremos ser.

Desde esa mirada, el video recorre el sentido profundo de cada precepto: amarás a Dios, no robarás, no mentirás, no matarás, honrarás a tus padres. Todos apuntan a lo mismo, respetar y amar a los demás, porque no se puede ser feliz haciendo daño al prójimo. El documental cita incluso estudios que asociarían el altruismo con la felicidad: quien ayuda sin esperar nada a cambio se vuelve una persona más plena. Por eso concluye que un título más honesto para esta lista sería ""diez consejos para una vida feliz"", entregados no como condiciones ni amenazas, sino como el recordatorio de un padre que quiere lo mejor para sus hijos. Para quien desee profundizar en esta interpretación, el video menciona el libro ""Tu lugar en el mundo"", del autor Jan Anguita.

¿Órdenes grabadas en piedra o consejos de amor malinterpretados durante siglos? La respuesta que propone este documental te hará mirar con otros ojos uno de los textos más famosos de la historia.

Si te apasionan los misterios de la fe, la historia y lo inexplicable, suscríbete a El DoQmentalista y activa la campana para no perderte ningún documental.

#Los10Mandamientos #DocumentalesEnEspañol #Biblia","el doqmentalista, documentales de misterio en espanol, documentales interesantes, los 10 mandamientos, diez mandamientos explicados, mandamientos de la biblia, errores de traduccion de la biblia, que significan los 10 mandamientos, dios es amor, libre albedrio, biblia explicada, misterios de la biblia, documentales en espanol, religion y espiritualidad, historia biblica, reflexion espiritual, misterio y ocultismo"
Y56AwdOWKY0,546335,¿Qué dice la Biblia sobre los Tatuajes? - Documentales Interesantes,Tatuajes en la Biblia: el versículo del Levítico que pocos leen completo,Tatuajes en la Biblia: el versículo del Levítico que pocos leen completo,Antes de tatuarte escucha esta advertencia del Antiguo Testamento,"¿Qué dice la Biblia sobre los tatuajes? ¿Son un pecado, una zona gris o algo que Dios simplemente nunca prohibió a los cristianos? En este documental analizamos versículo por versículo lo que las Escrituras realmente dicen sobre marcar la piel, y la respuesta es mucho menos simple de lo que muchos creyentes imaginan.

El punto de partida es Levítico 19:28: ""Y no haréis rasguños en vuestro cuerpo por un muerto, ni imprimiréis en vosotros señal alguna"". Dependiendo de la traducción, esa palabra ""señal"" se interpreta como signo o marca, y por eso muchos sostienen que tatuarse es pecado. Pero el pasaje no explica la razón de la prohibición: según se narra, es probable que el tatuaje fuera una práctica pagana ligada a la idolatría, cuando era común marcar la piel con el nombre de un dios falso o el símbolo de un ídolo. El Nuevo Testamento, en cambio, guarda silencio absoluto sobre el tema, lo que deja la decisión en el terreno de la conciencia personal.

El recorrido pasa por Efesios 6:1-2 sobre honrar a los padres, 1 Pedro 3:3-4 sobre el adorno exterior frente al yo interior, 1 Corintios 6:19-20 y la idea del cuerpo como templo del Espíritu Santo, Deuteronomio 12:4 sobre no adorar a Dios como los pueblos paganos, y 1 Reyes 18:28, donde los profetas paganos se cortaban con espadas y lanzas hasta sangrar. También abordamos la pregunta que divide a muchos lectores: Apocalipsis 19:16 describe un nombre escrito en el muslo del Rey de Reyes, y hay quienes piensan que Jesús tenía un tatuaje. El video explica por qué ese pasaje se entiende como simbólico, ya que en aquellos tiempos un rey llevaba su título grabado en su vestimenta o en un estandarte. Al final, el doqmentalista comparte su postura personal, apoyado en Juan 7:24 y 1 Samuel 16:7: la gente mira la apariencia externa, pero Dios mira el corazón.

Si te apasionan los misterios de la Biblia y los debates que la fe todavía no cierra, suscríbete a El DoQmentalista y activa la campana para no perderte ningún documental.

#Tatuajes #Biblia #ElDoQmentalista","el doqmentalista, documentales de misterio en espanol, documentales interesantes, tatuajes en la biblia, que dice la biblia sobre los tatuajes, levitico 19 28, tatuajes pecado, jesus tatuaje muslo, apocalipsis 19 16, tatuajes y cristianismo, cuerpo templo del espiritu santo, misterios de la biblia, biblia explicada, antiguo testamento, nuevo testamento, religion y misterio, documental biblico, ocultismo y religion"
TaPsmuD1s78,546216,7 SEÑALES de que estás SIENDO ATACADO por FUERZAS OSCURAS ¡No lo Ignorés!,Ataque Espiritual: las 10 Señales para Reconocerlo a Tiempo,Ataque Espiritual: las Señales que la Medicina No Explica,"Ataque Espiritual: Si Sientes Esto, Reacciona Antes de Caer","¿Cómo saber si estás bajo un ataque espiritual? Según la tradición espiritual cristiana, existen señales concretas que aparecen cuando una fuerza oscura comienza a trabajar en silencio contra una persona: enfermedades que llegan de manera abrupta, ansiedad, agotamiento sin causa aparente y una extraña dificultad para volver a acercarte a Dios justo cuando más lo intentas.

En este documental repasamos las diez señales de un ataque espiritual tal como las describe esta enseñanza: la falta de pasión espiritual, cuando la oración y la meditación se vuelven movimientos mecánicos; la frustración extrema, esa sensación de estar al borde del precipicio aunque hayas logrado tus metas; la confusión acerca de tu propósito; la falta de paz, con la mente bombardeada por pensamientos dispersos hasta la fatiga mental; y una debilidad y cansancio inusuales que ningún descanso logra reparar.

También exploramos las señales más sutiles y peligrosas: la aparente ausencia de ataques, cuando la ofensiva es tan masiva que parece que simplemente tú has cambiado; el impulso fuerte de renunciar y abandonar tu llamado; el regreso a viejas ataduras y ciclos negativos de los que ya te habías liberado; el alejamiento de las relaciones sanas que te daban emociones positivas; y el cuestionamiento profundo de la dirección de tu camino. Según se narra, el enemigo estudia desde hace tiempo los pensamientos, acciones y comportamientos de cada persona para presionar los botones adecuados en el momento correcto, como tras la muerte de un familiar, con un único objetivo: sacarte del sendero de tu destino.

El relato aclara algo importante: esto no se trata de religiones. Vale para católicos, para quienes creen en otra fe e incluso para quienes solo creen en el amor, porque habla de ese otro mundo que no podemos ver ni tocar, pero del que pueden venir tanto cosas buenas como cosas malas. La clave, según esta tradición, está en no bajar la guardia ni en los tiempos buenos ni en los malos, y mantenerse siempre humilde.

Si te apasionan los misterios del mundo espiritual y lo inexplicable, suscríbete a El DoQmentalista para no perderte los próximos documentales.

#AtaqueEspiritual #GuerraEspiritual #ElDoQmentalista","el doqmentalista, documentales de misterio en español, ataque espiritual, señales de ataque espiritual, guerra espiritual, opresión espiritual, cómo saber si estoy bajo ataque espiritual, batalla espiritual, fuerzas oscuras, protección espiritual, mundo espiritual, demonios, energías negativas, espiritualidad, paranormal, misterio, ocultismo, fe y oración"
tpF5rBuSGCY,545445,"8 DEMONIOS QUE APARECEN EN TUS SUEÑOS, Relatos de Terror, historias del mas alla",Demonios en tus sueños: las culturas antiguas ya les tenían nombre,"Pesadillas que se repiten: según la leyenda, uno de estos 8 demonios te encontró",Demonología antigua: el expediente de los 8 demonios que entran en los sueños,"¿Existen demonios que aparecen en tus sueños? Las tradiciones más antiguas del mundo respondieron que sí, y les pusieron nombre. Este documental recorre ocho entidades que, según leyendas de Mesopotamia, Japón, Persia y la demonología cristiana, eligen atacar justo cuando estamos dormidos.

El recorrido comienza con Azazel, llamado en la tradición el padre de la posesión. El relato lo conecta con el antiguo rito judío del día de la expiación, cuando dos cabras eran llevadas al tabernáculo: una era sacrificada y la otra, el chivo expiatorio, era liberada en el desierto cargando los pecados del pueblo. Según la leyenda, Azazel fue encarcelado, arrancó su espíritu de su forma física para escapar y, vagando sin cuerpo, descubrió cómo entrar por la fuerza en los sueños humanos. Le siguen Aka Manah, cuyo nombre se traduce vagamente como mente hecha mal, el demonio que siembra lujuria, pereza y engaño en las mentes dormidas; y los jikininki de la mitología budista japonesa, espíritus de quienes fueron codiciosos en vida, condenados a alimentarse de cadáveres y capaces de volver a través de los sueños de quienes los conocieron.

La lista continúa con Agares, que según la demonología cristiana gobierna la región oriental del infierno con 31 legiones y es representado como un anciano montado en un cocodrilo con un halcón en el puño; Lamashtu, el demonio de la mitología sumeria y mesopotámica que acosa en sueños a las mujeres embarazadas; y Pazuzu, rey de los demonios del viento en la antigua mitología babilónica y asiria, portador de tormentas y hambrunas, conocido en la cultura popular por la película El Exorcista. Cierran el conteo Andras, el autor de las discordias, un ángel con cabeza de búho que cabalga un lobo negro y comanda 30 legiones; y Asag, la criatura sumeria de la que se dice que su sola presencia hace hervir vivos a los peces en los ríos, mientras provoca fiebres, dolores de cabeza y pesadillas demoníacas.

Si te apasionan los misterios, la demonología y las historias del más allá contadas con rigor documental, suscríbete a El DoQmentalista y activa la campana para no perderte el próximo expediente.

#ElDoQmentalista #Demonios #Misterio","el doqmentalista, documentales de misterio en español, demonios que aparecen en sueños, demonios en los sueños, pazuzu, lamashtu, azazel demonio, jikininki, andras demonio, demonologia antigua, pesadillas y demonios, mitologia sumeria, relatos de terror, historias del mas alla, ocultismo, paranormal, misterios sin resolver, terror en español"
HDOkBp5Ilyw,545170,"Cómo convertirse en mago, la alquimia espiritual, una ciencia secreta y mucho más.","Alquimia espiritual, lo que Newton ocultó hasta su muerte",Alquimia espiritual: la ciencia que Egipto conocía y el mundo olvidó,"Alquimia espiritual, ¿por qué los sabios se retiraban de este conocimiento?","La alquimia espiritual es descrita por la tradición esotérica como una ciencia secreta: no busca transformar el plomo en oro dentro de un laboratorio, sino convertir el plomo de la personalidad humana en oro del espíritu. Este documental recorre ese camino oculto, desde sus orígenes hasta sus símbolos más enigmáticos.

Según se narra, la alquimia medieval tiene sus raíces en Egipto, desde donde se extendió hacia Europa. Uno de los datos más sorprendentes que presenta el video involucra a Isaac Newton: cuando el célebre físico murió, muchos esperaban encontrar en su estudio trabajos de física y matemáticas, pero descubrieron con asombro que numerosos manuscritos trataban sobre alquimia. La tradición hindú, por su parte, describe tres canales energéticos principales en el cuerpo y habla de las edades de la humanidad: la edad de oro, la de plata, la de bronce y el Kali Yuga o edad de hierro, cuando el ser humano necesita una transformación interior.

El relato alquímico gira en torno al mercurio y el azufre. El mercurio, ligado a la Luna, simboliza las energías internas; el azufre es llamado el fuego secreto. Según la tradición, al combinarlos con la sal como energía neutra, el alquimista obtiene la piedra filosofal dentro de su propio ser. El video también explora los símbolos con los que los alquimistas velaron su conocimiento por temor a la Inquisición: la cruz, incluida la cruz de Quetzalcóatl que, según se cuenta, los españoles encontraron en Veracruz; la serpiente de doble significado; el yin yang; el sello de Salomón; el laberinto como imagen de la mente humana y la serpiente que se muerde la cola como cierre del ciclo. Aparecen además la fórmula solve et coagula, la escalera de Jacob, la fórmula Vitriol y el enigmático libro de los mudos, compuesto solo por dibujos que deben interpretarse.

¿Es posible que detrás de estos grabados y códigos exista un mapa completo de la transformación interior? El documental sugiere que el verdadero laboratorio del alquimista es el propio ser humano, y que la gran obra termina cuando el hombre recupera su lugar como rey de la naturaleza.

Si te fascinan el ocultismo, los símbolos antiguos y los misterios del conocimiento perdido, suscríbete a El DoQmentalista y activa la campana para no perderte ningún documental.

#AlquimiaEspiritual #Ocultismo #Misterio","el doqmentalista, documentales de misterio en español, documentales en español, alquimia espiritual, alquimia, piedra filosofal, isaac newton alquimista, mercurio y azufre, símbolos alquímicos, solve et coagula, libro de los mudos, kali yuga, ocultismo, esoterismo, hermetismo, conocimiento oculto, ciencias ocultas, misterios antiguos"
X_UAsyEc_-E,544862,"Experiencias cercanas a la muerte, near death experience, El DoQmentalista",Experiencias cercanas a la muerte: no todos ven la luz,Experiencias cercanas a la muerte: el ateo que despertó en el infierno,Experiencias cercanas a la muerte que la ciencia no logra explicar,"¿Qué hay del otro lado? Las experiencias cercanas a la muerte son una de las pocas pistas que tenemos sobre lo que podría esperarnos al cruzar el límite entre la vida y la muerte. Pero no todas hablan de túneles de luz y seres queridos: este documental reúne los relatos más perturbadores, los de quienes aseguran haber despertado en el infierno.

El recorrido comienza con el caso de George Ritchie, narrado en su libro de 1978: según su relato, tras contraer neumonía fue declarado muerto en un hospital del ejército y revivió nueve minutos después, con el recuerdo de un páramo estéril donde espíritus se golpeaban y acuchillaban entre sí. Décadas más tarde, Matthew Botsford contó algo aún más oscuro: en 1992 recibió un disparo en la cabeza al salir de un bar en Atlanta, Georgia, y pasó 27 días en coma inducido. Al despertar, afirmó haber estado encadenado sobre un abismo ardiente, rodeado de gritos, mientras criaturas cornudas de ojos brillantes le arrancaban la carne, hasta que una voz retumbante declaró que no era su momento. Su testimonio quedó plasmado en el libro Un día en el infierno.

El video también narra el caso de Angie Fenimore, quien tras un intento de suicidio en enero de 1991 describió un mar de oscuridad habitado por almas incapaces de comunicarse entre sí, y el de Howard Storm, profesor universitario y ateo declarado que, tras una perforación estomacal durante un viaje por Europa, relató haber sido arrastrado por figuras sombrías a través de un túnel donde fue atacado sin piedad. Según la investigadora Nancy Evans Bush, citada en el documental, una de cada cinco de estas experiencias resulta aterradora: vacíos negros, desiertos helados, pozos con criaturas y visiones de un infierno que cambia de forma según quien lo cuenta. Lo más inquietante es que estos relatos se repiten entre culturas y religiones distintas, e incluso entre personas que no creían en nada.

¿Alucinaciones de un cerebro moribundo o ventanas agrietadas hacia otro reino? El debate sigue abierto, y este documental te presenta los testimonios para que tú decidas.

Si te apasionan los grandes misterios de la vida y la muerte, suscríbete al canal y activa la campana para no perderte ningún documental.

#ExperienciasCercanasALaMuerte #Misterio #Documental","el doqmentalista, documentales de misterio en espanol, experiencias cercanas a la muerte, near death experience, ecm testimonios, vida despues de la muerte, testimonios del infierno, que pasa cuando morimos, experiencias fuera del cuerpo, howard storm, matthew botsford, tunel de luz, el mas alla, misterios sin resolver, paranormal en espanol, documentales paranormales, casos reales de misterio, fenomenos inexplicables"
gkpOqR_61ec,539453,Documental: ¿Qué dice la Biblia sobre la Cremación? - Documentales Interesantes,Cremación en la Biblia: lo que tu sacerdote no quiere que sepas,¿Es pecado la cremación? Esto es lo que responde la Biblia,Cremación: lo que debes saber antes de despedir a un ser querido,"¿Qué dice la Biblia sobre la cremación? ¿Es pecado cremar un cuerpo, y qué pasa entonces con la resurrección que prometen las Escrituras? En este documental analizamos versículo por versículo una de las preguntas que más divide a los creyentes, esa de la que muchos ni siquiera se atreven a hablar por temor a lo que piensen los demás.

Primero entendemos el proceso: la cámara de cremación alcanza temperaturas de entre 760 y 980 grados Celsius, y un cuerpo adulto tarda entre una y dos horas en desintegrarse por completo. Cada vez más familias la eligen porque resulta más económica que una parcela de enterramiento y porque, en épocas de pandemias, evita que las enfermedades se propaguen. Pero la pregunta de fondo sigue ahí: ¿lo aprueba Dios?

Recorremos los pasajes clave. En Primera de Samuel 31, los valientes de Jabes recuperan el cuerpo decapitado del rey Saúl y el de sus hijos, los queman y luego entierran sus huesos bajo un árbol. En Amós 2, Dios anuncia castigo contra Moab por quemar en cal los huesos de un rey. Y en Levítico 20 y Josué 7, el fuego aparece como pena capital, no como rito funerario. La palabra cremación ni siquiera existía cuando se escribieron las Escrituras, y la práctica habitual del pueblo de Dios siempre fue enterrar a sus muertos. Entonces, ¿condena la Biblia la cremación o solo la mira con malos ojos?

La conclusión sorprende a más de uno: no hay un solo versículo que la declare pecado, aunque tu sacerdote o tu pastor digan lo contrario. El propio apóstol Pablo escribió en Primera de Corintios 13: ""aunque entregue mi cuerpo para ser quemado"". Y para quienes temen por la resurrección de un cuerpo convertido en cenizas, el video recuerda Génesis 3:19: polvo eres, y al polvo volverás. La cremación, se explica, solo acelera lo que la tierra hace de todos modos, y para Dios no hay imposibles.

Si te apasionan los misterios de la Biblia contados con seriedad y sin sermones, suscríbete al canal de El DoQmentalista y activa la campanita para no perderte los próximos documentales.

#Cremacion #Biblia #Documental","el doqmentalista, documentales de misterio en espanol, documental biblico, cremacion en la biblia, que dice la biblia sobre la cremacion, es pecado la cremacion, cremacion o entierro, resurreccion de los muertos, versiculos sobre la cremacion, rey saul, muerte y biblia, misterios de la biblia, biblia explicada, cristianismo, religion y muerte, documentales interesantes, que pasa despues de la muerte, teologia"
1zwQEnQUdco,536374,Terror: El Campamento Maldito y sus 5 Historias de Miedo y Fantasmas,Campamento maldito de Guanajuato y la advertencia del espejo,"Historias de miedo reales: si escuchas pasos en el techo de tu cabaña, no salgas",Relatos de terror que la ciencia no explica: el campamento maldito de Guanajuato,"El campamento maldito de Guanajuato es uno de los relatos de terror más inquietantes que hemos recibido en el canal. Una historia de miedo contada en primera persona por quien asegura haberla vivido hace 17 años, durante una excursión escolar que terminó marcada por algo que nunca pudo explicar.

Según su relato, todo comenzó cuando su escuela organizó un campamento en una reserva llamada Cuenca de la Esperanza, a las afueras de Guanajuato, junto a una vieja presa. La primera noche, él y sus compañeros escucharon pasos sobre el techo de la cabaña, un sonido que describe como pisadas de botas de cuero tipo colonial. Al día siguiente descubrieron que los chicos de otras cabañas habían escuchado exactamente lo mismo. Los guías intentaron calmarlos diciendo que quizá era un zorro, pero lo que después vieron pasar por los pequeños ventanales del techo, cuenta el testigo, no parecía ningún animal.

El testimonio alcanza su punto más oscuro en el baño del comedor: siluetas de monjes encorvados desfilando en fila, sombras proyectadas donde no debían existir y un espejo que, según narra, dejó de reflejar por completo, como un gran hoyo negro. Antes de partir, uno de los guías les habría contado lo que se dice del lugar: cuerpos arrojados a la presa en el pasado y buzos que murieron al intentar recuperarlos entre las hierbas del fondo. Y el detalle final que nadie pudo explicarle: las 36 fotos del rollo que tomó en el campamento y la presa aparecieron quemadas al revelarse, mientras que las fotos de sus otros rollos salieron intactas. Años después, una espiritista le dejó una advertencia que le heló la sangre: nunca permanecer en un cuarto a oscuras que tenga un espejo.

¿Testimonio genuino o una mente sugestionada por el ambiente de un bosque solitario? Escucha el relato completo y decide tú mismo.

Si te apasionan las historias de terror y los expedientes del misterio, suscríbete a El DoQmentalista y activa la campanita para no perderte ningún relato.

#HistoriasDeTerror #CampamentoMaldito #ElDoQmentalista","el doqmentalista, documentales de misterio en español, historias de terror, relatos de terror reales, campamento maldito, historias de miedo, leyendas de guanajuato, cuenca de la esperanza, historias paranormales, relatos paranormales, historias de fantasmas, terror en español, fantasmas, paranormal, misterio, creepypastas en español, videos de terror"
iH1i2PObBvk,536236,El Kraken: La Verdad Oculta de los Monstruos Marinos Más Temidos de la Mitología,El Kraken: El Obispo Noruego Que Lo Describió en 1752,El Kraken: Lo Que la Ciencia Encontró al Buscar al Monstruo,El Kraken: Siglos de Avistamientos Antes del Calamar Gigante,"El Kraken es quizá el monstruo marino más temido de todas las leyendas del océano. Según la tradición, el Kraken sería una criatura de unos 90 metros de largo que, al acercarse a la superficie y quedarse quieta, podía confundirse con una isla.

El relato lo describe como un pulpo gigante de enormes ojos, con tentáculos cubiertos de ventosas de unos dos metros de diámetro y dos tentáculos especiales armados con garras afiladas. Como cualquier cefalópodo, se decía que expulsaba tinta negra cuando estaba furioso. Los avistamientos se han reportado durante siglos, sobre todo en las costas del Atlántico norte y de Noruega. De hecho, un obispo noruego lo describió en 1752 y afirmó que el color negro de las aguas noruegas se debía al mecanismo de defensa del animal. Los marineros de los barcos de vela vigilaban con nerviosismo las aguas profundas: un burbujeo abundante era, según la creencia, la señal de que el Kraken estaba justo debajo de ellos.

La historia dio un giro en 1802, cuando el naturalista francés Denys de Montfort reconoció la existencia de dos tipos de pulpos gigantes: el pulpo kraken, descrito por marineros noruegos, balleneros americanos y autores antiguos como Plinio el Viejo, y el pulpo colosal, vinculado a un informe sobre el ataque a un buque velero. Montfort llegó a proponer que diez barcos de guerra británicos, incluyendo el navío Ville de Paris, desaparecieron misteriosamente en una noche, hundidos por pulpos gigantes. Muchas de sus fuentes probablemente describían al verdadero calamar gigante, cuya existencia fue aceptada en 1857. En 1830, Alfred Tennyson publicó su poema sobre el Kraken, con ecos de la leyenda del Leviatán, y esa descripción aparentemente influyó en Julio Verne, que imaginó al famoso calamar gigante de Veinte Mil Leguas de Viaje Submarino en 1870. El video también narra el caso de un investigador que afirma haber hallado la supuesta madriguera de un kraken de más de 200 millones de años, con restos de un ictiosaurio que habría servido de alimento. Hoy se han documentado calamares gigantes de 15 a 20 metros en las profundidades, y como recuerda un zoólogo citado en el documental, el mundo está lleno de criaturas aún no descubiertas.

Suscríbete a El DoQmentalista para más documentales de misterio en español.

#ElKraken #MonstruosMarinos #Misterio","el doqmentalista, documentales de misterio en español, el kraken, kraken, monstruos marinos, calamar gigante, pulpo gigante, leyendas del mar, avistamientos del kraken, leviatán, criptozoología, mitología nórdica, criaturas marinas gigantes, misterios del océano, leyendas nórdicas, criaturas legendarias, misterios sin resolver, documental en español"
eUeORI7XYTM,532397,"La Leyenda del Holandés Errante, el barco fantasma que atemoriza a los navegantes",El Holandés Errante: el barco que un futuro rey juró haber visto,El Holandés Errante: la maldición que condena a quien lo mira,El Holandés Errante: ¿barco fantasma real o espejismo del mar?,"El Holandés Errante es la leyenda náutica más famosa de todos los océanos: un barco fantasma condenado a navegar hasta el día del juicio final. Y lo más inquietante del Holandés Errante no es la maldición en sí, sino quiénes afirmaron haberlo visto con sus propios ojos.

Según la leyenda, todo comenzó en 1641, cuando el capitán Van der Decken regresaba de las Indias Orientales hacia Ámsterdam con un cargamento de especias, sedas y tintes para sus empleadores, la Compañía Holandesa de las Indias Orientales. El relato cuenta que, al rodear el Cabo de Buena Esperanza, un vendaval terrible amenazó con hundir la nave. La tripulación suplicó dar la vuelta, pero el capitán se negó, encendió su pipa y desafió a la tormenta con un juramento blasfemo. Cuando el motín estalló, mató al líder rebelde y lo arrojó al mar. En ese instante, dice la tradición, una voz lo condenó a navegar los océanos por toda la eternidad con una tripulación de hombres muertos, llevando la desgracia a todo aquel que viera su barco espectral.

La leyenda ganó fama mundial con la ópera de Wagner de 1843, pero lo que la mantiene viva son los supuestos avistamientos. El más célebre ocurrió el 11 de julio de 1881, frente a las costas de Australia: el príncipe Jorge de Gales, futuro rey Jorge V, y su hermano el príncipe Alberto Víctor registraron haber visto una extraña luz roja con los mástiles y velas de un bergantín a unos 200 metros de distancia. Trece personas en total lo presenciaron, y al llegar al castillo de proa no había rastro de ningún barco material. Esa misma mañana, el marinero que había reportado el avistamiento cayó desde los mástiles y murió, tal como advierte la maldición. Hoy los científicos insisten en que el barco del holandés no es más que un espejismo, una refracción de la luz sobre las aguas del océano. La pregunta sigue abierta: ¿ilusión óptica o condena eterna?

Si te apasionan los misterios del mar y las leyendas mejor documentadas, suscríbete al canal y activa la campanita para no perderte ningún documental.

#HolandesErrante #BarcoFantasma #LeyendasDelMar","el doqmentalista, documentales de misterio en espanol, el documentalista, holandes errante, barco fantasma, capitan van der decken, cabo de buena esperanza, leyenda del holandes errante, avistamiento 1881, rey jorge v, maldiciones del mar, leyendas nauticas, misterios del oceano, barcos malditos, historias de marineros, leyendas y mitos, casos paranormales, misterios sin resolver"
TbKhPID5N14,531449,"El Trino del Diablo, La Verdadera Historia de Giuseppe Tartini","El Trino del Diablo, la melodía que Tartini escuchó en un sueño con Satanás",El Trino del Diablo: la confesión que Tartini le hizo a un astrónomo escéptico,El Trino del Diablo: el pacto de siete años detrás de la sonata más difícil del mundo,"El Trino del Diablo es la sonata para violín más enigmática jamás compuesta, y su origen, según la leyenda, no pertenece a este mundo. Giuseppe Tartini aseguraba que la melodía se la tocó el mismísimo diablo en un sueño.

En este documental repasamos las dos versiones más aceptadas del relato. La primera cuenta que Tartini confesó a su amigo, un respetado astrónomo francés de la época, que una noche del año 1713 soñó haber hecho un pacto con el diablo a cambio de su alma. En el sueño le entregó su violín al maligno para ponerlo a prueba, y lo que escuchó fue una sonata tan maravillosa, interpretada con tanto arte e inteligencia, que le faltó la respiración. Al despertar intentó retener aquella música: la pieza que compuso es, en sus propias palabras, la mejor que escribió jamás, pero siempre insistió en que era muy inferior a la que sonó en su sueño. Ese testimonio quedó recogido en un libro de viajes por Italia que el video cita, donde el propio Tartini narra el episodio.

La segunda versión, dada a conocer por un autor e historiador español, sitúa el sueño cuando Tartini tenía 22 años: Satanás debía servirle como criado durante siete años, y bajo ese trato el violinista se soñó famoso y rico, dueño de todo cuanto deseaba, hasta que puso su violín en manos del príncipe de las tinieblas. La sonata que brotó era salvaje e incitante, melancólica y llena de belleza al mismo tiempo. Tartini despertó, se abalanzó sobre su instrumento y solo pudo reconstruir largos pasajes, nunca la obra entera.

Hasta hoy, críticos, teóricos musicales y grandes violinistas consideran esta pieza una de las más exigentes del repertorio: solo un verdadero virtuoso puede ejecutarla de la manera correcta. Y según las historias que la rodean, quien la toca estaría haciendo un pacto con el diablo, y quien la escucha soñará con demonios y sufrirá terrores nocturnos.

Si te apasionan los misterios contados con seriedad documental, suscríbete a El DoQmentalista y activa la campanita para no perderte el próximo caso.

#ElTrinoDelDiablo #GiuseppeTartini #Misterio","el doqmentalista, documentales de misterio en espanol, el trino del diablo, giuseppe tartini, sonata del diablo, trino del diablo leyenda, pacto con el diablo, violin maldito, musica maldita, leyendas de musicos, misterios sin resolver, ocultismo, leyendas europeas, historias de terror, paranormal, documental en español, casos de misterio, sueños con demonios"
m_c5UYSJB2M,524537,"DESAPARECE UN PUEBLO ENTERO de la noche a la mañana, con todo y muertos en Canadá",Lago Anjikuni: el hombre que encontró un pueblo entero vacío,Pueblo desaparecido en Canadá: ni la Policía Montada pudo explicarlo,Expediente Anjikuni: el pueblo que se esfumó con todo y sus muertos,"El pueblo desaparecido del lago Anjikuni es uno de los enigmas más inquietantes que se cuentan sobre Canadá: un poblado entero que, según el relato, se esfumó de la noche a la mañana en pleno invierno de 1930... con todo y sus muertos.

La historia narra que un hombre apellidado Labelle viajaba en trineo sobre la nieve cuando decidió descansar en el poblado a orillas del lago. Antes de entrar sintió un pavor extraño: ningún perro ladraba, las chimeneas que siempre estaban encendidas no emitían humo y las calles estaban desoladas. Recorrió casas y negocios vacíos, y lo que más le extrañó fue que los rifles seguían adentro, junto con las bolsas de comida y los materiales de viaje que ningún poblador abandonaría. En la orilla del lago, los kayaks y las lanchas continuaban amarrados: nadie parecía haber salido del pueblo.

El relato cuenta que lo peor lo encontró en el panteón, al final de una vereda en medio del bosque: todas las tumbas estaban abiertas de par en par y los muertos ya no estaban. Desde el telégrafo del pueblo avisó a la Real Policía Montada de Canadá, que por las duras condiciones del clima tardó varios días en llegar. Según se narra, los agentes comprobaron lo mismo que el testigo: un pueblo vacío donde lo único que apareció fueron algunos perros congelados. Se habla incluso de una investigación a nivel federal que resultó infructuosa y de casi dos mil seres desaparecidos sin dejar huella alguna, ni a pie ni en transporte.

Las teorías que rodean el caso van desde un ataque de ira del demonio que buscaba almas, y por eso se habría llevado a vivos y muertos, hasta hipótesis que sencillamente no encuentran fundamento en la lógica. Hasta el día de hoy, el pueblo fantasma del lago Anjikuni sigue contándose como un misterio sin resolver: uno de esos casos que parecen sacados de una película, pero que se transmiten como sucesos reales de generación en generación.

Si te apasionan los misterios narrados con seriedad documental, suscríbete a El DoQmentalista y activa la campana para no perderte ningún caso.

#LagoAnjikuni #MisteriosSinResolver #PuebloFantasma","el doqmentalista, documentales de misterio en español, lago anjikuni, pueblo desaparecido canada, pueblo fantasma canada, misterio del lago anjikuni, desapariciones masivas, policia montada de canada, tumbas vacias, desapariciones sin resolver, misterios sin resolver, casos paranormales, leyendas de canada, enigmas del mundo, fenomenos inexplicables, historias de misterio reales"
C_DBmEqhPTA,506898,Nahual: ¿Cómo Capturarlo? ¡Descúbrelo!,Nahual: Lo Que las Crónicas de la Conquista Registraron,Nahual: Lo Que las Crónicas de la Conquista Registraron,Nahual: El Conocimiento Que los Chamanes Aún Guardan,"El nahual es una de las figuras más temidas de las leyendas de América Latina: un brujo o bruja que, según la tradición, puede transferir su espíritu al cuerpo de un animal. En este documental te contamos lo que los relatos antiguos dicen sobre cómo identificar a un nahual, cómo ahuyentarlo y hasta cómo atraparlo.

Las crónicas de la época de la conquista española narran encuentros con estas criaturas: pájaros enormes cuyas alas extendidas alcanzaban varios metros, perros, cerdos y jaguares de formas monstruosas y aterradoras. El video recorre lo que el Códice Borgia, un manuscrito indígena de la región mesoamericana, describe sobre el nahualismo: seres capaces de tomar la forma de animales, plantas y hasta objetos inanimados, considerados protectores y guías espirituales de sus pueblos. Según la creencia, cada persona nace vinculada a un solo animal, conocido como tótem, espíritu animal o bestia sagrada, y solo un chamán experto o una comadrona experimentada pueden revelar cuál es mediante un ritual.

También te contamos uno de los episodios más famosos de esta tradición: las antiguas crónicas relatan que la victoria española sobre los quichés se debió a que Alvarado mató al nahual de Tecún Umán, un quetzal de largas plumas verdes. Y exploramos la parte más inquietante de la leyenda: la unión indivisible entre la persona y su nahual, donde cualquier herida o enfermedad que sufra uno se refleja de inmediato en el otro; los rituales de protección con hierbas, piedras, símbolos y amuletos que la tradición recomienda para alejar a estos seres; y el sincretismo que mezcla la fe católica con las creencias prehispánicas, una práctica que los sacerdotes condenaron como adoración diabólica y que, sin embargo, sigue viva en comunidades indígenas de América Latina.

¿Tendrías el valor y la determinación para enfrentarte a un nahual? Acompáñanos en este recorrido por una de las creencias más oscuras y fascinantes de Mesoamérica, donde la frontera entre el hombre y la bestia se vuelve invisible.

Suscríbete a El DoQmentalista para más documentales de misterio, leyendas y enigmas en español.

#Nahual #Leyendas #Misterio","el doqmentalista, documentales de misterio en español, nahual, nahuales, qué es un nahual, cómo ahuyentar a un nahual, nahualismo, tecún umán, códice borgia, leyendas mexicanas, leyendas mesoamericanas, brujos y chamanes, criaturas sobrenaturales, leyendas de terror, misterios y enigmas, paranormal, mitología mexicana, leyendas latinoamericanas"
GaR6Q-DI_Cs,506277,Documental: ¿DIOS ES PEOR QUE SATANÁS? ANALIZANDO LA BIBLIA - Documentales interesantes,¿Quién mató más en la Biblia? Dios supera a Satanás por millones,Dios vs Satanás en la Biblia: las cifras que casi nadie se atreve a sumar,Las muertes que la Biblia atribuye a Dios y casi nadie ha contado,"¿Quién mató más en la Biblia, Dios o Satanás? Es la pregunta más incómoda que puede hacerse cualquier lector de las escrituras, y este documental la responde sumando únicamente los números que el propio texto bíblico registra con exactitud.

El resultado del conteo es asombroso: según las cifras concretas que aparecen en la Biblia, a Dios se le atribuyen 2 millones 476 mil 633 muertes, una cantidad que sube a 2 millones 821 mil 364 si se incluyen los textos deuterocanónicos, esos pasajes del Antiguo Testamento aceptados por la iglesia católica y los cristianos ortodoxos, pero no por las ramas protestantes ni por el judaísmo. Entre los episodios contabilizados están los 3 mil israelitas que se mataron entre ellos tras adorar al becerro de oro, los 12 mil habitantes de Hai eliminados por Josué con la orden de colgar a su rey de un árbol, y los 42 jóvenes devorados por dos osos por llamar calvo al profeta Eliseo. Y todo esto sin contar el diluvio universal, Sodoma y Gomorra o los primogénitos egipcios, cuyas víctimas el texto nunca cifra con precisión.

Del otro lado del tablero, la sorpresa es aún mayor: en toda la Biblia a Satanás solo se le atribuyen diez muertes, los hijos de Job, siete varones y tres mujeres, y el relato cuenta que ocurrieron en medio de una apuesta con el propio Dios para probar la fe de su siervo. El análisis también repasa las contradicciones que se le señalan al libro sagrado y cierra con una reflexión que divide opiniones: quizá el problema no sea Dios, sino las manos humanas que escribieron, modificaron y usaron las escrituras para su propio beneficio.

Este no es un video para burlarse de la fe, sino para leer con lupa lo que el texto realmente dice y sacar tus propias conclusiones. ¿Tú qué responderías: quién es el verdadero villano de la Biblia?

Si te apasionan los misterios de la Biblia y los enigmas que nadie se atreve a analizar, suscríbete a El DoQmentalista y activa la campana para no perderte ningún documental.

#Biblia #Documental #Misterio","el doqmentalista, documentales de misterio en espanol, documentales interesantes, quien mato mas en la biblia, dios o satanas, muertes en la biblia, dios vs satanas, analisis de la biblia, contradicciones de la biblia, antiguo testamento, becerro de oro, historia de job, diluvio universal, sodoma y gomorra, misterios biblicos, enigmas de la biblia, religion y misterio, documental biblico"
P4Bs5nFQSgM,504334,Documental: ¿QUÉ DICE LA BIBLIA DE LA BRUJERÍA? - Documentales interesantes,Brujería y Biblia: ¿Éxodo 22:18 contradice el quinto mandamiento?,Brujería y Biblia: ¿Éxodo 22:18 contradice el quinto mandamiento?,Qué dice la Biblia de la brujería: la advertencia que pocos leen,"¿Qué dice la Biblia de la brujería? Este documental recorre, versículo por versículo, la postura de las Escrituras frente a la hechicería, la adivinación y el espiritismo, y termina en una pregunta incómoda: ¿puede la Biblia contradecirse a sí misma?

El recorrido comienza en Deuteronomio 18:9-12, donde se prohíbe la adivinación, la hechicería, la interpretación de presagios y la consulta a los muertos, prácticas que, según el texto, saturaban a las naciones que rodeaban la tierra prometida. Seguimos con Levítico 19:26 y 19:31, que ordenan no practicar la adivinación ni acudir a médiums y espiritistas, y con 1 Samuel 15:23, donde la rebelión se compara con el pecado de la brujería. Según la interpretación cristiana que presenta el video, no existe la magia buena: las cartas del tarot, los horóscopos y los tableros de güija entrarían en la misma categoría, porque 2 Corintios 11:14 advierte que el mismo Satanás se disfraza como ángel de luz.

Pero el punto más inquietante llega con Éxodo 22:18: no dejarás con vida a la hechicera. Y Levítico 20:27 va más lejos, pues ordena apedrear a médiums y espiritistas. ¿Fue esta la base de la cacería de brujas de la Santa Inquisición? ¿Cómo se reconcilia esa orden con el quinto mandamiento, no matarás? El documental también repasa Gálatas 5:19-21, que incluye la brujería entre los actos de la carne, e Isaías 8:19-20, que pregunta por qué consultar a los muertos en nombre de los vivos.

Al final, El DoQmentalista comparte su propia reflexión: si llevamos dentro una chispa divina que nos dicta lo que está bien y lo que está mal, no necesitamos acudir a brujas, chamanes ni adivinos. Pero condenar a muerte a una hechicera, sostiene, va en contra de la Biblia misma y de lo que Jesús enseñó sobre el perdón. La pregunta queda abierta: ¿es pecado toda forma de magia, o hay partes de la Biblia donde se enseña algo muy parecido a la brujería?

Si te apasionan los misterios de la Biblia y el lado oculto de la historia, suscríbete a El DoQmentalista para no perderte el próximo documental.

#Brujeria #Biblia #Documental","el doqmentalista, documentales de misterio en español, que dice la biblia de la brujeria, brujeria en la biblia, exodo 22 18, deuteronomio 18, adivinacion en la biblia, espiritismo, hechiceria, versiculos sobre brujeria, la biblia y la magia, misterios de la biblia, caceria de brujas, santa inquisicion, ocultismo, documentales en español, paranormal"
QcqQRxU8ZDI,500914,Que Significa Soñar Con AGUA - El Significado de los sueños,Soñar con Agua No Es Casualidad: Esto Revela tu Inconsciente,Soñar con Agua Puede Ser una Advertencia: Fíjate en Cómo Aparece,¿Qué Significa Soñar con Agua? El Presagio que Casi Nadie Interpreta Bien,"¿Qué significa soñar con agua? Soñar con agua es uno de los sueños más comunes y, según la tradición onírica, uno de los más reveladores: el mismo elemento puede anunciar fortuna o advertir de obstáculos, dependiendo de cómo aparezca en el sueño.

Según la tradición, soñar con agua suele ser un buen presagio, en especial si vemos una gran extensión de ella, como un lago o el mar. Pero el augurio cambia con la acción: entrar en contacto con agua fría se considera símbolo de buena fortuna, y caminar sobre el agua sería el mejor símbolo para superar los obstáculos. Beber agua caliente anunciaría enfermedad, mientras que beberla fría garantizaría salud. Las aguas turbias o sucias, en cambio, advertirían de obstáculos en el camino del éxito profesional, y hundirse en el agua hablaría de imposiciones ajenas que nos parecerán insufribles. La tradición también sostiene que el agua bendita y las aguas sagradas, sean lagos o ríos, garantizan con su sola visión la salud física y en ocasiones espiritual de quien sueña.

Desde la interpretación psicológica, el video explica que el agua representa el nivel instintivo del ser humano: la matriz de la que surgen nuestros pensamientos, memorias, impulsos, deseos y sentimientos. Es, en definitiva, nuestro inconsciente, y significa tanto la fecundidad como la destrucción y la muerte. Caer en el agua evidenciaría un estado de regresión psíquica, mientras que ser salvado o salir de las aguas implicaría trascendencia o evolución. Las aguas agitadas revelarían el deseo de liberarse de obsesiones y preocupaciones, y el agua clara y cristalina de un arroyo de montaña hablaría de un momento de purificación que puede regalarnos un despertar lleno de energía, vitalidad y paz.

El recorrido cierra con el llamado ""agua ardiente"": según esta tradición, las bebidas alcohólicas en los sueños, del coñac al whisky, avisan de pasiones incontrolables, y emborracharse en el sueño o quedarse sin bebida cambiaría por completo el presagio. La psicología, por su parte, vería ahí un deseo inconsciente de libertad que quizá no corresponde a una necesidad personal.

Si te fascinan los misterios de la mente y el lenguaje oculto de los sueños, suscríbete a El DoQmentalista para más documentales de misterio en español.

#SoñarConAgua #SignificadoDeLosSueños #ElDoQmentalista","el doqmentalista, documentales de misterio en español, que significa soñar con agua, soñar con agua, significado de los sueños, interpretacion de los sueños, soñar con agua turbia, soñar con agua sucia, soñar con agua cristalina, soñar con el mar, diccionario de sueños, simbologia del agua, sueños y su significado, psicologia de los sueños, el inconsciente, presagios, esoterismo, misterios de la mente"
uh50AvYdA08,498924,La Historia de EL ANILLO Del Rey SALOMÓN - Documentales en Español,El Anillo de Salomón que según la Leyenda Dominaba a 72 Demonios,Libro de Magia de Salomón: la Advertencia Antes de Abrirlo,Sello de Salomón: Pocos Saben que Terminó en la Bandera de Israel,"El anillo de Salomón es uno de los objetos más enigmáticos de la tradición esotérica: según la leyenda, fue grabado por Dios y enviado desde el cielo directamente al rey. En este documental exploramos qué cuentan los textos antiguos sobre el anillo de Salomón y el poder que la tradición le atribuye sobre los demonios.

La tradición judía medieval y el ocultismo islámico describen el sello de Salomón como un pentagrama o un hexagrama, y sostienen que otorgaba al rey dominio sobre los demonios y los djinn, además de permitirle hablar con los animales. El relato cuenta que el anillo estaba construido con latón y hierro, y que sus dos partes sellaban órdenes escritas dirigidas a espíritus buenos y malos. Según se narra en el video, la mayoría de los estudiosos coinciden en que el símbolo entró en la tradición cabalística judía de la España medieval procedente de los árabes, y un dato que pocos recuerdan: ese mismo sello se colocó en la bandera de Israel en 1948. En el Heptameron atribuido a Peter de Habano, el llamado pentáculo de Salomón era en realidad un hexagrama que los magos dibujaban en el suelo para protegerse mientras invocaban demonios.

La leyenda va más lejos: se cuenta que los experimentos del rey con fenómenos sobrenaturales lo llevaron a someter a 72 espíritus demoníacos en un recipiente de bronce, que su hijo escondió el libro en su tumba y que, más tarde, un grupo de filósofos babilónicos lo descubrió sin lograr interpretarlo. Esos legendarios libros de magia aparecen traducidos en los grimorios renacentistas italianos de los siglos 15 al 17: el más antiguo se titula La Llave de Salomón, y el grimorio posterior del siglo 17 se conoce como La Llave Menor de Salomón. En sus páginas, según se describe, hay rituales para hacerse invisible, encontrar objetos robados y controlar demonios, junto a una oración destinada a expulsarlos.

¿Era un pentagrama o un hexagrama? ¿Y dónde está el anillo ahora? Acompáñanos en este recorrido por uno de los grandes misterios del ocultismo.

Suscríbete a El DoQmentalista y activa la campana para más documentales de misterio en español.

#AnilloDeSalomon #SelloDeSalomon #Misterio","el doqmentalista, documentales de misterio en espanol, documentales en español, anillo de salomon, sello de salomon, rey salomon, la llave de salomon, llave menor de salomon, magia salomonica, 72 demonios, estrella de david, grimorios antiguos, ocultismo, esoterismo, misterios biblicos, leyendas antiguas, magia ceremonial, paranormal"
9CvlOizSWhU,496564,"Los ARCHIDEMONIOS La contra parte de los Arcángeles, Son Ángeles Caídos",Archidemonios: la jerarquía infernal que espeja a los arcángeles,Los 72 demonios de Salomón: el grimorio que los nombra uno a uno,Archidemonios: los ángeles caídos que conservaron su rango,"Los archidemonios son, según la tradición esotérica, la contraparte oscura de los arcángeles: así como los arcángeles dirigen los coros de ángeles, los archidemonios lideran las huestes infernales. En este documental recorremos esa jerarquía oculta, nivel por nivel, tal como la describen los textos de la demonología.

El video explora la clasificación por reinos demoníacos que manejan estas fuentes: desde los demonios inferiores de los primeros cuatro niveles, a los que se atribuyen apenas molestias leves como ansiedad o dolores de estómago, hasta los niveles superiores, donde la tradición ubica entidades capaces de sembrar mentiras, descomponer aparatos, crear estragos jurídicos e incluso influir sobre personalidades con puestos de poder. Según narra la Clavícula de Salomón, deshacerse de los demonios del quinto nivel exigía trazar un círculo con una espada bendecida, rociar agua bendita y encender incienso para exorcismos. También repasamos las cifras que la literatura antigua atribuyó al infierno: el video cita que Alphonsus de Espina creyó en 1459 que un tercio de la corte angelical original se convirtió en demonios, exactamente 133 millones 306 mil 668, y que Johann Weyer alteró después la cuenta a 7 millones 405 mil 926 demonios.

El corazón del relato es la Clave Menor de Salomón, un grimorio anónimo del siglo 17 que en su primera parte, el Ars Goetia, enumera 72 de los demonios más poderosos del infierno, gobernados por cuatro reyes de las direcciones cardinales. Según cuenta la leyenda, el rey Salomón evocó a esos 72 demonios y los confinó en un recipiente de bronce sellado con símbolos mágicos, obligándolos a trabajar para él. Cerramos con los archidemonios que más se repiten en los textos consultados, incluidas figuras femeninas como Leviatán, Proserpina, Astarté y Lilith, señalada por la tradición como demonio de la seducción. Todo se narra como lo que es: leyendas, grimorios y creencias que han variado de época en época, donde algunos demonios fueron promovidos, otros olvidados y otros inventados.

Si te apasionan los misterios del ocultismo, la demonología y los textos antiguos contados con seriedad documental, suscríbete a El DoQmentalista y activa la campanita para no perderte los próximos archivos.

#Archidemonios #Demonologia #Misterio","el doqmentalista, documentales de misterio en español, documental ocultismo, archidemonios, arcángeles y demonios, jerarquía infernal, 72 demonios de salomón, ars goetia, clave menor de salomón, clavícula de salomón, ángeles caídos, demonología, lilith demonio, leviatán, príncipes del infierno, grimorios antiguos, misterios bíblicos, paranormal en español, ocultismo y misterio, leyendas oscuras"
sOilOsK0tbc,493494,"Secretos Del Vaticano, Armas Mágicas y Espirituales, El Cordón De San Francisco y El Orarium Mágico",Cordón de San Francisco: lo que un sacerdote se negó a revelar,El Orario Mágico: la estola de exorcismo que el mundo olvidó,Armas de exorcista: el ritual con plomo que puede costar una vida,"El Cordón de San Francisco y el Orario Mágico son, según la tradición esotérica, las dos armas más poderosas en el arsenal de un exorcista. En este documental exploramos por qué el Cordón de San Francisco se reserva solo para los casos más extremos de posesión, y qué esconde entre sus costuras la llamada estola mágica.

El recorrido comienza en los evangelios. El video repasa pasajes de Marcos, capítulos 1, 6 y 9, donde se narra que Jesús expulsaba espíritus inmundos con solo ordenarlo, sin conjuros ni agua bendita, y que luego dio autoridad sobre esos espíritus a sus discípulos e incluso a quienes actuaban en su nombre sin seguirlo. De ahí parte la creencia de que cualquier persona con fe contaría con ese respaldo espiritual.

Después llega el corazón del misterio: el cordón atribuido a San Francisco de Asís, el poverello, el pobrecillo que renunció a sus riquezas y llevó en la cintura una cuerda vacía donde los ricos ataban sus bolsas de dinero. Según se narra, el cordón de un exorcista debe medir unos dos metros, estar hecho de materiales naturales como lino, algodón, seda o lana, llevar tres o cinco nudos y ser consagrado por un sacerdote del orden de Melquisedec. La tradición sostiene que actúa como una cerradura: los entes entrarían al cuerpo por los pies, y el cordón en la cintura les bloquea el acceso a los centros energéticos. Durante la investigación, un sacerdote iniciado se negó a revelar cómo funciona exactamente.

La segunda arma es el orario o estola de exorcismo, de color morado, con signos que indican el grado de poder de quien la porta y dos bolsas negras ocultas con cruces de plomo. Según la creencia, el plomo repele y asfixia a los espíritus inmundos, rompiendo su conexión con el poseído. Pero el relato incluye una advertencia grave: si el ente muere dentro del cuerpo, la persona también puede morir. Por eso estas armas se usan con extremo cuidado y siempre con un ayudante.

Si te apasionan los misterios del ocultismo, los exorcismos y lo paranormal narrados con seriedad documental, suscríbete al canal de El DoQmentalista y activa la campanita.

#Exorcismo #Misterio #ElDoQmentalista","el doqmentalista, documentales de misterio en español, cordón de san francisco, orario mágico, estola de exorcismo, armas de exorcista, exorcismo, cruces de plomo, orden de melquisedec, espíritus inmundos, cadáveres astrales, posesión demoniaca, jesús exorcista, san francisco de asís, demonios, paranormal, ocultismo, misterios sin resolver"
9EPA4RZZAG8,492740,Que Significa La Palabra Lucifer? La historia de satanás según la biblia,¿Lucifer y Satanás son el mismo? Esto responde la Biblia,¿Lucifer y Satanás son el mismo? Esto responde la Biblia,Lucifer en los textos antiguos: el ángel de la enemistad,"El significado de Lucifer esconde algo que casi nadie se detiene a leer en la Biblia. Porque antes de convertirse en el nombre más temido del mundo del mal, la palabra Lucifer hablaba de luz, de brillo, de la estrella de la mañana.

En este documental recorremos los textos del Antiguo Testamento para entender quién es realmente este personaje. Según se narra, Lucifer fue creado como un ser deslumbrante, lleno de sabiduría y belleza, el más hermoso entre las criaturas del cielo. El pasaje de Isaías 14:12 lo describe con palabras que estremecen: ""Cómo has caído del cielo, oh estrella de la mañana, hijo de la aurora"". Y Ezequiel 28, dirigido al rey de Tiro, habla de un querubín protector que estuvo en el santo monte de Dios, perfecto en todos sus caminos, hasta que se halló maldad en él y fue arrojado de entre las piedras de fuego.

El video también explora la confusión más común: ¿Lucifer y Satanás son personas distintas? Dentro del terreno religioso, se trata del mismo personaje con diferentes nombres. Satanás significa adversario, y en los antiguos rollos de Qumrán el diablo aparece como el ángel de la enemistad. El Nuevo Testamento lo llama el príncipe de los demonios, y la tradición le suma títulos como Belcebú, Belial, el gran dragón, la serpiente antigua, el tentador y el padre de la mentira. Incluso en la civilización grecorromana, la estrella de la mañana fue personificada y considerada un dios pagano, un detalle que complica todavía más la historia de este nombre.

Su error, según el relato bíblico, fue querer ser como Dios, e incluso ponerse por encima de Él. Eso le costó la expulsión del cielo y la pérdida de su posición privilegiada. Aunque, como veremos, la Biblia no aclara de dónde viene exactamente ni precisa cuándo cayó a la tierra, y ahí es donde comienza el verdadero misterio.

Si te apasionan los enigmas de la Biblia, el ocultismo y los misterios que la historia dejó a medio contar, suscríbete al canal y activa la campana para no perderte los próximos documentales.

#Lucifer #MisteriosDeLaBiblia #Documental","el doqmentalista, documentales de misterio en español, el documentalista, significado de lucifer, quien es lucifer, lucifer y satanas, la caida de lucifer, estrella de la mañana, isaias 14 12, ezequiel 28, nombres del diablo, angeles caidos, misterios de la biblia, antiguo testamento, rollos de qumran, ocultismo, demonologia, documental biblico"
