ID,VISTAS,TITULO ACTUAL,NUEVO TITULO,ALTERNATIVA 2,ALTERNATIVA 3,NUEVA DESCRIPCION,KEYWORDS
HApnSSP7FX8,492147,"¿Que Es? El Palo Mayombe, Religión, Rituales, Muertos y Oscuridad","Palo Mayombe, la religión de los muertos que no debes tomar a la ligera",Palo Mayombe: qué pasa realmente en los rituales de los paleros,Palo Mayombe: lo que los paleros hacen con los huesos de los muertos,"El Palo Mayombe es considerado una de las religiones más poderosas y temidas del mundo, una práctica que, según se narra, se ejerce en secreto y sin lugares oficiales de culto. En este documental exploramos qué es el Palo Mayombe, de dónde viene y por qué tantos le temen.

Su historia se remonta al año 1500 y se origina en la cuenca del Congo, aunque también echó raíces en Cuba cuando los esclavos centroafricanos fueron transportados hasta el Caribe. Quienes la practican se llaman paleros, y la tradición exige disciplina, lealtad y respeto absoluto hacia los espíritus: hay que estar dispuesto a sacrificar tiempo, dinero y energía. Los paleros suelen usar cigarros para entrar en trance y comunicarse con los espíritus, y en sus rituales aparecen machetes, collares de cuentas, cadenas, cáscaras de coco, cuernos de animales, tambores, velas y un caldero de hierro lleno de tierra y palos. Pieza central es una vasija religiosa conocida como la nganga, que según esta creencia es habitada por los espíritus de los antepasados del palero.

La tradición sostiene que la muerte no existe como final, sino como una fase de un ciclo continuo. Por eso los paleros recogen los huesos de los muertos: creen que son la esencia del alma y los usan para comunicarse con ellos. El video describe además la clasificación de las fuerzas sobrenaturales en esta religión: espíritus guía que nos vigilan, fantasmas de quienes murieron en circunstancias trágicas que aún vagan sin saber que murieron, y los fantasmas más peligrosos, cuyo poder algunos intentan aprovechar mediante rituales y pactos de lealtad. También se relata que funcionarios de gobierno, actores, músicos y directores de grandes empresas tendrían vínculos con esta práctica para asegurarse éxito y poder, y que un iniciado sería capaz de destruir la vida de alguien en cuestión de horas o días.

Estrechamente conectado con la santería, pero con raíces africanas más oscuras y misteriosas, el Palo Mayombe es descrito por muchos como el arte más poderoso de las magias oscuras: una religión que no debe ser subestimada ni tomada a la ligera.

Si te apasionan los misterios, el ocultismo y lo inexplicable, suscríbete a El DoQmentalista y activa la campanita para no perderte ningún documental.

#PaloMayombe #Ocultismo #ElDoQmentalista","el doqmentalista, documentales de misterio en espanol, documental paranormal, palo mayombe, paleros, que es el palo mayombe, nganga, magia negra, santeria, religiones africanas, rituales con huesos, religion del congo, ocultismo, brujeria, esoterismo, misterio, paranormal, magia oscura"
O5qfQ-JZ1YM,491565,Profecías Para El 2024 - ALERTA - Predicciones y Visiones Proféticas - El DoQmentalista,Profecías 2024: las advertencias que el mundo no quiso escuchar,"Nostradamus, Baba Vanga y los Hopi: lo que anunciaron para el 2024",El archivo profético del 2024: del Apocalipsis al oráculo I Ching,"Las profecías para el 2024 anunciaban un año de cambios extremos, y este documental reúne las visiones más inquietantes en un solo archivo. Desde el Apocalipsis hasta los oráculos de Oriente, estas son las advertencias que distintas tradiciones dejaron sobre ese año.

El recorrido comienza con la profecía bíblica de la marca de la bestia. El video cita Apocalipsis 13:16 al 17 —nadie podrá comprar ni vender sin la señal de la bestia— y lo conecta con el desuso del dinero en efectivo en países como Suecia, Noruega y China, donde los pagos digitales permiten a los gobiernos monitorear cada gasto. Después llegan las centurias de Nostradamus: según los intérpretes que menciona el documental, sus cuartetas hablarían de un gran terremoto en una tierra nueva, de un líder de Oriente que cambiará al mundo y de la enfermedad de un ave que algunos leen como el anuncio de una nueva pandemia.

La investigación también recoge la profecía hopi de la purificación de la tierra y la gran estrella que aparecería en el cielo; las visiones de Edgar Cayce, el llamado profeta durmiente, sobre cambios geológicos dramáticos y la posible reaparición de evidencias de la Atlántida; y las revelaciones menos conocidas de Baba Vanga, la vidente ciega de los Balcanes a quien se atribuyen el hundimiento del Kursk y el ataque del 11 de septiembre, y que según se narra habló de un gran despertar espiritual y de aguas que se elevan sobre las ciudades. Cierran el mosaico la astrología china y su cambio de ciclo zodiacal, los hexagramas del I Ching que apuntarían a un periodo de gran claridad, la Sibila de Cumas —el oráculo que, según el relato, consultó el propio emperador Augusto— con su tiempo de hierro, y las predicciones tecnológicas sobre inteligencia artificial, edición genética y misiones a Marte.

¿Coincidencias, interpretaciones forzadas o señales que estaban a la vista? Este documental presenta cada visión como lo que es: una creencia, una tradición o una lectura de textos antiguos, para que tú saques tus propias conclusiones.

Si te apasionan los enigmas, las profecías y los misterios documentados con seriedad, suscríbete al canal de El DoQmentalista y activa la campana para no perderte los próximos episodios.

#Profecias #Nostradamus #BabaVanga","el doqmentalista, documentales de misterio en español, profecías 2024, nostradamus predicciones, baba vanga, profecías de los hopi, edgar cayce, marca de la bestia, apocalipsis 13, sibila de cumas, i ching, astrología china, profecías bíblicas, videntes y profetas, fin de los tiempos, misterios sin resolver, documental paranormal, ocultismo"
58EK8SfPFFs,490809,"LA SERPIENTE DEL EDÉN, Quién era REALMENTE, documentales interesantes ✅ El DoQmentalista",La Serpiente del Edén: el Génesis jamás la llamó Satanás,La Serpiente del Edén: lo que la Biblia calla sobre su identidad,La Serpiente del Edén tenía patas: el detalle olvidado del Génesis,"¿Quién era realmente la serpiente del Edén? La serpiente del Edén es uno de los enigmas más grandes del libro del Génesis, porque la propia Biblia jamás revela su identidad.

En este documental examinamos lo que dicen y lo que callan las escrituras. El Génesis nunca afirma que la serpiente fuera Satanás, y según explican los estudiosos que cita el video, en la época en que se escribió por primera vez la historia de Adán y Eva, Satanás aún no había entrado en la creencia judía. La única pista aparente está en Apocalipsis 12:9, donde se habla del gran dragón, ""la serpiente antigua que se llama diablo y Satanás"", aunque ese pasaje nunca aclara si se trata de la misma criatura del jardín. A esto se suma un posible problema de traducción: en hebreo existe una palabra para dragón, otra para serpiente y otra para satanás o adversario, y la palabra usada en el Génesis es serpiente.

El video también revisa el momento más incómodo del relato: en Génesis 2:17 Dios advierte que comer del árbol del conocimiento traería la muerte ese mismo día, pero la serpiente le dice a Eva en Génesis 3:4-5 que no morirían y que serían como dioses, conocedores del bien y del mal. Y en Génesis 3:22 el propio texto parece darle la razón. Además exploramos cómo era esta criatura según las distintas interpretaciones: el animal más astuto del campo según Génesis 3:1, un símbolo de sabiduría para los antiguos, un ser con rasgos angelicales para algunos artistas, e incluso una criatura con patas, pues la maldición de Génesis 3:14 la condena a arrastrarse sobre su vientre desde entonces.

¿Fue la serpiente un engaño, un arquetipo o una prueba del libre albedrío que Dios permitió de manera intencional? Déjame tu opinión en los comentarios.

Suscríbete a El DoQmentalista para más documentales de misterio en español sobre la Biblia, el ocultismo y los enigmas que la historia no ha resuelto.

#SerpienteDelEden #MisteriosDeLaBiblia #ElDoQmentalista","el doqmentalista, documentales de misterio en español, documentales interesantes, serpiente del edén, quién era la serpiente del edén, adán y eva, libro del génesis, satanás en la biblia, jardín del edén, apocalipsis 12 9, árbol del conocimiento, misterios de la biblia, enigmas bíblicos, antiguo testamento, documental bíblico, historia de la biblia, misterio y ocultismo, documentales en español"
-st9gdp3CpQ,490144,"El Evangelio De Satanás, El Gran Grimorio Escondido En El Vaticano",El Gran Grimorio que estaría oculto en el archivo del Vaticano,"Evangelio de Satanás, el libro del que el Vaticano no habla",El Grimorio del Dragón Rojo que nadie debería abrir jamás,"El Gran Grimorio, también conocido como el Dragón Rojo, es señalado por la tradición esotérica como uno de los libros ocultos más potentes que existen. Y según la leyenda, el Gran Grimorio original —o una copia de él— se conservaría hoy en el archivo secreto del Vaticano, fuera del alcance del público.

En este documental recorremos la historia de este manuscrito legendario. El relato cuenta que fue escrito por una figura apócrifa llamada Honorio de Tebas, de quien se dice que fue poseído por el mismísimo Satanás. Muchas fuentes afirman que el libro fue escrito en 1520 y que fue descubierto más tarde, en 1750, en una supuesta tumba de Salomón; también se rumorea que estaba redactado en hebreo bíblico o en arameo, una conexión con el rey Salomón que habría alimentado su fama como poderoso libro de magia. La obra constaría de cuatro partes, y la leyenda sostiene que contiene hechizos, un relato de cómo los papas recién elegidos serían corrompidos por el poder de Satanás y, lo más infame, las instrucciones que supuestamente permitirían convocar a Lucifer: una vara de explosión para someterlo, una piedra especial, dos velas benditas y un triángulo de pactos para protegerse de los espíritus invocados. Incluso incluiría una sección sobre el verdadero método de hacer pactos con el diablo.

También exploramos el origen de la palabra grimorio, que se acepta generalmente que deriva de una antigua palabra francesa que significa gramática, y cómo pasó de nombrar libros en latín a designar los textos del ocultismo: manuales con instrucciones para crear amuletos, talismanes, lanzar hechizos e invocar ángeles y demonios. Además, verás cómo durante el siglo 18 hubo un auge de grimorios baratos en Francia, cómo una versión del Gran Grimorio se publicó en el siglo 19 y se extendió a las colonias francesas, y por qué este libro sigue siendo ampliamente utilizado en países caribeños como Haití.

Si te apasionan los misterios del ocultismo, los libros prohibidos y los enigmas que rodean al Vaticano, suscríbete al canal y activa la campana para no perderte ningún documental.

#GranGrimorio #Vaticano #Ocultismo","el doqmentalista, documentales de misterio en espanol, el documentalista, gran grimorio, dragon rojo grimorio, evangelio de satanas, archivo secreto del vaticano, honorio de tebas, libros de magia antiguos, pacto con el diablo, invocacion de demonios, grimorios, libros prohibidos, misterios del vaticano, ocultismo, esoterismo, magia negra, leyendas oscuras, documental de misterio, paranormal"
-7ynkG6J-ug,487124,"La Torá, El Libro Que Jesús Estudiaba - Documentales en Español",Jesús Nunca Leyó la Biblia: El Libro Que Realmente Estudiaba,La Torá: El Libro Que Todos Citan y Casi Nadie Ha Leído,¿Por Qué Jesús No Leía la Biblia? La Torá Explicada,"Jesús nunca leyó la Biblia tal y como la conocemos hoy. El libro que Jesús realmente estudiaba era la Torá, y en este documental te contamos qué dice, cuándo nació y por qué sigue siendo uno de los textos más influyentes de la historia.

La Torá abarca los cinco primeros libros de la Biblia hebrea, conocidos como el Pentateuco: Génesis (Bereshit), Éxodo (Shemot), Levítico (Vayikrá), Números (Bemidbar) y Deuteronomio (Devarim). Su nombre puede significar instrucción, ley o enseñanza. Y aquí está la clave que muchos olvidan: Jesús de Nazaret no era cristiano, era judío, y por eso los textos que estudiaba eran los textos sagrados del judaísmo. En su época el Nuevo Testamento aún no existía y el Antiguo Testamento ni siquiera se llamaba así.

Los eruditos siguen debatiendo cuándo se escribió, pero la mayoría cree que se grabó durante el cautiverio de Babilonia, entre los siglos 6 y 7 antes de Cristo, cuando Nabucodonosor sometió a Jerusalén, el templo fue saqueado hacia el año 597 antes de Cristo y destruido en el 587 antes de Cristo. Con el templo en ruinas, se cree que la Torá lo sustituyó como centro del culto: los judíos comenzaron a reunirse en distintos lugares para estudiarla. Según la leyenda, fue Esdras el escriba quien inició la lectura pública de la Torá tras el cautiverio y la transformó en un ritual.

El documental recorre también la parashá o porción semanal que se lee cada shabat en las sinagogas, desde la creación del mundo en siete días y el jardín del Edén, pasando por Moisés, la zarza ardiente y la esclavitud en Egipto, hasta las reglas de los sacrificios, el primer censo de las doce tribus y la llegada al río Jordán. Y cerramos con el lugar que este libro ocupa en tres religiones: el judaísmo, que celebra el fin del ciclo anual de lectura en la fiesta de Simjat Torá; el cristianismo, cuyo Antiguo Testamento no es exactamente igual al texto hebreo; y el islam, donde se le llama Taurat y se cree que fue enviada por Alá a Moisés, Musa.

Suscríbete al canal de El DoQmentalista para más documentales de misterio, historia y religión en español.

#LaTora #Jesus #DocumentalesEnEspanol","el doqmentalista, documentales de misterio en español, documentales en español, la torá, torá explicada, el libro que jesús estudiaba, jesús era judío, pentateuco, biblia hebrea, cautiverio de babilonia, judaísmo, antiguo testamento, moisés, historia bíblica, libros sagrados, misterios de la biblia, religión, historia del judaísmo"
a5BDuGl7uSU,483454,"LOS PREADAMITAS, Los Primeros Seres Humanos ANTES de Adán y Eva / El DoQmentalista",Preadamitas: ¿quién habitó la Tierra antes de Adán y Eva?,Preadamitas: la civilización bajo el hielo que la ciencia no explica,Preadamitas: el debate olvidado que comenzó en el año 170,"¿Existieron los preadamitas, seres humanos anteriores a Adán y Eva? Esta es una de las preguntas más antiguas y polémicas sobre el origen de la humanidad, y en este documental la exploramos a fondo.

Según se narra, el debate sobre los preadamitas no es nuevo: desde el año 170 después de Cristo se discute si Adán fue realmente el primer hombre en caminar por la Tierra. Cristianos, evolucionistas, investigadores de lo alienígena y teóricos de la conspiración coinciden en algo inquietante: la Biblia nunca afirma de manera específica que Adán haya sido el primero. El relato del Génesis describe una Tierra sin forma y vacía, como si hubiera atravesado una gran catástrofe, y el episodio del diluvio de Noé muestra que, según esta lectura, la historia humana pudo reiniciarse más de una vez.

El video también examina la tensión entre ciencia y escrituras: una interpretación basada en los textos sagrados sugiere que la Tierra tendría poco más de seis mil años y que la existencia humana operaría en un ciclo de siete mil, mientras la evidencia científica apunta a un planeta muchísimo más antiguo. En medio de esa brecha aparecen los hallazgos que alimentan la teoría preadamita: ciudades antiguas descubiertas bajo el océano, con estructuras elaboradas y una tecnología que, según se explica en el video, no debería haber existido en su época, y una supuesta civilización congelada en la Antártida cuyos esqueletos, vagamente humanos pero con cráneos alargados, algunos atribuyen a una raza extinta y los teóricos de la conspiración a visitantes de otro planeta.

A esto se suma otro punto delicado que el documental plantea: los textos bíblicos originales fueron traducidos una y otra vez, la versión que usamos hoy existe apenas desde el siglo diecisiete y, en todas esas ediciones, quizás se perdió parte de la historia. ¿Pueden la ciencia y la religión, tradicionalmente opuestas, unirse para darnos una imagen más completa de nuestro origen? ¿Y qué sugiere el libro de Job sobre criaturas que parecen dinosaurios conviviendo con humanos?

Si te apasionan los misterios del origen humano, los enigmas bíblicos y las civilizaciones perdidas, suscríbete a El DoQmentalista y activa la campanita para no perderte los próximos documentales.

#Preadamitas #MisteriosBiblicos #ElDoQmentalista","preadamitas, humanos antes de adan y eva, adan y eva, el doqmentalista, documentales de misterio en español, misterios de la biblia, genesis, diluvio de noe, teoria preadamita, ciudades bajo el oceano, craneos alargados, civilizacion en la antartida, origen de la humanidad, enigmas biblicos, civilizaciones perdidas, misterios sin resolver, documental paranormal, ocultismo"
_ua25lfbxBA,481812,Misterio ¿De Donde Vienen Los Mormones? / Nefitas y Lamanitas / Jesús Cristo En América,"Libro de Mormón, el relato que pone a Jesús en América",Mormones: las planchas de oro que un ángel entregó a Joseph Smith,"Nefitas y Lamanitas, la civilización que la arqueología no encuentra","¿De dónde vienen los mormones y por qué su libro sagrado asegura que Jesús visitó América? El Libro de Mormón cuenta una historia que casi nadie fuera de esa fe conoce completa, y en este documental la recorremos de principio a fin.

Según el relato del propio libro, un hombre llamado Lehi sacó a su familia de Jerusalén en tiempos del rey Sedequías de Judá, cuando Babilonia y Egipto se disputaban el control de esa parte del mundo. La narración cuenta que viajaron unos 300 kilómetros por el desierto hasta la costa cercana al golfo de Aqaba, que allí construyeron un barco por instrucción divina y que cruzaron hasta el continente americano guiados por una brújula. De sus descendientes habrían surgido dos pueblos enfrentados: los nefitas, obedientes a los mandamientos, y los lamanitas, convertidos en guerreros y enemigos. El pasaje central del libro es la visita de Jesucristo resucitado a los nefitas, registrada en los capítulos 11 al 28 del tercer Nefi, y el relato termina con la destrucción de los nefitas 421 años después de Cristo.

La historia moderna es igual de asombrosa. Joseph Smith afirmó que un personaje angelical lo visitó el 21 de septiembre de 1823, que cuatro años más tarde recibió unas planchas de oro y que las tradujo del llamado egipcio reformado con ayuda de un instrumento, con Martin Harris y Oliver Cowdery firmando como testigos. La obra se publicó en 1830 en Nueva York y, según se narra, supera los 120 millones de copias en 78 idiomas. El video también repasa la revelación de 1831 con la que Smith habría instituido el matrimonio plural, la muerte del fundador a manos de una turba el 27 de junio de 1844, la migración hacia Utah y los grupos fundamentalistas que, según citó el Salt Lake Tribune en 2005, sumaban al menos 37 mil personas. Y del otro lado, el escepticismo: la comunidad arqueológica no ha hallado correlación con los lugares descritos, los críticos señalan anacronismos como caballos, acero y trigo en la América precolombina, y apuntan a la falta de evidencia de ADN que una a los nativos americanos con el antiguo Oriente Próximo.

Suscríbete a El DoQmentalista para más documentales de misterio, religión y enigmas históricos en español.

#LibroDeMormon #Mormones #Misterio","el doqmentalista, documentales de misterio en espanol, libro de mormon, mormones, nefitas y lamanitas, joseph smith, planchas de oro, jesus en america, origen de los mormones, poligamia mormona, santos de los ultimos dias, brigham young, misterios religiosos, historia de las religiones, enigmas historicos, documentales en espanol, religion y misterio, misterios biblicos"
gWohSNGSdQ0,478445,"MENTIRA, Jesús no nació él 25 de diciembre ADVERTENCIA podrías destruir tu navidad",Jesús no nació el 25 de diciembre y la Iglesia siempre lo supo,¿Cuándo nació Jesús? Los datos de la Biblia apuntan a otoño,Navidad y el Sol Invencible: la fiesta pagana detrás del 25 de diciembre,"¿Jesús no nació el 25 de diciembre? Este documental examina por qué ni la Biblia ni la propia Iglesia conocen la fecha exacta del nacimiento de Jesús de Nazaret, y cómo terminamos celebrando la Navidad en pleno invierno.

El análisis parte de los detalles del relato bíblico. Primero, la inscripción ordenada por César Augusto, que obligó a José y María a hacer un viaje de una semana o más hasta su propia ciudad (Lucas 2): un decreto así difícilmente se habría impuesto a los súbditos en pleno invierno. Segundo, los pastores que vivían a campo raso y guardaban las vigilias de la noche sobre sus rebaños (Lucas 2:8); el video cita el libro La vida cotidiana de Palestina en tiempos de Jesús, según el cual los rebaños permanecían al aire libre desde finales de marzo hasta mediados de noviembre, y pasaban el invierno resguardados en las majadas.

Después llega el cálculo más revelador: una cuenta regresiva desde la muerte de Jesús, ocurrida en la primavera del año 33 de nuestra era, en la fecha de la Pascua, el 14 de nisán. Si tenía unos 30 años al comenzar su ministerio y este duró tres años y medio, su nacimiento se ubicaría a principios de otoño del año 2 antes de nuestra era.

¿Entonces por qué celebramos el 25 de diciembre? El documental cita la Enciclopedia de la Religión Católica: los líderes de la iglesia habrían buscado suplantar las festividades paganas por celebraciones cristianas. En Roma, los paganos consagraban ese día al nacimiento del Sol Invencible durante el solsticio de invierno. Según se narra, en el año 350 un papa sugirió celebrar en esa fecha el nacimiento de Jesús, de fecha desconocida, y en el año 354 el papa Liberio la decretó oficialmente como la fiesta de su nacimiento. La conclusión es tan simple como incómoda: al día de hoy, nadie sabe la fecha exacta en que nació Jesús, y la propia Iglesia lo reconoce.

Si te apasionan los misterios de la Biblia y los orígenes ocultos de nuestras tradiciones, suscríbete a El DoQmentalista y activa la campanita: aquí nos documentalizamos.

#Navidad #JesusDeNazaret #ElDoQmentalista","el doqmentalista, documentales de misterio en español, documentales en español, jesus no nacio el 25 de diciembre, cuando nacio jesus, nacimiento de jesus, origen de la navidad, sol invencible, papa liberio, solsticio de invierno, fiestas paganas, misterios de la biblia, historia del cristianismo, jesus de nazaret, navidad, censo de cesar augusto, documental biblico, misterio y ocultismo"
WElKf6XDVfU,478309,Mensajes Divinos: Simbolismo del Número 444,Número 444: ¿Por Qué Sigue Apareciendo en Tu Vida?,"444: Si Este Número Te Persigue, No Es Coincidencia","Número 444: Protección en Occidente, Señal de Muerte en Oriente","¿Sigues viendo el número 444 en todas partes? Según la creencia de los llamados números de los ángeles, el número 444 no sería una coincidencia, sino un mensaje que alguien intenta enviarte desde el cielo.

En este documental exploramos lo que la tradición espiritual dice sobre el 444: un número de protección y estímulo, la señal de que vas por el camino correcto y de que no estás solo en tu viaje. La numerología lo asocia con los fundamentos, como una mesa robusta que descansa sobre cuatro patas, y hay quienes lo vinculan incluso con la suerte financiera inminente. El video cita al teólogo San Agustín de Hipona entre quienes creían que los números sirven para contactarnos, porque a diferencia del lenguaje tienen un significado universal. Pero no en todas partes es un buen augurio: en las culturas china, vietnamita, coreana y japonesa el cuatro se considera de mala fortuna, porque la palabra que lo nombra suena similar a la palabra para muerte.

El número cuatro atraviesa las grandes tradiciones religiosas: en el budismo se habla de cuatro verdades nobles y cuatro etapas de la iluminación; en el judaísmo, el nombre de Dios tiene cuatro letras y son cuatro las matriarcas; en el cristianismo existen cuatro evangelios y la cruz se compone de cuatro partes; en el hinduismo se enseñan cuatro objetivos de la vida humana. También recordamos que el corazón humano tiene cuatro cámaras, que existen cuatro tipos de sangre y que Aristóteles argumentó que hay cuatro causas en el mundo natural. Incluso se menciona una conspiración según la cual el 444 sería visible en la Sábana Santa de Turín, una tela de historia larga y disputada que la propia Iglesia católica no acepta como artefacto comprobado. Y en la cultura pop, se narra que el rapero Jay-Z grabó su álbum 4:44 después de despertarse justamente a las 4:44 de la mañana.

¿Mensaje del cielo o simple casualidad que nuestra mente decide notar una y otra vez? Al final, depende de cada quien determinar cuánta importancia darle a estas señales.

Suscríbete a El DoQmentalista para más documentales de misterio, simbolismo y enigmas en español.

#Numero444 #Numerologia #Misterio","el doqmentalista, documentales de misterio en espanol, el documentalista, numero 444 significado, 444 significado espiritual, numeros de los angeles, angel numero 444, que significa ver 444, numerologia 444, mensajes de los angeles, despertar espiritual, señales del universo, numerologia, simbolismo de los numeros, sabana santa de turin, misterio, ocultismo, documental de misterio, espiritualidad, paranormal"
xiZ9sjrcaAw,475121,Hoia Baciu - El Bosque mas PELIGROSO del MUNDO el doqmentalista,Hoia Baciu y el caso de la niña que volvió sin envejecer,Bosque de Hoia Baciu: lo que la ciencia aún no logra explicar,Hoia Baciu: los locales de Transilvania ya le temían antes de 1968,"El bosque de Hoia Baciu, en Transilvania, Rumania, es llamado el Triángulo de las Bermudas de ese país. Hoia Baciu acumula relatos de desapariciones sin rastro, luces extrañas en el cielo y fenómenos que, según quienes lo han estudiado, nadie ha logrado explicar del todo.

Según se narra, los habitantes de las localidades cercanas a Cluj-Napoca le temían al bosque desde mucho antes de que se hiciera famoso en 1968. La tradición local cuenta que sus antepasados advertían que, al entrar en el bosque, los temores del subconsciente cobran vida. El video relata que un biólogo dedicó la década de 1950 a estudiar cada pulgada del lugar, y que el 18 de agosto de 1968 un técnico militar, que caminaba con su novia y dos amigos, logró fotografiar un extraño objeto volador que comenzó a brillar y se aceleró hacia el cielo. Según se cuenta, esas imágenes fueron presentadas en 1977 en un congreso internacional de ufología en Acapulco, México, y hay ufólogos que las consideran entre las más precisas jamás captadas de un ovni.

El relato más antiguo habla de un pastor que se internó en las 250 hectáreas del bosque siguiendo a una de sus 300 ovejas y jamás volvió a ser visto: los grupos de búsqueda no hallaron ni una huella. También se cuenta el caso de una niña de cinco años que desapareció en la espesura y reapareció cinco años después, con la misma ropa y sin haber envejecido un solo día, como si para ella solo hubieran pasado minutos. Los testimonios recogidos coinciden en mareos, náuseas, ansiedad, la sensación de ser observado, brújulas que fallan y aparatos electrónicos con interferencias. Y existe un claro donde, según se afirma, nada logra crecer, aunque los estudios de suelo citados en el video indican que la tierra es normal.

Las leyendas van más allá: se dice que Vlad el Empalador abandonó cadáveres en los límites del bosque y practicó ejecuciones allí, y que el fantasma de una novia con vestido blanco vaga entre los árboles, visible solo para mujeres y niños pequeños, a quienes saluda para atraerlos a la profundidad del bosque.

Si te apasionan los expedientes del misterio narrados con seriedad y respeto por los hechos, suscríbete a El DoQmentalista y activa la campana para no perderte el próximo caso.

#HoiaBaciu #Transilvania #Misterio","el doqmentalista, documentales de misterio en espanol, hoia baciu, bosque hoia baciu, bosque embrujado de rumania, transilvania, triangulo de las bermudas de transilvania, ovnis en rumania, desapariciones misteriosas, bosque mas peligroso del mundo, vlad el empalador, lugares embrujados del mundo, fenomenos paranormales, casos paranormales, leyendas de terror, misterios sin resolver, documental paranormal"
56Jpqa1UuHM,474954,Que Significa Soñar Con Una SERPIENTE Significado de los sueños,Soñar con Serpientes: La Advertencia que tu Sueño te Está Enviando,Soñar con Serpientes Casi Nunca Anuncia Algo Bueno: Esto Significa,¿Qué Significa Soñar con Serpientes? Cada Sueño Anuncia Algo Distinto,"Soñar con serpientes es una de las experiencias más inquietantes que puede vivir una persona mientras duerme. Si alguna vez despertaste con esa imagen grabada en la mente, este video repasa, según la tradición de la interpretación de los sueños, qué mensaje podría esconder cada variante de ese sueño.

La lectura tradicional que recoge este documental no es alentadora: según esta creencia, la serpiente representa la señal del demonio o de la bestia en una de sus expresiones, y por eso, en la mayoría de los casos, soñar con ella anunciaría tiempos de traiciones y engaños. Pero no todos los sueños con serpientes se interpretan igual. El video analiza uno por uno los escenarios más comunes: soñar que matas a una serpiente se lee como una victoria, la señal de que ganaste o vas a ganar esa batalla que tenías pendiente; ver una serpiente, en cambio, se considera un mal augurio que anunciaría cosas terribles como la muerte de un familiar cercano, una grave enfermedad o una gran traición.

Hay interpretaciones que sorprenden. Según se narra, soñar que una serpiente te agarra con fuerza intentando estrangularte tendría una connotación muy distinta a la que imaginas; tropezar con una serpiente hablaría de una infidelidad de tu pareja, ya cometida o planeada; y una serpiente que entra en tu casa apuntaría a un amigo que te traiciona o habla mal a tus espaldas. Ver una serpiente cambiando de piel, o solo su piel, se interpreta como renovación y cambios profundos en tu vida; una pelea de serpientes advertiría que serás tú quien traicione a uno o varios amigos; niños jugando con serpientes indicarían que estás rodeado de gente falsa sin que logres darte cuenta por ti mismo; y tener serpientes en casa como animales domésticos se lee como el retrato de una persona con mucho poder que jamás se cansa de querer más y más.

Ninguna de estas lecturas es un hecho comprobado: son interpretaciones que la tradición onírica ha transmitido durante generaciones, y este documental las reúne para que tú decidas qué tanto le hablan a tu propia vida.

Si te apasionan el misterio y los significados ocultos de los sueños, suscríbete a El DoQmentalista y activa la campana para no perderte los próximos documentales.

#SoñarConSerpientes #SignificadoDeLosSueños #ElDoQmentalista","el doqmentalista, documentales de misterio en español, soñar con serpientes, que significa soñar con serpientes, significado de los sueños, interpretación de sueños, sueños con serpientes significado, soñar con víboras, serpientes en sueños, soñar que matas una serpiente, diccionario de sueños, simbolismo de la serpiente, mensajes de los sueños, sueños y su significado, misterio, ocultismo, paranormal, mundo onírico"
eQ8rZLe3XpE,474909,8 secretos de la biblia que casi nadie sabe ✅ El DoQmentalista,La Biblia dice lo contrario: 8 creencias que nadie cuestiona,Lo que la Biblia enseña y casi ninguna iglesia predica,¿Jesús nació el 25 de diciembre? La Biblia dice otra cosa,"¿Cuántos secretos de la Biblia conoces en realidad? En este documental recorremos 8 enseñanzas que están escritas en la propia Biblia y que, según se expone en el video, contradicen varias de las creencias más extendidas del cristianismo popular.

El recorrido empieza con una pregunta incómoda: ¿alguien ha subido al cielo? El video cita el pasaje de Hechos capítulo 2, donde se afirma que el patriarca David está muerto y enterrado, y su tumba sigue entre nosotros, junto con las palabras de Jesús en el evangelio de Juan sobre quién ha subido al cielo. De ahí pasa a un tema aún más polémico: la idea de que las almas no son inmortales, apoyándose en Ezequiel 18:4, donde se lee que el alma que peca morirá. También se aborda Éxodo 20:4, el mandamiento que prohíbe hacer imágenes talladas e inclinarse ante ellas, en contraste con la práctica del grupo eclesiástico más grande del mundo cristiano.

La segunda mitad del video toca las tradiciones que damos por sentadas. Según se narra, los judíos de la época de Cristo no usaban el pelo largo, y el video lo conecta con 1 Corintios 11:14, donde Pablo escribe sobre este tema. Después llegan tres golpes al calendario: el día de reposo bíblico es el séptimo día y no el primero, según Éxodo 20:8-9; el año bíblico comienza en primavera y no en pleno invierno, de acuerdo con Éxodo 12:1-2 y Éxodo 13:3-4; y el 25 de diciembre no sería la fecha de nacimiento de Jesús, ya que el video argumenta que el censo romano y los pastores en el campo no encajan con la estación fría. El cierre es quizá el más inquietante: Mateo 12:40 habla de tres días y tres noches en el corazón de la tierra, y el video plantea que la creencia popular de un entierro el viernes por la tarde y una resurrección el domingo por la mañana simplemente no suma esas 72 horas. Entonces, ¿quién miente?

Si te apasionan los misterios bíblicos y los documentales que se atreven a leer lo que otros prefieren pasar por alto, suscríbete a El DoQmentalista y activa la campana para no perderte los próximos casos.

#Biblia #ElDoQmentalista #MisteriosBiblicos","el doqmentalista, documentales de misterio en espanol, secretos de la biblia, misterios biblicos, lo que la biblia dice, versiculos de la biblia, 25 de diciembre nacimiento de jesus, dia de reposo septimo dia, mateo 12 40, exodo 20 4, la biblia y la iglesia, curiosidades biblicas, biblia explicada, cristianismo, religion, enigmas de la biblia, misterio en español, documental biblico"
55bCmlTOUAY,473086,"¿Dios es Malo? ¿Qué dice la Biblia al respecto?  (Documentales, El DoQmentalista, Entretenimiento)",¿Dios es Malo? Los Versículos de la Biblia que Nadie se Atreve a Leer,Dios es Malo según la Biblia... ¿O la Estamos Leyendo Mal?,¿Dios es Malo? Lee Éxodo 12:29 Antes de Responder,"¿Dios es malo? Hay quienes lo afirman, e incluso creyentes que lo susurran en voz baja. Pero lo que casi nadie se atreve a hacer es abrir la Biblia y leer, sin filtros, los pasajes que alimentan esa pregunta incómoda.

En este documental recorremos, Biblia en mano, los textos más difíciles de explicar. Éxodo 12:29-30 narra la muerte de los primogénitos egipcios: a medianoche el Señor hirió de muerte a todos los primeros hijos de Egipto, desde el primogénito del faraón hasta el del preso en la cárcel, y no hubo una sola casa egipcia sin algún muerto. Génesis 19:24-26 describe la lluvia de fuego y azufre que destruyó Sodoma y Gomorra con todos sus habitantes, y el momento en que la esposa de Lot, por mirar hacia atrás, quedó convertida en estatua de sal, aun cuando el propio texto dice que el Señor les tuvo compasión. Y Ezequiel 9:4-6 registra una orden estremecedora sobre Jerusalén: marcar la frente de quienes lloran por los actos detestables de la ciudad y matar sin piedad a viejos, jóvenes, muchachas, niños y mujeres, comenzando por el templo.

Frente a esos textos se levanta la otra cara: Primera de Juan 4:8 proclama que Dios es amor, mientras otro pasaje lo describe como Dios celoso y vengador, que guarda enojo para sus enemigos. ¿Cómo puede ser bueno y malo a la vez? Esas contradicciones fueron las mismas preguntas que llevaron al narrador de este canal a volverse ateo en su juventud, antes de regresar a la fe con otra mirada: la Biblia, dice, tiene un toque divino pero también un toque humano, y quizá el problema no es que Dios sea malo, sino que nosotros nos hemos alejado de la luz. Como una lámpara que no obliga a nadie a acercarse, la cercanía o la distancia la decidimos nosotros.

Un análisis serio, incómodo y honesto, hecho para pensar y no para ofender. Tú tienes la última palabra.

Si te apasionan los misterios de la Biblia y los temas que otros no se atreven a tocar, suscríbete a El DoQmentalista y activa la campanita.

#DiosEsMalo #MisteriosDeLaBiblia #ElDoQmentalista","el doqmentalista, documentales de misterio en espanol, documental biblico, dios es malo, que dice la biblia sobre dios, muerte de los primogenitos, sodoma y gomorra, esposa de lot estatua de sal, ezequiel 9, dios es amor, contradicciones de la biblia, por que dios permite el mal, misterios de la biblia, antiguo testamento, teologia en espanol, religion y misterio, videos de misterio, documentales en espanol"
cYfCjxeWcEQ,470333,"El Tártaro, La antigua prisión griega de los condenados, El DoQmentalista urano hermes",El Tártaro: el abismo donde Zeus encerró a los Titanes,El Tártaro: el infierno griego que existía antes de los dioses,El Tártaro: el castigo que esperaba a los malvados según los griegos,"El Tártaro es el abismo más profundo de la mitología griega: una prisión sellada con puertas de bronce bajo la tierra donde, según el relato, los propios dioses encerraron a sus mayores enemigos. Pero el Tártaro fue también algo más inquietante: un ser primordial que, según la tradición griega, existía antes de los dioses del Olimpo y de sus predecesores, los Titanes.

En la Teogonía de Hesíodo, el Tártaro aparece como uno de los primeros seres surgidos en la creación del universo, lo opuesto a Gaia, la tierra. Y al igual que Gaia no era una diosa de la tierra sino la tierra misma, el Tártaro no era una deidad del abismo: era el abismo mismo. Los griegos imaginaban el cosmos con forma de huevo esférico, dividido por un disco plano de tierra; la mitad superior formaba la cúpula del cielo y la mitad inferior, el pozo del Tártaro. Hesíodo describe su profundidad con una imagen escalofriante: un yunque de bronce caería del cielo durante nueve noches y nueve días antes de tocar la tierra, y caería otras nueve noches y nueve días desde la tierra hasta llegar al Tártaro.

El relato cuenta que, tras la guerra entre los Titanes y los Olímpicos, los vencidos fueron despachados a ese lugar de brumosa oscuridad por decisión de Zeus, sin salida posible: Poseidón sujetó allí las puertas de bronce y guardianes fieles a Zeus vigilan la prisión. Con el tiempo, los griegos reimaginaron el Tártaro no solo como cárcel de los enemigos de los dioses, sino como reino de castigo para quienes cometieron crímenes atroces en vida, en contraste con el Elíseo, donde se decía que residían los justos. Allí penan condenados célebres como Tántalo y Sísifo. En la Eneida de Virgilio, la Sibila le describe a Eneas los crímenes que llevan a ese destino: odiar a los hermanos, golpear a los padres, defraudar, traicionar al propio pueblo; y castigos como rodar rocas enormes o colgar esparcido en los radios de una rueda, tantos que ni cien lenguas y una voz de hierro bastarían para nombrarlos.

Si te apasionan los misterios de las mitologías antiguas, suscríbete a El DoQmentalista y acompáñanos en el próximo descenso.

#ElTartaro #MitologiaGriega #ElDoQmentalista","el doqmentalista, documentales de misterio en español, el tartaro, tartaro mitologia griega, prision de los titanes, hesiodo teogonia, inframundo griego, zeus y los titanes, tantalo y sisifo, eneida de virgilio, mitologia griega, dioses griegos, titanes, inframundo, mitos y leyendas, leyendas antiguas, misterio, documental en español"
GCBwCO68OWk,470237,Documental: El Enigma de las Reliquias de Jesús y su Significado Espiritual,Reliquias de Jesús: lo que el Vaticano guarda y no exhibe,Reliquias de Jesús: el debate que la ciencia no ha cerrado,Reliquias de Jesús: del Santo Grial al extraño Santo Prepucio,"Las reliquias de Jesús son los objetos más venerados y más discutidos del cristianismo. En este documental recorremos trece reliquias de Jesús que hoy descansan en iglesias y catedrales de todo el mundo, y las leyendas que las rodean.

El recorrido comienza con la Verdadera Cruz: según los relatos del historiador eclesiástico del siglo 5, Sócrates Escolástico, la madre del emperador Constantino exigió demoler el templo pagano de Venus levantado sobre el lugar de la supuesta crucifixión, y allí se habrían descubierto tres cruces bajo los escombros. Cientos de trozos de madera venerados como piezas de la cruz fueron enviados a iglesias por toda Europa. La leyenda del Velo de Verónica cuenta que el rostro de Cristo quedó plasmado en una tela; se hicieron copias hasta el año 1600, cuando el papa ordenó destruirlas, y hoy la basílica de San Pedro conserva un velo que no está expuesto al público. También veremos la Corona de Espinas que se encontraba en Notre Dame antes del incendio, y el Sudario de Oviedo, un paño que descansa en la catedral de San Salvador, en España, y que solo se muestra tres veces al año.

La lista sigue con los clavos de la crucifixión, de los que, según cita el video de la enciclopedia católica, no menos de treinta han sido venerados como reliquias; el Santo Grial, cuya primera leyenda escrita se remonta al año 1100; y el extraño Santo Prepucio, del que llegaron a circular hasta 18 ejemplares en Europa antes de que la iglesia amenazara con la excomunión en 1900. Cierran el archivo la Sábana Santa de Turín y su intenso debate sobre la datación por radiocarbono, la Santa Túnica de Tréveris, la Santa Lanza de Longinos, la Corona de Hierro de Lombardía con sus 22 piedras preciosas, la Escala Santa de 28 escalones de mármol y el misterioso Mandylion, la imagen que, según la tradición, Jesús envió al rey Abgar V de Edesa.

Si te apasionan los enigmas de la historia sagrada, suscríbete al canal y activa la campana para no perderte ningún documental de El DoQmentalista.

#ReliquiasDeJesus #Documental #Misterio","el doqmentalista, documentales de misterio en espanol, documental completo, reliquias de jesus, sabana santa de turin, velo de veronica, santo grial, corona de espinas, santa lanza de longinos, sudario de oviedo, santa tunica de treveris, reliquias sagradas, misterios de la iglesia catolica, vaticano, historia del cristianismo, objetos sagrados, enigmas biblicos, misterios sin resolver, documental en espanol"
5HMmu9Lksfc,465641,"El Misterio De Los 9 Hombres Desconocidos De Ashoka, Misterios Del Mundo",Los 9 Hombres Desconocidos de Ashoka y los 9 Libros Que Nadie Debe Leer,Los 9 Hombres Desconocidos: La Sociedad Que Ashoka Habría Creado Hace 2000 Años,"Los 9 Hombres Desconocidos de Ashoka, el Enigma Que la Historia No Logra Explicar","Los 9 hombres desconocidos de Ashoka son el corazón de una de las leyendas más inquietantes de la India: una sociedad secreta que, según el relato, guardaría desde hace más de 2000 años un conocimiento capaz de cambiar el destino de la humanidad. ¿Quiénes eran los 9 hombres desconocidos y qué contenían sus libros?

La historia arranca en un punto que sí pertenece a la crónica histórica: el emperador Ashoka, nieto del legendario unificador del subcontinente indio, libró una guerra brutal contra el pueblo de Kalinga, en la región entre Calcuta y Madrás. Se dice que sus fuerzas mataron a más de 100 mil guerreros y deportaron a más de 150.000 aldeanos. Horrorizado por la carnicería de su propia victoria, Ashoka renunció a la violencia, se convirtió al budismo y dedicó su imperio a difundir esa religión pacífica por la India, Malasia, Ceilán e Indonesia, contribuyendo a su posterior auge en China, Nepal, Tíbet y Mongolia.

Aquí es donde la leyenda toma el relevo. Según la tradición, poco después del 226 antes de Cristo, Ashoka convocó a las nueve mentes más brillantes de la India y les encargó una misión: recopilar y ocultar todo el conocimiento peligroso para que jamás cayera en las manos equivocadas. Sus identidades nunca se hicieron públicas, y cada uno habría custodiado un libro: la propaganda y la guerra psicológica, la fisiología y el llamado toque de la muerte, la microbiología, la alquimia y la transmutación de metales, la comunicación terrestre y extraterrestre, los secretos de la gravitación y las máquinas voladoras, la cosmogonía, la luz como arma y la sociología que permitiría predecir el declive de las civilizaciones. Cuando uno de los nueve moría o se retiraba, el relato cuenta que un sucesor cuidadosamente elegido ocupaba su lugar, porque el número siempre debía ser nueve.

¿Fue solo un programa imperial para reunir saber militar, como hicieron otros emperadores de aquella época díscola, o existe realmente una hermandad que manipula los acontecimientos del mundo desde las sombras? En este documental separamos lo que la historia registra de lo que la leyenda susurra.

Si te apasionan los misterios documentados con seriedad, suscríbete a El DoQmentalista y activa la campana para no perderte ningún expediente.

#SociedadesSecretas #MisteriosDeLaIndia #ElDoQmentalista","el doqmentalista, documentales de misterio en espanol, misterios del mundo, los 9 hombres desconocidos, sociedad secreta de ashoka, emperador ashoka, leyendas de la india, los nueve libros secretos, guerra de kalinga, sociedades secretas antiguas, misterios de la india, conocimiento prohibido, historia antigua de la india, budismo historia, enigmas sin resolver, documental de misterio, sociedades secretas documental, misterios y enigmas"
qdWSSdVGATs,462057,Misterios: La inquietante verdad sobre la inexistencia del alma humana,"El alma humana: no tienes un alma, eres un alma",El alma y los 21 gramos: lo que la ciencia no logra explicar,¿Tienes alma? La respuesta de la Biblia no es la que crees,"¿Qué es el alma humana? Durante siglos hemos dado por hecho que tenemos una... pero ¿y si en realidad no tienes un alma, sino que eres un alma?

Este documental recorre las grandes interpretaciones sobre el alma a lo largo de la historia. En el Antiguo Testamento, el alma no aparece como una parte del hombre, sino como el hombre mismo: el ser viviente completo. El Nuevo Testamento mantiene esa misma idea, y el apóstol Pablo la confirma al citar el Génesis, donde se escribió que el primer hombre, Adán, llegó a ser alma viviente. Es decir, según esta lectura bíblica, el hombre no recibió un alma: se convirtió en una. La filosofía tomó después el relevo. Sócrates sostenía que el alma existe y es capaz de pensar incluso después de la muerte; Aristóteles la definía como la primera actualidad de un cuerpo organizado de forma natural, y negaba que estuviera separada del cuerpo físico; Tomás de Aquino la entendía como la primera parte de un cuerpo vivo. Frente a ellos, otros afirman que el alma no existe: sería apenas un intento humano por explicar la conciencia, o un cuento nacido del miedo a la muerte para creer que algo de nosotros viaja a otro lugar.

El video también examina la famosa teoría de los 21 gramos: cita cierta evidencia según la cual el cuerpo pesaría 21 gramos menos al morir, algo que algunos científicos han interpretado como el alma abandonando el cuerpo, aunque otros rechazan esa teoría por completo. Y explora la visión esotérica: según esta tradición, el alma es eterna e indestructible, se encarna en el cuerpo denso para aprender lecciones y purificarse, y al morir lo abandona para regresar al mundo del que vino. Como los ángeles que describe la Biblia, el alma sería una concepción sin sexo definido, pero con personalidad propia.

Amor, odio, recuerdos, sueños, pensamientos: cosas que no podemos ver, tocar ni oír, pero que sabemos que existen y nos definen como personas. ¿Será el alma una de ellas?

Si te apasionan los misterios de la Biblia, el ocultismo y los enigmas que la ciencia todavía no resuelve, suscríbete a El DoQmentalista y activa la campanita para no perderte ningún documental.

#ElAlma #Misterio #Documental","el doqmentalista, documentales de misterio en español, el alma humana, que es el alma, el alma segun la biblia, los 21 gramos del alma, el hombre es un alma, alma y cuerpo, filosofia del alma, socrates y el alma, alma viviente genesis, vida despues de la muerte, enigmas de la biblia, misterios sin resolver, documental en español, ocultismo y esoterismo, paranormal, reencarnacion"
ihBQCEyxstc,461788,"""Profecía Oscura: Los Tres Días De Terror Que Cambiarán Al Mundo - Advertencias Del Cielo""",Los 3 Días de Oscuridad: La Advertencia Atribuida al Padre Pío,"Tres Días de Oscuridad: Si las Luces Se Apagan, No Salgas de Casa",Los 3 Días de Oscuridad: La Profecía que la Iglesia No Reconoce,"Los tres días de oscuridad son una de las profecías más inquietantes que circulan en el catolicismo tradicionalista y en muchas comunidades cristianas de Latinoamérica. Según esta creencia, la Tierra quedará sumergida en una oscuridad total durante tres días y tres noches, como castigo divino y purificación antes de un renacimiento espiritual.

El relato sostiene que esta profecía habría sido revelada a varios santos y figuras místicas a lo largo de la historia, entre ellas la beata Ana María Taigi, el padre Pío y la hermana Elena Aiello. Según las narraciones populares, el padre Pío habría advertido sobre una oscuridad total que cubriría la Tierra, aconsejando el uso de velas benditas como única fuente de luz posible, y pidiendo no salir de casa durante esos días, cerrando puertas y ventanas para protegerse de los espíritus malignos. La creencia describe que ninguna bombilla encenderá y ninguna llama resistirá, salvo las velas bendecidas por un sacerdote, vistas no como simples fuentes de luz sino como escudos espirituales. La tradición también aconseja sellar el hogar con agua bendita, crucifijos, medallas de santos y oraciones de protección, porque durante ese periodo, se dice, los demonios vagarían libremente por la Tierra atormentando a las almas desprotegidas.

En este documental exploramos cada detalle del relato: qué pasaría si la vela bendita se apaga, qué se cuenta sobre las entidades que intentarían entrar a los hogares, y por qué la preparación espiritual, el estado de gracia y la oración comunitaria serían la única defensa hasta el amanecer del cuarto día. También comparamos esta creencia con otras tradiciones: el Pralaya del hinduismo, el sol negro de las mitologías mesoamericanas, el fenómeno de los tres soles en leyendas chinas y el periodo de tribulación descrito en el libro del Apocalipsis. Y respondemos la pregunta clave: qué dice realmente la Iglesia Católica, que en su enseñanza oficial no respalda esta profecía, no la incluye en su magisterio y aconseja cautela y discernimiento frente a las revelaciones privadas.

¿Advertencia del cielo o leyenda nacida del miedo? Tú decides. Déjame tu opinión en los comentarios.

Si te apasionan los misterios documentados con seriedad, suscríbete al canal y activa la campana para no perderte el próximo episodio.

#TresDiasDeOscuridad #PadrePio #Profecias","el doqmentalista, documentales de misterio en espanol, el documentalista, tres dias de oscuridad, profecia de los tres dias de oscuridad, padre pio profecia, ana maria taigi, elena aiello, velas benditas, castigo divino, profecias catolicas, apocalipsis, revelaciones privadas, profecias apocalipticas, fin de los tiempos, misterio y ocultismo, fenomenos sobrenaturales, documental de misterio, creencias catolicas, leyendas religiosas"
ENti5hHCmNg,460988,Don de Sanación: Secretos Ancestrales,¿Tienes el Don de Sanación? Las señales que casi nadie nota,Don de Sanación: El Poder que la Ciencia No Logra Explicar,Imposición de Manos: La Práctica que las Culturas Antiguas Conocían,"El don de sanación es uno de los misterios más antiguos y debatidos de la humanidad. ¿Existen realmente personas capaces de aliviar el dolor con un simple toque de sus manos, o todo tiene una explicación que aún no comprendemos?

En este documental exploramos qué es el llamado don de sanación, también conocido como sanación espiritual o sanación divina. Según la tradición, quienes lo poseen actúan como canales de una energía curativa que fluye a través de ellos hacia la persona enferma, buscando restaurar su equilibrio físico, emocional y espiritual. Repasamos lo que dicen las escrituras: los evangelios del Nuevo Testamento relatan a Jesús sanando enfermos, desde leprosos hasta ciegos, y en Primera de Corintios 12:9 el apóstol Pablo menciona los dones de sanidad como un regalo del Espíritu Santo. También analizamos Santiago 5:14-15, donde se instruye a orar por los enfermos con la promesa de que la oración de fe los levantará.

Además, el video recorre las señales que, según esta creencia, podrían indicar que alguien posee el don: sentir calor o energía en las manos, experimentar sueños de personas sanando, o percibir las emociones y dolencias de los demás. Explicamos la práctica de la imposición de manos, presente en muchas culturas y tradiciones espirituales, su variante a distancia relacionada con el Reiki, y las reglas que los propios sanadores dicen respetar: pedir consentimiento, protegerse de energías negativas y jamás prometer curas milagrosas. Un punto queda claro a lo largo de todo el recorrido: estas prácticas se consideran un complemento y nunca un sustituto de la atención médica profesional.

¿Bendición divina, fenómeno psicológico o una habilidad dormida que todos llevamos dentro? La respuesta puede ser tan individual como cada persona que la busca.

Si te fascinan los enigmas que desafían los límites entre la fe y la ciencia, suscríbete al canal y activa la campana para no perderte los próximos documentales de El DoQmentalista.

#DonDeSanacion #SanacionEspiritual #Misterio","el doqmentalista, documentales de misterio en espanol, documental paranormal, don de sanacion, sanacion espiritual, imposicion de manos, sanacion con las manos, dones espirituales, sanadores, energia curativa, sanacion a distancia, reiki, dones del espiritu santo, milagros de sanacion, misterios de la biblia, fenomenos inexplicables, espiritualidad, misterio y ocultismo"
6PKRylRNouI,457400,BABA VANGA: Las Profecias Del Terror - Documentales en Español,BABA VANGA: Las Profecías Que Ya Se Cumplieron y Lo Que Viene,BABA VANGA: La Última Advertencia Que Dejó Antes de Morir,BABA VANGA: El Don Que la Ciencia Nunca Pudo Explicar,"Baba Vanga y sus profecías siguen inquietando al mundo décadas después de su muerte. En este documental recorremos la vida de la vidente ciega de los Balcanes y el calendario de predicciones que, según se narra, llega hasta el año 5079, señalado por ella como el fin del mundo.

Vangelia Pandeva, conocida como Baba Vanga, nació el 31 de enero de 1911 en un pequeño poblado llamado Strumica, en la República de Macedonia, y murió el 11 de agosto de 1996. El relato cuenta que a los 12 años un tornado la levantó y la arrojó 400 metros; sus ojos quedaron dañados y cuatro años después perdió la vista por completo. Fue entonces, dice la tradición, cuando empezó a ver lo que nadie más veía: aseguraba que criaturas invisibles le mostraban la vida de cada persona como una película, desde su nacimiento hasta el día de su muerte. Comenzó a profetizar a los 16 años y, antes de morir, afirmó que su don pasaría a una sola heredera, una niña que vive al sur de Francia.

Entre los aciertos que se le atribuyen, el video repasa su visión de 1989 sobre los ""hermanos americanos"" atacados por aves de hierro, interpretada como el 11 de septiembre de 2001; el aviso al zar búlgaro Boris sobre el 28 de agosto, día en que falleció en 1943; su grito por Praga en enero de 1968, meses antes de la entrada de los tanques rusos; la muerte de Indira Gandhi; la perestroika; la guerra de Chechenia de 1994; la muerte de la princesa Diana y el hundimiento del submarino Kursk. Después llega la parte más perturbadora: el calendario futuro, con una nueva fuente de energía en 2028, el deshielo de los polos en 2033, una guerra en 2123, la colonia de Marte en 2195 y un contacto con algo terrible en 2221, hasta el año final de la humanidad.

Si te apasionan los enigmas, las profecías y los misterios que la historia no termina de cerrar, suscríbete a El DoQmentalista y activa la campana para no perderte ningún documental.

#BabaVanga #Profecias #Documentales","el doqmentalista, documentales de misterio en espanol, documentales en espanol, baba vanga, profecias de baba vanga, baba vanga predicciones, vidente ciega, profecias fin del mundo, baba vanga 11 de septiembre, calendario de profecias, profecias cumplidas, videntes famosos, misterios sin resolver, enigmas y misterios, paranormal, ocultismo, predicciones del futuro, documental paranormal"
_Ihgq7O8Chg,455377,"Ángeles Encarnados, Hay Ángeles En la Tierra, Espiritualidad",Ángeles Encarnados: Las Señales Que Delatan a Uno Cerca de Ti,¿Podrías Ser un Ángel Encarnado y No Saberlo? Estas Son las Señales,Ángeles en la Tierra: Los Testimonios Que Describen a los Encarnados,"¿Existen ángeles encarnados viviendo entre nosotros como personas comunes? Los ángeles encarnados, según una antigua creencia recogida en testimonios de teólogos, sacerdotes, pastores y personas comunes, serían seres que eligieron vivir toda una vida en un cuerpo humano, trabajando en silencio por la luz y el bien.

El punto de partida de esta tradición es un pasaje bíblico que el propio video cita, de la carta a los Hebreos: no os olvidéis de la hospitalidad, porque por ella algunos, sin saberlo, hospedaron ángeles. A partir de ahí, los relatos describen ángeles que toman forma humana para intervenir, evitar tragedias o cumplir una misión, y luego desaparecen sin dejar rastro antes de que alguien pueda siquiera darles las gracias.

Pero hay una clase distinta, según esta creencia: la del ángel que no visita, sino que se queda. Los testimonios recopilados describen señales para reconocerlos: rostros dulces con forma de corazón, labios de arco de cupido, ojos que irradian inocencia y amor incondicional. Serían personas volcadas a dar: profesores, doctores, enfermeras, escritores, psicólogos, bomberos y activistas a quienes les cuesta decir que no. La tradición sostiene incluso que muchos de ellos no saben que son ángeles, y que por eso se enamoran con facilidad, cargan peso extra en el cuerpo y luchan contra males como la fibromialgia o el síndrome de fatiga crónica, pues serían extremadamente sensibles a las energías densas de quienes los rodean. También explica por qué el término correcto sería encarnado y no reencarnado, y describe el uso de distintas luces según el relato esotérico: la blanca de protección, la rosa frente a personas negativas, la verde esmeralda para sanar, la púrpura para elevar la frecuencia espiritual y la luz del arcoíris para el trabajo de curación energética.

¿Leyenda espiritual, interpretación de un versículo o una realidad que camina a nuestro lado sin que la veamos? Escucha los detalles, compara las señales y saca tus propias conclusiones.

Si te apasionan los misterios del mundo espiritual contados con seriedad, suscríbete a El DoQmentalista y activa la campana para no perderte los próximos documentales.

#AngelesEncarnados #Espiritualidad #Misterio","el doqmentalista, documentales de misterio en espanol, angeles encarnados, angeles en la tierra, como reconocer a un angel encarnado, senales de un angel encarnado, angeles con forma humana, trabajadores de la luz, hebreos hospedaron angeles, espiritualidad, seres de luz, angeles, mundo espiritual, misterios biblicos, fenomenos paranormales, testimonios angelicales, documental de angeles, energia espiritual"
urB5RvI0a5A,454728,"El poder mágico de los ESPEJOS, El DoQmentalista entretenimiento",Espejos que jamás deben reflejar tu cama según la tradición,"Espejos cubiertos tras una muerte, la costumbre que olvidamos","Espejos enfrentados, ¿qué ocurre según la creencia popular?","¿Qué esconden realmente los espejos de tu casa? El poder mágico de los espejos es uno de los temas más antiguos de las creencias populares, y este documental reúne las advertencias que la tradición ha repetido por generaciones.

Todo comienza con un relato: una anciana muere en su casa y su familia, siguiendo una creencia de antaño, debía cubrir con tela gruesa todos los espejos del hogar. Olvidaron uno pequeño, situado en el rincón más alejado. Según cuenta la historia, el espíritu de la mujer se vio reflejado en él, una visión retorcida que no se parecía en nada a ella, y quedó atrapada a medio camino: ni en el mundo físico ni en el más allá. Desde entonces, dice el relato, la casa se llenó de pisadas, susurros y objetos que cambiaban de lugar por sí mismos.

A partir de esa leyenda, el video recorre doce creencias sobre los espejos que distintas culturas han transmitido: por qué se cubren cuando alguien muere, por qué conviene limpiarlos con agua fría después de una visita desagradable, el peligro que la tradición atribuye a los espejos antiguos cuya historia no conocemos, y la prueba de la vela encendida para revisar el aura de un espejo recibido como regalo. También la advertencia de nunca colocar un espejo frente a la cama, el ritual del gemelo del espejo para proteger la casa al salir, la mala suerte que la superstición asocia con romper un espejo y el supuesto túnel hacia otro plano de existencia que se abriría cuando dos espejos se enfrentan.

Nada de esto se presenta como hecho comprobado: son creencias populares, tradiciones esotéricas y relatos transmitidos de generación en generación. Pero su persistencia en tantas culturas dice mucho del respeto, y del temor, que estos objetos han despertado desde los primeros días de su invención, cuando la gente ya los miraba con desconfianza y los rodeaba de rituales.

Si te apasionan el misterio, las leyendas y lo inexplicable, suscríbete a El DoQmentalista y activa la campana para no perderte ningún documental.

#Espejos #Misterio #Supersticiones","el doqmentalista, doqmentalista, documentales de misterio en español, espejos, poder de los espejos, supersticiones con espejos, espejos enfrentados, cubrir espejos cuando alguien muere, espejo frente a la cama, romper un espejo, leyendas de espejos, espejos y espíritus, misterio, paranormal, ocultismo, leyendas urbanas, creencias populares, supersticiones"
GI62hYx7wBQ,452132,"La Casa En El Bosque, Historia Real Que Le Pasó A Un Suscriptor, Historias De Terror",La Casa en el Bosque: Entró por Curiosidad y Vio un Crimen del Pasado,"Casa Abandonada en el Bosque: Si Sientes Que Te Llama, No Entres",El Cuaderno del Suicida: La Confesión Sobre la Casa en el Bosque,"La casa en el bosque es el centro de una de las historias de terror reales más inquietantes que han llegado al canal. Un suscriptor nos escribió por correo para compartir el contenido de un cuaderno que encontró entre las pertenencias de su primo fallecido, y lo que ese cuaderno relata podría cambiar todo lo que su familia creía sobre su muerte.

Según la versión oficial que menciona el relato, el primo de nuestro informante sufrió un suicidio accidental tras ingerir una sobredosis de cloro. Pero cuando su tía, a punto de mudarse, le regaló unas cajas con libros de filosofía, matemáticas y ciencias, entre ellas apareció un pequeño cuaderno escrito, al parecer, de puño y letra del fallecido. En sus páginas quedó una confesión que comienza un viernes 6 de julio del 2012: un paseo en bicicleta con su amigo Ignacio por una ruta apartada, entre cementerios y florerías, que terminó con una tormenta, un refugio en una cueva, un cruce peligroso sobre un río crecido y una casa incrustada en el bosque, cercada por una malla de acero con un hueco por donde entrar.

El relato cuenta que, al tocar unas manchas bajo una cama del piso superior, el joven cayó en una especie de visión de otra época: una madre con su hija de unos 16 años, figuras vestidas de negro con túnicas y máscaras con símbolos extraños, y un ritual de una crueldad que él aseguraba haber sentido en carne propia. Al despertar, estaba fuera de la casa, sangrando por la boca, la nariz y los oídos. Tiempo después, según se narra en el escrito, un vendedor de flores les contó que en esa casa había ocurrido una tragedia: un asesinato con tintes de ritual extraño en el que murieron una señora y su hija.

Hoy, nuestro informante confiesa que está dispuesto a ir al lugar de los hechos a buscar la casa en el bosque. ¿Crees que encuentre alguna pista sobre la verdadera razón del suicidio de su primo? Déjame tu opinión en los comentarios.

Suscríbete a El DoQmentalista para más historias de terror enviadas por suscriptores y documentales de misterio en español.

#HistoriasDeTerror #CasaEnElBosque #ElDoQmentalista","el doqmentalista, documentales de misterio en espanol, historias de terror reales, la casa en el bosque, historias de suscriptores, casa abandonada en el bosque, relatos de terror en español, rituales extraños, casas embrujadas, visiones paranormales, historias de terror reales de suscriptores, experiencias paranormales, creepypasta en español, misterio y terror, paranormal en español, historias reales de miedo, terror latinoamericano, leyendas y relatos oscuros"
Kmp9Zh4OazA,451981,Los Caballeros templarios Quienes fueron y por qué los llamaban así documentales interesantes,Caballeros Templarios: sabían del arresto un mes antes,Caballeros Templarios: el 80% escapó antes del viernes 13,Templarios: los 18 barcos que zarparon de La Rochelle,"Los Caballeros Templarios no cayeron como nos contaron. Este documental sobre los Caballeros Templarios revisa los registros de su arresto y encuentra algo inquietante: las órdenes selladas estaban fechadas un mes antes de las redadas, y todo indica que la orden ya sabía lo que venía.

Los Templarios fueron la primera orden religiosa militar de la historia: monjes que luchaban como caballeros, conocidos como la Orden del Templo de Salomón. Según un relato contado unos cincuenta años después, fueron fundados en Jerusalén alrededor de 1119 por nueve veteranos de la Primera Cruzada, con la misión de patrullar las rutas de peregrinación de Tierra Santa. En 1128 se convirtieron en orden monástica de pleno derecho y se extendieron por toda Europa, donde crearon un ingenioso sistema de finanzas internacionales: un peregrino depositaba su dinero en Francia, recibía un documento con sellos especiales templarios y lo retiraba en Jerusalén. Así nació buena parte de su enorme riqueza, junto con las donaciones de tierras de la nobleza europea.

Pero tras la caída de Acre en 1291, la orden quedó debilitada, y el rey Felipe IV de Francia, ahogado en deudas, vio su oportunidad. Los hizo arrestar al amanecer del viernes 13 de octubre de 1307 acusándolos de herejía, con una narración fabricada de rituales satánicos y un demonio inventado para la ocasión. El detalle que cambia todo: de los más de 3000 templarios que los historiadores estiman que había en Francia, solo 620 fueron detenidos. El video cita los registros recogidos por el historiador Malcolm Barber, donde figuran 24 sobrevivientes franceses oficialmente nombrados, encabezados por el preceptor de Francia, Gérard de Villiers, que abandonaron la prefectura la noche anterior conduciendo carros de heno. Dieciocho barcos salieron del puerto de La Rochelle, probablemente cargados de caballeros, registros, monedas y tesoros. El Papa suprimió la orden en 1312, el último gran maestre fue quemado en la hoguera en 1314, y tanto Felipe como el Papa murieron ese mismo año, lo que alimentó la leyenda de que los Templarios seguían existiendo y se habían vengado.

Si te apasionan los grandes enigmas de la historia contados con datos y sin humo, suscríbete a El DoQmentalista y activa la campana para no perderte los próximos documentales.

#CaballerosTemplarios #Documentales #MisteriosDeLaHistoria","el doqmentalista, documentales de misterio en espanol, documentales interesantes, caballeros templarios, templarios, orden del temple, felipe iv de francia, viernes 13 de 1307, tesoro templario, la rochelle templarios, jacques de molay, cruzadas, tierra santa, ordenes militares, edad media, historia medieval, sociedades secretas, misterios de la historia, enigmas historicos, documentales en espanol"
jzvQV-ddL5o,449933,El Oscuro Y Tenebroso Origen Del Dia De San Valentín (Dia Del Amor Y La Amistad),San Valentín no nació del amor sino de un ritual de sangre en Roma,Día de San Valentín: el ritual pagano que la Iglesia intentó borrar,¿Quién fue San Valentín? Tres mártires y una fiesta de sangre romana,"El origen de San Valentín no huele a rosas: huele a sangre, vino y cueros de animales sacrificados. En este documental descubrirás por qué el día del amor y la amistad esconde uno de los rituales más brutales de la antigua Roma.

Del 13 al 15 de febrero los romanos celebraban la Lupercalia, una fiesta de la fertilidad dedicada a Fauno, el dios romano de la agricultura, y a Rómulo y Remo, los fundadores de Roma que, según el relato, fueron criados por una loba en una cueva sagrada. Los sacerdotes sacrificaban una cabra y un perro, sumergían los cueros en la sangre del sacrificio y salían a las calles a azotar a las mujeres, que recibían los golpes con agrado porque creían que así serían más fértiles. La fiesta incluía además una especie de rifa: las jóvenes ponían su nombre en una gran urna y los solteros sacaban una pareja con la que quedaban emparejados, uniones que muchas veces terminaban en matrimonio.

¿Y dónde entra San Valentín? El video repasa cómo el emperador Claudio II ejecutó a dos hombres llamados Valentín un 14 de febrero, en años distintos, durante el siglo III después de Cristo, y cómo la Iglesia católica reconoce al menos tres santos con ese nombre, todos martirizados. Según una leyenda, un sacerdote llamado Valentín casaba en secreto a jóvenes enamorados desafiando el decreto de Claudio II que prohibía el matrimonio a los soldados; otro relato cuenta que un Valentín encarcelado se enamoró de la hija de su carcelero y antes de morir le escribió una carta firmada ""de tu Valentín"", expresión que se sigue usando hoy. En el siglo V, el papa Gelasio I combinó el día de San Valentín con la Lupercalia para expulsar los rituales paganos, y con los siglos las notas escritas a mano dieron paso a las tarjetas impresas, a la producción en masa de la revolución industrial y a un negocio que hoy mueve miles de millones de dólares año tras año.

Si te apasionan los orígenes ocultos de nuestras tradiciones, suscríbete a El DoQmentalista y activa la campanita para no perderte más documentales de misterio en español.

#SanValentin #Lupercalia #Documental","el doqmentalista, documentales de misterio en espanol, doqmentalista, origen de san valentin, dia de san valentin, lupercalia, san valentin historia, dia del amor y la amistad, 14 de febrero, claudio ii, fiestas paganas, roma antigua, rituales paganos, misterios historicos, tradiciones oscuras, historia oculta, ocultismo, curiosidades historicas"
a8JlLHGW2gA,439548,"MOLOCH, El Devora Niños - ADVERTENCIA Podrías tener pesadillas","Moloch, el Devora Niños: el ritual más cruel del mundo antiguo",Moloch: los sacrificios de niños que Plutarco relató,Moloch: el culto de fuego que el Imperio Romano destruyó,"Moloch, el devorador de niños, es una de las figuras más aterradoras del mundo antiguo: un dios al que, según los relatos, se le ofrendaban bebés en rituales de fuego. En este documental repasamos quién era Moloch, dónde se le adoraba y por qué su nombre aparece condenado en la propia Biblia.

Según la tradición, Moloch fue venerado por cananeos, fenicios, cartagineses y sirios, para quienes representaba el poder del fuego como medio de purificación. Los relatos lo describen como un ser semihumano con cabeza de carnero, sentado en un enorme trono, con corona y báculo, como un rey. Su culto giraba en torno a un ritual practicado principalmente en el Oriente Próximo, en el que se sacrificaban niños, especialmente bebés en perfectas condiciones, por cremación, y sus cenizas eran enterradas en el Tofet, un lugar cercano a Jerusalén que el Antiguo Testamento menciona en Jeremías 7:31-32, donde se condena quemar al fuego a los hijos y a las hijas.

El video también recoge lo que escribieron autores griegos: Plutarco de Queronea relata que la zona se inundaba con un fuerte ruido de flautas y tambores para que los gritos de los niños no llegaran a los oídos de la multitud, y se cita una descripción de una imagen de bronce de Cronos con las palmas hacia arriba, desde donde los pequeños caían por la boca abierta dentro del fuego. Según se narra, en una ocasión, tras perder una batalla, se llegó a sacrificar a 300 niños y niñas de las mejores familias para aplacar la ira del dios. Los griegos identificaron a Moloch con Cronos y los romanos con Saturno, y textos bíblicos como Levítico 18:21 y 1 Reyes 11:7 también lo mencionan. Fue la expansión del Imperio Romano la que propició la caída de su culto, aunque su figura sobrevivió en la demonología como el señor del fuego, cuya fuerza, según esas tradiciones, es especialmente poderosa en el mes de diciembre.

Si te apasionan los misterios del mundo antiguo, la Biblia y la demonología, suscríbete al canal de El DoQmentalista para no perderte los próximos documentales.

#Moloch #Demonologia #MisteriosBiblicos","el doqmentalista, documentales de misterio en español, documental en español, moloch, moloc devorador de niños, dios moloch, sacrificios de niños en la antiguedad, moloch en la biblia, tofet, ritual de fuego, fenicios y cartagineses, plutarco, cronos y saturno, demonologia, demonios, misterios biblicos, ocultismo, dioses antiguos, mitologia antigua, paranormal"
YMVzh_G0KsM,436032,"EL CUSTOS VATICANI, El Protector Oculto Del Vaticano - Documentales en Español",Custos Vaticani: Dicen Verlo De Noche En Lo Alto De Las Cúpulas,"Custos Vaticani, El Guardián Del Vaticano Del Que Nadie Habla","Custos Vaticani: Si Viajas En Astral Al Vaticano, Algo Te Espera","El Custos Vaticani es una de las leyendas urbanas más inquietantes que rodean al Vaticano. Según el relato, una criatura mística custodiaría la sede de la Iglesia Católica desde tiempos del Imperio Romano, y hay quienes afirman haber visto su silueta de noche, en lo alto de las cúpulas y tejados, como un centinela eterno.

La leyenda describe al Custos Vaticani como una figura angelical que combina rasgos de gárgolas y querubines: alas enormes, garras afiladas y una expresión feroz. Los relatos le atribuyen una altura de unos cuatro metros y una envergadura de hasta seis metros con las alas desplegadas, piel con textura de mármol blanco plateado, ojos de color ámbar intenso, dos cuernos retorcidos sobre la frente y una cola larga terminada en punta afilada, similar a la de un escorpión. A pesar de esa apariencia intimidante, la tradición lo pinta como un ser benévolo y leal a la Iglesia, que no actúa por voluntad propia sino siguiendo las órdenes del papa y de los líderes eclesiásticos de alto rango.

Lo más fascinante del relato son sus supuestos poderes: la capacidad de moverse entre el plano físico y el astral, cambiar de forma a voluntad, comunicarse por telepatía y detectar a los viajeros astrales que intentan entrar al Vaticano sin permiso. Cuando eso ocurre, cuenta la leyenda, el guardián los enfrenta con una energía intensa y desorientadora que los obliga a regresar a su cuerpo. Se dice también que a lo largo de los siglos habría repelido demonios, espíritus malignos y brujas que buscaban robar los secretos del lugar, aunque mostrando compasión con quienes se arrepienten. Esta historia ha circulado en susurros dentro de los círculos esotéricos y paranormales, y aunque no existe evidencia que respalde su existencia, las imágenes borrosas y los testimonios compartidos en foros y redes sociales siguen alimentando el mito.

Si te apasionan los misterios, el ocultismo y los enigmas que envuelven nuestra historia humana y religiosa, suscríbete al canal de El DoQmentalista y acompáñame a explorar lo desconocido.

#CustosVaticani #Vaticano #Misterio","el doqmentalista, documentales de misterio en espanol, documentales en español, custos vaticani, guardian del vaticano, leyendas del vaticano, criaturas misticas, viaje astral, plano astral, gargolas, secretos del vaticano, leyendas urbanas, misterios de la iglesia catolica, seres sobrenaturales, ocultismo, paranormal, enigmas y misterios, criptozoologia, angeles y demonios"
KqATCoVNO5A,433940,"Que Es Brujeria Y Santeria: ifa, wicca, olodumare, occult, historias del mas allá, relatos de terror",Brujería y Santería No Son Lo Mismo y Confundirlas Tiene Consecuencias,Brujería y Santería: La Advertencia Antes de Pedir Hechizos en Redes,Santería y Brujería: Lo Que los Pueblos Latinos Siempre Han Sabido,"¿Brujería y santería son lo mismo? Millones las confunden, pero detrás de cada una hay un mundo distinto, con reglas propias y consecuencias muy diferentes para quien decide practicarlas.

En este documental recorremos las dos corrientes mágicas más comunes de América Latina. La santería, según se narra, nació entre los esclavos africanos durante la época de la colonia y se extendió desde Cuba hacia Puerto Rico, República Dominicana, Venezuela y Panamá. Es una religión que sincretiza a los dioses del panteón yoruba con los santos católicos: sus relatos, llamados pataky, describen ceremonias y costumbres de más de cuatrocientas divinidades, entre ellas orichas tan conocidos como Yemayá y Changó. La tradición sostiene que los babalawos, sus sacerdotes, ayudan a los creyentes a comunicarse con los orichas, y que la iniciación exige vestir de blanco, ser tocado solo por familiares, amigos o amantes, y permanecer bajo estrictas restricciones durante todo un año.

La brujería, en cambio, no está atada a ninguna religión. Hay brujas que creen en Dios pero no en la Biblia, que trabajan con los cuatro elementos, con velas e incienso, con magia blanca o magia negra. En los pueblos latinoamericanos es común crecer entre limpiezas de huevo y rituales heredados sin siquiera saber que eso también es brujería, a menudo con fuertes conexiones a la Virgen de Guadalupe, la Santa Muerte, los ángeles o los demonios. Y en Occidente, el estereotipo de la bruja que pacta con el diablo alimentó la cacería de brujas de Europa de los siglos 14 al 18, aunque, como señala el propio video, esa imagen existió más en la imaginación de la época que en cualquier realidad objetiva.

Hoy ambas prácticas viven un auge silencioso en redes sociales: cuentas de Instagram, páginas de Facebook y canales de YouTube ofrecen hechizos, limpiezas de energía y lecturas de tarot al público general. El video advierte que no todo lo que parece magia inocente lo es, y que quien no sabe cómo tratar estas prácticas podría meterse en serios problemas.

Suscríbete a El DoQmentalista para más documentales de misterio, ocultismo y creencias que marcaron a nuestros pueblos.

#Brujeria #Santeria #Ocultismo","el doqmentalista, documentales de misterio en español, el documentalista, brujería, santería, diferencias entre brujería y santería, orichas, religión yoruba, babalawo, yemayá, changó, hechizos, magia negra, magia blanca, limpieza de huevo, ocultismo, esoterismo, misterio, paranormal, creencias latinoamericanas"
hw71HRt6-NI,422029,"¿Quién era Jesús?, ¿quien fue jesus? documentales interesantes",¿Quién era Jesús? La arqueología revela cómo era en realidad,El rostro real de Jesús no es el que te enseñaron,Jesús de Nazaret: esto dicen los evangelios y la ciencia hoy,"¿Quién era Jesús realmente? Durante siglos la imagen de Jesús se construyó desde el arte y la tradición, pero las recientes investigaciones arqueológicas e históricas permiten hoy acercarse a la pregunta con datos concretos.

Este documental recorre lo que narran los evangelios y lo que los estudiosos han logrado reconstruir. Los evangelios de Mateo y Lucas afirman que Jesús nació en Belén, de María, y los estudiosos sitúan su nacimiento en algún momento entre el 7 antes de Cristo y el 1 antes de Cristo, es decir, antes de lo que comúnmente se cree. La tradición del 25 de diciembre no surgió hasta siglos después. El relato de Mateo cuenta la llegada de los magos siguiendo la estrella de Belén, que algunos científicos han especulado que podría ser un cometa o el planeta Venus, y la furia del rey Herodes, aunque hoy los estudiosos dudan de ese episodio porque no hay pruebas fuera de la Biblia de que Herodes conociera a Jesús.

El viaje sigue en Nazaret, donde trabajos arqueológicos recientes identificaron dos casas que datan del siglo primero, una de ellas venerada posteriormente como la casa en la que creció Jesús. El evangelio de Marcos afirma que trabajó como carpintero, y los relatos sitúan gran parte de su ministerio, iniciado hacia los 30 años, en los alrededores de Galilea, hasta la traición de Judas Iscariote y el juicio ante Poncio Pilato, prefecto romano que gobernó Judea entre el 26 y el 37 después de Cristo, con una crucifixión ocurrida en torno a la Pascua.

Y queda la pregunta más inquietante: ¿qué aspecto tenía? El video cita una investigación reciente de una profesora del King's College de Londres, según la cual Jesús probablemente medía alrededor de 1.65, tenía la piel de color marrón oliva, el pelo negro, y mantenía la barba y el cabello cortos para evitar los piojos, un problema serio de la época. Un hombre delgado pero algo musculoso, marcado por el trabajo manual y los viajes a pie. Nada que ver con la vida suave que a veces nos han pintado.

Si te apasionan los enigmas de la historia y los misterios de la Biblia, suscríbete a El DoQmentalista para no perderte los próximos documentales.

#Jesus #Documental #HistoriaBiblica","el doqmentalista, documentales de misterio en espanol, quien era jesus, jesus historico, jesus de nazaret, vida de jesus, rostro de jesus, arqueologia biblica, evangelios, poncio pilato, nazaret, herodes, cristianismo primitivo, misterios de la biblia, historia antigua, documental completo en espanol, documentales interesantes, misterios sin resolver"
MladleVnHCA,417613,"¿QUÉ ES EL OCULTISMO? Libros, Peligros y Alta Magia, El DoQmentalista",Ocultismo: No Es Lo Que Te Contaron y Este Es Su Origen Real,El Ocultismo Nació Para Sobrevivir: Esto Es Lo Que Escondía,Ocultismo: Escucha Esto Antes de Juzgarlo (o Practicarlo),"¿Qué es el ocultismo en realidad? Antes de responder, olvida casi todo lo que te contaron sobre esa palabra.

Este documental explora por qué el ocultismo es un término tan difícil de definir: para algunos evoca un mundo fascinante de misterio y actividad paranormal; para otros, brujería e intenciones oscuras. El video narra que en décadas pasadas la palabra abarcaba todo lo que quedaba fuera del pensamiento tradicional, y que fue a mediados de la década de 1970 cuando el movimiento espiritual tomó un tono más siniestro, en parte por el auge de las organizaciones satánicas y la rápida propagación de nuevas religiones y cultos, algunos de ellos avivamientos de creencias antiguas que se consideraban inactivas.

El recorrido se adentra en el significado profundo de lo ""oculto"": según se narra, hubo un tiempo en que pensar distinto a la norma podía costar la libertad o la vida. El video recuerda el caso del sabio condenado a arresto domiciliario por enseñar la idea, entonces herética, de que la Tierra no era el centro del sistema solar, mientras cientos de miles de personas sufrieron castigos inquisitivos y tortura. Por eso, prácticas como la adivinación, la comunicación con los muertos y religiones como la wicca, el vudú, la santería e incluso el budismo y el hinduismo tuvieron que practicarse en la clandestinidad. Sobrevivir exigía permanecer oculto.

También descubrirás datos que pocos conocen: el tarot comenzó como un simple juego de cartas al que el tiempo fue cargando de significados, y tradiciones como las logias masónicas guardan símbolos que no están destinados a ser intuitivos, diseñados para esconder conocimiento poderoso a plena vista. El documental sostiene que la magia no está en las herramientas sino dentro de nosotros, y que leer las cartas no requiere poderes especiales, solo aprender sus significados. Al final queda una invitación: acercarse a lo oculto sin miedo ni prejuicios, porque, como dice el propio video, se trabaja desde las sombras para servir a la luz.

Si te apasionan el misterio, el esoterismo y las historias que la cultura oficial prefiere no contar, suscríbete a El DoQmentalista y activa la campanita para no perderte ningún documental.

#Ocultismo #Misterio #ElDoQmentalista","el doqmentalista, documentales de misterio en espanol, documental ocultismo, que es el ocultismo, ocultismo, esoterismo, alta magia, historia del tarot, simbolos masonicos, adivinacion, wicca, ciencias ocultas, conocimiento oculto, sociedades secretas, misterio, paranormal, magia, brujeria, documental en espanol"
ymLqCL_yTBg,413778,"EL CAZADOR DE BRUJAS, El DoQmentalista, Brujas Reales, Historias De Terror",La Leyenda del Cazador de Brujas Que Fue Juzgado Con Su Propio Método,Matthew Hopkins: El Expediente del Cazador de Brujas Más Temido,Dicen Que el Fantasma del Cazador de Brujas Aún Ronda Essex,"El cazador de brujas más temido de Inglaterra sembró tanto odio que, según la leyenda, terminó enfrentando el mismo juicio que él impuso a decenas de acusados. Esta es la historia de Matthew Hopkins, el hombre que convirtió la caza de brujas del siglo 17 en un negocio, y de la leyenda que asegura que el destino lo puso del otro lado de la cuerda.

Hopkins intentó ganarse la vida como abogado, pero no era muy bueno, y descubrió que perseguir brujas era una forma de aumentar sus pobres ingresos. Sin experiencia ni formación, se tomó el trabajo muy en serio: viajaba de pueblo en pueblo investigando cualquier suceso extraño, desde animales de granja enfermos hasta un simple sarpullido. Bastaba un chisme entre vecinos para que una mujer terminara acusada de brujería. Junto a su asistente Stearne, mantenía despiertos a los sospechosos durante días hasta que, agotados y confundidos, confesaban casi cualquier cosa. Usaba además un cuchillo de hoja retráctil que no dejaba marca, con el que ""probaba"" la culpabilidad, y su método más famoso: la prueba de natación, en la que el acusado era atado y bajado al estanque local. Si se hundía era inocente; si flotaba, el cielo lo había rechazado. El negocio era rentable: en un pueblo de Suffolk recibió 23 libras, una fortuna cuando el salario de un aldeano era de apenas 6 centavos al día.

Pero a medida que crecía el número de muertos, crecían también sus enemigos. La gente empezó a preguntarse cómo podía saber tanto sobre brujería sin haber consultado al diablo, y fue acusado de usar brujería para robar un libro con los nombres de todas las brujas de Inglaterra. La leyenda cuenta que la multitud enfurecida lo obligó a pasar su propia prueba del agua en Essex: Hopkins flotó, fue declarado culpable y ahorcado. El registro histórico, sin embargo, incluido el testimonio de su propio socio Stearne, indica que Hopkins murió de tuberculosis en su casa de Manningtree en 1647. Aun así, la leyenda local asegura que, cerca de la época de los sábados de las brujas, una figura extraña todavía se aparece en la zona: el fantasma del cazador, condenado a vagar buscando a los espíritus que tanto persiguió.

Si te apasionan los casos más oscuros de la historia y el misterio bien contado, suscríbete a El DoQmentalista y activa la campanita.

#ElDoQmentalista #CazadorDeBrujas #Misterio","el doqmentalista, documentales de misterio en espanol, historias de terror reales, cazador de brujas, matthew hopkins, caza de brujas siglo 17, brujas de inglaterra, prueba de natacion brujas, juicios de brujas, brujeria historia, fantasmas de essex, leyendas de brujas, historia oscura, casos paranormales, misterios sin resolver, ocultismo, documental de brujas, terror historico"
Rar3vNrA9MA,409760,"La Misión de los doce, ¿por qué debemos conocer al mal? Jesús ordenó expulsar demonios",Jesús ordenó expulsar demonios: por qué la fe no basta,La misión de los 12: el mandato de Jesús que olvidamos,Demonología: la advertencia bíblica que nadie quiere escuchar,"Jesús ordenó expulsar demonios, y ese mandato abre una pregunta incómoda: ¿podemos enfrentar al mal sin conocerlo? Este documental recorre los pasajes bíblicos que, según esta lectura, muestran que la fe por sí sola no es suficiente.

El punto de partida es el libro de Job, el primero de los libros sapienciales. Job es descrito por el propio Dios como un varón perfecto y recto, temeroso de Dios y apartado del mal. Y sin embargo, el relato cuenta que Dios permite a Satanás hacer con Job lo que le plazca, excepto matarlo. Desgracias, muerte y destrucción cayeron sobre un hombre de fe inquebrantable. Si eso le ocurrió a Job, se pregunta el video, ¿qué podría hacernos el maligno a nosotros?

Luego el recorrido pasa por Juan 18:36, donde Jesús declara que su reino no es de este mundo, y por Mateo 4:8-9, cuando el diablo le muestra todos los reinos del mundo y la gloria de ellos para ofrecérselos. De ahí la conclusión que propone el documental: este mundo tiene un gobernante oscuro, y por eso Jesús dio instrucciones precisas a sus doce enviados. En Mateo 10:5-6 les ordena no ir por camino de gentiles ni entrar en ciudad de samaritanos, y en Mateo 10:8 les manda sanar enfermos, limpiar leprosos, resucitar muertos y echar fuera demonios. Marcos 16:17-18 completa el cuadro: los que creen echarán fuera demonios, hablarán nuevas lenguas, tomarán serpientes en las manos y el veneno no les hará daño.

El video también explica por qué los exorcistas buscan conocer el nombre del demonio: según se narra, en el momento en que el demonio revela su nombre demuestra que está debilitado, y por eso el estudio de la demonología forma parte del ritual. Todas las iglesias, se afirma en el documental, llevan a cabo procedimientos para expulsar demonios, ya sea que los llamen exorcismo o liberación. Porque nuestra lucha, recuerda el pasaje citado, no es contra sangre y carne, sino contra los gobernadores de las tinieblas.

Si te interesan los misterios de la Biblia, el ocultismo y lo paranormal contados con seriedad documental, suscríbete a El DoQmentalista: trabajo desde las sombras para servir a la luz.

#Demonología #MisteriosBíblicos #ElDoQmentalista","el doqmentalista, documentales de misterio en español, jesús ordenó expulsar demonios, expulsar demonios, la misión de los 12, demonología, exorcismo, el nombre del demonio, libro de job, mateo 10 explicado, marcos 16 17, misterios de la biblia, guerra espiritual, satanás en la biblia, ocultismo, paranormal, documental bíblico, evangelios explicados"
1QKnhcpgb38,405565,Cómo los Ángeles Caídos se convirtieron en Demonios,Ángeles Caídos: la Biblia advierte que se disfrazan de luz,Ángeles Caídos: por qué el Islam dice que no existen,"Ángeles Caídos: del cielo al infierno, el relato completo","¿Qué son realmente los ángeles caídos y cómo terminaron convertidos en demonios? En este documental recorremos lo que las grandes tradiciones religiosas cuentan sobre los ángeles caídos, desde la rebelión de Lucifer hasta el destino final que les espera.

Según la creencia judía y cristiana, Dios creó a todos los ángeles santos, pero uno de los más hermosos, Lucifer, hoy conocido como Satanás o el diablo, eligió rebelarse porque quería ser tan poderoso como su creador. El video repasa los pasajes que estas tradiciones asocian a esa caída: Isaías 14:12 habla del lucero de la mañana arrojado a la tierra, y Apocalipsis 12:7-8 describe una guerra en el cielo donde Miguel y sus ángeles luchan contra el dragón y sus ángeles. El Catecismo de la Iglesia Católica sostiene en su párrafo 393 que es el carácter irrevocable de su elección lo que hace imperdonable el pecado de los ángeles, y Santo Tomás de Aquino escribió en la Suma Teológica que los ángeles fieles son una multitud mayor que los caídos, porque el pecado es contrario al orden natural.

Pero no todas las religiones narran lo mismo. La tradición hindú habla de seres angélicos buenos y malos, y de un asura que se muestra a veces como humano y a veces como búfalo para aterrorizar a la gente. El islam, en cambio, enseña que todos los ángeles obedecen la voluntad de Dios: según esta fe, Satanás no sería un ángel caído sino un genio, otro tipo de espíritu hecho de fuego y con libre albedrío. La Biblia, por su parte, lanza sus propias advertencias: Segunda de Corintios 11:14 dice que Satanás mismo se hace pasar por un ángel de luz, el capítulo 10 de Daniel narra que un ángel caído demoró por 21 días a un mensajero celestial hasta que Miguel acudió a la batalla, y Mateo 25:41 anuncia un fuego eterno preparado para el diablo y todos sus ángeles.

Si te apasionan los enigmas de la fe, lo oculto y los misterios que las religiones llevan siglos discutiendo, suscríbete a El DoQmentalista y activa la campanita para no perderte ningún documental.

#AngelesCaidos #Demonios #Documental","el doqmentalista, doqmentalista, documentales de misterio en español, angeles caidos, demonios, lucifer, satanas, guerra en el cielo, angeles y demonios, quien es lucifer, asuras hinduismo, angeles en el islam, angeles de luz, misterio, ocultismo, biblia, documental en español, paranormal, seres espirituales"
6D9Z_Kx7KHw,403832,Halloween: Secretos y Horrores Revelados,Halloween no nació como crees y la Iglesia lo sabía,Halloween: no lo celebres sin conocer el ritual celta que lo creó,¿Por qué usamos disfraces en Halloween? Los celtas lo hacían para engañar a los muertos,"¿De dónde viene realmente Halloween? La noche de brujas que hoy llena las calles de disfraces y dulces guarda una historia de miles de años que casi nadie conoce, y en este documental la recorremos desde su origen hasta nuestros días.

Todo comienza con Samhain, el festival del año nuevo celta cuyo nombre significa ""el fin del verano"". Según la creencia celta, en esa época del año el velo entre el mundo de los vivos y el de los muertos se volvía más delgado, y los difuntos podían regresar a caminar entre nosotros. Para engañar a los espíritus no deseados, la gente oscurecía su rostro con cenizas de las hogueras, una práctica que con el tiempo se convirtió en el uso de máscaras. El video también repasa cómo la propia Iglesia preservó esta tradición al cristianizarla: el papa Bonifacio IV había establecido el 13 de mayo como día de Todos los Santos, y en el siglo VIII el papa Gregorio III trasladó la fiesta al primero de noviembre, convirtiendo la noche anterior en la víspera de Todos los Santos.

Después llegan los capítulos que casi nadie asocia con esta fecha: los pasteles de alma que los pobres pedían de puerta en puerta en el siglo XVI, el complot de la pólvora de Guy Fawkes en 1605, y la migración irlandesa a Estados Unidos durante la hambruna de la papa, que llevó consigo la leyenda del tacaño Jack, ese estafador que, según el relato, engañó al diablo y quedó vagando con una linterna hecha de nabo. También conocerás a la mujer de Kansas que en 1913 organizó una fiesta para frenar el vandalismo de la noche de brujas, y el artículo de un periódico de Alberta, Canadá, de 1927, donde aparece por primera vez en la prensa la frase ""truco o trato"". Hasta la Segunda Guerra Mundial interrumpió esta tradición por el racionamiento de azúcar, antes de que renaciera con más fuerza en los años cincuenta.

Si te apasionan los misterios, las tradiciones antiguas y la historia que no te contaron, suscríbete a El DoQmentalista y activa la campanita para no perderte ningún documental.

#Halloween #NocheDeBrujas #Samhain","el doqmentalista, documentales de misterio en espanol, halloween, origen de halloween, noche de brujas, samhain, festival celta, historia de halloween, truco o trato, jack o lantern, dia de todos los santos, leyendas celtas, tradiciones paganas, guy fawkes, rituales antiguos, historia oculta, misterios historicos, documental en español"
HW9DSxDGD9s,403164,David Y Goliat Historia Bíblica,David y Goliat: el detalle del relato que casi todos olvidan,David y Goliat: ¿por qué rechazó la armadura del rey Saúl?,David contra Goliat: 40 días de humillación antes del duelo,"David y Goliat es quizás el duelo más famoso jamás contado, pero la versión que casi todos conocen deja fuera los detalles que hacen grande este relato. En este documental narramos la historia bíblica de David y Goliat paso a paso, tal como la recoge la tradición que el video sigue.

El relato sitúa el nacimiento de David en Bethlehem y el video lo ubica en el año 2854 después de la creación, a solo diez generaciones de Judá, uno de los doce hijos de Jacob. Su padre, Yishai, encabezaba una casa de erudición, piedad, bondad y generosidad, y mientras sus tres hermanos mayores servían en el ejército del rey Saúl, a David, con su alma poética, se le encargó quedarse cuidando el rebaño: nadie lo consideraba un guerrero.

En el valle de Elah, dos ejércitos esperaban la batalla separados por una colina. Del lado filisteo apareció Goliat, un gigante de seis codos de alto cubierto de hierro y bronce de la cabeza a los pies, que durante 40 días lanzó su desafío por la mañana y por la tarde, burlándose de los judíos y de su Dios sin que nadie se atreviera a responder. Cuando Yishai envió a David con provisiones al campamento, el joven escuchó las recompensas prometidas al vencedor: riquezas, la mano de la princesa real y la liberación permanente de impuestos. Pero según se narra, David no buscaba premios, sino defender el nombre de Dios y el orgullo de su pueblo.

Saúl le ofreció su propia armadura y su espada real, y el relato cuenta que le quedaban tan bien que el rey volvió a pensar en la profecía de Samuel: este muchacho podría estar destinado a ocupar su lugar. David las rechazó, tomó su honda y cinco piedras suaves, y salió al encuentro del gigante que lo recibió con desprecio. El relato cuenta incluso que, al adelantarse para matarlo, Goliat quedó inmóvil, como clavado en el suelo, un instante antes de que la piedra le perforara la frente. Sin espada propia, David decapitó al gigante con la espada del propio Goliat, y al ver caído a su campeón, los filisteos huyeron ante el ejército de Saúl.

Si te apasionan las historias bíblicas narradas con calma, detalle y respeto por el relato, suscríbete a El DoQmentalista y activa la campana para no perderte el próximo documental.

#DavidYGoliat #HistoriasBiblicas #ElDoQmentalista","el doqmentalista, documentales de misterio en español, david y goliat, historia de david y goliat, david contra goliat, goliat el gigante filisteo, rey saul, valle de elah, honda de david, historias biblicas, relatos biblicos narrados, personajes de la biblia, antiguo testamento, gigantes de la biblia, misterios de la biblia, historia sagrada, documentales en español, narraciones biblicas"
MpExzGymy2Q,399834,¿Como será el FIN DEL MUNDO? - un Mundo Sin Humanos,El Fin del Mundo: así morirá la Tierra según la ciencia,Un Mundo Sin Humanos: ¿qué pasaría si desapareciéramos hoy?,Futuro de la Tierra: los modelos que ya calcularon su final,"¿Cómo será el fin del mundo? No hablamos de profecías, sino de lo que los propios modelos científicos proyectan para el futuro de la Tierra: un planeta que, según se narra en este documental, aún tiene por delante unos 5000 millones de años de recorrido alrededor del Sol, pero que atravesará cataclismos que borrarán todo rastro de nosotros.

El viaje comienza con un experimento mental: un mundo sin humanos, como en la película Soy Leyenda. Horas después de nuestra desaparición, las luces de las ciudades se apagarían; en semanas, las mascotas escaparían a la vida salvaje y algunos reactores nucleares, sin refrigeración, explotarían liberando radioactividad. El video cita a la divulgadora Laura Spinney, en un artículo para la revista New Scientist, quien conjetura que en apenas 250 años Londres volvería a ser una ciénaga. Pasados mil años, pocas estructuras seguirían en pie, aunque la Estatua de la Libertad, construida en cobre, podría resistir algunos milenios.

Después entran en escena las fuerzas del planeta: glaciaciones que se repiten aproximadamente cada 100 mil años, supervolcanes como el Toba de Sumatra, cuya megaerupción hace 74 mil años fue cien veces más potente que el Krakatoa de 1883 y ocultó la luz solar durante seis años. El documental también recorre la hipótesis del próximo supercontinente: según los cálculos de Christopher Scotese, de la Universidad de Texas, y un estudio publicado en la revista Nature en 2012, América y Eurasia se fusionarían en una sola masa llamada Amasia dentro de unos 100 millones de años. Más adelante, la caída del CO2 por debajo de las 150 partes por millón condenaría a las plantas, los océanos se evaporarían y, en unos 5500 a 6000 millones de años, el Sol se inflaría hasta convertirse en una gigante roja capaz de fundir nuestro planeta, antes de apagarse como una enana blanca con corazón de carbono cristalizado, similar a un diamante.

Un recorrido serio y documentado por los posibles escenarios del final de nuestro hogar, desde la desaparición de la humanidad hasta la muerte del propio Sol.

Si te fascinan los grandes misterios del universo y la historia, suscríbete al canal y activa la campana para no perderte los próximos documentales.

#FinDelMundo #FuturoDeLaTierra #Documental","el doqmentalista, documentales de misterio en espanol, documental en espanol, fin del mundo, futuro de la tierra, mundo sin humanos, que pasaria si desaparecen los humanos, supercontinente amasia, gigante roja, muerte del sol, supervolcan toba, extinciones masivas, enana blanca, fin del sistema solar, apocalipsis, astronomia, universo, ciencia y misterio, que pasara con la tierra"
NNhu5BnHrsA,395029,Titanoboa: La Serpiente Monstruosa del Paleoceno fósil Descubierto en Colombia Sudamérica,"Titanoboa, el fósil de Colombia que reveló una serpiente de 14 metros",Titanoboa: el fósil que pasó años en una vitrina como una simple rama,Titanoboa vs Anaconda: ¿qué tan monstruosa era realmente esta serpiente?,"La Titanoboa es la serpiente más grande que ha conocido este planeta, y su historia comenzó con un error: un fósil guardado en una vitrina como si fuera una simple rama petrificada. En este documental te contamos cómo ese malentendido terminó revelando al reptil más majestuoso que haya existido.

Todo empezó en 1994, cuando el geólogo colombiano Enrique García encontró un fósil desconocido en una mina de carbón del norte de Colombia y lo etiquetó como ""rama petrificada"". Años después, en el 2003, un estudiante de geología llamado Fabiani Herrera descubrió restos de plantas fosilizadas en la misma región, lo que motivó una expedición a una zona que los paleontólogos nunca habían explorado. Fue Scott Wing, curador de plantas fósiles del Museo Nacional de Historia Natural del Smithsonian, quien notó que aquel fósil olvidado no era una planta. Las fotos llegaron a Jonathan Bloch, paleontólogo de la Universidad de Florida, quien lo identificó como parte de la mandíbula de un animal terrestre. En el 2007, al inspeccionar un cargamento de fósiles, se identificó por fin la vértebra de una Titanoboa, y las nuevas expediciones reunieron un centenar de vértebras de serpiente.

Con esos huesos, los paleontólogos estimaron que esta boa titánica del Paleoceno, que vivió hace unos 60 millones de años, medía entre 12.8 y 14.9 metros y pesaba hasta 1134 kilos. Para dimensionarlo: la anaconda, una de las serpientes más grandes de hoy, alcanza unos 6.1 metros y 227 kilos. También se halló algo rarísimo, un cráneo de serpiente, cuyos dientes llevaron a los expertos a especular que la Titanoboa era una devoradora especializada, capaz de cazar tortugas y cocodrilos prehistóricos casi igual de gigantes. Su fama fue tal que en el 2012 un modelo a escala real se exhibió en el Grand Central Terminal de Nueva York, como promoción de un documental del Smithsonian.

Si te fascinan las criaturas que la Tierra prefirió enterrar, suscríbete a El DoQmentalista y activa la campanita para no perderte ningún documental.

#Titanoboa #Paleontologia #Documental","el doqmentalista, documentales de misterio en espanol, documentales en espanol, titanoboa, serpiente mas grande del mundo, serpiente gigante prehistorica, fosil de titanoboa, mina de carbon colombia, paleoceno, serpientes prehistoricas, titanoboa vs anaconda, paleontologia, criaturas prehistoricas, animales gigantes extintos, fosiles de colombia, reptiles gigantes, misterios de la naturaleza, documental de animales"
bNbFPgy7WDo,393637,"LA AMADA DEL DIABLO - Videos De Terror Real, Relatos e Historias videos de terror extremo 2022","La Amada del Diablo: ""Era más bueno que los santos""",Relato de Terror: la mujer que el diablo salvó de morir dos veces,El Hijo del Diablo: 26 años sin saber quién fue su padre,"La amada del diablo es uno de los relatos más inquietantes que hemos recibido en el canal. Un suscriptor nos comparte la historia de su propia madre, una mujer que, según su testimonio, fue amante del mismísimo diablo.

El relato cuenta que Amelia era una mujer devota de Dios y de la iglesia, con una sensibilidad especial hacia lo paranormal. Esa conexión con el otro lado le costó ser señalada como bruja y sufrir abusos verbales y físicos que la empujaron al borde de la locura. Según narra su hijo, Amelia intentó quitarse la vida dos veces: primero colgándose de un árbol en el bosque, donde una bandada de aves negras destrozó la soga a picotazos; después ahogándose en un lago, donde alcanzó a ver dos ojos rojos observándola desde las profundidades antes de despertar en la orilla.

Allí, siempre según el relato, la esperaba un hombre apuesto, moreno y de cabello largo, que le habló del bien, del mal y del equilibrio, y que afirmó ser el diablo en persona. Rodeada de criaturas mitad animal y mitad humanas, Amelia terminó aceptando un pacto de amor delante del infierno y del cielo. Ella sostenía que aquel hombre fue más bueno que los santos: nunca hubo maltrato, solo caricias y besos, y le regaló todo lo que no encontró en su búsqueda de Dios, sin pedir nada a cambio. Pero un día el misterioso hombre se marchó sin explicación. Han pasado 26 años y su hijo todavía se pregunta quién fue realmente su padre.

¿Testimonio real, leyenda familiar o una metáfora sobre el abandono y la fe? En este video narramos el relato completo tal como fue compartido, con todas sus preguntas abiertas sobre Dios, el diablo y el equilibrio entre el bien y el mal.

Si te apasionan los relatos de terror y los misterios del mundo espiritual, suscríbete a El DoQmentalista y activa la campanita para no perderte ningún documental.

#RelatosDeTerror #PactoConElDiablo #ElDoQmentalista","el doqmentalista, documentales de misterio en espanol, relatos de terror, la amada del diablo, pacto con el diablo, amante del diablo, historias de terror reales, testimonios paranormales, relatos de suscriptores, el diablo enamorado, historias paranormales, misterio y ocultismo, terror en español, leyendas sobrenaturales, videos de terror, lo paranormal, bien y mal, demonios"
ilvZP4z90Lo,390907,Los Oscuros SECRETOS del Vaticano ¿Los Falsos Seguidores de Dios?  documental,Vaticano y el Oro Nazi: lo que Revela el Documento de 1946,Vaticano: el Papa que Murió a los 33 Días y no Tuvo Autopsia,Vaticano: el Juicio al Cadáver de un Papa que la Historia Olvidó,"Los episodios más oscuros del Vaticano reunidos en un solo documental: oro nazi, exorcismos papales, un papa muerto llevado a juicio y una muerte que jamás tuvo autopsia. Detrás de los muros del país más pequeño del mundo, con apenas tres kilómetros de frontera, se acumulan siglos de escándalos que pocos se atreven a repasar.

El video cita un documento de 1946 del Departamento del Tesoro, abierto al público en 1997, según el cual el banco del Vaticano habría guardado 200 millones de francos vinculados a los nazis durante la Segunda Guerra Mundial, dinero que, según se narra, fue canalizado hacia Argentina y España para nazis que escapaban de la persecución por crímenes de guerra. También se relata el caso de los ustashi, el régimen títere nazi en Croacia, que habrían sacado de Yugoslavia 350 millones de francos suizos a través del Vaticano. En el año 2000 se presentó una demanda por este asunto, pero fracasó por motivos desconocidos.

El recorrido continúa con los exorcismos: según el exorcista Gabriele Amorth, quien afirmaba haber realizado 70 mil exorcismos, existen unos 300 exorcistas en el mundo. El video narra que Juan Pablo II practicó un exorcismo en marzo de 1982 a una joven de la región de Umbría, y que Benedicto XVI bendijo en mayo de 2009 a dos hombres que aullaban durante la audiencia semanal. Además, se repasa la renuncia de Benedicto XVI en 2013 y la creencia de que el escándalo Vatileaks, la filtración de documentos internos, estuvo detrás de su salida.

Y hay más: el juicio al cadáver del papa Formoso, exhumado, sentado en un trono, declarado culpable y arrojado al río Tíber; la muerte de Juan Pablo I el 28 de septiembre de 1978, tras solo 33 días de pontificado y sin que se realizara una autopsia; y los escándalos del banco vaticano en la era de Paul Marcinkus, marcados por el colapso del Banco Ambrosiano en 1982. El documental también recoge la creencia, atribuida a ciertos historiadores teológicos, de un antiguo culto infiltrado en los orígenes de la iglesia, un relato que aquí se narra como leyenda, no como hecho probado.

Si te apasionan los misterios documentados con seriedad, suscríbete a El DoQmentalista y activa la campanita para no perderte el próximo archivo.

#Vaticano #Documental #Misterio","el doqmentalista, documentales de misterio en español, secretos del vaticano, oro nazi vaticano, exorcismos en el vaticano, papa juan pablo primero, banco del vaticano, papa formoso, vatileaks, renuncia de benedicto xvi, misterios de la iglesia catolica, historia del vaticano, documental en español, misterio y ocultismo, enigmas historicos, casos sin resolver, conspiraciones historicas, documental completo"
KtNYjRnJW94,390761,"Las Hermanas Caníbales, Se Comieron a Sus Vecinos, EL DOQMENTALISTA, Vídeos De Terror y miedo","Las Hermanas Caníbales de Leningrado, el Relato Contado Solo Una Vez",Hermanas Caníbales: Lo Que Pasó en el Primer Piso Durante el Asedio de Leningrado,"Hermanas Caníbales, ¿Por Qué Engordaban Mientras Leningrado Moría de Hambre?","Las hermanas caníbales de Leningrado son el centro de uno de los relatos de terror rusos más perturbadores que existen. Esta historia de miedo se narra como el recuerdo de un abuelo que, según se cuenta, vivió el asedio de Leningrado siendo un niño de seis años y solo se atrevió a contarla una vez en su vida.

El relato se ambienta en un hecho que el propio video sitúa en septiembre de 1941, cuando el ejército alemán rodeó la ciudad de Leningrado y bloqueó todas las carreteras durante la Segunda Guerra Mundial. Según se narra, el plan era matar de hambre a toda la población: la comida se agotó, la gente comenzó a comer gatos, perros y ratas, y cuando ya no quedaban animales, empezó el canibalismo. En ese escenario, la historia sigue a Zinaida, una madre valiente que vivía con sus tres hijos en un edificio de apartamentos cerca del centro, junto a una mujer con dos niños, un matrimonio y dos hermanas de mediana edad que nunca se habían casado.

El relato cuenta que una noche se escucharon gritos de auxilio, que Zinaida encontró una puerta entreabierta y vio algo que la perseguiría el resto de su vida: una mano cortada en un charco de sangre y un sonido de mordiscos desde el fondo del apartamento. Días después, según la historia, descubrió los cuerpos del matrimonio vecino sin carne en los huesos, y notó algo imposible de ignorar: mientras toda la ciudad estaba demacrada, las dos hermanas del cuarto apartamento se veían saludables, incluso gordas. El desenlace llega cuando una de ellas aparece arrastrando un hacha por el pasillo y unos soldados rusos, alertados por los niños desde la ventana, irrumpen en el edificio. El video cierra recordando el final del asedio, que en la historia real se prolongó hasta el 27 de enero de 1944 —casi 900 días después de comenzar— y en el que, según se menciona, más de 1.500.000 personas habían muerto.

¿Hasta dónde puede llegar un ser humano cuando el hambre lo devora todo? Este relato ruso plantea esa pregunta con una crudeza difícil de olvidar.

Si te apasionan las historias de terror, los misterios y los relatos más oscuros de la historia, suscríbete al canal y activa la campana para no perderte ningún documental.

#HistoriasDeTerror #Leningrado #Creepypasta","el doqmentalista, documentales de misterio en espanol, videos de terror en espanol, hermanas canibales, asedio de leningrado, historias de terror rusas, canibalismo en la guerra, leyendas urbanas rusas, relatos de la segunda guerra mundial, creepypasta en espanol, historias de miedo reales, relatos de terror para dormir, leyendas urbanas, casos perturbadores, misterios sin resolver, terror historico, historias oscuras de la historia"
Rku63EmNP6A,386490,Misterios: El Temor de Dios y lo que No Quieren que sepas de la Biblia,El Temor de Dios: ¿el error de traducción más grande de la Biblia?,¿Por qué un Dios de amor pide ser temido? La Biblia responde,Temor de Dios: el significado que olvidamos y lo cambia todo,"¿Qué significa realmente el temor de Dios? Si la Biblia repite más de 200 veces que debemos temer a Dios, ¿cómo puede ser al mismo tiempo un Dios de amor, misericordia y perdón? Este documental analiza esa aparente contradicción desde la raíz misma del lenguaje.

Partimos de la etimología: la palabra temor viene del latín timor, que significa miedo o espanto, y de esa misma raíz nacen términos como pavor, temerario, temeroso, temible y tímido. Leídos de forma literal, versículos como Deuteronomio 6:13 (temerás solo al Señor tu Dios) parecen describir a un ser que exige miedo. El recorrido pasa también por los pasajes más duros del Antiguo Testamento que suelen citarse como prueba de un Dios temible: la orden contra Amalec en 1 Samuel 15, la destrucción de Sodoma descrita en Ezequiel 16:48-50 y la muerte de los primogénitos de Egipto anunciada en Éxodo 11:4-6. Frente a esto, hay quienes llegan a afirmar que el Dios del Antiguo Testamento sería distinto al del Nuevo, aunque la propia Biblia sostiene que son el mismo.

Pero el video propone otra lectura. El Nuevo Testamento declara en 1 Juan 4:18 que en el amor no hay temor, sino que el perfecto amor echa fuera el temor, y afirma que Dios es amor. ¿Cómo temer a quien expulsa el miedo? La hipótesis que se plantea es que quienes tradujeron y modificaron las Escrituras a lo largo de los siglos eligieron la palabra equivocada: donde dice temor, el sentido apunta a respeto, honor y amor. Respetar a Dios nos hace más prudentes y sabios, y nos lleva a tratar a los demás con amabilidad. Te propongo un ejercicio: cada vez que encuentres la palabra temor referida a Dios, sustitúyela por respeto y observa cómo el mensaje cobra un sentido distinto y positivo. El video también menciona otras fuentes de sabiduría según la tradición esotérica, como el Libro de Enoc, las Clavículas de Salomón y los textos gnósticos.

Si te apasionan los misterios de la Biblia y las preguntas que casi nadie se atreve a hacer, suscríbete al canal y activa la campana para no perderte los próximos documentales.

#TemorDeDios #MisteriosDeLaBiblia #ElDoQmentalista","el doqmentalista, documentales de misterio en espanol, temor de dios, temor de dios significado, que significa temer a dios, misterios de la biblia, errores de traduccion de la biblia, dios es amor, antiguo testamento, 1 juan 4 18, libro de enoc, textos gnosticos, textos apocrifos, documental biblico, analisis biblico, ocultismo, misterio y religion, dios del antiguo testamento"
fFsD1Tpqk7s,382222,Documental: Los secretos oscuros de los Súcubos en la demonología,Súcubos: el demonio que la Inquisición describió en 1486,Súcubos: los teólogos medievales sabían cómo reconocerlos,"Súcubos: si todos duermen de golpe, el demonio ya está ahí","Los súcubos son los demonios con cuerpo de mujer que la demonología medieval describió con más detalle y con más miedo. En este documental recorremos lo que teólogos, inquisidores y cazadores de brujas dejaron escrito sobre estos seres que, según la tradición, se presentan ante los hombres con un aspecto femenino irresistible.

El video explica el origen de la palabra súcubo, ligada a la idea de ""quedar por debajo de otra persona"", y recoge los testimonios de la Edad Media, la época en la que estos demonios tuvieron su apogeo en el imaginario social y teológico. Según esos relatos, el súcubo aparece como una mujer de belleza voluptuosa y sobrenatural, pero siempre con detalles que delatan su filiación demoníaca: colmillos afilados, orejas puntiagudas, alas de murciélago, cuernos, ojos de serpiente y cola terminada en triángulo. Un dato curioso que se narra: en la Edad Media se empleaban imágenes de súcubos en muchos prostíbulos y burdeles.

Recorremos también el debate teológico. Se cuenta que San Agustín de Hipona interpretó el pasaje de Génesis 6:4 como la unión de ángeles caídos con mujeres mortales, y que el papa Benedicto Decimocuarto admitió que algunos autores consideraban posible la procreación con estos seres. El video cita el Malleus Maleficarum, publicado en 1486 por Kramer y Sprenger, donde se afirma que estos demonios no tienen sexo fijo: el mismo ser actuaría como súcubo ante un hombre y como íncubo ante una mujer. De esas uniones, según la creencia, nacerían seres deformes o dotados de poderes especiales, como la leyenda atribuye al propio Merlín. También aparecen el magistrado y cazador de brujas Nicolás Remy, quien en 1595 escribió que los demonios son incapaces de amar, el caso del súcubo Abrahel, cuyo abrazo se describía como algo repulsivo, y la teoría del siglo diecisiete sobre cómo un demonio conseguiría un cuerpo material para manifestarse. Y una clave final que, según los especialistas de la época, delataba al súcubo: hacía dormir profundamente a todos alrededor, para que nadie despertara mientras ocurría el acto impuro.

Si te apasionan la demonología, el ocultismo y los misterios que la historia prefirió callar, suscríbete a El DoQmentalista y activa la campana para no perderte ningún documental.

#Sucubos #Demonologia #Misterio","el doqmentalista, documentales de misterio en español, sucubos, que es un sucubo, demonios con cuerpo de mujer, incubos y sucubos, demonologia, malleus maleficarum, demonios de la edad media, inquisicion, sucubo abrahel, leyendas de demonios, ocultismo, paranormal, misterios sin resolver, documental de demonios, seres sobrenaturales, historias de terror, misterios de la edad media"
UHbPzwSLXyM,378815,Documental: Universos Paralelos y los Misterios que Nunca Entendimos,Universos paralelos y por qué la ciencia no logra descartarlos,Universos Paralelos: El Último Estudio de Hawking Antes de Morir,Universos Paralelos: ¿Existe Otro Tú Tomando Otras Decisiones?,"¿Y si los universos paralelos fueran algo más que ciencia ficción? Este documental explora la teoría del multiverso y la posibilidad de que exista otra versión de ti tomando decisiones distintas en una realidad alternativa.

El recorrido comienza hace unos 13.700 millones de años, cuando según la teoría del Big Bang todo lo que conocemos era una singularidad infinitesimal que se expandió hasta formar galaxias, estrellas y planetas. Desde ahí, el video presenta cinco caminos por los que un multiverso sería posible: los universos infinitos de un espacio-tiempo plano; los universos burbuja de la inflación eterna, basados en la investigación del cosmólogo Alexander Vilenkin, de la Universidad de Tufts; los universos hijos de la mecánica cuántica, donde cada decisión abriría un abanico de realidades; los universos matemáticos defendidos desde el Instituto Tecnológico de Massachusetts; y los universos paralelos propiamente dichos, con un límite de 10 elevado a 10 elevado a 122 configuraciones posibles de partículas, lo que implicaría copias exactas de nuestro mundo repitiéndose infinitas veces.

El documental también aborda el último trabajo del físico Stephen Hawking sobre el multiverso, publicado en mayo de 2018, apenas unos meses después de su muerte. Según se narra, sus hallazgos implican que no estamos en un universo único, aunque reducen el multiverso a un rango mucho más pequeño de universos posibles. En contraste, el video cita un artículo de 2015 de un astrofísico que señala las limitaciones de la idea: nuestro universo tiene poco menos de 14 mil millones de años, una edad finita que restringe las combinaciones posibles de partículas, y las distintas tasas de inflación disminuirían las probabilidades de que existan universos idénticos al nuestro. Su conclusión, sin embargo, deja una lección inesperada: si no hay otra realidad donde tus elecciones soñadas se hagan verdad, eres la única persona que puede hacer que ocurran aquí.

Si te apasionan los misterios del cosmos y las preguntas que la ciencia todavía no cierra, suscríbete a El DoQmentalista y activa la campanita para no perderte los próximos documentales.

#UniversosParalelos #Multiverso #ElDoQmentalista","el doqmentalista, documentales de misterio en español, documental en español, universos paralelos, multiverso, teoría del multiverso, stephen hawking, big bang, mecánica cuántica, universos burbuja, inflación eterna, realidades alternativas, misterios del universo, documental de ciencia, física cuántica, enigmas del cosmos, astronomía, misterios sin resolver"
7gBS9Opt43w,378770,7 Preguntas Que La Ciencia Todavía No Puede Responder ✅ El DoQmentalista,El Universo: Solo Entendemos el 5% de Todo lo Que Existe,Enigmas de la Ciencia: 7 Preguntas Que Nadie Ha Podido Responder,La Señal de 1977: ¿El Primer Mensaje de Otro Mundo?,"El universo guarda una confesión incómoda: los astrónomos admiten que no saben de qué está hecho el 95% de todo lo que existe. Los átomos que forman las estrellas, los planetas y tu propio cuerpo apenas representan un mísero 5% del universo. El resto pertenece a dos entidades invisibles que la ciencia todavía no logra explicar.

En este documental recorremos siete preguntas que siguen sin respuesta. La materia oscura, detectada por primera vez en 1933, actúa como un pegamento invisible que mantiene unidas a las galaxias. La energía oscura, descubierta en 1998, empuja la expansión del universo a una velocidad cada vez mayor. Y como si fuera poco, la antimateria plantea otro enigma: nuestras mejores teorías sugieren que el Big Bang creó cantidades iguales de materia y antimateria, y que ambas debieron aniquilarse por completo. Sin embargo, aquí estamos. Los investigadores examinan los datos del Gran Colisionador de Hadrones buscando ese sutil sesgo de la naturaleza a favor de la materia.

El misterio también vive dentro de nosotros. Hace 4000 millones de años, unas sustancias químicas sencillas se organizaron en la llamada sopa primordial y dieron origen a la vida, pero nadie sabe exactamente cómo ocurrió: algunos apuntan a piscinas calientes cerca de los volcanes, otros a meteoritos que golpearon el mar. Nuestro genoma es idéntico en un 99% al de los chimpancés y en un 50% al de los plátanos, y aun así nuestro cerebro tiene tres veces más neuronas que el de un gorila. ¿Qué nos hace realmente humanos? ¿Qué es la conciencia? ¿Por qué soñamos? Los estudios citados en el video muestran que las ratas reproducen en sueños sus experiencias de vigilia, como si el cerebro dormido siguiera resolviendo laberintos. Y en 1977, los radiotelescopios captaron una señal con las características potenciales de un mensaje alienígena, en una galaxia donde habría hasta 60 mil millones de planetas potencialmente habitables.

Si te fascinan los enigmas que la ciencia todavía no puede resolver, suscríbete a El DoQmentalista y activa la campana para no perderte ningún documental.

#MisteriosDelUniverso #Ciencia #ElDoQmentalista","el doqmentalista, documentales de misterio en español, documental en español, enigmas de la ciencia, materia oscura, energia oscura, misterios del universo, origen de la vida, antimateria, señal de 1977, que es la conciencia, por que soñamos, vida extraterrestre, preguntas sin respuesta, misterios sin resolver, gran colisionador de hadrones, sopa primordial, ciencia y misterio"
Ow5S7x7cALA,378525,Historias Reales: La Brujería en la Santería y sus Secretos Ocultos,Santería: la religión prohibida que se disfrazó de catolicismo,Santería y sus Orishas: ¿qué piden realmente a cambio de un favor?,Santería: el archivo de la Regla de Ocha que casi nadie ha leído,"La Santería esconde una historia que muy pocos conocen de verdad. Detrás de cada imagen de santo católico venerada en la Regla de Ocha hay una deidad africana que sobrevivió siglos de prohibición gracias a un disfraz perfecto.

Este documental narra el origen de la Santería, más correctamente llamada Regla de Ocha, una religión afrocubana nacida del sincretismo entre las creencias de los pueblos yorubas, llegados como esclavos desde Nigeria y el pueblo de Ifé, y el catolicismo impuesto en las colonias españolas. Como las religiones africanas estaban prohibidas, sus practicantes fingían adorar a los santos católicos cuando en realidad rendían culto a los orishas: así, según esta tradición, Obatalá quedó representado por la Virgen de las Mercedes, Yemayá por la Virgen de Regla, Oshún por la Virgen de la Caridad del Cobre, patrona de Cuba, y Changó, patrón del fuego, el relámpago y el trueno, por la imagen de Santa Bárbara. También recorremos al grupo conocido como los guerreros: Elegguá, guardián de las puertas y mensajero de los orishas, Ogún, patrón de los metales, Ochosi, patrón de los cazadores, y Osun, el vigilante que advierte del peligro.

La tradición de la Regla de Ocha sostiene que existe una deidad suprema, Olodumare, ajena a su creación, y que el destino puede consultarse a través de sistemas de adivinación como el opelé del babalawo y el caracol del santero. El video también aborda uno de sus aspectos más polémicos: el sacrificio animal, pues según esta creencia la sangre libera el aché, la energía cósmica que alimenta y mantiene potentes a los orishas. Chivos, carneros, gallinas y palomas forman parte de estas ceremonias, junto a ofrendas sin sangre como frutas, frijol negro cocido y arroz. Una religión mucho más compleja de lo que un solo video puede abarcar, contada aquí como lo que es: el legado espiritual de una diáspora que se negó a desaparecer.

Si te apasionan los misterios, el ocultismo y las historias que la historia oficial deja en la sombra, suscríbete al canal y activa la campana para no perderte ningún documental.

#Santeria #ReglaDeOcha #Orishas","el doqmentalista, documentales de misterio en español, santería, regla de ocha, orishas, religión yoruba, religión afrocubana, sincretismo religioso, changó, yemayá, elegguá, babalawo, santero, brujería, ocultismo, rituales, misterios sin resolver, documental en español, religiones africanas, paranormal"
X_aJTY1OwSg,376823,La Bruja de Endor - ¡Secretos Bíblicos!,"La Bruja de Endor, la mujer que hizo hablar a un muerto ante un rey",La Bruja de Endor le advirtió su muerte al Rey Saúl y él no escuchó,"La Bruja de Endor, la nigromante de la que la Biblia calla casi todo","La Bruja de Endor es recordada como la bruja más poderosa descrita en la Biblia, y su relato sigue inquietando a creyentes y estudiosos siglos después. Segun el relato del Antiguo Testamento, esta misteriosa mujer habría sido capaz de invocar el espíritu del profeta Samuel, un episodio que la convirtió en leyenda para judíos, cristianos y paganos por igual.

El relato bíblico cuenta que, con la guerra contra los filisteos encima, el rey Saúl pidió a sus siervos que le buscaran una mujer con espíritu de adivinación. Le hablaron de una que vivía en Endor. Saúl se disfrazó, cambió sus vestidos y llegó de noche acompañado de dos hombres. La mujer, temerosa, le recordó que el propio Saúl había eliminado del país a hechiceros y a quienes tenían espíritus familiares, y le preguntó por qué ponía un lazo a su vida. Aun así, segun narra la historia, invocó al espíritu de Samuel, quien le reveló al rey una profecía aterradora: si asistía a la batalla, su ejército sería derrotado y él mismo perecería en el campo. Saúl ignoró la advertencia, atacó a sus enemigos y encontró la derrota y la muerte.

Alrededor de esta figura crecieron leyendas cada vez más oscuras. Algunos decían que era la encarnación de Satanás en la tierra; otros, que hasta los demonios temían su presencia. El video cita que en el siglo 16 el escritor Gilaund Dupartas sugirió en su poema La Semana que la bruja usaba una antorcha macabra en sus artes nigrománticas. Lo cierto es que no se conoce su verdadero nombre ni su apariencia, y algunas tradiciones posteriores incluso debaten si era mujer u hombre. Su papel como médium fue discutido por obispos durante años, mientras otros especialistas en religión la consideraron una profeta.

En este episodio de El DoQmentalista exploramos quién era esta mujer, cómo se narra su encuentro con Saúl y por qué su leyenda sigue viva en el mundo de la brujería y la espiritualidad.

Si te apasionan los misterios bíblicos y lo oculto, suscríbete al canal y activa la campana para no perderte ningún episodio.

#BrujaDeEndor #MisteriosBiblicos #ElDoQmentalista","el doqmentalista, documentales de misterio en español, bruja de endor, rey saul, profeta samuel, nigromancia, brujas de la biblia, antiguo testamento, invocacion de espiritus, medium biblica, misterios biblicos, relatos biblicos oscuros, ocultismo, brujeria, espiritismo, personajes biblicos misteriosos, historia de la religion, paranormal en español"
21S60C2d_g8,376732,"¿Que son los demonios? - Ángeles Caídos, Entidades siniestras de Satanás",Qué son los demonios: del ángel caído al alma de gigante,"Demonios: ¿ángeles caídos, espíritus o símbolos del mal?",Demonios y la raza preadámica: la teoría que casi nadie enseña,"¿Qué son los demonios en realidad? ¿Ángeles caídos, almas de una raza anterior a Adán o apenas símbolos de nuestro propio lado oscuro? Este documental recorre las principales teorías que la religión, el ocultismo y el espiritismo han dado a esa pregunta, desde las más convencidas de la realidad demoníaca hasta las más escépticas.

Comenzamos con la visión cristiana tradicional, heredera de la demonología judía, que concibe a los demonios como ángeles réprobos que siguieron a Satanás en su rebelión contra Dios. El video muestra cómo las traducciones moldearon esta doctrina: la versión griega de la Biblia tradujo el hebreo satán como diablos, añadiéndole el sentido de calumniador, y San Jerónimo introdujo en su Vulgata el nombre Lucifer en un pasaje del libro de Isaías. Repasamos además los puntos que hoy priman en el catolicismo y en gran parte del protestantismo: espíritus puros sin forma definida, jerarquías probablemente nueve, voluntad fija que les impide arrepentirse, nombres que deben conocerse para expulsarlos en un exorcismo, y sus cuatro formas de influencia: infestación, obsesión, opresión y posesión.

Después el recorrido entra en terrenos menos transitados. La doctrina maniquea, según la cual el mal no fue creado por Dios sino que estaba vinculado a las tinieblas y a la materia, con partículas de luz atrapadas que el ser humano debía liberar. El satanismo de LaVey, para el que Satanás y los demonios no son reales, sino entidades simbólicas de poderes que la religión habría reprimido durante siglos. Y una especulación teológica tan extraña como fascinante: la teoría del intervalo, que sitúa en los primeros pasajes del Génesis una catástrofe mundial que habría exterminado a una raza humana preadámica gobernada por Lucifer; según este planteamiento, esos espíritus desencarnados serían demonios, y a ellos se sumarían las almas de los gigantes engendrados por los vigilantes, tal como narra el apócrifo libro de Enoc. Cerramos con la visión del espiritismo, que rechaza la idea de seres eternamente malvados: para esta corriente solo existen espíritus imperfectos que, tarde o temprano, ascenderán en su evolución.

Si te apasionan los grandes enigmas de la fe, el ocultismo y lo paranormal, suscríbete al canal y acompáñanos en el próximo expediente.

#Demonios #AngelesCaidos #Demonologia","el doqmentalista, documentales de misterio en español, qué son los demonios, demonios, ángeles caídos, demonología, libro de enoc, raza preadámica, teoría del intervalo, lucifer, satanás, posesión demoníaca, exorcismo, espiritismo, maniqueísmo, satanismo de lavey, ocultismo, paranormal, misterios de la biblia, ángeles y demonios"
B687CqrjW2U,375270,"Cómo Romper Una Maldición, Quitar Brujería, Romper Hechizo",Cómo Romper una Maldición: Solo un Método Parece Funcionar,Señales de Brujería: Cómo Saber si Te Hicieron una Maldición,Brujería: El Error con el que Te Maldices a Ti Mismo,"¿Cómo romper una maldición cuando sientes que nada en tu vida sale bien? En este documental exploramos cómo romper una maldición según las tradiciones esotéricas más conocidas, y por qué, de todos los métodos populares, solo uno parece funcionar realmente.

Según estas creencias, una maldición es una intención específica de desgracia dirigida contra ti por alguien más, presente en movimientos como el vudú y la wicca, y en supersticiones de culturas holandesas, mediterráneas, del Medio Oriente y africanas. La tradición sostiene que sus efectos van desde pérdida de dinero y oportunidades hasta ansiedad, mala suerte, enfermedades e incluso la muerte, y que lo peor es que la mayoría de las personas maldecidas ni siquiera lo sabe. Por eso repasamos tres preguntas clave para evaluar tu situación antes de asumir que te hicieron brujería.

Después recorremos los métodos que estas tradiciones proponen: el ritual de la baraja, donde se retiran las jotas y los ases revelan la respuesta; el antiguo baño de purificación con agua, sal y ruda a medianoche en luna nueva; el hechizo llamado el descrédito, que implica recitar el salmo 37 mientras se quema incienso; los amuletos y talismanes consagrados para repeler el mal; y la atadura, que según se narra consiste en atar mágicamente las manos de quien causa daño mediante un muñeco, una runa o un sigilo. Pero también te advertimos de los dos casos en los que ningún ritual funciona: cuando en realidad nunca fuiste maldecido, o cuando te has maldecido a ti mismo con tu propia energía negativa, algo que según estas creencias ocurre sobre todo al intentar hacer brujería sin experiencia, abriendo puertas a entidades que se pegan a ti.

Al final conocerás el método que, a diferencia de todos los anteriores, no depende de objetos ni conjuros: mantener tu espíritu lleno de amor, luz y alegría, en comunión con Dios, vibrando por encima del nivel donde cualquier ataque espiritual puede tocarte. Tu gratitud y tus oraciones actúan como un escudo que ninguna energía maligna puede penetrar.

Si te apasionan los misterios, el ocultismo y lo inexplicable, suscríbete al canal y activa la campana para no perderte ningún documental.

#Maldiciones #Brujeria #Misterio","el doqmentalista, documentales de misterio en español, como romper una maldicion, quitar brujeria, romper un hechizo, señales de brujeria, ritual de sal y luna nueva, salmo 37, amuletos de proteccion, atadura magica, magia negra, proteccion espiritual, limpieza espiritual, energias negativas, ocultismo, esoterismo, paranormal en español, mal de ojo, misterios sin resolver"
S9vT9ndVowE,373427,"La poderosa y legendaria Espada Del Augurio, El DoQmentalista","Espada del Augurio, lo que nunca notaste de niño en ThunderCats",Espada del Augurio: todos los poderes del arma más fuerte de la ciencia ficción,Espada del Augurio: el día que Excalibur la venció y Merlín la salvó,"La Espada del Augurio de los ThunderCats es recordada como una de las armas más poderosas de toda la ciencia ficción, y este documental reúne todo lo que la serie reveló sobre ella. Si creciste con ese grito de batalla que marcó una infancia entera, este viaje te va a devolver a esos años, pero con detalles que muy pocos notaron.

Según narra la serie animada, la hoja de la espada se extiende y se retrae: tiene forma de daga en reposo y de espada larga en plena fuerza. Su poder proviene del Ojo de Thundera, una piedra de color rojo rubí incrustada en la empuñadura, descrita como una fuerza galáctica, universal y omnipotente, tan sensible que se le considera viva. Espada y ojo existen en una relación simbiótica. Entre sus habilidades están las ráfagas de energía capaces de aturdir, electrocutar y vaporizar objetivos, la generación de campos de fuerza, la manipulación de la temperatura, cualidades curativas y regenerativas, y el poder de romper hechizos, trances y control mental. Basta la orden verbal de su portador para que la espada regrese a su mano sin importar la distancia, y la frase clásica de ver más allá de lo evidente activa su habilidad más famosa: la visión a distancia que le da su nombre.

El video también explora sus límites. La espada solo acepta portadores con buenas intenciones: el malvado Mumm-Ra no puede usarla, y ni siquiera Lion-O podría empuñarla para el mal. Y hay un detalle sorprendente: en la serie original Lion-O jamás cortó a nadie con ella, porque las reglas de la televisión infantil en los años ochentas prohibían mostrar espadas usadas contra seres humanos. Repasamos además las veces que la hoja y el Ojo de Thundera fueron rotos y reparados, la rivalidad con la Espada de Plun-Darr, la maldición que le hace perder su poder si ataca a un compañero ThunderCat, el fuego estelar donde debe reforjarse, y el episodio en que los Antiguos Espíritus del Mal recurrieron a Excalibur, la única arma considerada capaz de desafiarla de verdad, revitalizada por la antigua magia de Merlín.

Suscríbete a El DoQmentalista para más documentales sobre leyendas, misterios y objetos legendarios de la cultura popular.

#EspadaDelAugurio #ThunderCats #ElDoQmentalista","el doqmentalista, documentales de misterio en espanol, espada del augurio, thundercats, ojo de thundera, lion-o, mumm-ra, espada de plun-darr, excalibur, espadas legendarias, caricaturas de los 80, series animadas retro, armas de la ciencia ficcion, leyendas de la cultura pop, nostalgia ochentera, documental en espanol"
imB7GgzqBkc,373312,CONSTANTINE: El Hechicero que DESAFIÓ al INFIERNO | Historias de terror - El DoQmentalista,John Constantine: el mago que paga con su alma cada victoria,John Constantine: el expediente oscuro del mago de Hellblazer,¿Por qué John Constantine negocia con demonios? Su origen trágico,"John Constantine es el mago más cínico y peligroso del cómic moderno, un hombre que enfrenta demonios sabiendo que cada victoria puede costarle el alma. En este documental recorremos la leyenda completa de John Constantine, el antihéroe de Hellblazer que convirtió la culpa en su arma más poderosa.

Según el relato de los cómics, Constantine nació en Liverpool, Inglaterra, marcado por la tragedia desde el primer día: su madre murió durante el parto y su padre, hundido en el alcohol, lo dejó crecer junto a su hermana gemela en un hogar de negligencia. Desde niño experimentó visiones y encuentros con entidades que nadie más podía ver, y en su adolescencia se sumergió en el estudio de las artes oscuras entre libros antiguos, oscuros mentores y bandas de punk. El punto de quiebre de su historia llegó con un exorcismo fallido: el intento del joven Constantine de expulsar a un demonio terminó con la muerte de una niña, un evento que lo perseguiría por el resto de su vida.

El video explora también su arsenal sobrenatural tal como lo describen las historietas: magia ritual y ceremonial, nigromancia, adivinación, exorcismos, telepatía y clarividencia, además de su verdadera arma, el engaño y la manipulación. Analizamos su imagen icónica, el abrigo largo claro, la corbata desanudada y el cigarrillo eterno, y los datos que pocos conocen: sus creadores Alan Moore, Steve Bissette y John Totleben lo inspiraron en el músico Sting, debutó como secundario en Saga of the Swamp Thing y su propia serie, Hellblazer, se convirtió en una de las más longevas del sello Vertigo de DC Comics. Un personaje que ha cruzado caminos con Batman y Swamp Thing, y que saltó del papel al cine y la televisión hasta volverse un ícono del antihéroe moderno.

Si te fascinan las leyendas del ocultismo, los antihéroes y las historias donde la línea entre salvación y condenación se vuelve borrosa, suscríbete al canal y activa la campanita para no perderte los próximos documentales de El DoQmentalista.

#JohnConstantine #Hellblazer #DocumentalDeMisterio","el doqmentalista, documentales de misterio en espanol, historias de terror, john constantine, constantine, hellblazer, mago de dc comics, alan moore, swamp thing, exorcismo, origen de constantine, antiheroe, comics de terror, demonios, ocultismo, magia oscura, personajes de dc, misterio y terror, leyendas oscuras, paranormal"
FA-Lnj0xTyo,369339,"EL ARREBATAMIENTO, Profecias De La biblia para el final de los tiempos, eventos finales",El Arrebatamiento: ¿Serán Llevados Todos Los Creyentes?,El Rapto: La Advertencia De Jesús Para Los Que Serán Dejados,Arrebatamiento: ¿Serás Llevado Al Cielo O Dejado En La Tierra?,"El Arrebatamiento, también conocido como el gran rapto, es una de las profecías más inquietantes que la tradición cristiana asocia con el final de los tiempos. La pregunta que este documental pone sobre la mesa es directa: cuando llegue ese momento, ¿serás llevado o serás dejado?

El recorrido comienza con las palabras que el evangelio atribuye a Jesús sobre el fin de los tiempos. En Mateo 24:21 se anuncia una gran tribulación como no la ha habido desde el principio del mundo, y en Mateo 24:7-9 se describe un escenario de nación contra nación, pestes, hambres y terremotos en diferentes lugares. Frente a ese panorama, la enseñanza del rapto aparece como una vía de escape: según se narra, la palabra proviene de un término latino que significa quitar por la fuerza. El apóstol Pablo lo describe en 1 Tesalonicenses 4:16-17, donde los creyentes serán arrebatados en las nubes para recibir al Señor en el aire, y Jesús lo ilustra en Lucas 17:34-35: dos estarán en una cama, uno será tomado y el otro será dejado. El video recuerda además los ejemplos de Noé y de la destrucción de Sodoma como casos en que, según el relato bíblico, Dios protegió a los justos antes de un juicio.

Pero aquí llega el giro que muchos pastores no mencionan. Según la lectura que presenta este documental, no todos los creyentes escaparían de la tribulación. La promesa de Apocalipsis 3:10 estaría dirigida solo a quienes guardan la palabra con paciencia, y la parábola del mayordomo fiel en Lucas 12:42-44 apunta a los siervos que cumplen con su deber. Para los que no estén preparados, Mateo 24:50-51 habla de llanto y crujir de dientes. Por eso la advertencia final de Lucas 21:34-36 insiste en estar siempre alerta, porque el fin caerá como una trampa sobre todos los habitantes de la tierra.

Si te apasionan los misterios de la Biblia y las profecías del final de los tiempos, suscríbete al canal y activa la campana para no perderte los próximos documentales.

#Arrebatamiento #ProfeciasBiblicas #FinDeLosTiempos","el doqmentalista, documentales de misterio en español, el arrebatamiento, el rapto, arrebatamiento de la iglesia, fin de los tiempos, gran tribulación, profecías bíblicas, segunda venida de cristo, mateo 24, señales del fin del mundo, apocalipsis, misterios de la biblia, escatología bíblica, profecías del apocalipsis, documental bíblico"
XcwcTUqDgMI,368343,"Lilith, El Origen Del Mal, La Palabra de Dios, El Pecado Divino","Lilith, la leyenda olvidada de la mujer creada antes de Eva",Lilith: el relato apócrifo que quedó fuera del Génesis,Lilith: lo que los textos antiguos callan sobre Adán y Eva,"Lilith, la leyenda de la primera mujer, es uno de los relatos más inquietantes que rodean los orígenes del Génesis. Según los textos apócrifos que recorre este documental, antes de Eva existió otra mujer, y su historia terminó en la más profunda oscuridad.

El relato cuenta que Dios creó al hombre y a la mujer al mismo tiempo y de la misma manera, ambos formados del polvo de la tierra, y que a cada uno les dio el aliento de vida y el poder de la palabra. Pero Lilith se negó a estar por debajo de Adán. Ambos razonaron junto a Dios y, aun así, ella no quiso escuchar. Enfurecida y desafiante, según narra la tradición, pronunció el santo e inefable nombre de Dios, un nombre que de acuerdo a los textos apócrifos citados en el video fue dividido en 72 partes para que fuera casi imposible de pronunciar por una boca humana. Entonces voló por el aire, cambió de forma y desapareció de la vista de Adán.

La leyenda continúa con tres santos ángeles enviados a traerla de vuelta. La alcanzaron sobre el mar, en el área por donde más tarde pasaría Moisés, pero ella se negó a regresar. El relato describe su transformación demoníaca: un súcubo confinado a la noche, destinada a vagar por la tierra buscando recién nacidos y a atormentar a los hombres con sueños perversos, convertida en madre de legiones de demonios. Después, Dios hizo caer un sueño profundo sobre Adán, tomó una de sus costillas y creó a Eva, hueso de sus huesos y carne de su carne. El video también recoge escrituras que afirman que los ángeles formaron los cuerpos de Adán y Eva miembro a miembro, y que Adán fue llevado al jardín del Edén a los 40 días de su creación, mientras que Eva entró en el día 80.

Más allá de la leyenda, este documental plantea una pregunta que sigue vigente: el mal no nos controla hasta que decidimos ceder. El libre albedrío y la elección personal dirigen nuestros pasos, y en esa elección se plantaron los orígenes del mal.

Si te apasionan los misterios, el ocultismo y los relatos que quedaron al margen de las escrituras, suscríbete a El DoQmentalista y activa la campana para no perderte ningún documental.

#Lilith #Misterio #ElDoQmentalista","el doqmentalista, documentales de misterio en español, lilith, la primera mujer de adan, quien fue lilith, leyenda de lilith, lilith y eva, textos apocrifos, primera esposa de adan, nombre inefable de dios, demonologia, mitologia hebrea, misterios de la biblia, relatos biblicos, adan y eva, ocultismo, angeles y demonios, documental paranormal"
hpiGuz1yHug,367686,El Increíble Origen de los Testigos de Jehová - El DoQmentalista,Testigos de Jehová: Lo Que No Te Dicen Cuando Tocan Tu Puerta,Testigos de Jehová: Cómo un Club Bíblico se Volvió Religión Mundial,¿Por Qué los Testigos de Jehová Rechazan la Sangre y la Navidad?,"¿Quiénes son realmente los Testigos de Jehová y qué hay detrás de la puerta que tocan cada domingo? En este documental exploramos el origen de los Testigos de Jehová, sus creencias más polémicas y las controversias que rara vez se cuentan en una primera visita.

Todo comenzó en la década de 1870 con Charles T. Russell, un hombre inconforme con las doctrinas establecidas que arrancó con lo que en sus inicios funcionaba como un grupo de estudio bíblico enfocado en las profecías y el fin de los tiempos, con ideas tan curiosas como su interés por las pirámides. Tras la muerte de Russell llegó Joseph Franklin Rutherford, quien organizó el movimiento y en 1931 acuñó el nombre de Testigos de Jehová: toda una declaración de intenciones, la de ser los voceros de Jehová en la tierra.

Sus creencias los separan del cristianismo tradicional. Rechazan la Trinidad, consideran a Jesús el hijo de Dios y el primer ser creado, y entienden el espíritu santo como una fuerza, no una persona. Sostienen que solo 144,000 personas selectas conseguirán el cielo, mientras el resto de los fieles espera vivir eternamente en una tierra convertida en paraíso. Usan su propia versión de la Biblia, la Traducción del Nuevo Mundo, no celebran cumpleaños ni Navidad, rechazan las transfusiones de sangre incluso en situaciones de vida o muerte, y se mantienen al margen de la política y del servicio militar. Sin sacerdotes ni clérigos tradicionales, todo se maneja a través de un cuerpo gobernante y ancianos locales.

Pero también hay un lado oscuro. El video repasa las denuncias de abusos dentro de estas comunidades y las acusaciones de encubrimiento, la polémica política de los dos testigos para validar una acusación, y el ostracismo que enfrentan quienes son expulsados o se desasocian: amigos y familia les dan la espalda. Prácticas que, según muchos exmiembros, pintan a la organización más como una secta hermética que como una religión abierta y acogedora.

Si te apasionan los documentales sobre religiones, misterios y comunidades herméticas en español, suscríbete al canal de El DoQmentalista y activa la campanita para no perderte los próximos capítulos.

#TestigosDeJehova #Documental #Religion","el doqmentalista, documentales de misterio en espanol, documental en español, testigos de jehova, origen de los testigos de jehova, charles taze russell, joseph rutherford, atalaya, traduccion del nuevo mundo, 144000 elegidos, transfusiones de sangre, religiones y sectas, historia de las religiones, creencias religiosas, fin del mundo, documental religioso, misterio y ocultismo, sectas religiosas"
VH8412ImqKI,363256,"Objetos Mágicos según tu signo del zodiaco, horoscopo",Objetos mágicos: ¿cuál le corresponde a tu signo del zodiaco?,Tu signo del zodiaco ya tiene un objeto mágico asignado,"Ouija, tarot y runas: el objeto mágico de los 12 signos del zodiaco","¿Sabes cuál es el objeto mágico que corresponde a tu signo del zodiaco? La tradición esotérica asigna a cada uno de los 12 signos un objeto de adivinación o de ritual, y algunos cargan historias mucho más inquietantes de lo que imaginas.

En este documental recorremos el catálogo completo, signo por signo. A Aries se le vincula el anillo de humor, que refleja sus emociones cambiantes; a Tauro, los cristales, que según se dice conectan a la persona con la energía de la tierra; a Géminis, los amuletos hechos de piedra, plantas o hueso, considerados protectores del portador; y a Cáncer, la lectura de hojas de té, donde el vidente interpreta las figuras que quedan en el fondo de la taza. Leo recibe las velas curativas, con sus reglas de oro: nunca reutilizar una vela de curación y jamás pretender dañar a otros. A Virgo le toca el incienso, junto a la quema de salvia blanca, una antigua práctica indígena americana que, según la creencia, limpia las energías negativas de cuerpos y edificios.

La segunda mitad del zodiaco entra en terreno más oscuro. Libra queda ligado a la plancheta, la tabla triangular con lápiz incorporado que, según los espiritistas, produce escritura automática movida por los espíritus. Escorpio se asocia con las cartas de tarot y su tirada en cruz celta de diez cartas. Sagitario, con la icónica bola de cristal, donde el relato dice que las formas internas del cuarzo ayudan a fijar la mirada y recibir visiones en trance. Capricornio recibe el péndulo, el más discreto de los instrumentos de adivinación; Acuario, la tabla ouija, con sus letras, números y ese inquietante adiós; y Piscis, las runas, piedras grabadas con símbolos del antiguo alfabeto germánico que no buscan predecir el futuro, sino revelar causas y posibles resultados.

Cada objeto se narra como lo que es: una creencia, una práctica y, en varios casos, el origen de muchas noches de insomnio. Tú decides si el que te tocó es una curiosidad inofensiva o una puerta que preferirías no abrir.

Si te apasionan los misterios, el ocultismo y las historias que otros no se atreven a contar, suscríbete al canal y activa la campana para no perderte el próximo documental.

#Zodiaco #ObjetosMagicos #Ocultismo","el doqmentalista, documentales de misterio en espanol, objetos magicos, signos del zodiaco, horoscopo, tabla ouija, cartas de tarot, runas, pendulo adivinacion, bola de cristal, plancheta escritura automatica, amuletos de proteccion, ocultismo, esoterismo, adivinacion, astrologia, misterios sin resolver, paranormal en espanol"
XGweZ9hPq1A,361072,Revelado: Cronovisor del Vaticano. El Papa visita a Jesús. La máquina del tiempo existe.,La leyenda del Cronovisor del Vaticano que habría puesto al Papa cara a cara con Jesús,Cronovisor del Vaticano: el día que el Papa habló con Jesús,Cronovisor del Vaticano: la advertencia de Jesús sobre el fin de los tiempos,"El Cronovisor del Vaticano es, según la leyenda, una máquina capaz de mostrar el pasado como si fuera un televisor del tiempo. En este episodio te contamos el relato del día en que el Papa Francisco habría encendido el cronovisor del Vaticano y terminado cara a cara con Jesús.

La historia comienza en el tercer subsuelo de la Santa Sede. Según narra el video, el Papa Francisco solo buscaba un lugar tranquilo para dormir cuando el padre Pómoro, jefe de la prisión vaticana, le reveló la existencia de un ala olvidada: la habitación papal del viejo cronovisor, cerrada tras una puerta de acero de treinta metros. El relato recuerda la versión que hizo famoso al aparato: en 1972 el sacerdote Pellegrino Ernetti afirmó que el cronovisor había sido creado entre el 40 y el 56 por un equipo de científicos bajo su dirección, que captaba imágenes de momentos históricos y que con él habrían visto la crucifixión de Cristo, aunque en 1988 el Vaticano lo desmintió diciendo que todo era una broma de Ernetti.

Lo que sigue es puro vértigo narrativo: un troll de las cavernas llamado Goliat, capturado según el relato en los fiordos de Noruega en 1918, abre la cámara blindada a cambio de papas fritas; el Papa, químico de formación, repara la vieja batería con sal y unos golpes bien argentinos; y la pantalla en blanco y negro se enciende para mostrar el sermón del monte cerca de Cafarnaún, junto al mar de Galilea. Pero cuando un micrófono queda encendido por accidente, Jesús nota que lo observan desde el futuro. El relato cuenta que le habla al Papa en perfecto español, le presenta a María Magdalena y le encomienda un mensaje sobre su segunda venida, con una fecha exacta que el video deja en suspenso. La pregunta queda abierta: si esa historia fuera cierta, ¿el Vaticano haría público el mensaje o lo guardaría bajo llave?

Si te apasionan los misterios del Vaticano, las leyendas imposibles y los relatos que nadie más se atreve a contar, suscríbete al canal y activa la campanita para no perderte el próximo episodio de esta saga.

#Cronovisor #Vaticano #Misterio","el doqmentalista, documentales de misterio en español, cronovisor del vaticano, cronovisor, pellegrino ernetti, secretos del vaticano, papa francisco, máquina del tiempo, sermón del monte, maría magdalena, leyendas del vaticano, misterios del vaticano, relatos de misterio, historias sobrenaturales, ocultismo, paranormal, enigmas sin resolver, misterio y terror"
Q-mdj-mNL3I,359603,La Verdadera Historia de los Tres Reyes Magos,Los Reyes Magos nunca estuvieron en el pesebre (según la Biblia),¿Cuántos Reyes Magos eran? El Evangelio nunca dijo que fueran tres,Los Reyes Magos: lo que el Evangelio de Mateo dice y todos olvidamos,"¿Estuvieron realmente los Tres Reyes Magos en el pesebre la noche en que nació Jesús? La imagen de Melchor, Gaspar y Baltasar junto al recién nacido aparece en cada pesebre y en cada obra de teatro navideña, pero el propio texto bíblico cuenta una historia muy distinta.

En este documental repasamos, versículo por versículo, lo que los Evangelios narran sobre la primera Navidad. El Evangelio de Lucas cuenta que María y José viajaron a Belén, la ciudad de David, por el censo declarado por César Augusto; que no había habitaciones disponibles en las posadas de la aldea; que el niño fue envuelto en pañales y colocado en un pesebre; y que fueron los pastores, avisados por los ángeles, quienes lo visitaron esa misma noche. Los magos no aparecen en esa escena.

Los magos entran en el relato a través del Evangelio de Mateo: vinieron del oriente a Jerusalén, en tiempos del rey Herodes, siguiendo la estrella que habían visto levantarse. Pero el texto describe que, al llegar, entraron a una casa, no a un establo, y encontraron al niño con su madre María. Allí abrieron sus tesoros y entregaron oro, incienso y mirra. Y hay un detalle todavía más revelador: cuando Herodes se dio cuenta de que los magos lo habían burlado regresando a su tierra por otro camino, ordenó matar a todos los niños de Belén y sus alrededores de dos años o menos, de acuerdo con el tiempo que había aprendido de los magos. Según el análisis que presenta este video, eso indica que cuando los magos finalmente llegaron, Jesús ya no era un recién nacido, sino un niño de entre uno y dos años de edad.

Queda además la pregunta final: ¿eran realmente tres? La Biblia nunca da un número. Menciona tres regalos, pero los visitantes pudieron haber sido muchos más, quizás una caravana entera de magos venida del oriente. Los nombres de Melchor, Gaspar y Baltasar pertenecen a la tradición posterior, no al texto de los Evangelios.

Si te apasionan los enigmas de la historia y de la Biblia contados con calma y con seriedad, suscríbete al canal El DoQmentalista y activa la campanita para no perderte ningún documental.

#ReyesMagos #Biblia #Documental","el doqmentalista, documentales de misterio en español, reyes magos, los tres reyes magos, melchor gaspar y baltasar, evangelio de mateo, nacimiento de jesus, estrella de belen, rey herodes, oro incienso y mirra, historia biblica, misterios de la biblia, documental biblico, navidad, biblia explicada, curiosidades de la biblia, historia antigua, enigmas historicos"
U5eLvDXqMEc,359122,REENCARNACIÓN: El Misterio de la Vida Después de Morir | Un Documental del Más Allá,Reencarnación: El Niño que Recordaba su Vida como Piloto de Guerra,Vidas Pasadas: Los Casos que la Ciencia Aún No Logra Explicar,Reencarnación: Lo que Egipto y la India Sabían Sobre el Alma,"¿Existe la reencarnación? ¿Qué pasa con el alma después de la muerte? Este documental sobre la reencarnación y las vidas pasadas recorre una de las preguntas más antiguas y profundas que la humanidad se ha atrevido a formular.

Viajamos a los orígenes de esta creencia: el hinduismo, donde la tradición sostiene que el alma pasa de un cuerpo a otro según sus acciones y su karma; el jainismo y el budismo, que enseñan que es posible liberarse del ciclo de nacimiento y muerte mediante el conocimiento y la práctica espiritual; el antiguo Egipto, donde según la creencia la momificación preservaba el cuerpo para que el alma continuara su camino hacia la vida eterna; y la Grecia de Pitágoras y Platón, cuyos discípulos también exploraron la idea de que hemos vivido antes.

El video narra además dos de los casos más citados por quienes investigan el fenómeno. El de James, un niño estadounidense que afirmaba recordar su vida pasada como piloto de combate, historia que según se relata fue examinada por distintos expertos. Y el de Shanti Devi, una niña de la India que aseguraba haber sido una mujer casada y madre, cuyo relato, según se narra, fue investigado por un comité gubernamental que encontró detalles precisos. También abordamos la hipnosis regresiva, la terapia de vidas pasadas, y las experiencias espontáneas como sueños, visiones y esa atracción inexplicable hacia ciertas épocas o lugares que algunos interpretan como huellas de una existencia anterior.

Ninguna cultura ofrece la respuesta definitiva: cada religión y cada tradición ha construido su propia visión sobre el destino del alma, desde la elevación hacia la luz hasta el juicio final o el inframundo. Aquí presentamos esas creencias, teorías y relatos tal como han llegado hasta nosotros, para que seas tú quien saque sus propias conclusiones sobre el misterio de la vida después de la muerte.

Si te apasionan los misterios del más allá, suscríbete al canal de El DoQmentalista y activa la campanita para no perderte ningún documental.

#Reencarnación #VidasPasadas #Misterio","el doqmentalista, documentales de misterio en español, documental completo en español, reencarnación, vidas pasadas, vida después de la muerte, regresión a vidas pasadas, hipnosis regresiva, karma, shanti devi, james leininger, el más allá, experiencias cercanas a la muerte, que pasa con el alma al morir, misterios sin resolver, documental paranormal, espiritualidad y misterio"
6WXkSNpE14Y,356007,¿Qué es la Esquizofrenia? trastornos mentales,"Esquizofrenia, así suenan las voces que millones escuchan a diario",Esquizofrenia: ¿qué está pasando dentro de una mente dividida?,Esquizofrenia: los 5 tipos que casi nadie sabe distinguir,"¿Qué es la esquizofrenia y cómo suenan las voces que escucha quien la padece? En este documental entramos a la llamada mente dividida para entender la que se considera tal vez la más grave de las enfermedades mentales, y para escuchar con auriculares una recreación de las alucinaciones auditivas que millones de personas enfrentan a diario.

La palabra esquizofrenia significa mente dividida y se refiere a una ruptura del equilibrio natural entre el pensamiento y las emociones. Se trata de un tipo de psicosis en el que la persona no puede distinguir lo que es real de lo que es imaginario. Es una enfermedad crónica y grave, pero también tratable, y alrededor de ella se han creado estigmas que urge derribar: no, la esquizofrenia no es tener doble o múltiple personalidad, y no es el resultado de una mala crianza por parte de los padres. Como varía en severidad y en la frecuencia de los síntomas, los científicos piensan que es mejor considerarla un conjunto de enfermedades que cambia de persona a persona.

El video recorre los cinco tipos en que se clasifica. La esquizofrenia paranoide, la más común, se manifiesta con delirios, creencias falsas, alucinaciones auditivas frecuentes y delirio de persecución: alguien saluda sonriendo y el afectado piensa que se burlan de él. La catatónica se expresa en problemas físicos y motores, posturas corporales extrañas y repetición de palabras dichas por otros. La desorganizada vuelve incoherente el habla y absurdas las reacciones emocionales, afectando actividades tan básicas como comer, bañarse o vestirse. La no diferenciada mezcla síntomas de los subtipos anteriores, y la residual describe a quien sufrió un episodio en el pasado pero hoy no presenta síntomas prominentes.

Al final llega la parte que pocos se atreven a experimentar: ¿imaginas cómo sería escuchar voces dentro de tu cabeza que no reconoces como propias? Con auriculares puestos podrás asomarte por unos minutos a lo que viven a diario las personas con padecimientos mentales severos como la esquizofrenia o la psicosis.

Si te interesan los misterios de la mente humana y los documentales serios en español, suscríbete al canal y activa la campana para no perderte los próximos episodios.

#esquizofrenia #saludmental #eldoqmentalista","el doqmentalista, documentales de misterio en espanol, que es la esquizofrenia, esquizofrenia, tipos de esquizofrenia, esquizofrenia paranoide, esquizofrenia catatonica, alucinaciones auditivas, escuchar voces en la cabeza, mente dividida, mitos de la esquizofrenia, salud mental, trastornos mentales, psicosis, enfermedades mentales, misterios de la mente, documental en espanol, la mente humana"
_B8mqZOHYko,353608,"La leyenda de Gilgamesh, El Inmortal hijo de los Dioses Rey Uruk, Amigo de Enkidu",Gilgamesh: las tablillas que narran un diluvio antes de Noé,La Epopeya de Gilgamesh: el rey que desafió a la muerte,Gilgamesh: la Lista Real Sumeria registra su reinado de 126 años,"La Epopeya de Gilgamesh es considerada una de las primeras historias registradas de la humanidad, nacida en Mesopotamia, en el territorio del actual Irak. En este documental recorremos la leyenda del rey de Uruk que desafió a los dioses y salió a buscar el secreto de la vida eterna.

Según el relato, Gilgamesh gobernaba Uruk con mano dura, y los dioses crearon a Enkidu, un ser salvaje destinado a enfrentarlo. Tras pelear, ambos se hicieron amigos inseparables y viajaron juntos a las montañas de cedro para derrotar a Humbaba. Pero la muerte de Enkidu lo cambió todo: destrozado, Gilgamesh emprendió un largo viaje en busca de Utnapishtim, el hombre que, según la leyenda, sobrevivió a una gran inundación y recibió de los dioses la inmortalidad. La prueba de permanecer despierto durante siete días, la planta capaz de devolver la juventud y la serpiente que la robó en el camino cierran una de las reflexiones más antiguas sobre la mortalidad humana.

El video también examina lo que se conserva fuera del mito: tablillas sumerias que datan de alrededor del año 2000 antes de Cristo, una versión babilónica completa en dos tercios y copias halladas en las ruinas de la biblioteca del rey asirio Asurbanipal. Los expertos citados en el documental sitúan la creación del poema entre el 2150 y el 1400 antes de Cristo. En la Lista Real Sumeria, Gilgamesh aparece como quinto gobernante de Uruk, con el epíteto ""cuyo padre era un fantasma"" y un reinado de 126 años alrededor del 2600 antes de Cristo; según poemas anteriores a la epopeya, su padre sería Lugalbanda, ""el pastor"", y su madre la diosa Ninsun. El relato cuenta incluso que tablillas de arcilla halladas en tumbas contienen oraciones dirigidas a Gilgamesh como juez del inframundo. Y los temas de la epopeya reaparecen después en la literatura bíblica: el jardín del Edén, los consejos de Eclesiastés y el diluvio de Noé.

¿Fue Gilgamesh un rey real al que la memoria de su pueblo convirtió en un ser divino? Hasta que aparezcan más documentos de la época, el misterio permanece.

Si te apasionan los enigmas de las civilizaciones antiguas, suscríbete a El DoQmentalista y activa la campana para no perderte ningún documental.

#Gilgamesh #Mesopotamia #MisteriosAntiguos","el doqmentalista, documentales de misterio en español, gilgamesh, epopeya de gilgamesh, rey de uruk, enkidu, utnapishtim, lista real sumeria, mitologia sumeria, mesopotamia antigua, sumerios, diluvio universal, civilizaciones antiguas, misterios de la historia, historia antigua, mitos y leyendas, inmortalidad, babilonia"
HsRDz40pF_U,350345,Los Símbolos Cristianos Más Poderosos - Documental del Cristianismo ✅ El DoQmentalista,Símbolos Cristianos: la señal que Constantino juró ver en el cielo,Símbolos Cristianos: la señal que Constantino juró ver en el cielo,Símbolos Cristianos: el código que escondía a los perseguidos,"Los símbolos cristianos más poderosos guardan significados que la mayoría de los creyentes nunca aprendió. En este documental recorremos el origen de los símbolos cristianos que muchos llevan al cuello, que se ven en los templos e incluso en el billete de un dólar.

Comenzamos con la cruz latina y el debate entre católicos y protestantes: por qué unos llevan el crucifijo con Cristo y otros una cruz vacía que enfatiza la resurrección. Seguimos con la cruz rusa de tres barras, asociada a la ortodoxia oriental, cuya barra inclinada se interpreta como el destino de los dos ladrones del Calvario: San Dimas, que se arrepintió, y Gestas, que se burló del sufrimiento de Cristo. También el Alfa y la Omega, primera y última letra del alfabeto griego, que según el libro del Apocalipsis representan la infinitud de Dios.

El recorrido continúa con el Chi-Rho o quirro: según narra el historiador Eusebio, en el año 312 Constantino habría visto una señal a mediodía en el cielo antes de enfrentarse a Majencio en el puente Milvio, junto a la promesa de que bajo esa señal vencería. El ictus, conocido como los peces de Jesús, funcionó como un código con el que los cristianos perseguidos marcaban lugares de culto en las catacumbas: sus letras griegas forman el acrónimo Jesucristo, Hijo de Dios, Salvador. La paloma nos lleva al año 496, cuando, según relata la Crónica de San Dionisio, el rey franco Clodoveo fue bautizado en Reims el día de Navidad y una paloma habría descendido con un frasco de aceite sagrado, un hecho que la tradición interpretó como la presencia del Espíritu Santo. Cerramos con el ojo de la Providencia: antes de que la masonería lo adoptara en el siglo 18, ya era un símbolo cristiano que unía la mirada de Dios con el triángulo de la Trinidad, presente en obras como La cena de Emaús de Pontormo, hasta que la Revolución Francesa le dio un nuevo significado.

Si te apasionan los documentales de misterio, historia y fe, suscríbete a El DoQmentalista y activa la campana para no perderte los próximos episodios.

#SimbolosCristianos #Cristianismo #Documental","el doqmentalista, documentales de misterio en español, documental cristianismo, simbolos cristianos, significado de la cruz, crucifijo, cruz ortodoxa rusa, alfa y omega, crismon, ictus pez cristiano, ojo de la providencia, constantino puente milvio, espiritu santo paloma, historia del cristianismo, simbolos religiosos, misterios de la biblia, documentales en español, historia de la iglesia"
vH9tuIQqorE,348176,"De Humano A Arcángel, Nathaniel el Don de Dios, El Ángel De Fuego","Arcángel Nathaniel, el Ángel de Fuego que Pudo Ser Humano",Arcángel Nathaniel: El Ángel Que Vigila Las Cosas Ocultas,¿Quién Es Nathaniel? El Arcángel del Fuego y la Ley del Karma,"¿Quién es el Arcángel Nathaniel, el llamado Ángel de Fuego? Su nombre significa ""don de Dios"" o ""Dios ha dado"", y su rastro aparece tanto en la angelología moderna como en las páginas del Evangelio de Juan.

Según los expertos en angelología que cita este documental, Nathaniel (también escrito Nataniel o Natanael) trabaja con la ley espiritual de causa y efecto, la llamada ley del karma. La tradición esotérica lo describe como el ángel de la energía, la purificación y el propósito de vida, el encargado de abrir y expandir el chakra del corazón, capaz de canalizar las energías del sol y las estrellas para la sanación. Quienes lo invocan, sostiene esa misma tradición, deben prepararse para cambios rápidos, intensos y a veces abruptos en todos los aspectos de la vida.

Pero hay más. El video cita un libro llamado las Antigüedades Bíblicas de Filón, donde se menciona a un ángel Nataniel como el que quemó a los siervos de Jair. Otras fuentes que se narran en el documental lo describen como el ángel de la sexta hora y como uno de los tres ángeles con responsabilidad sobre las cosas ocultas. Y luego está el relato bíblico: en Juan 1:43, Jesús llama al discípulo Natanael, un hombre de Caná de Galilea traído por su amigo Felipe. Es el escéptico que preguntó si de Nazaret podía salir algo bueno, y el mismo a quien Jesús describió como un israelita en quien no hay engaño, revelándole que lo había visto bajo la higuera antes de conocerlo. Jesús le profetizó que vería a los ángeles subir y descender sobre el Hijo del Hombre, en un eco de la escalera de Jacob de Génesis 28. De ahí nace la especulación que exploramos en este video: la idea de que aquel discípulo, de alguna manera, se habría convertido en arcángel.

Un recorrido serio y documentado por lo que dicen la Biblia, los textos antiguos y la tradición esotérica sobre uno de los ángeles menos conocidos y más enigmáticos.

Si te apasionan los misterios de los ángeles, los arcángeles y los enigmas de la fe, suscríbete al canal y activa la campana para no perderte ningún documental.

#ArcangelNathaniel #AngelDeFuego #ElDoQmentalista","el doqmentalista, documentales de misterio en español, arcángel nathaniel, arcángel nataniel, natanael, ángel de fuego, angelología, natanael discípulo de jesús, quién es el arcángel nathaniel, ley del karma, arcángeles, ángeles, textos apócrifos, misterios de la biblia, ocultismo, espiritualidad, seres celestiales, documentales en español"
qTMwtmnWnuw,346313,"Como Ser Inmortal, La Muerte De La Muerte, Vivir Para Siempre / El DoQmentalista",Inmortalidad Humana: El Plan Para Que la Muerte Sea Opcional en 2045,Vivir Para Siempre Tiene un Precio Que Nadie Te Advierte,Criogenia: Ya Congelan Personas Que Esperan Ser Revividas,"La inmortalidad ya no es solo un sueño de faraones y alquimistas: hoy existen planes concretos que prometen convertirla en una opción real. En este documental analizamos las tres rutas que, según sus impulsores, podrían llevarnos a vivir para siempre, y el precio inquietante que la humanidad tendría que pagar por lograrlo.

Primera ruta: la criopreservación. Personas ya fallecidas están siendo conservadas a bajísimas temperaturas con la esperanza de ser revividas en el futuro. El video narra cómo los crioprotectores permitirían preservar el cerebro y su bioquímica, y detalla los costos que se manejan: hasta 200 mil dólares por conservar un cuerpo entero y 60 mil por congelar solo el cerebro, en la opción llamada neurosuspensión, esperando que la tecnología del futuro pueda clonar o regenerar el resto del cuerpo. Segunda ruta: la parabiosis, la transfusión de sangre joven a cuerpos viejos, una línea de investigación que comenzó en la década de 1950 con experimentos en ratas y que, según se relata, hoy avanza con ensayos en humanos en Estados Unidos, China y Corea.

La tercera ruta es la más audaz: los ingenieros José Luis Cordeiro y David Wood, autores del libro La Muerte de la Muerte, sostienen que para el año 2045 la muerte será opcional y solo moriremos por accidentes, nunca por vejez ni enfermedad. Su apuesta combina nanotecnología, manipulación genética, células madre, impresión de órganos en 3D y el alargamiento de los telómeros, esas colas del ADN que se acortan con el tiempo. Pero el documental también explora las consecuencias que se especulan para un mundo de inmortales: límites estrictos a los nacimientos, eutanasia fomentada y permisos para tener hijos solo con el certificado de defunción de alguien que ceda su lugar. Y recuerda la advertencia de la historia: el relato cuenta que el emperador chino Qin Shihuang bebió mercurio buscando la vida eterna, y murió. Mientras la ciencia no cambie, la esperanza de vida máxima ronda los 120 años, y alcanzarla exige trabajo.

Si te fascinan los límites entre la ciencia, el misterio y el destino humano, suscríbete a El DoQmentalista y activa la campanita para no perderte ningún documental.

#Inmortalidad #Criogenia #ElDoQmentalista","el doqmentalista, documentales de misterio en espanol, documentales en espanol, inmortalidad, como ser inmortal, vivir para siempre, criogenia, criopreservacion, parabiosis, la muerte de la muerte, jose luis cordeiro, telomeros, muerte opcional 2045, transhumanismo, vencer a la muerte, futuro de la humanidad, ciencia y misterio, vida eterna, envejecimiento reversible"
KUDSzWQHYO0,345638,La Verdadera Historia de Conor Mc Gregor,Conor McGregor: la historia oculta del fontanero que conquistó la UFC,Conor McGregor: la confesión de su padre que pocos oyeron,Conor McGregor: el niño del bullying que nadie recuerda,"Conor McGregor no siempre fue la mayor estrella de la UFC. La historia de Conor McGregor empezó lejos de los reflectores: en un negocio familiar de fontanería, con un subsidio de desempleo de 188 y un sueño que casi nadie tomaba en serio.

Antes de los millones, Conor era un adolescente de Dublín que soñaba con ser futbolista profesional. En 2006 se trasladó con su familia a Lucan, al oeste de Dublín, donde aprendió fontanería junto a su padre, Tony McGregor, en un negocio informal con el que la familia apenas podía sostenerse. A los 12 años, el bullying que sufría en la escuela por su complexión débil y su baja estatura lo empujó al boxeo, y más tarde a las artes marciales mixtas: primero como defensa personal, después como destino. En 2008 comenzó su carrera en las MMA y en 2012 conquistó los campeonatos de peso pluma y peso ligero de Cage Warriors, sosteniendo ambos títulos al mismo tiempo, antes de firmar con la UFC en febrero de 2013 y convertirse en el segundo luchador irlandés en pelear dentro de la empresa.

Este documental también recoge el testimonio de su padre, quien confesó en una entrevista para BT Sport que al principio no creía que aquello pudiera ser una carrera, hasta la noche en que vio a su hijo bajar a la jaula y, en sus propias palabras, dejó de ver a un niño para ver a un hombre. Y está el papel de su novia de toda la vida, la mujer que apostó por él cuando vivían en un departamento de renta a 30 kilómetros de Dublín y él pasaba todo su tiempo en el gimnasio en lugar de buscar un empleo estable.

El desenlace lo conoce el mundo entero: el 30 de noviembre de 2016 obtuvo una licencia de boxeo profesional de la comisión atlética del estado de California y el combate con el invicto Floyd Mayweather quedó confirmado por el propio Conor. Ese mismo 2016 se convirtió en el primer luchador de MMA en entrar a la lista de los 100 atletas mejor pagados de Forbes, con ganancias que para 2017 alcanzaban los 34 millones de dólares.

Si te apasionan las historias reales de superación contadas como documental, suscríbete a El DoQmentalista y activa la campana para no perderte los próximos episodios.

#ConorMcGregor #UFC #Documental","el doqmentalista, documentales de misterio en espanol, documentales en espanol, conor mcgregor, historia de conor mcgregor, ufc, mma, artes marciales mixtas, cage warriors, mcgregor vs mayweather, biografia de conor mcgregor, luchadores de ufc, floyd mayweather, historias de superacion, documentales biograficos, historias reales, deportistas famosos, boxeo"
1Hw-tVDwqzE,343589,"Agua Bendita, Para qué sirve, como usarla y porque el diablo le teme ✅ El DoQmentalista","Agua Bendita, por esto el diablo le teme y así debes usarla en casa",Agua Bendita: lo que Santa Teresa contó del diablo al usarla,Agua Bendita: los 4 tipos que existen y cómo usarla antes de dormir,"El agua bendita es uno de los sacramentales más antiguos de la iglesia católica, y la tradición sostiene que el diablo le teme más que a casi cualquier otra cosa. En este documental descubrirás para qué sirve el agua bendita, cómo usarla en tu casa y por qué los creyentes la consideran un arma espiritual contra el maligno.

El relato más famoso viene de Santa Teresa de Ávila. Según contó la mística, una noche en la capilla el diablo se le apareció y le advirtió que volvería a atacarla; ella arrojó agua bendita en su dirección y aseguró que él no volvió nunca más. La santa afirmaba que no hay nada de lo que los demonios huyan más, sin volver, que el agua bendita. En la misma línea, San Pablo escribe en su carta a los efesios que la batalla no es contra enemigos de carne y sangre, sino contra las huestes espirituales del mal. Y Santo Tomás de Aquino sostuvo que por la aspersión del agua bendita se borra la deuda de los pecados veniales, siempre en proporción a la fe y el arrepentimiento de cada uno.

La tradición católica cree que esta costumbre se remonta a los apóstoles, en particular a Matías, el sustituto de Judas Iscariote, y la primera documentación escrita que se cita aparece hacia el año 300 después de Cristo, en las Constituciones Apostólicas. El rito romano distingue cuatro variedades: el agua bendita normal de la pila, bendecida con sal; el agua bautismal, con aceite de la unción; el agua gregoriana, con vino, sal y ceniza, usada por los obispos al consagrar iglesias; y el agua pascual, que se reparte a los fieles el domingo de Pascua. Además, verás seis formas de usarla en el hogar según los creyentes: bendecirte al entrar y salir, rociar la casa, bendecir a la familia antes de dormir, santificar el espacio de trabajo, proteger el huerto como se hacía en la Edad Media y consolar a los enfermos.

Si te apasionan los misterios de la fe, lo oculto y las tradiciones espirituales, suscríbete al canal de El DoQmentalista y activa la campana para no perderte ningún documental.

#AguaBendita #ElDoQmentalista #Misterio","el doqmentalista, documentales de misterio en espanol, documental en espanol, agua bendita, para que sirve el agua bendita, como usar el agua bendita, el diablo le teme al agua bendita, santa teresa de avila, sacramentales de la iglesia catolica, tipos de agua bendita, bendecir la casa, proteccion espiritual, iglesia catolica, exorcismo, demonios, guerra espiritual, fe catolica, misterios de la biblia"
tmTfYWts6-o,342259,"El Día De Muertos, 10 Cosas Que Hay Que Saber Sobre El Dia De los Muertos En México 2 de Noviembre",Día de Muertos: el origen azteca que muchos mexicanos olvidaron,"Día de Muertos: de los aztecas a La Catrina, así nació la tradición",¿Día de Muertos o Halloween? Qué significa realmente cada ritual,"El Día de Muertos no es la versión mexicana de Halloween, y en este documental descubrirás por qué. Detrás del color, la música y las calaveras del Día de Muertos hay miles de años de historia que muchos hemos olvidado.

La tradición se originó hace varios miles de años con los aztecas, los toltecas y otros pueblos nahuas, culturas para las que la muerte era una fase natural del largo continuo de la vida: los muertos seguían siendo miembros de la comunidad y, durante estas fechas, regresaban temporalmente a nuestra tierra. La celebración actual mezcla esos ritos prehispánicos con las fiestas cristianas del 1 y 2 de noviembre, y en 2008 la UNESCO la reconoció al añadirla a su lista de Patrimonio Cultural Inmaterial de la Humanidad.

Recorremos los diez elementos esenciales de la fiesta: los altares u ofrendas con agua, comida, fotos y una vela por cada pariente muerto; los pétalos de caléndula que guían a las almas y el humo del incienso de copal que purifica el altar; las calaveras literarias, esos poemas mordaces que se burlan de los vivos; y la famosa Calavera Catrina, nacida como la Calavera Garbancera del caricaturista José Guadalupe Posada y bautizada después por Diego Rivera en su mural Sueño de una tarde de domingo en la Alameda. También el pan de muerto con sus huesos de masa, las calaveras de azúcar, el pulque, el atole y el papel picado que representa el viento y la fragilidad de la vida.

Además, viajamos a las celebraciones más conmovedoras de México: la vigilia nocturna en canoas sobre el lago de Pátzcuaro, en Michoacán; las procesiones con velas hacia el cementerio de Mixquic; las alfombras de aserrín de Tuxtepec, en Oaxaca; y el Festival de Calaveras de Aguascalientes, tierra natal de Posada, que culmina con un gran desfile por la avenida Madero.

Si te apasionan la historia, los misterios y las tradiciones de México y América Latina, suscríbete al canal de El DoQmentalista y activa la campana para no perderte ningún documental.

#DiaDeMuertos #TradicionesMexicanas #ElDoQmentalista","el doqmentalista, documentales de misterio en espanol, documentales en espanol, dia de muertos, dia de los muertos, origen del dia de muertos, la catrina, jose guadalupe posada, altares de dia de muertos, pan de muerto, calaveras literarias, patzcuaro dia de muertos, tradiciones mexicanas, cultura azteca, mexico prehispanico, 2 de noviembre, ofrendas, misterio y cultura, festividades de mexico"
WTwdddiV7Kw,337604,El Significado De Los Sueños (SERIE),El Significado de los Sueños: Lo Que la Ciencia No Logra Explicar,Significado de los Sueños: Esto Ocurre en Tu Mente Cada Noche,El Significado de los Sueños: El Lenguaje Que Olvidamos Descifrar,"¿Cuál es el significado de los sueños? Cada noche cruzamos la puerta de una vida oculta que ocupa casi la mitad de nuestra existencia, y el significado de los sueños podría ser la clave para entenderla.

Este documental recorre los cuatro niveles del dormir y el fenómeno del movimiento rápido de los ojos, la señal que delata el momento exacto en que empezamos a soñar. Gracias a ella se descubrió que todos soñamos todas las noches, en ciclos de unos 90 minutos. El video cita experiencias realizadas en la década de los 60s en el Mount Sinai Hospital de Nueva York, según las cuales una persona privada de sus sueños empieza a sufrir alucinaciones, y cuando se le permite soñar de nuevo, el tiempo dedicado a ello se incrementa un 15% durante algunos días. La conclusión que se narra es inquietante: quizás dormimos, sobre todo, para poder soñar.

Pero el relato va más allá de la ciencia del sueño. Explora las funciones que distintos investigadores y tradiciones atribuyen a los sueños: codificar la información del día como una computadora biológica, resolver problemas —como los famosos sueños de Edison, que según se cuenta se iba a dormir para encontrar la respuesta a sus inventos—, transmitir mensajes del inconsciente e incluso avisos del futuro, esa zona oscura que los investigadores llaman precognición.

Y luego están los llamados falsos sueños: fenómenos que confundimos con sueños pero que, según se narra, serían otra cosa. La telepatía mientras dormimos, que el video atribuye a una investigación del laboratorio de sueños del Maimónides Medical Center en la década de los 70s; la proyección astral, ese desdoblamiento que las tradiciones esotéricas sitúan en el ciclo del amanecer, cuando el recuerdo queda más vívido; y los sueños repetitivos que algunos investigadores interpretan como recuerdos de vidas anteriores, tratados según el relato mediante regresión hipnótica.

Si te fascinan los misterios de la mente y lo que sucede cuando cerramos los ojos, suscríbete a El DoQmentalista para más documentales de misterio en español.

#SignificadoDeLosSueños #Sueños #Misterio","el doqmentalista, documentales de misterio en español, significado de los sueños, interpretación de los sueños, qué significan los sueños, sueño REM, proyección astral, viaje astral, sueños premonitorios, telepatía, vidas pasadas, regresión hipnótica, el inconsciente, misterios de la mente, fenómenos paranormales, documental en español, mundo de los sueños"
sVZvPH_nmNE,337000,Sobrenatural: Revelaciones impactantes de una Entrevista con El Diablo,Entrevista imaginaria con el Diablo: esto respondería sobre Dios,Entrevista con el Diablo: la pregunta que no quería responder,Entrevista con el Diablo: su advertencia final antes de desaparecer,"Una entrevista con el Diablo no es algo que se vea todos los días. En este episodio especial, El DoQmentalista presenta una dinámica diferente: un diálogo imaginado cara a cara con Satanás, un ejercicio narrativo donde el adversario responde sin rodeos a las preguntas que muchos se han hecho en silencio y que casi nadie se atreve a formular en voz alta.

A lo largo de la conversación, el entrevistado narra su propia versión de la rebelión contra Dios: se describe como un ser creado con la mayor belleza y sabiduría, que ejerció el libre albedrío que, según su relato, el propio Creador le otorgó. Afirma no sentir remordimiento y asegura no ser pura maldad, sino un catalizador del cambio y un contrapunto necesario a la luz divina. También revela las cuatro tácticas con las que dice influir en los seres humanos: apelar a sus deseos más profundos, explotar sus debilidades y miedos, usar la adulación para ganarse su confianza y hablar con ambigüedad para sembrar dudas en sus mentes.

La entrevista toca los temas más inquietantes: los pactos y su precio, que según sus palabras puede llegar hasta el alma misma; la pregunta de si Dios podría perdonarlo algún día, la única de la que admite que no le gusta hablar; y su papel en los relatos bíblicos, desde la tentación en el jardín del Edén y la prueba de Job hasta la tentación de Jesucristo en el desierto. Nombra además a quienes, según él, lograron resistir sus influencias: Jesucristo, Buda, Mahatma Gandhi, Nelson Mandela y Martin Luther King. Y confiesa que al único ser al que realmente teme y respeta es a su padre, Dios, el creador y fuente de toda la existencia. Antes de desvanecerse, deja una advertencia final sobre la luz, la oscuridad y las falsas promesas que encontrarás en tu propio camino.

Suscríbete a El DoQmentalista para más documentales de misterio, ocultismo y lo inexplicable, narrados en español y con una mirada seria hacia lo desconocido.

#EntrevistaConElDiablo #Misterio #ElDoQmentalista","el doqmentalista, el documentalista, documentales de misterio en español, entrevista con el diablo, satanás, lucifer, pactos con el diablo, demonios, la rebelión de lucifer, el diablo responde, tentación de jesús en el desierto, ángeles caídos, libre albedrío, misterio, ocultismo, paranormal, sobrenatural, biblia, historias aterradoras"
FNhLhk6j7VE,336820,"La Terrorífica Historia de Ramón, vídeo de terror",Hechicería en Venezuela: la vio en el autobús... pero ella estaba a 4 horas,"Si un desconocido grita tu nombre de madrugada, no respondas: el caso de Ramón",Maldición de Amor: lo que un hechicero le hizo a Ramón lo persigue hasta hoy,"Hechicería en Venezuela: Ramón asegura que una madrugada vio a su ex novia sentada frente a él en un autobús... mientras ella, según él mismo comprobó por videollamada, estaba en Maracay, a cuatro horas de distancia. Este es su testimonio, y lo que relata es difícil de olvidar.

Según cuenta Ramón, nació el 25 de febrero de 1990 en Venezuela, con la cabeza más grande de lo normal. Los médicos descartaron una hidrocefalia y lo diagnosticaron simplemente como un cráneo amplio, pero su niñez fue solitaria: caminó y habló tarde, sufrió maltrato en la escuela, y a los siete años tuvo su primera experiencia sobrenatural, cuando dice haber visto en su cuarto a una mujer desconocida de unos 22 o 23 años que lo saludaba en la penumbra. Desde entonces, relata, ver lo que otros no ven se volvió parte de su rutina, sin que psiquiatras ni psicólogos encontraran problema alguno.

El relato llega a su punto más inquietante una madrugada camino al trabajo. Ramón describe a un hombre de chiva blanca, pantalones marrones y unos doscientos collares de colores, que cargaba un enorme bastón con un halcón posado en la punta. El hombre hablaba en lenguas que él no entendía y gritó su nombre dos veces. Minutos después, en el autobús, Ramón se encontró con su ex novia, que lo miraba fijamente sin saludarlo. Pero notó algo imposible: la mujer no tenía la cicatriz del labio que su ex sí tiene. Al llegar al trabajo le escribió, y ella le juró que jamás salió de su casa en Maracay. Una pastora, según narra, le dio su veredicto: aquel hombre era un hechicero que pudo conocer lo que había dentro de su corazón.

Desde entonces, cuenta Ramón, se le aparece una mujer de piel de porcelana, cabello rubio, ojos exageradamente verdes y vestido rojo, con una serpiente verde y rosada enrollada en su pierna derecha, a la que algunos cristianos llaman Betsabé. La aparición le repite que nunca será feliz en el amor, y él asegura que cada una de sus relaciones ha terminado en desastre. Han pasado tres años y, según su testimonio, la sigue viendo.

Si te apasionan los relatos paranormales narrados con seriedad, suscríbete a El DoQmentalista y acompáñanos en el próximo expediente.

#HistoriasDeTerror #Paranormal #ElDoQmentalista","el doqmentalista, documentales de misterio en espanol, historias de terror reales, relatos paranormales, hechiceria en venezuela, maldicion de amor, historia de ramon, brujeria, doppelganger, apariciones, testimonios paranormales, historias de terror en espanol, casos paranormales, terror real, videos de terror, misterio, ocultismo, leyendas de venezuela"
szspQGNgyjQ,334267,"Ángeles, OVNIs y Secretos Paranormales: En Profundidad con FEPO - Documentales en Español","Ángeles, Registros Akáshicos y OVNIs: la Charla Más Profunda con FEPO",OVNIs en Ciudad de México: los Testigos que Nunca Volvieron a Hablar,Pactos con Entidades Oscuras: por Qué Jamás Deberías Intentarlo,"¿Qué son realmente los ángeles y por qué casi nadie hace las preguntas incómodas sobre ellos? En esta conversación sobre ángeles, OVNIs y registros akáshicos, El DoQmentalista recibe a FEPO, creador de Podcast Paranormal, para una charla sin filtros en La Voz del Misterio.

FEPO cuenta que ha conversado con figuras como Jesús Vallejo en Colombia y con Jaime Maussan, Rubén Villatoro y Carlos Clemente en México, y explica por qué antes de entrevistar a una angelóloga exige respuestas de fondo: si alguien dice comunicarse con un ángel, primero debe responder qué es un ángel. También relata su encuentro con el contactado Alejandro González, quien, según narra, le reveló detalles personales de su infancia que nadie más conocía y lo dejó desarmado antes de empezar la entrevista.

La plática se adentra en los registros akáshicos, esa supuesta biblioteca espiritual donde quedaría grabada toda la información de nuestras vidas. Se comenta el relato del contactado Carlos Díaz, quien afirma haber sido llevado a una caverna con enormes huevos de luz donde seres no humanos recolectaban la información de las personas, colocando una esfera luminosa sobre la séptima vértebra cervical. Y se narra el testimonio de un grupo que, según una llamada al programa, vio seis OVNIs sobre la Ciudad de México que parecieron responder a sus emociones, testigos que después evitaron volver a hablar del tema.

La conversación cierra en un terreno delicado: la cábala, el árbol de la vida, el sendero de la mano izquierda y los pactos con entidades oscuras. FEPO comparte el caso de una persona cercana que, según relata, pactó por la vida de sus hijos y hoy vive con el temor de romper ese acuerdo. Una reflexión sobre espiritualidad, el crecimiento del alma y por qué, para ambos, el camino correcto siempre es el que construye y no el que destruye.

Si te apasionan el misterio, lo paranormal y las grandes preguntas del espíritu, suscríbete a El DoQmentalista y activa la campanita para no perderte ningún episodio de La Voz del Misterio.

#ElDoQmentalista #Paranormal #RegistrosAkashicos","el doqmentalista, documentales de misterio en español, la voz del misterio, fepo podcast paranormal, registros akashicos, angeles y ovnis, contactados extraterrestres, pactos con entidades, ovnis ciudad de mexico, carlos diaz contactado, angelologia, cabala arbol de la vida, sendero de la mano izquierda, misterio y ocultismo, podcast paranormal en español, fenomenos paranormales, espiritualidad y misterio, casos paranormales reales"
XmXur5m3504,334220,"Las Horas Espejo - Qué Significan, Numerología ✅ El DoQmentalista numero angelical 44",Horas Espejo: El Fenómeno Que Jung Llamó Sincronicidad,Horas Espejo: La Advertencia Oculta Detrás De Las 11:11,Horas Espejo: El Fenómeno Que Jung Llamó Sincronicidad,"¿Sigues viendo horas espejo en tu reloj o en tu teléfono? Las horas espejo, esas cifras dobles como las 11:11 o las 22:22, aparecen cuando menos lo esperas, y según la numerología no serían una simple coincidencia.

En este documental exploramos qué son las horas espejo: horas en formato digital donde los números de la hora coinciden con los de los minutos. El fenómeno se relaciona con la numerología y la astrología, y con la idea de la sincronicidad, descrita por el psiquiatra suizo Carl Gustav Jung. Según la tradición esotérica que recoge el video, ver la misma hora doble con regularidad podría interpretarse como una señal de tu ángel de la guarda, el aviso de que una persona está pensando en ti, el intento de contacto de una entidad, quizá alguien que ha fallecido, o incluso un mensaje de tu propio subconsciente, esa parte de nuestro ser que, según se narra, constituye el 90 por ciento de lo que somos.

Repasamos una por una las horas espejo más buscadas y el mensaje que la numerología les atribuye: el 00:00 y el potencial ilimitado del cero; la 01:01 como llamada a la ambición y el liderazgo; las 10:10, señaladas como la hora del amor y la fortuna; las 11:11, que según la creencia son una advertencia de los ángeles sobre el riesgo de sufrir; las 12:12, consideradas el momento mágico del día para pedir un deseo; y las 22:22, que el relato vincula con una llamada muy importante de la persona que amas.

También descubrirás el significado que la tradición asigna a las horas invertidas: la 01:10 y la llegada del amor a tu vida, las 02:20 como presagio de buenas noticias si esperas resultados médicos o una decisión importante, las 14:41 y el hallazgo de un objeto valioso, y las 23:32, un consejo para no dejar que nadie juegue con tus sentimientos.

¿Y tú a qué hora estás viendo este video? Si te apasionan el misterio, la numerología y los enigmas sin resolver, suscríbete a El DoQmentalista para no perderte ningún documental.

#HorasEspejo #Numerologia #ElDoQmentalista","el doqmentalista, documentales de misterio en español, horas espejo, hora espejo significado, 11:11 significado, horas invertidas, numerología, números angelicales, sincronicidad, ángeles de la guarda, mensajes de los ángeles, significado de las horas dobles, 22:22 significado, hora del amor 10:10, esoterismo, espiritualidad, señales del universo, misterio, paranormal"
Oh-k_hzT0Ok,333715,Qué dice la Biblia sobre el infierno?,"¿Qué dice la Biblia sobre el infierno? Seol, Hades y Gehena",El infierno en la Biblia: los 4 nombres que casi nadie conoce,El infierno según la Biblia: la advertencia del fuego eterno,"¿Qué dice la Biblia sobre el infierno? No es una sola palabra ni una sola imagen: las Escrituras usan varios términos y descripciones para hablar del destino final de los incrédulos, y en este documental los recorremos uno por uno, versículo por versículo.

Empezamos en el Antiguo Testamento con la palabra hebrea Seol, que aparece 65 veces y se traduce como infierno, la tumba, muerte, destrucción o el pozo: la morada general de los muertos, como la describe el Salmo 49, donde los que confían insensatamente en sí mismos ""están destinados al sepulcro"". En el Nuevo Testamento aparece el término griego Hades, descrito como una prisión con puertas, rejas y cerraduras, con ubicación hacia abajo, citado en Hechos 2:27-31 a propósito del patriarca David y la resurrección de Cristo.

Luego llegan los términos más duros: Gehena, el lugar de castigo asociado al juicio final y al fuego eterno e insaciable, que Jesús menciona en Mateo 10:28 y en Mateo 25:41, donde habla del ""fuego eterno preparado para el diablo y sus ángeles"". Y el Tártaro, que aparece en 2 Pedro 2:4, donde se narra que Dios no perdonó a los ángeles que pecaron, sino que los arrojó al infierno y los entregó a cadenas de tinieblas hasta el juicio. El recorrido sigue por Isaías 66:24 y su gusano que no muere, Daniel 12:2, Mateo 25:46, Marcos 9:43, la advertencia de Sodoma y Gomorra en Judas, la separación eterna de Dios en 2 Tesalonicenses, el horno de fuego de Mateo 13, el lago de fuego y azufre de Apocalipsis 20:10 donde serán arrojados el diablo, la bestia y el falso profeta, y la promesa de Mateo 16:18: los poderes del infierno no conquistarán a la iglesia.

Un tema incómodo, sí, pero uno que las propias Escrituras tratan con una insistencia que sorprende a cualquiera que las lea completas.

Si te apasionan los grandes enigmas de la Biblia y el misterio contado con seriedad, suscríbete al canal y activa la campanita para no perderte los próximos documentales.

#Biblia #Infierno #ElDoQmentalista","el doqmentalista, documentales de misterio en español, que dice la biblia sobre el infierno, el infierno en la biblia, seol significado, hades en la biblia, gehena, tartaro biblia, lago de fuego, fuego eterno, castigo eterno, versiculos sobre el infierno, juicio final, apocalipsis 20, misterios de la biblia, estudio biblico, antiguo testamento, nuevo testamento, vida despues de la muerte"
-w3FWqH-2II,333163,"Los 10 Símbolos Vikingos Más Poderos, Significados nórdicos",Símbolos Vikingos: qué significan realmente el Valknut y el Mjölnir,"Valknut, el símbolo vikingo de la muerte: esto debes saber antes de usarlo",Mitología Nórdica: los símbolos de protección que el mundo olvidó,"Los símbolos vikingos guardan significados que van mucho más allá de la decoración: en la mitología nórdica eran protección, destino y poder. En este documental analizamos los 10 símbolos vikingos más poderosos y lo que, según la tradición nórdica, cada uno representaba para quienes los llevaban.

El recorrido comienza con el Mjölnir, el martillo de Thor, descrito en los mitos como un arma capaz de arrasar montañas y la única que siempre regresaba a la mano del dios del trueno. Según se narra, incluso a partir del año 1000 después de Cristo, en plenos tiempos cristianos, los vikingos llevaban el martillo junto a una cruz colgada al cuello. Seguimos con Yggdrasil, el árbol de la vida que mantiene unidos a los nueve mundos, con un águila en la cima y un dragón en sus raíces, y cuya imagen —cuenta el video— aparece en un famoso tapiz del año 1066. Llegamos después al Valknut, el enigmático símbolo de la muerte hallado en antiguas tallas de piedra y estelas funerarias, asociado según el relato a los guerreros caídos en batalla y al poder de Odín sobre la muerte.

También exploramos el casco del terror o Aegishjalmur, que la leyenda dice se usaba entre los ojos para infundir miedo al enemigo; a Huginn y Muninn, los cuervos que cada día recorrían los mundos para susurrar a Odín todo lo que veían; la red del destino tejida por las Nornas, las diosas que determinaban la duración de la vida; la cruz troll del folklore sueco, forjada en hierro y atribuida a un herrero de una provincia del centro de Suecia; el triple cuerno de Odín y la búsqueda del hidromiel mágico; Gungnir, la lanza imparable sobre cuya punta ningún juramento podía romperse; y el Vegvísir, la brújula nórdica originada en Islandia que, se creía, guiaba a los marineros y sus barcos de regreso a casa en medio de la tormenta.

Cada símbolo se presenta tal como lo cuenta la tradición nórdica: creencias, mitos y relatos que moldearon la vida de los antiguos pueblos escandinavos y que todavía hoy despiertan fascinación en todo el mundo.

Si te apasionan la mitología y los enigmas del pasado, suscríbete a El DoQmentalista y activa la campana para más documentales de misterio en español.

#SimbolosVikingos #MitologiaNordica #Vikingos","el doqmentalista, documentales de misterio en espanol, simbolos vikingos, mitologia nordica, martillo de thor, mjolnir, valknut, vegvisir, aegishjalmur, cuervos de odin, cruz troll, vikingos, odin, amuletos de proteccion, runas vikingas, leyendas nordicas, cultura vikinga, misterio, ocultismo"
P_u04Vke7ek,332480,Demonología: 5 Claves para Protegerte de Incubos y Hechicería Maligna,Cómo expulsar a un demonio antes de que sea demasiado tarde,"Posesión demoníaca: si notas estas señales, ya está en tu casa",¿Estás poseído? Las 5 fases que un demonio sigue para ganar tu alma,"¿Cómo expulsar a un demonio? Esa es la pregunta que cientos de personas le han hecho al Documentalista, y este documental reúne su respuesta completa: las cinco fases de una posesión demoníaca y el método que el narrador llama auto exorcismo para enfrentarla cuando no hay un exorcista disponible.

Según describe el video, una posesión no llega de golpe: avanza por etapas. Primero la manifestación, cuando la entidad detecta a una persona débil de espíritu o golpeada por la tristeza, la depresión o la muerte de un ser querido. Luego la infestación, donde el ente se deja ver, oír o incluso oler, y puede disfrazarse de un ser de luz, de un familiar fallecido o hasta de un ángel para ganarse la confianza de su víctima. Después vienen la opresión, con pesadillas recurrentes, voces en la cabeza, fuerza extraordinaria, conductas violentas y enfermedades que aparecen sin explicación; la posesión, cuando la persona deja de ser quien comanda su propio cuerpo; y al final la destrucción, cuyo desenlace más común, según el relato, es el suicidio. El video sostiene incluso que algunos demonios buscan poseer a un hijo para hacer sufrir a los padres, por una maldición generacional o por brujería usada de manera incorrecta.

El documental también explica por qué el problema es tan serio hoy: los exorcistas, entrenados de manera especial por la Iglesia católica, piden primero una evaluación médica para descartar una enfermedad mental o física, pero según se narra no existen suficientes autorizados por el Vaticano para atender todos los casos. Por eso se propone el auto exorcismo en cinco fases: reconocer que nosotros mismos abrimos la puerta, tomar la decisión de ser liberados, combatir al espíritu atacando sus propias debilidades —apoyándose en las citas de Gálatas 5:13 y 5:16 al 26—, reforzar el espíritu con cuatro prácticas concretas (la oración, el ayuno, la meditación y el aprendizaje del mundo espiritual) y, como última fase, perseguir la luz sin bajar nunca la guardia. Eso sí: el propio narrador advierte que este material no pretende sustituir la labor de un exorcista.

Si te interesan los documentales de misterio, la demonología y el mundo espiritual narrados con seriedad, suscríbete al canal y activa la campana para no perderte los próximos casos.

#PosesionDemoniaca #Demonologia #ElDoqmentalista","el doqmentalista, el documentalista, documentales de misterio en español, como expulsar a un demonio, posesion demoniaca, auto exorcismo, fases de la posesion demoniaca, señales de posesion, demonologia, exorcismo, exorcistas del vaticano, espiritus malignos, brujeria, maldicion generacional, mundo espiritual, misterio, paranormal, ocultismo, casos paranormales"
6vsPgnKcZAI,330342,Casos Reales De Personas Que Jugaron Con Demonios Y Pagaron Las Consecuencias,Ouija Y Demonios: Casos Reales Que Terminaron En Tragedia,Ouija Y Demonios: Casos Reales Que Terminaron En Tragedia,El Psiquiatra Que Documentó Una Posesión Demoníaca Real,"¿Qué ocurre cuando alguien decide jugar con demonios? Estos casos reales de posesiones demoníacas muestran que provocar a las fuerzas oscuras puede costar la libertad, la cordura e incluso la vida.

El video recorre relatos que marcaron la historia del fenómeno paranormal. Está el caso Johnson: según se narra, un joven de 19 años se burló de los demonios que atormentaban a un niño de 11 y les exigió que poseyeran su propio cuerpo; tiempo después apuñaló a su casero hasta la muerte, y su defensa alegó posesión demoníaca, en lo que se describe como el primer caso de asesinato de alto perfil en Estados Unidos con ese argumento legal. También la historia de una joven alemana de 23 años que murió de deshidratación e inanición tras casi 70 exorcismos, pesando apenas 30 kilos; sus padres y dos sacerdotes fueron condenados a seis meses de prisión.

El video cita además un artículo de la New Oxford Review en el que un psiquiatra certificado documentó el caso de Julia, una mujer vinculada al satanismo que, según ese testimonio, hablaba idiomas desconocidos para ella, levitaba y demostraba conocimiento de información privada de otras personas. Sigue la casa de Gary, Indiana, donde en 2014 Latoya Ammons y sus tres hijos denunciaron el acoso de lo que algunos expertos calcularon en más de 200 demonios, un caso investigado por la policía y los servicios infantiles antes de que la casa fuera demolida a principios de 2016 para un documental. La leyenda de la Bruja de la Campana narra cómo una entidad atormentó a una familia pionera y se atribuyó la muerte del padre. El relato del niño que, tras usar una tabla ouija en 1949 para contactar a su tía recién fallecida, protagonizó ese mismo año los exorcismos que inspiraron la película El Exorcista. Y el sacerdote polaco que, según se cuenta, comenzó a recibir mensajes de texto amenazantes del demonio tras un exorcismo fallido en 2014.

Son relatos transmitidos por testigos, expedientes judiciales y tradición popular, y aquí se presentan como lo que son: historias que siguen desafiando toda explicación y que advierten lo mismo desde hace siglos: con ciertas fuerzas no se juega.

Suscríbete a El DoQmentalista para más documentales de misterio en español, cada semana.

#Posesiones #Paranormal #CasosReales","el doqmentalista, documentales de misterio en español, casos reales de posesiones, posesiones demoniacas reales, jugaron con demonios, tabla ouija casos reales, exorcismos reales, bruja de la campana, casa de gary indiana, el exorcista historia real, demonios reales, casos paranormales, paranormal, misterio, terror real, exorcismo, actividad paranormal, documental paranormal, historias de terror reales"
zsKbFIMacXU,326803,"ABRACADABRA, EL PODER DE LOS HECHIZOS",Abracadabra: el verdadero origen de la palabra mágica más famosa,Abracadabra no era un juego: así curaban los romanos con una palabra,Abracadabra: ¿por qué un emperador romano la llevaba en un amuleto?,"¿De dónde viene realmente la palabra abracadabra? Antes de convertirse en un cliché de ilusionistas, abracadabra fue considerada uno de los hechizos de protección más poderosos del mundo antiguo.

Este documental sigue el rastro de la palabra hasta su mención más antigua conocida: el Liber Medicinalis de Quinto Sereno Samónico, médico de la corte del emperador romano Caracalla, en el siglo III después de Cristo. Según se narra, el emperador llevaba siempre consigo un amuleto con la palabra escrita en forma de triángulo invertido: se creía que, al reducirse letra por letra, la enfermedad del portador disminuía hasta desaparecer. Y Caracalla no habría sido el único: el video cuenta que los emperadores Geta y Severo Alejandro siguieron la misma recomendación con idéntico propósito.

El recorrido explora también las principales teorías sobre su origen: la expresión aramea que se traduciría como ""creo mientras hablo"", la versión árabe que pediría ""que las cosas sean destruidas"", en referencia a la enfermedad y no a una maldición, la lectura hebrea que vería en sus sílabas al padre, al hijo y al espíritu santo, y la conexión con Abraxas, el término grabado en gemas y talismanes que la tradición vincula con la cosmología gnóstica del culto de Basílides de Alejandría, nacido entre los siglos II y III después de Cristo, donde las siete letras de la palabra representarían los siete planetas de la antigüedad. Según se relata, la palabra aparece incluso en papiros griegos sobre magia y en el documento gnóstico conocido como el libro santo del espíritu invisible.

Su poder no murió con Roma. Durante la peste que diezmó Londres entre 1665 y 1666, según escribió Daniel Defoe, considerado el padre de la novela inglesa moderna, ciudadanos desesperados colocaron la palabra abracadabra en las puertas de sus casas como último escudo contra el contagio.

Un análisis con enfoque antropológico serio sobre cómo una sola palabra cruzó imperios, religiones y epidemias sin perder su aura de poder, en una época en la que el mago y el chamán eran figuras respetadas que, se pensaba, controlaban las fuerzas invisibles.

Si te apasionan los misterios del mundo antiguo y el conocimiento esotérico contado con rigor, suscríbete a El DoQmentalista y activa la campana para no perderte los próximos documentales.

#Abracadabra #Misterio #Documental","el doqmentalista, el documentalista, documentales de misterio en espanol, abracadabra, origen de abracadabra, palabras magicas, hechizos antiguos, amuletos romanos, caracalla, abraxas, gnosticismo, magia antigua, peste de londres, talismanes y amuletos, esoterismo, ocultismo, misterios historicos, conjuros de proteccion, imperio romano, daniel defoe"
tFetfOkHDVE,325906,La Historia de Terror Mas triste del Mundo / En su sexto cumpleaños / El DoQmentalista,Historia de terror del álbum con fotos de una vida que jamás ocurrió,"Creepypasta en español: si un extraño te entrega un álbum en un funeral, no lo abras",Relato de terror en su sexto cumpleaños: ¿quién tomaba las fotos de su hija?,"Esta historia de terror llegó como un relato en primera persona, y es quizás la más triste que hemos narrado en el canal. Una historia de terror donde el verdadero horror no está en lo que pasó... sino en lo que nunca llegó a pasar.

El relato cuenta la vida de un padre que lo perdió todo dos veces. Primero a su esposa, Eva, que según narra murió durante el parto de su única hija. Años después, en el sexto cumpleaños de la niña, una salida al cine con sus amigos terminó en tragedia: la pequeña corrió hacia la carretera y un autobús no tuvo tiempo de frenar. En el funeral, entre las condolencias de amigos y familiares, un hombre desconocido se acercó al padre y le entregó un gran libro de cuero. Nunca mencionó a la niña. Solo se lo dio y desapareció.

Según el relato, cuando el padre finalmente abrió aquel libro, encontró una carpeta llena de fotos polaroid de su hija creciendo: tomadas de lejos, ligeramente borrosas, incluyendo el día de la bicicleta a los cinco años y hasta el impermeable rosa de su sexto cumpleaños. Pero no había ninguna foto del accidente. En cambio, la vida de la niña continuaba dentro del libro: su séptimo cumpleaños, sus dientes de leche, su primer día de escuela, su adolescencia. Y con cada página, el fotógrafo se acercaba más. Una figura oscura empezó a aparecer al fondo de las imágenes, cada vez más presente, hasta la última foto que el padre se atrevió a mirar: su hija a los dieciocho años, de rodillas, con las manos atadas y una leyenda escrita debajo que decía ""al fin"". Lo que lo mantiene despierto por las noches, confiesa, no es lo que vio... sino todas las páginas que le faltaron por ver.

Un relato que mezcla el duelo, lo siniestro y esa pregunta imposible: ¿qué mostraban las fotos de una vida que jamás ocurrió?

Si te gustan las historias de terror narradas con respeto y atmósfera, suscríbete al canal y activa la campanita para no perderte los próximos relatos de El DoQmentalista.

#HistoriasDeTerror #Creepypasta #RelatosDeTerror","el doqmentalista, documentales de misterio en español, historia de terror, historias de terror en español, relatos de terror, creepypasta en español, el album de fotos creepypasta, en su sexto cumpleaños, historia de terror triste, terror narrado, historias para no dormir, relatos paranormales, historias de miedo, misterio y terror, leyendas de terror, narraciones de terror, fotos paranormales"
Liuc4n7IxeU,324474,"ASOMBROSAS Historias de Duendes Reales, ¿Qué OCULTAN? - Documentales en Español","Duendes: Qué Son, Dónde Viven y Cómo Atraerlos Según la Leyenda","Duendes: Qué Son, Dónde Viven y Cómo Atraerlos Según la Leyenda",Cómo Atrapar un Duende: La Advertencia de las Tradiciones Esotéricas,"¿Existen los duendes reales o son solo un invento de nuestra imaginación? Las historias de duendes atraviesan siglos de mitología y folclor, y en este documental nos adentramos en los rincones donde, como dice el propio relato, la ciencia teme aventurarse.

Según las leyendas recogidas en incontables culturas, los duendes son seres pequeños, a veces no más altos que un niño, y en algunos relatos de apenas unos centímetros. La tradición les atribuye poderes que desafían las leyes de nuestra realidad: la invisibilidad para aparecer y desaparecer a su antojo, la capacidad de transformarse en animales u objetos cotidianos, el cambio de tamaño a voluntad y un dominio sobre plantas, animales y hasta los vientos y las lluvias. Se dice que habitan bajo las raíces de árboles centenarios, en cuevas discretas de los bosques, en grietas de las montañas y en las orillas tranquilas de ríos y lagos, organizados en comunidades donde cada uno cumple un papel: recolectores, protectores del territorio y mensajeros con otros seres mágicos.

El recorrido también explora los tipos de duendes que describe el folclor: los duendes del hogar, compañeros invisibles de las casas humanas a quienes se atribuye prosperidad y buena suerte; los duendes malos, de bromas pesadas que pueden volverse destructivas; los duendes verdes, custodios de los bosques; los duendes rojos, famosos en la Patagonia y asociados al poder sobre el fuego; y los duendes acuáticos, señores de ríos y lagos. Y llegamos a la pregunta que muchos se hacen: ¿cómo atrapar un duende? Los relatos hablan de trampas con objetos brillantes, de ofrendas de alimentos como las que se narra que hacían los mayas —hoy, pan y leche—, de conjuros de invocación que las tradiciones esotéricas piden no improvisar porque un ritual mal ejecutado tendría consecuencias peligrosas, y de estados alterados de conciencia como la meditación y el sueño lúcido.

Si te apasionan los misterios, las leyendas y lo inexplicable, suscríbete al canal de El DoQmentalista y activa la campana para no perderte ningún documental.

¿Tú te atreverías a dejar una ofrenda para comprobar si los duendes existen? Cuéntamelo en los comentarios.

#Duendes #Misterio #Leyendas","el doqmentalista, documentales de misterio en español, el documentalista, duendes reales, historias de duendes, que son los duendes, tipos de duendes, como atrapar un duende, duendes de la patagonia, leyendas de duendes, duendes del hogar, seres magicos, criaturas misteriosas, folclor latinoamericano, mitologia y leyendas, paranormal en español, documental paranormal, misterios sin resolver"
1wDwTJGOW54,322187,Entrevista: SECRETOS DE UNA BRUJA NEGRA: LA CONFESIÓN DE ASTERIUM RENNETI,Bruja confiesa el ritual de magia negra que hizo como último recurso,Magia negra: la advertencia de una bruja antes de recurrir a ella,Pasadores de almas: la mujer que ayuda a los muertos a cruzar,"¿Qué lleva a una bruja a practicar magia negra? En esta entrevista, Asterium Renneti responde sin rodeos y confiesa el episodio de su vida que la hizo cruzar esa línea.

Asterium se presenta como bruja natural de nacimiento y guía espiritual. Sostiene que la magia no es negra ni blanca, sino neutra: según ella, los colores son una invención humana para distinguir las intenciones de quien la practica. Aun así, relata que hace años sufrió el acoso de una persona obsesiva que conoció por internet y que, según cuenta, llegó a amenazar su seguridad y la de su familia. Tras agotar el diálogo y el camino legal en México, asegura que recurrió a un ritual de magia negra como último recurso, una decisión de la que dice no enorgullecerse del todo.

La conversación se adentra después en un don poco conocido: el de los pasadores de almas. Asterium cuenta que su padre descubrió esta capacidad al presenciar accidentes y ayudar a las personas moribundas a trascender, y que ella la heredó. Relata que durante años llegaban aves moribundas a su patio y que una de ellas, llamada Sigre, se convirtió en su guía espiritual. También habla del ritual de fragmentación espiritual que, asegura, solo tres personas conocen, y de los trabajos que más le piden sus seguidores: dinero, amor y los rituales de abre caminos, sus favoritos.

En el tramo final comparte una experiencia que la marcó: una silueta negra, delgada y muy alta que, según su testimonio, intentó ahorcarla mientras dormía, un episodio que ella distingue de una parálisis del sueño común. A partir de ahí explica cómo, desde su práctica, se repelen las entidades: la oración y la medalla de San Benito, el listón de siete nudos y, por encima de todo, la fuerza de la intención y del amor, que para ella es la magia más poderosa que existe.

Si te apasionan las entrevistas sobre brujería, el mundo espiritual y lo paranormal contado desde adentro, suscríbete al canal para no perderte los próximos documentales y conversaciones.

#Brujeria #MagiaNegra #Paranormal","el doqmentalista, el documentalista, documentales de misterio en español, bruja negra, magia negra, asterium renneti, entrevista a una bruja, pasador de almas, rituales de brujería, brujería en méxico, ritual abre caminos, medalla de san benito, oración de san benito, sombras nocturnas, entidades oscuras, paranormal, ocultismo, esoterismo, mundo espiritual, casos paranormales reales"
l3F68UyP7mk,321314,"El Cerbero, El Legendario Perro Guardián Del Infierno","Cerbero, el guardián del Hades al que jamás debías mirar a los ojos",El perro del infierno griego: lo que el mito no te contó de Cerbero,¿Por qué Cerbero perdonó a Hércules? El mito que pocos recuerdan,"Cerbero, el legendario perro guardián del infierno griego, es mucho más que un monstruo de tres cabezas. Según la mitología, quien se atrevía a mirarlo quedaba paralizado por el terror, y algunos relatos aseguran que su mirada convertía en piedra a los hombres.

En este documental recorremos el mito completo de Cerbero, cuyo nombre, según se narra, viene del griego y significa ""manchado"". La tradición lo describe como un canino de tres cabezas con cola de serpiente, melena y garras de león. Algunas fuentes antiguas sostienen que sus cabezas representaban el pasado, el presente y el futuro; otras, el nacimiento, la juventud y la vejez. El relato cuenta además que su saliva era venenosa, y que de las gotas que caían al suelo brotaba una planta llamada la perdición del loco. Sus padres eran igual de aterradores: Tifón, el dragón de cien cabezas que sembró el pánico entre los propios dioses del Olimpo, y Equidna, la llamada madre de todos los monstruos, mitad mujer y mitad serpiente.

El mito sitúa a Cerbero en las orillas del río Estigia, custodiando las puertas del Hades: dejaba entrar a los espíritus de los muertos, pero devoraba a cualquiera que intentara salir sin permiso. Solo dos figuras lograron vencerlo, según la leyenda. Orfeo, el músico que bajó al inframundo por su amada Eurídice, lo durmió con el sonido de su lira. Y Hércules, en una de sus labores imposibles, lo sometió usando únicamente sus propias manos, convirtiéndose Cerbero en uno de los pocos monstruos que sobrevivió a un encuentro con el héroe. La criatura aparece también en el Infierno de Dante custodiando el tercer círculo, en la Eneida de Virgilio y en la Ilíada de Homero, mientras que poetas como Hesíodo y Horacio llegaron a atribuirle cincuenta o hasta cien cabezas. Incluso otras culturas tienen su propio guardián del más allá: la tradición nórdica habla de un perro de cuatro ojos, y en Egipto ese papel lo cumplía Anubis, el que custodiaba las tumbas y guiaba a las almas.

Si te apasionan los misterios de la mitología y las criaturas legendarias, suscríbete al canal y activa la campana para no perderte los próximos documentales.

#Cerbero #MitologiaGriega #Documental","el doqmentalista, documentales de misterio en espanol, cerbero, perro del infierno, guardian del hades, mitologia griega, hercules y cerbero, orfeo y euridice, tifon y equidna, inframundo griego, rio estigia, criaturas mitologicas, monstruos de la mitologia, leyendas antiguas, mitos y leyendas, seres legendarios, documental de mitologia, misterios del mundo antiguo"
7sVhvwQMPoM,319817,¡REVELADO por Brujo Maya! Los Secretos Ocultos de los X-Men - Entrevista Exclusiva,Brujo Maya de Yucatán: así invoca a los guardianes y aluxes,Mal Aire: la advertencia de un chamán maya si entras al monte,Los mayas lo sabían: las 4 puertas que un jmen abre y cierra,"¿Qué revela un brujo maya cuando abre las puertas de su altar? En esta entrevista, un jmen de un pueblo remoto de Yucatán nos recibe en su casa de paja para mostrarnos cómo son las ceremonias, las limpias y la medicina tradicional que heredó de sus abuelos y bisabuelos.

Jun, campesino y médico tradicional, explica que antes de cada ceremonia invoca a los guardianes de los cuatro puntos cardinales. Según la cosmología maya, cada dirección tiene un color, un jaguar y una deidad protectora: el oriente rojo del amanecer, el norte blanco de los ancestros, el poniente negro de la muerte y el sur amarillo de la cosecha, con el centro verde como esencia del equilibrio. Esas cuatro puertas, dice, se abren para que las fuerzas divinas acompañen el ritual, pero después hay que volver a cerrarlas.

También nos habla del balché, el vino sagrado de los mayas, preparado con la corteza fermentada de un árbol de la península y miel de abejas meliponas; de la boda maya celebrada dentro del círculo del sagrado 13, donde en lugar de champán los novios comparten cacao, maíz y miel; y de los aluxes, los pequeños guardianes que, según cuenta, se crían con ofrendas de dulces, miel y cigarro. El relato se adentra en los seres del monte: la X'tabay, la mujer hermosa que según la leyenda se lleva a los hombres hasta una cueva, y el mal aire que la tradición atribuye a quien entra al monte o a un cenote sin pedir permiso a sus guardianes. Un cazador incluso le narró la historia de un venado enorme al que ningún disparo lograba tocar.

En su pequeño consultorio, Jun muestra los remedios de hierbas, cortezas y raíces con los que afirma tratar desde la diabetes hasta las piedras en los riñones, y al final el documentalista se somete a una limpia con plantas y copal frente al altar maya, entre cantos y el humo de la purificación.

Si te apasionan los misterios, las tradiciones ancestrales y los conocimientos que el mundo moderno está a punto de olvidar, suscríbete al canal y activa la campana para no perderte ningún documental.

#BrujoMaya #RitualesMayas #Aluxes","el doqmentalista, documentales de misterio en español, el documentalista, brujo maya, chamán maya, jmen, aluxes, rituales mayas, balché, x'tabay, medicina tradicional maya, mal aire, leyendas de yucatán, cultura maya, limpia espiritual, misterio y ocultismo, paranormal en español, leyendas mexicanas"
TYObGmauzj0,319367,Enigma en la Historia: Cristóbal Colón y el Oscuro Secreto Revelado,Cristóbal Colón no fue el primero: los viajes a América que la historia olvidó,Cristóbal Colón y el marino moribundo que le entregó el mapa de América,Descubrimiento de América: los indicios que la historia no logra explicar,"¿Cristóbal Colón descubrió América, o fue el último en redescubrirla? Este documental recorre los indicios que sugieren que otras civilizaciones habrían cruzado el Atlántico mucho antes de 1492, y el extraño relato de un marino que pudo haberle entregado a Colón el mapa de las nuevas tierras.

El video comienza con un enigma que sigue intrigando a los investigadores: las altas dosis de nicotina halladas en momias egipcias, cuando la planta del tabaco solo se encontraba entonces en el continente americano. A eso se suman las similitudes que se señalan entre Egipto y los mayas: pirámides, momificación de sus muertos, calendarios lunares de 360 días más cinco días nefastos, y la correlación entre dioses como Osiris, Quetzalcóatl y Anubis. Para probar que la travesía era posible, el aventurero Thor Heyerdahl construyó un barco de papiro como los del antiguo Egipto y zarpó desde África rumbo a las Américas: su viaje fue un éxito. El relato continúa con inscripciones halladas en Brasil que se atribuyen a cananeos de Sidón y a navegantes fenicios, y con textos en Virginia que, según se narra, corresponderían a una variedad alfabética del cartaginés de los siglos ocho y siete antes de Cristo.

La ruta llega después a los vikingos: en el año 870 los noruegos colonizaron Islandia, Erik el Rojo alcanzó Groenlandia y su hijo describió tierras como Markland y la tierra del vino, mientras que en L'Anse aux Meadows, en el extremo norte de Terranova, se descubrieron ocho casas de típica estructura vikinga con herrería y lámparas de estilo islandés medieval. Y queda el capítulo más inquietante: según el relato que recoge el video, el marino Alonso Sánchez partió de Huelva en 1480, una tormenta lo desvió hasta las Antillas y murió en Madeira, entregando su mapa a un marino llamado Cristóbal Colón. La crónica sigue con el mapa de Toscanelli de 1475, el casi motín del 23 y 24 de septiembre de 1492 relatado por Fray Bartolomé de las Casas, el grito de tierra de Rodrigo de Triana y la extraña carta en la que Colón dijo a los Reyes Católicos que no usó ni razón, ni cálculo, ni mapas.

Si te apasionan los enigmas de la historia, suscríbete a El DoQmentalista y activa la campana para no perderte ningún documental.

#CristobalColon #MisteriosDeLaHistoria #ElDoQmentalista","el doqmentalista, documentales de misterio en español, cristóbal colón, descubrimiento de américa, viajes precolombinos, alonso sánchez de huelva, vikingos en américa, fenicios en américa, nicotina en momias egipcias, thor heyerdahl, mapa de toscanelli, erik el rojo, enigmas de la historia, misterios sin resolver, historia oculta, civilizaciones antiguas, documental en español, leyendas y misterios"
5d4rJBL-uZ0,318545,"Demonios Guardiánes, Los 72 Espiritus, Como Invocarlos",Los 72 Demonios de Salomón y Por Qué No Deberías Invocarlos,72 Demonios de Salomón: El Texto Apócrifo Que Enseña a Invocarlos,Demonios Guardianes: Lo Que Piden a Cambio No Te Va a Gustar,"Los 72 demonios de Salomón son, según la tradición esotérica, espíritus que el legendario rey logró capturar y poner a su servicio. Este documental explora la creencia en los demonios guardianes: entidades que, de acuerdo con los ocultistas, podrían acompañarte toda la vida... a un precio que muy pocos están dispuestos a pagar.

El relato cuenta que el rey Salomón ordenó a varios demonios construir un templo, y que incluso obligó a uno de ellos a cargar permanentemente una gran estructura. A partir de esa leyenda, la tradición ocultista desarrolló todo un sistema de contacto con estos espíritus. El video explica que la palabra demonio no siempre tuvo connotaciones malignas: se remonta a un término registrado hacia el año 1200 después de Cristo con el significado de espíritu, tomado a su vez de una palabra griega anterior que designaba a un dios menor, un espíritu guía. Para los pueblos antiguos, según se narra, tratar con estos espíritus no era una práctica oscura sino parte de la vida diaria: los veían como mensajeros de los dioses y representación de la sabiduría.

El documental recorre los métodos que la tradición esotérica atribuye a este contacto: los sellos de cada demonio, cuyo diseño aparece en las Clavículas de Salomón, un texto apócrifo; la tabla ouija y el péndulo como vías simples pero peligrosas, porque espíritus inferiores pueden hacerse pasar por el demonio invocado; y los rituales rigurosos con círculos de protección al estilo salomónico. También aborda las advertencias que los propios ocultistas repiten: estos espíritus no serían incondicionales como los ángeles, siempre pedirían algo a cambio, y quien muestre debilidad podría ser usado para fines oscuros o sufrir daño. Por esa razón, y como en otros videos del canal, aquí no se revela el método completo de invocación.

Si te apasionan el ocultismo, las leyendas bíblicas y los misterios que las religiones prefieren no tocar, suscríbete a El DoQmentalista y activa la campana para no perderte los próximos documentales.

Recuerda: trabajo desde las sombras para servir a la luz.

#DemoniosDeSalomon #Ocultismo #Misterio","el doqmentalista, documentales de misterio en espanol, documental ocultismo, 72 demonios de salomon, demonios guardianes, clavículas de salomon, rey salomon demonios, sellos demoniacos, invocacion de demonios, goetia, demonologia, textos apocrifos, tabla ouija, esoterismo, paranormal, misterios biblicos, angeles y demonios, mundo espiritual"
_6XCpOtO_pg,316525,Por Qué El Diablo Quiere Tu Alma | Video Prohibido - El DoQmentalista,El Diablo No Puede Robar Tu Alma: Necesita Que Se La Entregues,El Diablo No Puede Robar Tu Alma: Necesita Que Se La Entregues,Pacto con el Diablo: Para Qué Usa Realmente las Almas Humanas,"¿Por qué el diablo quiere tu alma? Es la pregunta que atraviesa siglos de mitos, pactos y leyendas, y casi nadie se detiene a responderla en serio. En este documental exploramos qué tienen las almas humanas que las vuelve, según la tradición, el premio final de una batalla espiritual eterna.

Partimos de los relatos clásicos: desde la figura de Mefistófeles hasta las leyendas latinoamericanas donde el diablo ofrece riquezas y placeres a cambio del alma. También recogemos testimonios que han llegado al correo del canal: María, que cuenta haber sentido una presencia oscura observándola mientras rezaba; Javier, que tras involucrarse en prácticas ocultas describe noches de insomnio y la sensación de que algo intentaba arrancarle el alma; y Liliana, quien relata que en su juventud un demonio le ofreció riquezas a cambio de su alma y ella se refugió en su fe.

Para entender el fondo del asunto, el video repasa cómo el espiritismo moderno distingue entre espíritu, alma y cuerpo: el espíritu como conciencia eterna, el alma como puente entre lo espiritual y lo material, y el cuerpo como vehículo terrenal. Recordamos que Platón describió el alma como inmortal y que Aristóteles la veía como la forma del cuerpo. Y llegamos a la teoría central que sugieren algunas corrientes esotéricas: el diablo no puede robar un alma, porque las almas tienen una protección divina intrínseca; necesita que se la cedan voluntariamente, y una vez cedida, serviría como vehículo para que demonios sin alma actúen en nuestro plano. A eso se suman otros motivos que la tradición le atribuye: reclutar almas para sus filas, ampliar su poder, y su venganza contra Dios, como advierte el propio Evangelio en Mateo 10:28. Cerramos con consejos concretos para proteger el alma: meditación, oración, gratitud y rodearse de energías positivas.

Si te apasionan el misterio, lo espiritual y las preguntas que nadie se atreve a hacer, suscríbete a El DoQmentalista y activa la campana para no perderte los próximos documentales.

#ElDiablo #Almas #Misterio","el doqmentalista, documentales de misterio en espanol, por que el diablo quiere tu alma, pacto con el diablo, almas humanas, batalla espiritual, demonios, mefistofeles, espiritismo, que es el alma, proteccion espiritual, leyendas latinoamericanas, misterio, ocultismo, paranormal, lucha entre el bien y el mal, documental paranormal, mundo espiritual"
LdwwT1mM6MM,312542,Qué Dice Dios Acerca Del Dinero - Documentales en Español,Biblia y Dinero: La Enseñanza Sobre La Riqueza Que Olvidamos,El Dinero En La Biblia: Lo Que Jesús Advirtió y Nadie Quiere Oír,Biblia y Dinero: La Enseñanza Sobre La Riqueza Que Olvidamos,"¿Qué dice la Biblia sobre el dinero? La respuesta es mucho más dura de lo que la mayoría imagina. Qué dice la Biblia sobre el dinero no es una pregunta menor: las Escrituras dedican advertencias directas a los ricos, y este documental las recorre una por una.

El recorrido comienza con Primera de Timoteo 6:17 al 19, donde Pablo manda a los ricos de este mundo que no sean arrogantes ni pongan su esperanza en las riquezas, ""que son tan inciertas"", sino en Dios. Sigue con Mateo 6:24, la sentencia de que nadie puede servir a dos señores, porque no se puede servir a la vez a Dios y al dinero. Y llega a uno de los pasajes más incómodos de todo el Nuevo Testamento: Mateo 19:21 al 24, cuando Jesús le pide al joven rico que venda sus bienes y los dé a los pobres, y el joven se va triste porque tenía muchas riquezas. Es ahí donde Jesús pronuncia la frase del camello y el ojo de la aguja: es más fácil que un camello pase por el ojo de una aguja que un rico entre en el reino de Dios.

El documental también examina Marcos 4:19 sobre el engaño de las riquezas, Proverbios 23:4 al 5 (""no te desgastes para hacerte rico""), la advertencia de Santiago 5:1 al 3 a los ricos opresores cuyo oro y plata corroídos testificarán contra ellos, Proverbios 11:28, Eclesiastés sobre el que ama el dinero y nunca tiene suficiente, y Mateo 6:19 al 21 sobre acumular tesoros en el cielo y no en la tierra. Además, se narra una famosa leyenda de la tradición judía: la de un rey llamado Isates que, según el relato, se convirtió al judaísmo y repartió todos sus tesoros entre los pobres en el año del hambre, respondiendo a sus hermanos que sus padres habían reunido tesoros para este mundo, pero él los había reunido para el mundo por venir. El cierre aborda Primera de Juan 2:15 al 17 y la diferencia entre amar al mundo y caer en lo mundano: lo frívolo, lo superficial, lo que no podremos llevarnos después de la muerte.

Si te interesan los grandes enigmas de la Biblia, la historia y lo inexplicable, suscríbete al canal y activa la campana para no perderte los próximos documentales.

#Biblia #Dinero #Documental","el doqmentalista, documentales de misterio en espanol, documentales en espanol, que dice la biblia sobre el dinero, dios y el dinero, el dinero en la biblia, jesus y los ricos, joven rico biblia, tesoros en el cielo, mateo 6 24, camello ojo de aguja, versiculos sobre el dinero, riqueza y biblia, enigmas de la biblia, estudio biblico, nuevo testamento, misterios biblicos, documental biblico"
wyXGNX1lwUU,311905,Paranormal: Revelaciones escalofriantes sobre demonios en el Vaticano,Satanás en la Biblia no es quien todos creen,"Satanás era un título, no un nombre, y lo olvidamos",Satanás: el expediente bíblico del príncipe de los demonios,"Satanás en la Biblia no es quien todos creen. Detrás del nombre más temido de la historia se esconde un detalle que la mayoría de los lectores modernos pasa por alto, y que cambia por completo la forma de entender al príncipe de los demonios.

En este documental recorremos el origen del nombre: la palabra llega al español desde el latín, pero su raíz está en el arameo y, antes, en el hebreo satán, un término que significa adversario, enemigo o acusador. Según se explica en el video, en el texto hebreo original no funcionaba como un simple nombre propio, sino como un título que describía el rol de este ser frente a Dios y frente a los hombres. Por eso, si las traducciones hubieran sido literales, en lugar de Satanás leeríamos expresiones como el adversario o el acusador.

El recorrido continúa por el Antiguo Testamento: el libro de Job, que concentra 14 de las 19 menciones de Satanás en la versión Reina Valera de 1960 y que, según algunos, habría sido el primer libro de la Biblia en escribirse, incluso antes que el Génesis. Allí aparece como el ser que propone poner a prueba a un hombre justo. Después, el libro de Zacarías lo muestra en su papel más puro de acusador de la humanidad. Ya en el Nuevo Testamento, la figura se desarrolla con detalle: los evangelios lo presentan como homicida desde el principio, mentiroso consumado y príncipe de este mundo, y es Jesucristo la figura bíblica que más habla de él. El documental también repasa los nombres y títulos que el cardenal Jorge Medina Estévez enumera en su publicación Satanás y su obra, desde dragón y serpiente antigua hasta dios de este mundo, además de aquello que, según la tradición teológica que se narra, más le agrada y más le desagrada a este ser.

Si te apasionan los misterios de la Biblia, el ocultismo y los enigmas que la historia dejó en las sombras, suscríbete al canal de El DoQmentalista para no perderte los próximos documentales.

#Satanas #MisteriosDeLaBiblia #Documental","el doqmentalista, documentales de misterio en espanol, documental biblico, satanas, quien es satanas, satanas en la biblia, principe de los demonios, lucifer y satanas, significado de satanas, libro de job, el diablo en la biblia, demonios, angeles caidos, misterios de la biblia, teologia, antiguo testamento, nuevo testamento, ocultismo, paranormal, misterio"
SUwJBE72zr4,311685,5 Cosas Aterradoras Que Aparecen En La Biblia - Documentales en Español,Apocalipsis: Las 5 Advertencias Más Aterradoras de la Biblia,"Señales del Apocalipsis: Cuando Veas Esto, Escóndete",El Libro del Apocalipsis: Las Visiones Que Preferimos Olvidar,"¿Qué advierte realmente el Apocalipsis? El último libro de la Biblia contiene algunas de las visiones más aterradoras de toda la Escritura, y en este documental recorremos cinco de ellas tal como aparecen escritas en el texto.

El relato atribuido al profeta Juan describe un pergamino cerrado con siete sellos. Al abrirse el sexto, según Apocalipsis 6:12-17, ocurre un gran terremoto, el sol se pone negro como tela de cilicio, la luna se vuelve como sangre y las estrellas caen del cielo. Los reyes de la tierra, los ricos y los poderosos se esconden en las cuevas y ruegan a los montes que caigan sobre ellos. Y cuando se rompe el séptimo sello, el cielo queda en silencio durante media hora antes de que los ángeles hagan sonar las trompetas.

Con la quinta trompeta, el texto presenta a un ángel con la llave del abismo, que según se cree sería un ángel de la muerte elegido por Dios. Del abismo abierto sale humo suficiente para ennegrecer el sol y una horda de langostas demoníacas: criaturas semejantes a caballos preparados para la guerra, con coronas de oro, caras humanas, cabello de mujer y dientes de león, tal como las describe Apocalipsis 9:7-9. Según las escrituras, no se les permite dañar la tierra, pero atormentarán durante cinco meses a quienes no tengan la señal de Dios en la frente.

También examinamos las siete copas de las plagas y la dureza del Apocalipsis con quienes persiguen al pueblo de Dios, además de las dos bestias: la que surge del mar y la que emerge de la tierra con dos cuernos como de cordero y voz de dragón, considerada el falso profeta, la misma que según el relato obligará a la humanidad a recibir la marca de la bestia. Pero el libro no termina en el horror: Apocalipsis 21:3-4 promete un futuro donde Dios enjugará toda lágrima y ya no habrá muerte, ni llanto, ni dolor, porque las primeras cosas pasaron.

Suscríbete a El DoQmentalista para más documentales de misterio en español sobre los enigmas de la Biblia, el ocultismo y lo inexplicable.

#Apocalipsis #MisteriosDeLaBiblia #Documentales","el doqmentalista, documentales de misterio en español, documentales en español, apocalipsis, libro del apocalipsis, señales del apocalipsis, las siete trompetas, los siete sellos, la marca de la bestia, el falso profeta, langostas del apocalipsis, misterios de la biblia, historias aterradoras de la biblia, profecías bíblicas, fin de los tiempos, libro de las revelaciones, documental bíblico, misterio y terror"
PdPMN3-udmQ,311010,Documental: El Fin del Mundo según la Biblia - Documentales Interesantes,Fin de los Tiempos: ¿por qué las profecías apuntan a hace 2000 años?,Fin de los Tiempos: ¿por qué las profecías apuntan a hace 2000 años?,Apocalipsis: los versículos que anunciaban el fin para aquella generación,"¿Y si el fin del mundo según la Biblia ya tenía fecha... y esa fecha quedó atrás hace casi 2000 años? Este documental recorre los versículos que hablan del fin de los tiempos y plantea la pregunta que pocos se atreven a hacer en voz alta.

El video examina 16 pasajes del Nuevo Testamento. Según se narra, en Mateo 16:28 Jesús declara que ""hay algunos de los que están aquí que no probarán la muerte hasta que vean al hijo del hombre venir en su reino"", y en Lucas 21:25-33 asegura que ""esta generación no pasará hasta que todas estas cosas hayan tenido lugar"", después de describir señales en el sol, la luna y las estrellas, guerras y naciones consternadas. El documental también analiza la respuesta que, según el relato evangélico, Jesús dio al sumo sacerdote Caifás: que lo vería venir sobre las nubes del cielo.

El recorrido sigue con los apóstoles. En Apocalipsis 1:1-3, Juan escribe que ""el tiempo está cerca"", y en 1 Juan 2:18 afirma estar viviendo en los últimos tiempos porque el anticristo ya estaba presente en su época. Pablo, en 1 Tesalonicenses 4:16-17, habla de ""nosotros los que vivimos"" siendo arrebatados en las nubes para recibir al Señor en el aire, y en Hebreos 10:37 sostiene que el que ha de venir no tardará. Santiago y Pedro, según los pasajes que cita el video, también creían que el regreso era inminente y que el fin de todas las cosas estaba cerca. El documental contrasta esas palabras con un hecho evidente: aquella generación pasó, y el reino anunciado no llegó como se describía.

¿Se referían aquellos textos a una generación futura? ¿Hay que leerlos de manera metafórica, como sostienen muchos creyentes? ¿O las profecías del armagedón realmente señalaban a los contemporáneos de Jesús? El video presenta cada versículo, deja las preguntas abiertas y te invita a sacar tu propia conclusión: ¿se equivocaron los profetas, se modificó el texto, o hay algo que no estamos entendiendo?

Suscríbete a El DoQmentalista para más documentales de misterio, enigmas bíblicos y casos que desafían toda explicación.

#FinDelMundo #Apocalipsis #ProfeciasBiblicas","el doqmentalista, documentales de misterio en español, fin del mundo según la biblia, profecías bíblicas, fin de los tiempos, apocalipsis, segunda venida de jesús, armagedón, profecías del nuevo testamento, mateo 16 28, escatología, misterios de la biblia, enigmas bíblicos, documental en español, profecías del apocalipsis, documentales interesantes, misterio y ocultismo"
OefiJVBhYHc,306990,El ABORRECIBLE Libro De Mormón: Secretos De La Iglesia De Los Santos De Los Últimos Días,Libro de Mormón: lo que Joseph Smith nunca explicó del ángel Moroni,Libro de Mormón: lo que Joseph Smith nunca explicó del ángel Moroni,Libro de Mormón: caballos y acero que la arqueología nunca encontró,"¿Qué dice realmente el Libro de Mormón y por qué tantos cristianos lo consideran aborrecible? El Libro de Mormón es uno de los textos religiosos más polémicos de los últimos dos siglos, y su origen sigue dividiendo opiniones hasta hoy.

Todo comenzó con Joseph Smith, fundador de la Iglesia de Jesucristo de los Santos de los Últimos Días. Según su propio relato, en 1820, tras orar en un bosque cercano a su casa en Palmira, Nueva York, tuvo una visión celestial en la que se le dijo que todas las iglesias existentes se habían desviado del camino correcto. Smith afirmó haber traducido el libro de unas antiguas planchas de oro mediante el uso de piedras videntes, y aseguró que después devolvió esas planchas a un ángel llamado Moroni. Nadie más pudo examinarlas jamás.

Según la tradición mormona, las planchas contenían la historia de dos civilizaciones que habrían habitado América desde aproximadamente el 600 antes de Cristo hasta el 421 después de Cristo: los nefitas y los lamanitas, descendientes de los hermanos Nefi y Lamán, quienes habrían migrado desde Jerusalén. El relato sostiene incluso que Jesús visitó América después de resucitar. El profeta Mormón habría compilado los registros de estos pueblos, y su hijo Moroni, último sobreviviente nefita según esa narrativa, los habría enterrado en la colina Cumorah, en lo que hoy es el estado de Nueva York.

Pero los críticos señalan problemas serios. El texto menciona caballos, carros de guerra, acero y trigo que, de acuerdo con la evidencia arqueológica citada en el video, no estaban presentes en la América precolombina. Además, pasajes como el libro de Éter capítulo 3, donde el hermano de Jared ve a Jesús como un ser físico antes de su nacimiento, parecen chocar con la doctrina de la Trinidad, y las modificaciones que el texto ha recibido a lo largo de los años alimentan las acusaciones de fraude por parte de otras denominaciones cristianas. ¿Revelación divina o invención humana? En este documental recorremos el relato completo, sus doctrinas y sus contradicciones, para que tú llegues a tus propias conclusiones.

Si te apasionan los misterios religiosos y los documentales serios en español, suscríbete a El DoQmentalista y activa la campanita para no perderte ningún episodio.

#LibroDeMormon #JosephSmith #Documental","el doqmentalista, documentales de misterio en espanol, documentales en espanol, libro de mormon, joseph smith, mormones, iglesia de jesucristo de los santos de los ultimos dias, planchas de oro, angel moroni, nefitas y lamanitas, colina cumorah, historia del mormonismo, que dice el libro de mormon, textos sagrados polemicos, misterios religiosos, religion y misterio, historia de las religiones, ocultismo y religion"
2vFe7fZ_v4I,303491,"Que significa SOÑAR con un familiar muerto, soñar funeral",Soñar con un familiar muerto: la señal que no debes ignorar,Soñar con un familiar muerto: la señal que no debes ignorar,Soñar con un muerto: lo que la ciencia aún no puede explicar,"¿Qué significa soñar con un familiar muerto? Si alguna vez despertaste con la sensación de que un ser querido fallecido te visitó mientras dormías, este documental responde las preguntas que esa experiencia deja: ¿está bien?, ¿intenta enviarme un mensaje?, ¿por qué a mí?

En este video exploramos las dos caras del fenómeno. La ciencia del sueño nos dice que soñar es una forma de procesar las emociones: según las investigaciones que cita el video, cada persona sueña alrededor de dos horas cada noche, aunque no lo recuerde por la mañana, y los sueños más vívidos ocurren en la fase REM, unos 90 minutos después de dormirse. Pero la tradición espiritual va más allá: de acuerdo con la investigación espiritual que recoge este documental, el 30 por ciento de estos sueños tendría razones psicológicas —culpa, arrepentimiento o ansiedad por el familiar fallecido— mientras que el 70 por ciento respondería a causas espirituales, como un ser querido que necesita ayuda desde el otro lado y busca contactar a su descendiente en la tierra.

También analizamos lo que los médiums psíquicos llaman sueños de visita. Están los positivos, que dejan una sensación de paz y consuelo, donde el ser querido quiere hacernos saber que llegó bien al otro lado o que aprueba nuestras decisiones. Y están los negativos, donde aparece extraño o apagado y trae un mensaje de advertencia. Según esta tradición, un sueño puede considerarse de naturaleza espiritual si se repite al menos tres veces, y se dice que quienes tuvieron muertes violentas o inoportunas aparecen con más frecuencia en los sueños que quienes partieron por causas naturales, porque a estos últimos les resulta más fácil trascender.

Y si tu ser querido no te visita en sueños, el video explica lo que eso podría significar y comparte prácticas sencillas que se narran en esta tradición: colocar bajo la almohada una foto o una carta suya, llevar un diario de sueños junto a la cama, o hacer una oración pidiendo a Dios poder verlo una vez más, aunque sea para despedirte.

Si te apasionan los misterios del más allá y los enigmas del mundo espiritual, suscríbete a El DoQmentalista y activa la campana para no perderte ningún documental.

#Sueños #Espiritualidad #ElDoQmentalista","el doqmentalista, documentales de misterio en español, soñar con un familiar muerto, significado de los sueños, sueños de visita, soñar con un muerto, soñar con un difunto, soñar con alguien que ya murió, interpretación de sueños, mensajes del más allá, vida después de la muerte, espiritualidad, mundo espiritual, fenómenos paranormales, misterio y ocultismo, médiums psíquicos, fase rem, luto y duelo"
AlGLITG9qnE,303048,"¿DÓNDE ESTA EL EDÉN? PARAÍSO PERDIDO, En Busca Del Edén, Libro De Génesis",¿Dónde estaba el Edén? La inscripción de 1979 que apunta a Siria,El Jardín del Edén y el reino arameo que Asiria borró del mapa,En busca del Edén: del Génesis a las ruinas del imperio asirio,"¿Dónde estaba el Edén? El paraíso perdido del Génesis es uno de los enigmas que más ha fascinado a arqueólogos y teólogos por igual, y en este documental seguimos sus pistas desde la Biblia hasta las ruinas del antiguo imperio asirio.

El punto de partida es el propio texto: Génesis 2:8 describe un jardín situado al oriente, regado por un río que se dividía en cuatro brazos: Pisón, Gihón, Tigris y Éufrates. Los dos últimos son bien conocidos y han llevado a muchos investigadores a mirar hacia Mesopotamia e incluso hacia las regiones hoy sumergidas del Golfo Pérsico. Pero el Gihón y el Pisón siguen siendo un misterio: el relato dice que el Gihón rodeaba la tierra de Cus, que la tradición identifica con Etiopía, lo que llevó a algunos a pensar en el Nilo. El video también repasa otras menciones bíblicas del Edén fuera del Génesis, como Isaías 37:12 y Ezequiel 27:23 y 31:16, pasajes que hablan de los hijos del Edén como un pueblo real y lo colocan junto a ciudades del norte de Mesopotamia y el Líbano, tierra famosa por sus cedros.

Aquí entra la pieza clave que narra el documental: una estatua con inscripción bilingüe descubierta en 1979 junto a un afluente del río Jabur, en Siria, fechada hacia finales del siglo IX antes de Cristo, considerada la evidencia más antigua de la lengua aramea escrita. Según esta línea de investigación, el nombre Edén no vendría del sumerio, sino del arameo, con el sentido de riqueza o exuberancia. Los registros asirios que cita el video mencionan además un reino arameo llamado Bit Adini, con capital en Til Barsip, conquistado y absorbido por el imperio neoasirio en tiempos de Salmanasar III, cuyos habitantes fueron llevados al exilio. El documental propone que el relato del jardín, los querubines guardianes de Génesis 3:24 (tan parecidos a los lamassu asirios), el árbol de la vida de los relieves y hasta los famosos jardines que algunos artículos sitúan en Nínive bajo Senaquerib podrían ser el eco de esa historia real de conquista y destierro.

Si te apasionan los misterios de la Biblia y la historia antigua contada con calma y con fuentes, suscríbete a El DoQmentalista y activa la campanita para no perderte los próximos documentales.

#JardinDelEden #MisteriosDeLaBiblia #Documental","el doqmentalista, documentales de misterio en espanol, jardin del eden, donde estaba el eden, paraiso perdido, libro del genesis, rios del eden, bit adini, adan y eva, querubines, mesopotamia antigua, imperio asirio, arqueologia biblica, misterios de la biblia, enigmas historicos, historia antigua, documental en español"
VX7YToghnDI,301270,La Bruja Muki,El Muki acechó a un soldado en Pisco y este es su relato,"El Muki: si escuchas golpes debajo de tu cama, no busques su tesoro","La Bruja Muki: la advertencia de un abuelo en Pisco, Perú","El Muki golpeaba cada noche debajo de su cama, mientras algo sin rostro caminaba sobre el techo de su cabaña. Este es el relato del Muki y de una bruja en Pisco, Perú, tal como lo compartió un suscriptor del canal que asegura haberlo vivido en carne propia.

Según cuenta el relato, todo comenzó en una cabaña del distrito de Independencia, en Pisco, construida con madera y esteras de bambú. Un joven que acababa de servir a su patria regresó a su pueblo natal y, al limpiar la cabaña de su madre, encontró leños y paja amarrados con cabellos humanos. Los tiró a la basura y los quemó, sin imaginar lo que vendría después. Poco a poco empezaron los ruidos sobre el techo, arañazos extraños en forma de equis y una presencia que saltaba y sacudía toda la estructura mientras los perros de la vecina aullaban con pavor. Su tío fue directo al escucharlo: es la bruja, alguien en el pueblo te quiere llevar.

El relato cuenta que las cosas empeoraron cuando un golpe seco comenzó a sonar cada noche debajo de su cama. Un vecino le dio la explicación que da nombre a esta historia: eso es el Muki, quizás tengas algo enterrado, no busques su tesoro porque te seguirá a donde vayas. Su prima, al subir a arreglar una antena, vio sobre el techo una figura vestida de negro que giraba la cabeza y no tenía rostro, antes de salir volando hacia una casa abandonada en los terrenos de cultivo. Armado con una bayoneta que le dio su abuelo, y más tarde con una escopeta, el protagonista enfrentó a aquella cosa a las 12:45 de la madrugada, hasta que decidió tomar una medida extrema: demoler la cabaña con maquinaria pesada. Fue entonces cuando, según se narra, apareció bajo su habitación una pequeña caja de madera antigua con monedas de plata, collares y sortijas, que un brujo recibió antes de curar la tierra con agua bendita.

Si te apasionan los relatos de misterio, brujería y leyendas de nuestra tierra, suscríbete al canal y activa la campanita para no perderte ningún documental.

#ElMuki #Misterio #Paranormal","el doqmentalista, documentales de misterio en español, el muki, la bruja muki, leyenda del muki, brujas en perú, pisco perú, leyendas peruanas, relatos de terror peruanos, tesoro enterrado, casa embrujada, historias de suscriptores, relatos paranormales, leyendas latinoamericanas, seres sobrenaturales, historias de brujas, misterio y terror, relatos de terror reales"
5ukiLBP02Pg,300801,Documental: ¿JESÚS ERA UN CAMBIAFORMAS? - Documentales interesantes,Beso de Judas: el Texto Copto que Dice que Jesús Cambiaba de Forma,El Manuscrito de 1200 Años que Describe a Jesús como un Cambiaformas,¿Por Qué Nadie Habla del Texto Apócrifo del Jesús que Cambiaba de Rostro?,"¿Por qué Judas usó un beso para señalar a Jesús? Un texto copto de casi 1200 años ofrece una respuesta tan extraña que los titulares del mundo la recogieron... y luego la enterraron en el olvido.

En marzo de 2013, las noticias se llenaron de un manuscrito egipcio recién descifrado que describe algo insólito: según este relato apócrifo, Jesús tenía la capacidad de cambiar de forma. El texto, escrito en lengua copta y redactado en nombre de san Cirilo de Jerusalén, un distinguido teólogo del siglo IV, narra parte de la historia de la crucifixión con giros argumentales que no aparecen en la Biblia. La traducción fue realizada por Roelof van den Broek, de la Universidad de Utrecht, en los Países Bajos, y publicada en el libro Pseudo-Cirilo de Jerusalén sobre la vida y la pasión de Cristo.

Según el manuscrito, cuando preguntaron a Judas cómo arrestarían a Jesús, la respuesta fue inquietante: no tenía una sola forma. A veces joven, a veces anciano, a veces pálido, a veces color trigo. Por eso el beso: una descripción no servía de nada si el rostro podía cambiar. El propio Van den Broek aclara que no sugiere que Jesús cambiara de forma realmente, sino que algunos cristianos de los primeros tiempos pudieron llegar a creerlo. De hecho, señala que esta explicación del beso aparece ya en Orígenes, teólogo que vivió entre los años 185 y 254, en su obra Contra Celso.

La historia del hallazgo es igual de fascinante. El texto es uno de los 55 manuscritos coptos encontrados en 1910 por aldeanos que excavaban en busca de abono en el emplazamiento del destruido monasterio del arcángel Miguel, en el desierto de Egipto. Los monjes los habían enterrado en una cuba de piedra para protegerlos. En diciembre de 1911 fueron adquiridos por el financiero estadounidense Morgan, y hoy se conservan en la Biblioteca y Museo Morgan de Nueva York. No es un engaño: es una publicación académica genuina, de un erudito respetado. La pregunta que queda es otra: ¿por qué casi nadie ha vuelto a investigarla?

Suscríbete a El DoQmentalista para más documentales de misterio, textos apócrifos y enigmas de la historia en español.

#BesoDeJudas #TextosApocrifos #Documentales","el doqmentalista, documentales de misterio en español, documentales en español, beso de judas, texto copto de jesus, jesus cambiaformas, textos apocrifos, pseudo cirilo de jerusalen, manuscritos coptos, evangelios apocrifos, origenes contra celso, biblioteca morgan, misterios de la biblia, cristianismo primitivo, enigmas historicos, historia antigua, misterios sin resolver, documental completo en español"
pxcVzEGOzes,300099,"Espíritu Nocturno, Esto Es Lo Que Pasa Mientras Duermes, Parálisis Del Sueño o Realidad, Demonios",Parálisis del Sueño: Despertó Inmóvil y Vio Qué Se Alimentaba de Él,Demonios Nocturnos: ¿Qué Entra a Tu Habitación Mientras Duermes?,"Parálisis del Sueño: Si Despiertas Sin Poder Moverte, Escucha Esto","La parálisis del sueño es una de las experiencias más aterradoras que un ser humano puede vivir: despiertas, estás consciente, pero tu cuerpo no responde. Y según el relato que analizamos en este documental, a veces no estás solo en la habitación.

Desde Calama, Chile, un suscriptor llamado Ángel Ayala compartió su testimonio. Según cuenta, el 11 de septiembre de 2018, cerca de las 6:50 de la mañana, despertó en su cama matrimonial junto a su esposa y su bebé de apenas cuatro meses. Sintió una ráfaga de viento entrar a la casa, que estaba cerrada con llave, y de pronto su cuerpo quedó completamente paralizado, como aprisionado por cadenas invisibles. El relato describe cómo sintió el colchón moverse, una respiración en la nuca y, finalmente, una criatura frente a él: un ser flotante, sin piernas, sin rostro, cubierto de harapos, que parecía observar a su familia mientras él intentaba inútilmente gritar para alertarlos.

Cuando buscó respuestas en internet, la única figura parecida que encontró fue el dementor de los libros de Harry Potter, un personaje ficticio que no aparece en el ocultismo ni en la Biblia. Entonces, ¿qué fue lo que dice haber visto aquella mañana? En este video exploramos la interpretación de los llamados demonios nocturnos, entes que según la tradición esotérica se relacionan con los íncubos y súcubos, y que se nutrirían de la energía de las personas: de su miedo, de su angustia y hasta de su felicidad. También hablamos de las supuestas entradas por donde estos seres se aproximarían a una persona, como rencores guardados, ofensas sin perdonar y sentimientos negativos escondidos, y de cómo cerrarlas según esta creencia.

¿Fue una parálisis del sueño común o algo más estuvo presente en esa habitación? Escucha el relato completo y saca tus propias conclusiones.

Si te apasionan los casos inexplicables narrados con seriedad documental, suscríbete al canal y activa la campana para no perderte ninguna historia. Y si has vivido una experiencia similar, puedes enviarme tu relato para exponerla al mundo.

#ParalisisDelSueño #Paranormal #ElDoQmentalista","el doqmentalista, documentales de misterio en español, parálisis del sueño, demonio nocturno, espíritu nocturno, íncubos y súcubos, qué pasa mientras duermes, testimonio paranormal chile, entes malignos, despertar sin poder moverse, casos paranormales, relatos de terror reales, experiencias paranormales, misterio y ocultismo, fenómenos inexplicables, demonios, sueño y paranormal"
9cqrkGlB8x0,300008,"La Gran Tribulación, LA SEGUNDA VENIDA DE CRISTO, ¿Quienes Serán Los Elegidos? evangelio del día","Según Apocalipsis, la Gran Tribulación durará 1260 días y solo los elegidos reinarán",Los Elegidos de Apocalipsis: lo que la Biblia advirtió y casi todos olvidamos,¿Qué pasará en la Gran Tribulación? Las señales que Apocalipsis ya describió,"¿Qué es la Gran Tribulación y quiénes serán los elegidos cuando llegue la Segunda Venida de Cristo? En este documental recorremos, versículo por versículo, lo que las escrituras describen sobre el periodo más oscuro del final de los tiempos: tres años y medio de persecución, expresados en algunos pasajes como 1260 días, en los que todos los creyentes serán puestos a prueba en su fe.

Según el relato bíblico que examina el video, este tiempo también es llamado el tiempo de la aflicción, los días de la venganza o el tiempo de los problemas, y puede rastrearse en Daniel 11:32-34 y Apocalipsis 13:9-10. La tradición interpretativa sostiene que la persecución sería encabezada por un gobernante político identificado como el anticristo y un líder religioso conocido como el falso profeta. Mateo 24:21 anuncia una tribulación como no ha ocurrido desde el principio del mundo, y Mateo 24:29 describe las señales que vendrían después: el sol se oscurecerá, la luna no dará su luz y las estrellas caerán del cielo.

El documental también revisa la profecía de los dos testigos de Apocalipsis 11:3, que golpearían la tierra con plagas vinculadas a las trompetas de Apocalipsis 8, y los siete mensajes de advertencia enviados a las iglesias. Analizamos además quiénes serían los elegidos: según Apocalipsis 17:14, los que están con el Cordero son llamados, escogidos y fieles, y participarían en la primera resurrección antes de la batalla del Armagedón, para luego gobernar como reyes y sacerdotes durante mil años. Al final de ese periodo, dice Apocalipsis 20:7-8, Satanás sería liberado de su prisión para engañar a las naciones de los cuatro rincones de la tierra, Gog y Magog, en una gran guerra final.

Si te apasionan los misterios de la Biblia, el Apocalipsis y las profecías del fin de los tiempos, suscríbete al canal y activa la campana para no perderte los próximos documentales de El DoQmentalista.

#GranTribulacion #Apocalipsis #ElDoQmentalista","el doqmentalista, documentales de misterio en espanol, la gran tribulacion, segunda venida de cristo, quienes seran los elegidos, apocalipsis explicado, profecias biblicas, anticristo y falso profeta, armagedon, fin de los tiempos, los dos testigos de apocalipsis, senales del fin del mundo, misterios de la biblia, evangelio del dia, profecias del apocalipsis, resurreccion de los muertos, gog y magog, documental biblico"
C-b5rpEgwzg,298813,¿Qué pasaría si Jesús no hubiese muerto? ✅ El DoQmentalista,¿Qué pasaría si Jesús no hubiera muerto? La respuesta incómoda,"Si Jesús no muere en la cruz, otra religión dominaría el mundo",Jesús sin cruz: el mundo sin esperanza que nadie se atreve a imaginar,"¿Qué pasaría si Jesús no hubiese muerto? Es una de las preguntas más incómodas que puede hacerse un creyente, y hoy la enfrentamos de frente.

Para este documental consultamos la inquietud a varios expertos, algunos con teorías interesantes y otros con opiniones más conservadoras, y los escenarios que plantean son inquietantes. Según una de estas posturas, sin la muerte de Jesús no habría salvación: la obra para la que se separó de su Padre habría quedado incompleta. Otra visión sostiene que habría sido salvado por Dios de sus enemigos, habría bajado de la cruz y habría seguido el camino de los profetas, predicando de forma pacífica. Y una teoría más fría lo resume así: probablemente habría ganado un año más de vida predicando, y habría terminado sufriendo en la cruz de todos modos.

El video también explora lo que esto significaría para la historia de la fe. Sin su muerte no existiría el Nuevo Testamento: seguiríamos rigiéndonos por el Antiguo Testamento y las primeras concepciones del judaísmo, donde el Seol era simplemente el lugar al que iban todos los muertos. Según la tradición que se narra en el documental, con su muerte Jesús descendió al Hades, lo desgarró y liberó a los cautivos; si nunca hubiese muerto, esas almas seguirían prisioneras. Se plantea incluso si la eucaristía conservaría su poder perdonador sin el sacrificio de la cruz, y una mirada sociológica sugiere que la humanidad, temerosa por naturaleza, habría inventado otra fuente de esperanza: quizás otra religión predominante, quizás el islam, quizás el budismo. Hasta se especula que Jesús podría haberse convertido en el rey del mundo, el líder religioso más famoso de todos, con una descendencia gobernando a su lado.

Este documental continúa lo que vimos en el video anterior, El complot de la muerte de Jesús, donde se narra que la crucifixión fue algo que Jesús quiso hacer de acuerdo a las escrituras. Aquí lo importante no es dar un veredicto, sino abrir la mente para comprender la verdadera naturaleza de la muerte del hijo de Dios.

Si te apasionan los misterios de la fe y las preguntas que casi nadie se atreve a hacer, suscríbete al canal de El DoQmentalista y acompáñanos a resolverlas juntos.

#Jesus #DocumentalesEnEspañol #MisteriosBiblicos","el doqmentalista, documentales de misterio en español, documentales bíblicos, que pasaria si jesus no hubiese muerto, muerte de jesus, crucifixion de jesus, jesus de nazaret, historia de jesus, resurreccion de jesus, antiguo testamento, nuevo testamento, seol y hades, teologia cristiana, misterios de la biblia, misterios religiosos, historia del cristianismo, documental religioso, preguntas sobre la fe, enigmas de la historia"
F9dH37HipRw,298113,"Los tipos de magia que existen, Magia Negra, Magia Blanca, Magia Roja...",Tipos de magia: el saber que se ocultó desde el Renacimiento,¿Magia negra o magia blanca? Existen más colores de los que crees,Magia roja: los hechizos que no tienen vuelta atrás,"¿Cuántos tipos de magia existen en realidad? Cuando se habla de tipos de magia, casi todo el mundo menciona solo dos: la magia negra y la magia blanca. Pero la tradición esotérica sostiene que el espectro es mucho más amplio, con colores que van del rojo y el verde hasta el gris, el azul y el rosa.

En este documental recorremos cada uno de esos colores tal como los describe la creencia popular. La magia blanca se asocia con la pureza: rituales, invocaciones y purificaciones destinadas a alejar el mal de ojo, las maldiciones o la negatividad de una casa. La magia negra, en cambio, es señalada como la más peligrosa de todas: según se narra, abarca desde el mal de ojo y la negatividad hasta los llamados lazos y las maldiciones que alcanzarían a una familia entera durante varias generaciones.

También exploramos la magia roja, vinculada a los hechizos de amor y a la magia sexual, con una vertiente que, según el relato, usaría la sangre como componente central; la magia ceremonial, que la tradición remonta a egipcios, griegos, romanos, etruscos, celtas, mayas y pueblos africanos; la magia verde, considerada una de las formas más antiguas por su origen en las religiones prehistóricas y la adoración de la naturaleza; la magia gris, descrita como neutral, hecha para obtener ganancias materiales sin dañar a otros; la magia azul, relacionada con el elemento agua y las energías de los ríos; y la magia rosa, una mezcla de roja y blanca orientada al amor propio, la compasión y la sanación del corazón.

Además, el video aborda por qué, según se cuenta, a partir del Renacimiento la práctica de la magia pasó a la clandestinidad sin dejar nunca de existir, y por qué maestros espirituales como Buda insistían en que el aspirante serio debe primero dominar sus pensamientos y emociones.

Si te apasionan el misterio y el ocultismo contados con seriedad documental, suscríbete a El DoQmentalista y activa la campana para no perderte ningún episodio.

#TiposDeMagia #Ocultismo #Misterio","el doqmentalista, documentales de misterio en espanol, tipos de magia, magia negra, magia blanca, magia roja, magia verde, magia gris, magia azul, magia rosa, magia ceremonial, mal de ojo, hechizos de amor, maldiciones, ocultismo, esoterismo, brujeria, rituales magicos, misterios y enigmas, paranormal"
Xl6iU5XsA3w,297612,La Leyenda de La Llorona | Se les aparece a media noche - Historias de terror,La Llorona gritó en mi pueblo a medianoche y todos la escuchamos,"La Llorona | Si escuchas su llanto a medianoche, no te asomes",La Llorona no es solo leyenda para el pueblo que la oyó en 1998,"La Llorona es una de las leyendas más temidas de Latinoamérica, pero esta vez no se trata de un relato lejano: es el testimonio de una noche en que, según se narra, un pueblo entero escuchó a La Llorona buscar a sus hijos.

El relato nos lleva al año 1998, al pueblo de Tayoltita, en plena época de lluvias. En esos días los apagones eran cosa de todas las noches: los cables se agitaban con el viento, la luz se iba y las familias cenaban a la luz de las veladoras, contando historias de terror alrededor de la mesa. Esa noche, después de una cena de frijoles de la olla con requesón y tortillas de harina recién hechas, la familia se reunió a ver la última película del canal 5. Eran más o menos las doce de la noche cuando lo escucharon.

Según cuenta el testimonio, la madre ordenó apagar el televisor de inmediato, y en el silencio el llanto se volvió inmenso. No parecía una broma: era ella, afuera, en el barrio, buscando a sus hijos. La madre mandó a los niños a esconderse bajo las camas, y el narrador, sin espacio para él, terminó refugiado dentro de un viejo ropero de madera, escuchando su propio corazón mientras aquello se acercaba, entraba al patio del vecino y, asegura él, se detenía frente a la ventana del cuarto.

Lo más inquietante llegó a la mañana siguiente: según el relato, todo el pueblo la había escuchado. Unos decían que bajó por el arroyo hasta el río, otros que se fue volando; don Tacho, que cuidaba el pueblo, contó que la vio bajar por la calle de abajo, mientras los que estaban cerca del río aseguraban haberla visto desplazarse sobre las aguas hasta desaparecer. Cada quien la ubicó en un lugar distinto, y sin embargo todos coincidían en lo mismo: esa noche La Llorona pasó por ahí.

¿Leyenda, sugestión colectiva o algo que de verdad ronda los pueblos en las noches de tormenta? Escucha el relato completo y saca tus propias conclusiones.

Si te apasionan el misterio y las experiencias paranormales, suscríbete al canal, activa las notificaciones y comparte en los comentarios si alguna vez escuchaste algo parecido en tu pueblo.

#LaLlorona #HistoriasDeTerror #Paranormal","el doqmentalista, documentales de misterio en espanol, la llorona, leyenda de la llorona, la llorona historia real, relatos de la llorona, tayoltita, experiencias paranormales, historias de terror reales, leyendas mexicanas, testimonios paranormales, relatos de terror en espanol, apariciones a medianoche, leyendas de pueblos, fantasmas reales, misterio y terror, historias de miedo, paranormal en espanol"
0ModMIfjGHo,296083,10 Animales con presagios poderosos y su interpretación,Presagios animales: lo que los antiguos sabían leer en ellos,Animales con presagios: 10 señales que no deberías ignorar,¿Qué significa ver un búho? El presagio que los antiguos leían,"¿Qué significa cuando un animal se cruza en tu camino? Los presagios animales acompañan a la humanidad desde los tiempos en que, según las tradiciones antiguas, los encuentros cercanos con ciertas criaturas se interpretaban como intervenciones divinas. En este documental recorremos diez animales y el mensaje que, de acuerdo con las creencias esotéricas y el folclor, traen consigo cuando aparecen frente a nosotros.

El recorrido comienza con la libélula, vinculada según la tradición con las hadas y con los espíritus de los antepasados que vendrían a darnos fuerza y sabiduría, y sigue con la mariquita, descrita como mensajera de la alegría y de las buenas noticias. Los gatos ocupan un lugar especial: las creencias antiguas los asocian con diosas poderosas como Bastet, Freya y Brigid, y hasta el color de su pelaje tendría una lectura distinta, del blanco ligado a la fertilidad y los cambios románticos, al negro como anuncio de un giro en la suerte. El cuervo, ave sagrada de Apolo según la mitología, anunciaría que una verdad está por salir a la luz, mientras que el venado evoca a Artemisa, la diosa solitaria que amaba los bosques y sus criaturas, y trae el mensaje de enfrentar los problemas con dignidad.

La segunda mitad del viaje nos lleva a los conejos, presagio de fertilidad y abundancia que algunos relatos describen como hadas o brujas buenas transformadas; al búho, asociado con Atenea o Minerva y considerado mensajero de grandes noticias; a la araña, cuya red simboliza que todos estamos conectados y que anunciaría la llegada de un amigo; a los lagartos, que según se narra los alquimistas tenían por criaturas extremadamente afortunadas y guardianes del mundo de los sueños; y a la serpiente, que pese a su mala fama es leída en muchas tradiciones como símbolo de sabiduría y del poder de la madre tierra. El propio evangelio de Mateo (10:16) invita a ser prudentes como las serpientes.

Un documental lleno de magia y significado espiritual, un viaje por el simbolismo que nuestros ancestros tejieron alrededor del reino animal cuando todavía creían en la magia y los espíritus.

Si te apasionan los misterios, el ocultismo y las tradiciones olvidadas, suscríbete a El DoQmentalista y activa la campana para no perderte ningún documental.

#PresagiosAnimales #Simbolismo #Misterio","el doqmentalista, documentales de misterio en espanol, presagios animales, significado espiritual de los animales, animales con presagios, simbolismo animal, que significa ver un buho, que significa ver un cuervo, señales del universo, animales de poder, supersticiones y presagios, esoterismo, mitologia griega, folclor y leyendas, ocultismo, misterio, documental en español, buena suerte"
iUQWUE1l2a4,295717,Misterios: La Serpiente del Diablo y su Maldita Historia en la Biblia,Serpiente en la Biblia: el Símbolo que Todas las Civilizaciones Adoraron,Serpiente en la Biblia: el Símbolo que Todas las Civilizaciones Adoraron,La Serpiente del Diablo: del Edén Maldito a la Serpiente de Cobre de Moisés,"¿Qué es realmente la serpiente del diablo? La serpiente del diablo aparece en la Biblia desde el jardín del Edén hasta el libro del Apocalipsis, y su historia es mucho más inquietante de lo que la mayoría recuerda.

En este documental recorremos el relato bíblico paso a paso. Apocalipsis 12:9 la nombra directamente: fue lanzado fuera el dragón, la serpiente antigua que se llama diablo y Satanás, el cual engaña al mundo entero. Génesis 3:14 registra la maldición pronunciada sobre ella: maldita serás entre todas las bestias, sobre tu pecho andarás y polvo comerás todos los días de tu vida. Pero el relato del Edén guarda detalles poco comentados: la serpiente era descrita como un animal astuto que razonó sobre la prohibición divina, y la leyenda de los rabinos judíos, que el video repasa, cuenta que antes de la maldición andaba erguida como un hombre y tenía el poder de hablar.

También exploramos la llamada doctrina de la simiente de la serpiente, una interpretación que ve en Génesis dos linajes en enemistad: la simiente de la mujer, que la tradición cristiana identifica con Cristo según Lucas 1:30 y Gálatas 4:4, frente a la simiente de la serpiente. El video analiza además el episodio de Génesis 4:1, donde Eva declara haber adquirido varón por voluntad de Jehová, un versículo clave dentro de este debate. Y viajamos al desierto con Moisés y la serpiente de cobre: según el relato, cuando las culebras venenosas mordían a los israelitas como castigo por sus quejas, todo el que miraba la figura de cobre levantada en un palo volvía a estar bien.

Cerramos con el símbolo de la serpiente en las antiguas civilizaciones, donde según algunos autores se comprendía toda la filosofía del universo, y con una idea que el video atribuye a Blavatsky: la serpiente siempre tuvo el poder de agitar la conciencia humana, objeto de horror para unos y de adoración para otros.

Si te apasionan los misterios de la Biblia y los símbolos antiguos, suscríbete a El DoQmentalista y activa la campanita para no perderte los próximos documentales.

#Misterio #Biblia #Documental","el doqmentalista, documentales de misterio en español, serpiente del diablo, serpiente en la biblia, serpiente del eden, jardin del eden, satanas, simiente de la serpiente, serpiente de cobre de moises, apocalipsis 12 9, misterios de la biblia, simbolo de la serpiente, enigmas biblicos, angel caido, documental biblico, ocultismo, misterio y ocultismo, leyendas biblicas"
7cLY-A6L1Us,295692,La Bruja de Coyoacán Pánico Nocturno Parte 7 historias de terror relatos de miedo,La Bruja de Coyoacán y lo que su esposo vio antes del amanecer,Leyendas de terror mexicanas que el pueblo entero sabía y calló,"Historias de terror en México: si la cuna se mece sola, no subas","La Bruja de Coyoacán es una de esas leyendas de terror mexicanas que se cuentan en voz baja, porque quien la escucha completa ya no vuelve a mirar igual a la persona que duerme a su lado. En este episodio de Pánico Nocturno reunimos tres relatos que la tradición oral de México ha guardado durante generaciones.

Abrimos con la historia del difunto ahorcado. Según se narra, el domingo 7 de marzo de 1749, en la Ciudad de México, los habitantes vieron pasar frente al palacio del arzobispado una mula que cargaba el cadáver de un portugués, preso que se había quitado la vida en la cárcel de la corte tras asesinar al alguacil del penal de Iztapalapa. El relato cuenta que su cuerpo fue ahorcado frente al Palacio Real en la Plaza Mayor y que, al terminar la ejecución, sopló un viento tan fuerte que las campanas de la iglesia se tocaban solas. La gente de la época, dice la crónica, murmuraba que aquel aire era señal de un pacto con Satanás.

Después llega la leyenda que da nombre al episodio: la Bruja de Coyoacán. Una doncella hermosa, un esposo enamorado y un compadre que siembra la duda con una pregunta sobre el desayuno. Según la leyenda, el joven espió a su mujer antes de que saliera el sol y la vio quitarse la piel frente al fogón para convertirse en una bola de fuego. Lo que hizo con esa piel, y lo que ocurrió cuando los primeros rayos del sol tocaron a la nahuala, es el corazón de este relato.

Cerramos en Querétaro con la historia de Roberto y Marisela, una pareja de recién casados que compró una casa casi regalada, con un rosal que parecía cuidado por manos invisibles. El relato cuenta que su bebé, Mateo, dejaba de llorar demasiado rápido, que la silla mecedora se movía sola y que una noche encontraron a una mujer flotando sobre el suelo, arrullando al niño en brazos.

Si te apasionan las leyendas y los relatos de terror contados con respeto por la tradición que los creó, suscríbete a El DoQmentalista y activa la campana para no perderte los próximos episodios de Pánico Nocturno.

#LeyendasMexicanas #HistoriasDeTerror #PanicoNocturno","el doqmentalista, documentales de misterio en espanol, panico nocturno, la bruja de coyoacan, leyendas mexicanas de terror, nahuala, el difunto ahorcado, leyenda de queretaro, casa embrujada, mujer que arrulla al bebe, historias de terror, relatos de miedo, leyendas de mexico, terror en espanol, historias paranormales, brujas de mexico, leyendas urbanas, misterio y terror"
