ID,VISTAS,TITULO ACTUAL,NUEVO TITULO,ALTERNATIVA 2,ALTERNATIVA 3,NUEVA DESCRIPCION,KEYWORDS
wLSqYhlv4j0,295669,Historia: Mictlantecuhtli y su oscuro legado en la mitología azteca,"Mictlantecuhtli, el dios azteca que todas las almas debían enfrentar",Mictlán: el inframundo de 9 niveles que los aztecas temían más que el infierno,Mictlantecuhtli: el mito olvidado del dios que quiso impedir la creación humana,"Mictlantecuhtli, el dios de la muerte azteca, es una de las figuras más temidas de toda la mitología mesoamericana. Según la creencia azteca, ninguna alma podía evitar encontrarse un día con él cara a cara, sin importar la vida que hubiera llevado.

Este documental recorre el mito de Mictlantecuhtli, señor del Mictlán, quien gobernaba la tierra de los muertos junto a su esposa Mictecacíhuatl. La tradición azteca sostenía que el cosmos se dividía en tres partes: los cielos en la parte superior, la tierra de los vivos en el medio y el Mictlán en la parte inferior. Ese inframundo, a su vez, estaba dividido en nueve capas, y se creía que las almas debían realizar un viaje de cuatro años antes de llegar a la última de ellas, donde los recibía el señor de la muerte. A diferencia de otras visiones del más allá, los aztecas creían que la entrada a los distintos paraísos dependía de la forma en que uno moría, no de cómo había vivido.

El relato más revelador de su poder aparece en el mito de la creación: al final del cuarto ciclo de soles, el dios Quetzalcóatl descendió al Mictlán para recuperar los huesos de los humanos de ciclos anteriores. Mictlantecuhtli le exigió recorrer el inframundo cuatro veces haciendo sonar una concha de caracol, pero le entregó una concha sin agujeros. El mito cuenta que Quetzalcóatl llamó a los gusanos para perforarla y a las abejas para hacerla sonar, y que al escapar cayó en una fosa donde los huesos se hicieron añicos, razón por la cual, según los aztecas, los seres humanos somos de diferentes tamaños. El video también narra los sacrificios ofrecidos en su honor, el aumento de ofrendas ordenado por Moctezuma segundo tras la llegada de Hernán Cortés, y las dos representaciones de cerámica de tamaño real del dios desenterradas por arqueólogos en 1994 en la Casa de las Águilas, en el Templo Mayor.

Si te apasionan los misterios de las civilizaciones antiguas y los dioses olvidados, suscríbete al canal y activa la campana para no perderte los próximos documentales.

#Mictlantecuhtli #MitologiaAzteca #Mictlan","el doqmentalista, documentales de misterio en espanol, documental mitologia, mictlantecuhtli, dios de la muerte azteca, mictlan, mitologia azteca, mictecacihuatl, quetzalcoatl, inframundo azteca, mito de la creacion azteca, templo mayor, dioses aztecas, mitologia mexicana, leyendas prehispanicas, civilizaciones antiguas, misterios de mexico, culturas mesoamericanas, historia antigua"
F6OwLDo11cw,293123,LOS ANUNNAKI,Anunnaki: lo que las tablillas sumerias dicen en realidad,Anunnaki: los dioses que Sumeria adoró y el mundo olvidó,Anunnaki: el mito que la arqueología no logra enterrar,"¿Quiénes eran los Anunnaki? Los Anunnaki aparecen en más de 100 referencias de los antiguos textos mesopotámicos, y este documental sigue su rastro desde las tablillas sumerias hasta la teoría más extraña del siglo XX.

Viajamos a Mesopotamia, donde la civilización sumeria existió desde el año 4100 antes de Cristo hasta alrededor del 1750 antes de Cristo. Sus mitos hablan de un poderoso grupo de dioses: la historia babilónica de la creación relata que Marduk asignó 300 dioses al deber en los cielos y el mismo número al inframundo, 600 en total, entre los que la tradición menciona a Anu, dios del cielo, y a Enki, controlador del agua dulce de las profundidades. Según estos relatos, los Anunnaki enseñaron a los sumerios matemáticas, cartografía, escritura y cómo separar el oro.

En el siglo XX, el difunto Zecharia Sitchin dio un giro radical a la leyenda: según sus libros, que vendieron decenas de millones de copias y fueron traducidos a más de dos docenas de idiomas, los Anunnaki serían extraterrestres llegados desde Nibiru, un planeta más allá de Plutón cuya órbita lo acercaría a nuestro sistema solar cada 3,600 años. Su relato cuenta que llegaron a la Tierra hace 450,000 años en busca de oro en África y que, disgustados con el trabajo en las minas, mezclaron sus genes con los del Homo erectus para crear a la humanidad. Como supuesta evidencia, el video cita mapas hallados en una tablilla de arcilla de la biblioteca real de Nínive y una tablilla cuneiforme babilónica que detalla la posición de Júpiter, comentada en un artículo de la revista Science de enero de 2016.

¿Y qué dice la academia? El documental también repasa la investigación del diccionario sumerio de la Universidad de Pensilvania, según la cual Anunnaki no significa ""los que vinieron del cielo"", sino algo como ""semilla de príncipe"" o ""nacido noble"". Entre dioses degradados al reino de los muertos, comparaciones con los nefilim de la Biblia y teorías modernas que los conectan con reptilianos e Illuminati, la leyenda de los Anunnaki sigue viva... y según sus creyentes, algún día volverán.

Suscríbete a El DoQmentalista para más documentales de misterio en español.

#Anunnaki #Sumerios #Misterio","anunnaki, los anunnaki, sumerios, tablillas sumerias, zecharia sitchin, nibiru, mesopotamia, dioses sumerios, mitologia sumeria, alienigenas ancestrales, nefilim, el doqmentalista, documentales de misterio en espanol, civilizaciones antiguas, misterios del mundo, extraterrestres, enigmas de la historia, documental en espanol"
0xfZ_yCD-_I,292316,3 Historias de Pánico Nocturno Parte 6 Enfermera del Hospital de Mexico relatos de terror,La Planchada: la enfermera del Hospital Juárez que los pacientes juran ver,Relatos de terror: ¿quién cuida a los enfermos de madrugada?,"Historias de terror: si algo te llama por tu nombre de noche, no respondas","Relatos de terror que se cuentan en voz baja cuando cae la noche, y entre ellos la leyenda de La Planchada, la enfermera fantasma del Hospital Juárez de la Ciudad de México. Tres historias de pánico nocturno narradas como las contaron quienes aseguran haberlas vivido.

El primer relato es el de un hombre en su primera noche de trabajo en un cementerio. Cuenta que una voz comenzó a llamarlo desde la oscuridad, primero suave y luego gruesa y agresiva, hasta que divisó a un hombre con una larga chaqueta negra, sombrero y bastón, con ojos que brillaban como dos brasas ardientes. Aquella figura se presentó como el príncipe de las tinieblas y le exigió veinte almas a cambio de su libertad. El relato cierra con una frase que hiela la sangre: desde entonces, dice, hay menos vagabundos en su ciudad.

La segunda historia la narra Juan Delgado Medina, de 24 años, quien trabajaba por temporadas en la empresa azucarera de su pueblo. Le tocó vigilar el cableado en el turno de 10 de la noche a 6 de la mañana, en el mismo lugar donde, según contaban su padre y su abuelo, se aparecía una novia vestida de blanco. Entre los matorrales de caña escuchó el llanto de una mujer, la vio sentada sobre una roca con su vestido de novia y, al tocarle el hombro, sus cabellos se volvieron canas: era una anciana que se abalanzó sobre él. Su compañero lo encontró convulsionando entre las cañas a las tres de la mañana.

El tercer relato es la leyenda de La Planchada. Se cuenta que Eulalia, una joven enfermera del Hospital Juárez, querida por su profesionalismo y su uniforme impecable, se enamoró de un médico recién egresado que le propuso matrimonio y terminó casándose con otra mujer. Quebrada por el desamor, descuidó a sus pacientes y murió en el mismo hospital. Según la leyenda, desde entonces aparece de noche con su uniforme blanco y almidonado, atiende a los enfermos más graves que amanecen con mejorías casi milagrosas y despierta con palmadas a los médicos que se duermen en su guardia.

Si te apasionan las leyendas y los relatos de misterio narrados con seriedad, suscríbete a El DoQmentalista para no perderte los próximos episodios.

#RelatosDeTerror #LaPlanchada #LeyendasMexicanas","el doqmentalista, documentales de misterio en espanol, relatos de terror, la planchada, hospital juarez, enfermera fantasma, leyendas mexicanas, historias de panico nocturno, novia de blanco, leyendas urbanas de mexico, historias de terror en espanol, fantasmas en hospitales, leyendas de cementerios, historias paranormales, terror nocturno, misterio y terror, historias para no dormir, leyendas de aparecidos"
4YLaITwSFL0,291585,"Asombroso, MIRA el video de Cleopatra, la última reina de Egipto, EXCLUSIVO, Solo Para INTELIGENTES","Cleopatra no murió como te contaron, nadie sabe la causa real",El expediente de Cleopatra: bodas con sus hermanos y el oro de Alejandro Magno,¿Quién fue realmente Cleopatra? La reina que se declaró diosa en Egipto,"Cleopatra, la última reina de Egipto, no fue solo un rostro célebre: fue una gobernante brillante, encantadora y despiadada cuya muerte sigue siendo un enigma. En este documental recorremos la vida de Cleopatra Séptima, desde su nacimiento en el 69 antes de Cristo hasta su final tras la batalla de Actium.

Hija de Ptolomeo Decimosegundo, ascendió al poder junto a su hermano en el 51 antes de Cristo, cuando ella tenía 18 años y él apenas 10. Al verdadero estilo de la dinastía ptolemaica, se casó con sus propios hermanos: primero con Ptolomeo Decimotercero, quien terminó ahogado en el Nilo, y luego con Ptolomeo Decimocuarto. En el 48 antes de Cristo conoció a Julio César, y según la leyenda que recoge el video, entró de contrabando a sus habitaciones envuelta en una alfombra, aunque Plutarco afirma que fue dentro de un saco de ropa de cama. De esa alianza nació Cesarión, y Cleopatra visitó Roma dos veces, en el 46 y el 44 antes de Cristo, para asegurar su trono.

Tras el asesinato de César, buscó un nuevo aliado en Marco Antonio y llegó ante él navegando el río en una barca de velas púrpuras y remos de plata, vestida como una diosa. Ya en Egipto se había asociado con Isis, la diosa madre, presentándose como protectora divina de las dos tierras. Pero la derrota en Actium, en el 31 antes de Cristo, lo cambió todo: los relatos cuentan que Cleopatra tomó oro de la tumba de Alejandro Magno en Alejandría para financiar su campaña contra Roma, y que al perderlo todo, ella y Antonio se quitaron la vida. Plutarco narra que escondió un áspid en una canasta de higos, aunque él mismo admite que nadie conoce la verdad: otras versiones hablan de veneno oculto en un peine o de un cóctel letal con opio y cicuta.

Los arqueólogos descubrieron una moneda con su rostro, y los relatos antiguos difieren: el historiador romano Casio la describió como una mujer de belleza extraordinaria, mientras Plutarco sostuvo que su inteligencia, encanto y voz eran más atractivos que su apariencia. El consenso que presenta el video es claro: su verdadera arma fue su brillantez política.

Si te apasionan los enigmas de las civilizaciones antiguas, suscríbete al canal de El DoQmentalista y acompáñanos en cada expediente.

#Cleopatra #EgiptoAntiguo #Documental","el doqmentalista, documentales de misterio en español, documental en español, cleopatra, última reina de egipto, cleopatra documental, julio césar y cleopatra, marco antonio y cleopatra, batalla de actium, dinastía ptolemaica, muerte de cleopatra, diosa isis, tumba de alejandro magno, egipto antiguo, faraones de egipto, historia antigua, misterios de la historia, civilizaciones antiguas"
U2ASH4PUJ1Q,291383,Historia: Revelando el misterio del día que Jesús caminó sobre el agua,Jesús caminó sobre el agua: lo que los discípulos vieron esa noche,El milagro del mar de Galilea: el detalle que casi nadie nota,Mar de Galilea: el lago donde las tormentas aparecen de la nada,"La noche en que Jesús caminó sobre el agua sigue siendo uno de los milagros más comentados de todos los tiempos. Pero detrás del relato de Jesús caminando sobre el mar de Galilea hay detalles que la mayoría pasa por alto.

El escenario mismo guarda su propio enigma: el llamado mar de Galilea es en realidad un lago, situado en el valle del Jordán y rodeado de montañas. Según se explica en este documental, el aire frío que desciende de esas montañas choca con el aire cálido y húmedo que sube de la superficie del agua, provocando tormentas repentinas y extremadamente violentas. Justo una de esas tormentas es la que atrapa a los discípulos en plena noche.

El relato bíblico, registrado en los evangelios de Mateo, Marcos y Juan, cuenta que todo ocurrió después de que Jesús alimentara a 5000 personas con solo cinco panes y dos peces, y que aun así sobraran doce cestas de comida. Mientras el maestro oraba a solas en el monte, la barca de los apóstoles se adentró en aguas turbulentas y comenzó a ser azotada por las olas. Fue durante la cuarta vigilia de la noche cuando los discípulos vieron una silueta acercarse sobre las olas y gritaron aterrados: es un fantasma. Pedro, el más valiente, pidió caminar hacia él sobre el agua, dio sus primeros pasos sobre las olas y comenzó a hundirse cuando el miedo pudo más que su fe, hasta escuchar aquellas palabras: hombre de poca fe, por qué has dudado.

En este documental recorremos la versión más detallada del episodio, la del evangelio de Mateo, y las cinco lecciones que los creyentes extraen de esta historia: dar tiempo a Dios, reconocer su presencia en medio de la tormenta, mantenerse concentrados, restaurar la fe después de un tropiezo y superar la tempestad con Jesús en la barca. Todo cerrado con la promesa de Isaías 43:2: cuando pases por las aguas, yo estaré contigo.

Si te apasionan los relatos y misterios de la Biblia contados con seriedad, suscríbete a El DoQmentalista y activa la campanita para no perderte ningún documental.

#JesusCaminaSobreElAgua #MarDeGalilea #MisteriosDeLaBiblia","el doqmentalista, documentales de misterio en español, documentales cristianos, jesus camina sobre el agua, milagros de jesus, mar de galilea, pedro camina sobre el agua, evangelio de mateo, tormenta en el mar de galilea, milagros de la biblia, historias de la biblia, misterios de la biblia, relatos biblicos, vida de jesus, nuevo testamento, fe cristiana, documental biblico"
mXrDtUCbnxs,290773,"Quien fue MAHOMA (Muhammad), el profeta del islam, la historia del islam iqra musulmana",Mahoma: de huérfano en La Meca a profeta del islam,¿Quién fue Mahoma? Así nació el islam en el desierto de Arabia,Mahoma: lo que casi nadie conoce del profeta del islam,"¿Quién fue Mahoma, el profeta del islam? Esta es la historia del hombre que transformó una tierra tribal en una de las religiones más grandes del mundo.

Según narra la tradición islámica, Mahoma nació en La Meca, en la actual Arabia Saudí, en el año 570 después de Cristo. Huérfano desde temprana edad, era conocido como un niño tranquilo y veraz. A los 40 años, durante uno de sus retiros de soledad en una cueva, el relato cuenta que el ángel Gabriel se le apareció y le anunció que Dios lo había elegido como mensajero. Sacudido por la experiencia, buscó consuelo en su esposa Khadija, quien le aseguró que un hombre sincero y generoso no sería llevado por mal camino. Tras tres años de espera, las revelaciones se reanudaron y Mahoma comenzó a predicar un mensaje que incomodó a los ricos de La Meca: adorar a un solo Dios, rechazar los ídolos y compartir la riqueza con los pobres.

Lo que siguió fue persecución. Sus primeros seguidores, muchos de ellos esclavos y mujeres, fueron torturados y algunos asesinados. En el llamado año de la tristeza murieron Khadija y su tío protector Abu Talib. La tradición también relata el viaje nocturno a Jerusalén, donde Mahoma habría visitado la mezquita de Al-Aqsa y sido elevado al cielo. En el año 622 llegó la migración a Medina, el punto de partida del calendario islámico, y con ella las batallas contra las tribus de La Meca: la defensa contra un ejército tres veces superior, la lección de la codicia, la gran trinchera cavada para frenar a la caballería enemiga.

El desenlace sorprende: un tratado de paz de diez años, su violación por parte de los mecanos, y una entrada triunfal en La Meca sin derramamiento de sangre, sellada con una amnistía general que conmovió a la ciudad. Una década después de la migración, tras pronunciar su sermón de despedida en la llanura de Arafat, el profeta enfermó y falleció en Medina, dejando como sucesor al califa Abu Bakr.

Si te apasionan las historias que marcaron la fe de millones, suscríbete a El DoQmentalista y activa la campana para no perderte ningún documental.

#Mahoma #Islam #Documental","el doqmentalista, documentales de misterio en espanol, documentales en espanol, quien fue mahoma, mahoma profeta del islam, historia del islam, vida de mahoma, profeta muhammad, la meca, medina, coran, angel gabriel, khadija, calendario islamico, historia de las religiones, religiones del mundo, biografias historicas, personajes historicos, documental historico"
1KAzHBx5RkE,290163,Demonología: 6 Demonios Sexuales Que Te Sorprenderán en la Oscuridad,Demonios Sexuales Que Atacan de Noche y Nadie Te Advirtió,Demonios Sexuales Que el Folclor Antiguo Conocía y Hoy Olvidamos,Demonios Sexuales: Testigos en Zanzíbar los Reportan Desde 1965,"Los demonios sexuales aparecen en el folclor de culturas separadas por océanos enteros, y las leyendas coinciden en un mismo patrón inquietante: estos demonios sexuales atacan cuando su víctima duerme. En este documental recorremos seis de esas entidades nocturnas, desde África oriental hasta el norte de Europa, narradas tal como las cuentan sus propias tradiciones.

El recorrido comienza en Zanzíbar con el Popobawa, cuyo nombre según se narra significa ""ala de murciélago"". La leyenda lo describe como una criatura con un solo ojo, capaz de cambiar de forma, que visita los hogares por la noche y advierte a sus víctimas que deben contar el ataque o se arriesgan a que regrese. Los relatos sitúan su primera aparición en la isla de Pemba en 1965, con avistamientos reportados hasta el día de hoy. El video cita al investigador Benjamin Radford, quien rastreó las raíces del fenómeno en el islam de la región, y menciona otra teoría que lo interpreta como una memoria social de los horrores de la esclavitud.

Después llegan los más conocidos: el súcubo y el íncubo, demonios que según la creencia medieval drenan la energía vital de sus víctimas. Algunas leyendas sostienen que el mago Merlín habría nacido de un padre íncubo y una madre humana. El folclor judío aporta a Lilu, Lilin y Ardat Lili, temidos por las madres porque se les atribuía el secuestro de niños. De Hungría viene el Lidérc, que según la tradición nace del primer huevo de una gallina negra, entra por el ojo de la cerradura y solo puede exorcizarse sellándolo en el hueco de un árbol o encargándole una tarea imposible, como llevar agua en un cubo lleno de agujeros. Cierran la lista la Mara del folclor germánico, atestiguada ya en la saga Ynglinga del siglo trece y probablemente inspirada en la parálisis del sueño, y el Alp teutón, que se convierte en niebla para entrar al cuerpo del durmiente, un relato que podría ser una de las primeras explicaciones de la apnea del sueño.

Si te apasionan los misterios del folclor, la demonología y lo paranormal, suscríbete al canal y activa la campana para no perderte los próximos documentales.

#Demonología #Paranormal #ElDoQmentalista","el doqmentalista, documentales de misterio en español, demonios sexuales, demonología, súcubo, íncubo, popobawa, parálisis del sueño, mara pesadilla, lidérc, alp demonio, folclor judío, leyendas de demonios, paranormal, misterio, ocultismo, criaturas del folclor, terror nocturno"
rw9zCmvKCyg,287619,El Evangelio Maldito de Felipe: El texto prohibido que la Iglesia teme,Evangelio de Felipe: lo que la Iglesia calló sobre María Magdalena,Evangelio de Felipe: el manuscrito oculto casi 1600 años en Egipto,Evangelio de Felipe: lo condenaron en el año 367 y sobrevivió bajo la arena,"El Evangelio de Felipe es uno de los textos más polémicos jamás desenterrados, y en este documental te cuento por qué la Iglesia lo consideró peligroso durante siglos. ¿Qué dice realmente el Evangelio de Felipe sobre Jesús y María Magdalena?

En 1945, en el desierto de Nag Hammadi, Egipto, dos campesinos que buscaban fertilizante rompieron el sello de un jarrón de cerámica enterrado al pie de un acantilado. Dentro no había oro: había 13 códices encuadernados en cuero, una biblioteca de 52 libros escritos en copto que llevaban casi 1600 años ocultos. En el códice dos, junto al famoso Evangelio de Tomás, apareció el Evangelio de Felipe: una colección de unos cien dichos y enseñanzas místicas de corte gnóstico, cuyo manuscrito data del siglo IV y que, según los estudiosos, fue compuesto originalmente en griego.

Sus páginas contienen los pasajes que escandalizaron a la ortodoxia. El texto llama a María Magdalena la compañera del Salvador, koinonos en el original, y afirma que Cristo la amaba más que a todos los discípulos y la besaba frecuentemente. También ridiculiza la concepción por obra del Espíritu Santo, al que la mentalidad gnóstica concebía como una entidad femenina, y propone el misterio de la cámara nupcial como cumbre de la iniciación espiritual. El video cita al estudioso Antonio Piñero, quien señala que la relación entre Jesús y Magdalena podría entenderse en sentido espiritual, aunque no excluye otras lecturas.

Repasamos además la reacción de la Iglesia: las refutaciones de padres como Ireneo y Epifanio, la carta pascual del año 367 en la que Atanasio, obispo de Alejandría, ordenó desechar los libros no canónicos, el probable motivo por el que algún monje enterró estos códices para salvarlos de la destrucción, y el terremoto cultural que provocó en 2003 la novela El Código Da Vinci de Dan Brown, que se apoyó precisamente en este evangelio apócrifo para imaginar a un Jesús casado. Quizá nunca sabremos si es un texto sagrado o la voz perdida de una herejía extinta, pero su historia sigue inquietando a creyentes y estudiosos por igual.

Suscríbete al canal para seguir explorando los textos y misterios que la historia oficial dejó fuera.

#EvangelioDeFelipe #NagHammadi #MisteriosBiblicos","el doqmentalista, documentales de misterio en espanol, documental biblico, evangelio de felipe, maria magdalena, nag hammadi, evangelios apocrifos, textos gnosticos, biblioteca de nag hammadi, jesus y maria magdalena, evangelio de tomas, camara nupcial, misterios de la biblia, historia del cristianismo, manuscritos antiguos, vaticano, codigo da vinci, cristianismo primitivo, textos antiguos, ocultismo"
0SEgBN2JusI,283620,"DOS HISTORIAS DE TERROR 2018, El DoQmentalista, Clap, Clap & Escape","Historias de Terror: Si Algo Aplaude en la Oscuridad, No Preguntes Más",Relatos de Terror: Nunca Pases la Noche en una Cabaña Abandonada,"Historias de Terror: ""Creíste que Podías Escapar""","Estas historias de terror narradas te van a acompañar mucho después de que termine el video. Dos relatos de terror, Clap Clap y Escape, que demuestran que lo más aterrador no siempre tiene rostro... y que a veces sí lo tiene, y vive en tu propia casa.

En Clap Clap, un joven matrimonio sale de excursión a las montañas y, cuando el sol empieza a ponerse, descubre que está perdido. Sin mapa ni brújula, y con animales salvajes merodeando el bosque, encuentran una vieja cabaña en ruinas: ventanas rotas, polvo, olor a moho y las paredes cubiertas de piso a techo con una sola palabra escrita en letras rojas: muerte. Aun así deciden quedarse a pasar la noche. Pasada la medianoche, un ruido los despierta, y el marido propone desde la ventana un juego que jamás debió proponer: aplaude una vez para decir sí y dos para decir no. Lo que responde desde la oscuridad total confirma que ahí afuera hay alguien... o algo. Y las respuestas que da, aplauso por aplauso, son el verdadero corazón de este relato.

En Escape, la voz que narra es la de la propia víctima: un niño cuya vida se convirtió en un infierno cuando su madre se casó de nuevo. El padrastro lo insultaba, lo golpeaba con la mínima excusa y convirtió cada cena en una tortura, mientras la madre se mantenía al margen. El niño intentó huir de casa, pero la policía lo devolvió, y en la puerta lo esperaba su padrastro con una frase helada: creías que podías escapar. Lo que ocurre después, y el lugar imposible donde esa misma frase vuelve a pronunciarse al final, es de esos cierres que se quedan clavados en la memoria.

Ambos relatos pertenecen a la tradición de las historias de terror que se comparten de voz en voz: narraciones creadas para inquietar, donde muchas veces el horror más profundo no es sobrenatural, sino humano.

Si te gustan los relatos y documentales de misterio narrados en español, suscríbete al canal de El DoQmentalista y activa la campanita para no perderte los próximos episodios.

#HistoriasDeTerror #Creepypasta #ElDoQmentalista","el doqmentalista, documentales de misterio en español, historias de terror, relatos de terror, creepypasta en español, clap clap historia de terror, cabaña abandonada en el bosque, terror en la montaña, historias de terror narradas, cuentos de terror, historias para no dormir, terror y misterio, leyendas de terror, narraciones de terror en español, videos de terror, miedo en la oscuridad, relatos escalofriantes"
_eoOWvyY9m0,282367,Rey Salomón y su Ejército Demoníaco - El DoQmentalista,El Anillo de Salomón que Según la Leyenda Dominaba 72 Demonios,Llave Menor de Salomón: la Advertencia sobre el Demonio Astaroth,El Libro de Magia del Rey Salomón Escondido en una Tumba,"El anillo de Salomón es uno de los objetos más enigmáticos de toda la tradición esotérica. Según la leyenda, el anillo de Salomón fue grabado por Dios mismo y enviado desde el cielo, otorgando al rey bíblico dominio sobre espíritus, demonios y hasta la capacidad de comunicarse con los animales.

En este documental recorremos el rastro de esa leyenda a través de los textos que la construyeron. Los relatos cuentan que los escritores árabes medievales desarrollaron la historia del sello y la asociaron con el hexagrama, conocido en la tradición judía como la estrella de David. El video cita el Heptamerón de 1496, atribuido a Peter de Abano, donde el pentáculo de Salomón se transforma en un círculo de protección dibujado en la tierra, desde el cual los magos invocaban entidades del inframundo. También exploramos los legendarios libros de magia atribuidos al rey: la Clave de Salomón, que aparece en manuscritos griegos del siglo 15, y la Clavícula Salomonis Regis o Llave Menor de Salomón, del siglo 17, influenciada por cabalistas judíos y alquimistas árabes.

El relato más inquietante sostiene que Salomón constriñó a 72 espíritus dentro de una vasija de bronce y escribió sobre ello a su hijo Roboam, y que el libro terminó escondido en una tumba hasta que un grupo de filósofos babilonios lo descubrió sin poder interpretarlo. Entre esos espíritus, la tradición describe a Astaroth, presentado en los grimorios como Gran Duque del Infierno, sentado junto a Belcebú y Lucifer, que aparece montado sobre una bestia infernal semejante a un dragón, con una víbora en la mano derecha y un aliento tan nocivo que el mago debía protegerse con el anillo. Según estos textos, gobierna 40 legiones de espíritus y responde sobre el pasado, el presente y el porvenir. Con este supuesto ejército demoníaco, cuentan las leyendas, Salomón habría erigido las majestuosas estructuras de su templo.

¿Fue Salomón un rey sabio bendecido por lo divino, o un ocultista que caminaba en la frontera entre lo sagrado y lo profano? Acompáñame a examinar lo que dicen los grimorios y las crónicas de esta tradición milenaria.

Si te apasionan los misterios documentados con seriedad, suscríbete al canal y activa la campanita para no perderte ningún episodio.

#ReySalomon #Misterio #Ocultismo","el doqmentalista, documentales de misterio en español, rey salomón, anillo de salomón, sello de salomón, llave menor de salomón, clavícula de salomón, astaroth, 72 demonios de salomón, grimorios antiguos, ocultismo medieval, demonología, magia ceremonial, misterios bíblicos, leyendas bíblicas, templo de salomón, paranormal en español, documental de ocultismo"
I6x7yum_slY,281848,Documentales Paranormales: Descubre la Tumba del Nefilim Gigante,Nefilim en América: los gigantes que reportó la prensa del siglo XIX,Esqueletos gigantes: ¿por qué siempre los vuelven a enterrar?,El gigante de 5.4 metros: el hallazgo que citó un diario de 1870,"Nefilim en América: durante más de un siglo, la prensa y las leyendas hablaron de tumbas con esqueletos gigantes que aparecían... y volvían a desaparecer bajo tierra. Este documental reúne los relatos más inquietantes de esos supuestos hallazgos.

El primer caso nos lleva a Redding, California, al sur del Monte Shasta. Según el relato, durante los trabajos de excavación de un edificio, un hombre llamado Murphy afirmó haber encontrado una tumba con reliquias prehistóricas y el esqueleto de un gigante, envuelto en un sudario de corteza de pino azucarero que aún estaba en buen estado. Se contaba que no había pinos de ese tipo cerca del entierro, que uno de los trabajadores tomó una flecha que se creía envenenada, y que las piernas del esqueleto eran 30 centímetros más largas que las de Murphy, descrito como un hombre muy alto. El esqueleto, dice el relato, fue enterrado de nuevo.

No sería el único. El video repasa el informe de 1819 sobre el rancho El Lobo, en Baja California: unos soldados que cavaban una fosa habrían hallado un sarcófago de más de tres metros con un esqueleto de 3.6 metros de altura, doble hilera de dientes, hachas de piedra, lanzas y finas láminas de pórfido cubiertas de una escritura desconocida. Cuando los nativos empezaron a atribuirle un significado religioso, cuenta la historia, las autoridades ordenaron volver a enterrarlo todo en secreto. Y en 1870, un diario de Pensilvania tituló ""el gigante de Cardiff superado"" al reportar un supuesto esqueleto de 5.4 metros junto a un casco de hierro corroído y una espada de tres metros de largo.

El documental también explora quiénes eran los nefilim —palabra traducida como gigantes, caídos o supervisores, llamados en la Torá héroes de la antigüedad y guerreros de renombre— y las leyendas nativas del cañón superior del río Sacramento, que describen gigantes depredadores viviendo en túneles y cuevas subterráneas, extinguidos tras un diluvio catastrófico.

¿Exageraciones de la prensa del siglo XIX o la memoria de algo que preferimos volver a enterrar? Escucha los relatos completos y decide tú mismo.

Suscríbete a El DoQmentalista para más documentales de misterio en español cada semana.

#Nefilim #Gigantes #Misterio","el doqmentalista, documentales de misterio en español, documentales paranormales, nefilim, gigantes nefilim, esqueletos gigantes, tumba de gigante, gigantes en américa, monte shasta, rancho el lobo, gigante de cardiff, leyendas de gigantes, prensa del siglo xix, misterios sin resolver, enigmas históricos, casos inexplicables, biblia y misterio, hallazgos misteriosos"
lt4YK3y-mTI,280816,"¿Sabías Que... SOÑAR CON SERPIENTES Tiene un GRAN Significado, VÍDEO RECOMENDADO",Soñar con Serpientes: La Advertencia Que Tu Mente Te Está Enviando,¿Sueñas con Serpientes? Esto Es Lo Que Está Pasando en Tu Interior,Soñar con Serpientes: El Significado Que las Culturas Antiguas Ya Conocían,"Soñar con serpientes es una de las experiencias más comunes y a la vez más inquietantes del mundo onírico. Si has soñado con serpientes y despertaste con la sensación de que algo intentaba decirte, este documental es para ti.

La serpiente es un símbolo complicado: puede cargar significados positivos y negativos al mismo tiempo. Según las interpretaciones tradicionales que recorre este video, todo depende del contexto del sueño y de tu propia relación con estos animales. Una serpiente que te muerde, se narra, sería una alerta de algo en tu vida despierta que aún no has visto; una serpiente bebé indicaría que estás subestimando una amenaza; y matar a la serpiente, o verla muerta, señalaría que ese peligro ya quedó atrás. La tradición también sostiene que una serpiente nadando en el agua refleja emociones reprimidas, y que una serpiente encerrada en una caja habla de una parte de tu subconsciente que te niegas a reconocer.

El video explora además la lectura de la escuela de pensamiento freudiana, según la cual la serpiente es un símbolo fálico ligado a la tentación, los pensamientos reprimidos y la sexualidad prohibida: soñar con una serpiente en tu cama, se interpreta, revelaría que te sientes dominado o amenazado en la intimidad. Pero no todo es sombra. En algunas culturas, se cuenta, la serpiente es símbolo de curación —no por nada el emblema de la profesión médica muestra dos serpientes— y su capacidad de despojarse de la piel la convierte en un poderoso signo de transformación, renovación y crecimiento. Una serpiente roja resaltaría tu pasión ardiente; una víbora advertiría amenazas en tu vida laboral; y una serpiente domesticada indicaría que estás superando los tiempos difíciles.

Cada sueño con serpientes tiene un matiz distinto, pero según estas tradiciones casi todos apuntan a lo mismo: una tormenta emocional que pide ser atendida y un poder interior que espera despertar.

Si te apasionan los misterios del subconsciente, los símbolos ocultos y lo inexplicable, suscríbete a El DoQmentalista y activa la campana para no perderte ningún documental.

#SoñarConSerpientes #SignificadoDeLosSueños #ElDoQmentalista","el doqmentalista, documentales de misterio en espanol, soñar con serpientes, significado de soñar con serpientes, que significa soñar con serpientes, interpretacion de sueños, serpientes en sueños, soñar con viboras, simbolismo de la serpiente, sueños y su significado, subconsciente, mensajes de los sueños, misterio, ocultismo, esoterismo, simbolos ocultos, mundo onirico, documental de misterio"
2xiiKWm7tes,280356,Revelaciones Sorprendentes Sobre Textos Sagrados - Misterios de la fe - El DoQmentalista,Los 7 libros que la iglesia dejó fuera de la Biblia y qué revelan,Evangelio de Judas: el manuscrito hallado en Egipto que reescribe la traición,Libro de Enoc y los textos que los primeros cristianos conocían y hoy olvidamos,"¿Sabías que existen libros que la iglesia dejó fuera de la Biblia? En este documental recorremos siete textos sagrados excluidos del canon, manuscritos que durante siglos fueron calificados de apócrifos o heréticos y que hoy siguen alimentando el debate entre teólogos y estudiosos.

El viaje comienza con el Evangelio de Judas, un antiguo texto gnóstico descubierto en Egipto en la década de 1970 y traducido y publicado en el 2006. Según este evangelio, Judas Iscariote no habría sido el traidor infame de la tradición, sino el discípulo más cercano de Jesús, cumpliendo un plan divino. Seguimos con el Evangelio de Tomás, hallado en 1945 cerca de Nag Hammadi, en Egipto: una colección de 114 dichos atribuidos a Jesucristo que no presenta narrativa, solo enseñanzas, muchas de naturaleza esotérica. El Libro de Enoc, atribuido al bisabuelo de Noé, relata la historia de los ángeles vigilantes que, según el texto, desobedecieron a Dios al casarse con mujeres humanas, e incluye profecías y hasta un extenso tratado de astronomía.

También abrimos la Pistis Sofía, con las enseñanzas que Jesús habría dado a sus discípulos después de la resurrección; los Manuscritos del Mar Muerto, descubiertos en las cuevas cercanas al Mar Muerto en 1947; el Evangelio de María Magdalena, que la presenta como discípula predilecta y líder entre los apóstoles; y el Apocalipsis de Pedro, con su visión del cielo y el infierno. Y como esta es una entrega especial, el documental continúa con la misteriosa serpiente de bronce de Moisés narrada en el libro de Números, las frases perdidas de Jesús halladas en los textos apócrifos y los mitos y mentiras que el arte y la imaginación construyeron sobre el infierno, más allá de lo que dicen las escrituras.

Cada relato se cuenta tal como lo transmiten estos antiguos manuscritos y tradiciones, para que seas tú quien saque sus propias conclusiones sobre lo que quedó fuera del canon bíblico.

Si te apasionan los misterios de la fe y los enigmas de la historia, suscríbete al canal y activa la campana para no perderte ninguna entrega de El DoQmentalista.

#EvangeliosApocrifos #MisteriosDeLaBiblia #ElDoQmentalista","el doqmentalista, documentales de misterio en español, documental religioso, evangelios apócrifos, evangelio de judas, evangelio de tomás, libro de enoc, manuscritos del mar muerto, evangelio de maría magdalena, pistis sofía, apocalipsis de pedro, textos gnósticos, libros excluidos de la biblia, nag hammadi, misterios de la biblia, historia del cristianismo, textos antiguos, serpiente de bronce de moisés, misterio y ocultismo"
AkKlAiNog54,279304,¿Por qué existe el mal? El DoQmentalista,El problema del mal: la paradoja de Epicuro que desafía a Dios,¿Por qué Dios permite el mal? Filósofos y teólogos responden,El origen del mal: del dilema de Epicuro al libre albedrío,"El problema del mal es uno de los enigmas más antiguos de la filosofía de la religión: si existe una deidad omnisciente, omnipresente, omnipotente y benevolente, ¿por qué existe el mal? En este documental recorremos las formulaciones, paradojas y respuestas que han intentado resolver esta pregunta.

Todo comienza con la paradoja atribuida a Epicuro, considerado el primer exponente del problema: si Dios quiere prevenir el mal pero no puede, no es omnipotente; si puede pero no quiere, es malévolo; si puede y quiere, ¿de dónde surge el mal?; y si no puede ni quiere, ¿por qué llamarlo Dios? David Hume retomó estas preguntas en sus Diálogos sobre la religión natural. Los intentos por conciliar el mal con la existencia de Dios se agrupan bajo el nombre de teodicea, y de ahí se desprenden el problema lógico del mal, el problema evidencial y el llamado problema del infierno, que cuestiona cómo un Dios misericordioso permitiría un castigo eterno tan cruel y desproporcionado.

También exploramos las respuestas más influyentes. La defensa del libre albedrío de Alvin Plantinga sostiene que el mal moral resulta de las acciones humanas libres, y plantea la posibilidad lógica de un poderoso espíritu no humano responsable del mal natural. Agustín de Hipona, teólogo del siglo 5, propuso que el mal solo existe como privación o ausencia del bien, igual que la enfermedad es ausencia de salud. Repasamos además el argumento por el contraste ligado al yin y el yang taoísta, la visión gnóstica del demiurgo como creador imperfecto del mundo, el dualismo del maniqueísmo, y la teodicea de Ireneo de Lyon, reformulada por John Hick, según la cual el sufrimiento sería un formador del alma. El video cita también el libro Quién es Dios, donde se plantea que el bien y el mal coexisten en todo ser, como los polos negativos y positivos del universo.

Si te apasionan los grandes enigmas de la filosofía, la religión y el misterio, suscríbete al canal y activa las notificaciones para no perderte ningún documental.

#ProblemaDelMal #Filosofia #ElDoQmentalista","el doqmentalista, documentales de misterio en español, problema del mal, por qué existe el mal, paradoja de epicuro, teodicea, libre albedrío, por qué dios permite el mal, agustín de hipona, problema del infierno, filosofía de la religión, gnosticismo, demiurgo, maniqueísmo, mal y sufrimiento, existencia de dios, filosofía en español, documental de religión, enigmas y misterios, misterios de la biblia"
dCpzGLQE4RA,279241,El Libro de Constantine: ¿Verdad o Leyenda?,Evangelio de Judas: el texto oculto detrás de la película Constantine,Libros apócrifos: los textos que quedaron fuera de la Biblia,Evangelio de Judas: ¿y si el traidor cumplía un plan divino?,"El Evangelio de Judas es uno de los textos más controversiales en la historia del cristianismo, y la película Constantine lo insinúa sin atreverse a nombrarlo directamente. En este documental desentrañamos qué hay detrás del misterioso libro que John Constantine parece conocer tan bien.

La película presenta a John Constantine como un cazador de demonios que ha leído los textos apócrifos y domina la alquimia, conocimientos que usa para enfrentar a las fuerzas oscuras mientras busca redimirse y ganar un lugar en el cielo. Aunque el filme menciona que existen más capítulos del Génesis, nunca nombra un libro específico; el video explora la interpretación de que se refiere a los llamados libros apócrifos, textos religiosos que no se incluyeron en el canon de la Biblia. Entre ellos destaca el Evangelio de Judas, una obra que, según se narra en el documental, fue escrita en el siglo 2 y descubierta en 1978 en Egipto. Este texto gnóstico presenta una versión alternativa de los eventos previos a la crucifixión: según su relato, Judas Iscariote no fue un traidor, sino el discípulo más cercano de Jesús, el único capaz de comprender su verdadera naturaleza y el elegido para cumplir la voluntad divina al entregarlo.

El recorrido también aborda la literatura gnóstica, esa corriente religiosa y filosófica surgida en el Mediterráneo Oriental entre finales del siglo 1 y principios del siglo 2, con escritos como el Evangelio de Tomás, el Evangelio de Felipe y el Libro Secreto de Juan. Y repasa otros textos apócrifos célebres: el Libro de Enoc, que habla de gigantes y ángeles caídos; el Apocalipsis de Pedro, que describe con crudeza el infierno; y el Evangelio de María Magdalena. Según cuenta la tradición que recoge el video, muchos de estos textos fueron rechazados por la Iglesia, censurados o incluso quemados a lo largo de los siglos, y algunos solo fueron redescubiertos recientemente.

¿Verdades ocultas o simples herejías? Como dice el propio Constantine, el conocimiento es poder. Suscríbete a El DoQmentalista y acompáñame a través de lo desconocido, donde cada documental es un viaje a los misterios que pocos se atreven a explorar.

#EvangelioDeJudas #LibrosApocrifos #Constantine","el doqmentalista, documentales de misterio en español, evangelio de judas, libros apócrifos, constantine película, literatura gnóstica, libro de enoc, apocalipsis de pedro, evangelio de maría magdalena, judas iscariote, textos gnósticos, evangelio de tomás, misterios de la biblia, textos rechazados por la iglesia, ocultismo, esoterismo, alquimia, documental en español, misterio y paranormal"
3hxJdjqWtYs,278608,Magia Heka: El Poder Usado por Jesús - El DoQmentalista,"Magia Heka, ¿el poder que Jesús habría aprendido en Egipto?",Años perdidos de Jesús: lo que narran los evangelios apócrifos,"Magia Heka, la fuerza sagrada de Egipto que el mundo olvidó","¿Pudo Jesús haber conocido la Magia Heka durante sus años perdidos? La Magia Heka, la fuerza sagrada del Antiguo Egipto, está en el centro de una de las teorías más fascinantes que rodean la vida de Jesús, y en este documental la exploramos a fondo.

Los evangelios canónicos del Nuevo Testamento no detallan qué ocurrió con Jesús entre su infancia y el inicio de su ministerio público, un lapso de alrededor de 30 años conocido como los años perdidos. Ese silencio ha dado lugar a numerosas especulaciones, y una de las más intrigantes sostiene que Jesús habría viajado a Egipto, epicentro de sabiduría en la antigüedad, con sus templos, bibliotecas y escuelas esotéricas. El video repasa lo que narran varios textos apócrifos, no incluidos en el canon bíblico: el Evangelio del Pseudo Mateo describe la huida de la Sagrada Familia a Egipto para escapar de Herodes y relata milagros como hacer surgir agua de un árbol; el Evangelio Árabe de la Infancia cuenta la curación de un príncipe; y el Evangelio Armenio de la Infancia presenta a un joven Jesús enseñando astrología y misticismo a los sabios egipcios. También citamos el pasaje canónico de Mateo 2:13-15, donde la familia huye a Egipto hasta la muerte de Herodes.

Además, explicamos qué era realmente la Heka para los egipcios: mucho más que la noción occidental de magia, se la consideraba una energía cósmica que existía antes de la creación del mundo, personificada como un dios representado con serpientes y el anj, símbolo de la vida. Según esta cosmovisión, sacerdotes y faraones podían canalizarla en rituales de protección y sanación, con papiros que contenían hechizos e instrucciones detalladas. La tradición hermética atribuida a Hermes Trismegisto, con su énfasis en la transformación espiritual, también entra en esta historia. Y a partir de versículos como Mateo 17:20, Juan 14:12 y Marcos 16:17, planteamos la pregunta que cierra el documental: ¿podrían los seres humanos realizar obras semejantes a las de Jesús a través de la fe?

Suscríbete a El DoQmentalista para más documentales de misterio, ocultismo e historias que pocos se atreven a contar en español.

#MagiaHeka #AñosPerdidosDeJesus #ElDoQmentalista","el doqmentalista, documentales de misterio en español, documentales en español, magia heka, años perdidos de jesús, jesús en egipto, evangelios apócrifos, magia del antiguo egipto, heka dios egipcio, hermes trismegisto, evangelio del pseudo mateo, misterios de la biblia, cristianismo esotérico, antiguo egipto, ocultismo, esoterismo, historia oculta, misterios sin resolver"
-Wv0taingGE,278422,Historia: El misterioso legado de María Magdalena y su conexión con Jesús,¿Qué pasó con María Magdalena después de la resurrección?,¿Qué pasó con María Magdalena después de la resurrección?,María Magdalena: la apóstol que el cristianismo olvidó,"¿Qué pasó con María Magdalena después de la resurrección? La historia de María Magdalena es una de las más misteriosas y controvertidas de la Biblia, y su destino final sigue alimentando teorías fascinantes.

Todos los evangelios la nombran como la primera testigo de la resurrección de Jesús: cuando los discípulos se dispersaron, ella fue la única que se mantuvo esperando. A partir de ahí, los hechos se vuelven escasos y comienzan las leyendas. Una de ellas cuenta que huyó de Jerusalén junto a Lázaro en un barco sin remos ni velas, guiado por algo divino, hasta llegar a lo que hoy es Francia, donde predicó, realizó bautismos y terminó recluida en una cueva. Según se narra, en 1279 el rey Carlos II ordenó una excavación siguiendo esas leyendas y se habría hallado un sarcófago con sus supuestos huesos; su cráneo se conserva en una gruta, dentro de una escultura de vidrio y oro, y a veces es desfilado por las calles.

Otras tradiciones apuntan en dirección contraria. La ortodoxia oriental sostiene que viajó a Éfeso, en la actual Turquía, junto al apóstol Juan y la Virgen María, y algunos partidarios de esta teoría sugieren que incluso ayudó a escribir el Evangelio de Juan. El video también recorre el llamado Evangelio de María, hallado en fragmentos y excluido de la Biblia, que relata una visión sobre el alma y una discusión con los discípulos; los textos gnósticos, como el Evangelio de Tomás, que describen el conflicto entre ella y Pedro; y la reliquia de la mano izquierda incorrupta que descansa en un monasterio del Monte Athos, a la que los lugareños atribuyen haber salvado el lugar de un incendio en 1945. Sin olvidar la teoría más polémica, popularizada por Dan Brown en El Código Da Vinci: la que afirma que tuvo un hijo con Jesús y dio origen a la línea de reyes merovingios de Francia.

Leyendas, reliquias y evangelios perdidos: cada pista sobre María Magdalena abre más preguntas de las que responde. ¿Murió en una cueva francesa, en Éfeso o en algún rincón oculto del Imperio Romano?

Suscríbete a El DoQmentalista para más documentales de misterio en español y no perderte los próximos expedientes.

#MariaMagdalena #MisteriosDeLaBiblia #ElDoQmentalista","el doqmentalista, documentales de misterio en español, documentales en español, maría magdalena, evangelio de maría, qué pasó con maría magdalena, maría magdalena y jesús, evangelios apócrifos, evangelios gnósticos, reliquias de maría magdalena, reyes merovingios, éfeso, misterios de la biblia, historia del cristianismo, personajes bíblicos, evangelios perdidos, misterios sin resolver"
i1odhdZPMFE,278314,Misterios Revelados: ¿Quién Realmente Escribió la Biblia? - Una Investigación de El DoQmentalista,¿Quién Escribió la Biblia? Los Eruditos Dicen Que No Fue Moisés,¿Quién Escribió la Biblia? La Pregunta Que las Iglesias Evitan,¿Quién Escribió la Biblia? El Libro Olvidado del Templo de Salomón,"¿Quién escribió la Biblia? Es una de las preguntas más aterradoras a las que puede enfrentarse un líder religioso, porque su respuesta podría abrir una caja de Pandora. En esta investigación analizamos las evidencias detrás del libro más vendido de todos los tiempos.

La tradición sostiene que los cinco primeros libros, el Pentateuco o Torá, fueron obra de un solo hombre: Moisés. Pero desde finales del siglo XVII, eruditos judíos y cristianos desarrollaron la llamada hipótesis documental, el modelo JEDP, que sugiere que al menos cuatro autores desconocidos, que ni siquiera se conocían entre sí, escribieron esos textos, y que un comité posterior los editó para que sonaran como una sola voz. La pista está en los nombres de Dios: unas partes usan Jehová y otras Elohim, documentos que los estudiosos fechan entre el 900 y el 850 antes de Cristo, y entre el 750 y el 700 antes de Cristo. Pensadores como el filósofo Baruch Spinoza figuran entre quienes plantearon la posibilidad de la autoría múltiple, una teoría consolidada en 1895 y hoy enseñada en la mayoría de los seminarios.

El caso más inquietante llega con las reformas del rey Josías. Los libros de Reyes y de Crónicas cuentan que un grupo de sacerdotes, mientras limpiaba las habitaciones traseras del templo de Salomón, descubrió el olvidado libro del Deuteronomio, supuestamente escrito por Moisés siglos antes. Muchos eruditos cuestionan una coincidencia tan conveniente y sugieren que aquel hallazgo tenía más de propaganda religiosa y política que de exactitud histórica. Y hay más: según la historia tradicional, el canon de las escrituras hebreas no se concretó hasta un concilio celebrado a finales del siglo primero, más de sesenta años después de la muerte de Jesús, lo que abre la posibilidad de que el propio Jesús de Nazaret nunca leyera la Biblia tal y como la conocemos hoy, sino solo pergaminos sueltos.

Desde la Septuaginta, la traducción griega surgida tras las conquistas de Alejandro Magno, hasta la confesión de Westminster, este documental recorre los comités olvidados, las agendas políticas y las decisiones humanas que dieron forma al texto sagrado más influyente de la historia.

Suscríbete a El DoQmentalista para más investigaciones sobre los misterios que las escrituras todavía guardan.

#Biblia #Misterio #Documental","el doqmentalista, documentales de misterio en español, quien escribio la biblia, hipotesis documental, modelo jedp, autores de la biblia, pentateuco, tora, libros de moises, deuteronomio, rey josias, septuaginta, canon biblico, antiguo testamento, misterios de la biblia, historia de la biblia, enigmas religiosos, textos sagrados, documental en español, misterios sin resolver"
GtFUQdc6bUQ,277626,Los siete PECADOS capitales de los ANTIPAPAS católicos - El DoQmentalista,Papas acusados de brujería que la Iglesia preferiría olvidar,Brujería en el Vaticano: el expediente de 7 papas señalados,¿Hubo papas brujos? Las leyendas de pactos que rodean al trono de San Pedro,"Papas acusados de brujería: suena imposible, pero durante siglos circularon rumores, juicios y leyendas que señalaban a varios ocupantes del trono de San Pedro como hechiceros con pactos oscuros. En este documental recorremos siete casos de papas y antipapas que cargaron con esa fama, narrados tal como los cuentan las crónicas y leyendas de cada época.

El recorrido comienza con León I, el primer papa acusado de magia negra por sus adversarios, y sigue con León III, coronador de Carlomagno, a quien siglos después de su muerte se le atribuyó un grimorio aparecido en Francia en 1523, el llamado Enchiridion del Papa León, vinculado más tarde al escandaloso caso de los venenos entre 1677 y 1682. Está también Silvestre II, el erudito Gerberto de Aurillac, de quien la leyenda negra cuenta que robó un libro de hechizos a un mago árabe y que ascendió al papado gracias a un demonio femenino llamado Meridiana, que le habría profetizado su muerte tras oficiar misa en la iglesia de Santa Cruz de Jerusalén en Roma.

La lista continúa con Honorio III, a quien un grimorio publicado a principios del siglo XVII le fue atribuido falsamente para darle autenticidad comercial; con Bonifacio VIII, juzgado póstumamente por presión del rey Felipe IV de Francia bajo cargos de herejía y brujería, y exonerado por el concilio reunido en Viena en 1312; con el antipapa Juan XXIII, depuesto tras el Concilio de Constanza de 1414, cuya fuga casi milagrosa la historia no oficial atribuye a Abraham el Mago, señalado como autor del libro de la magia sagrada de Abramelín; y con Sixto V, el implacable papa de la contrarreforma, de quien la leyenda dice que vendió su alma al diablo por seis años de reinado y que el diablo vino a cobrarle un año antes, en agosto de 1590.

¿Acusaciones fabricadas por enemigos políticos o ecos de algo más oscuro dentro del Vaticano? Cada relato se presenta aquí como lo que es: leyenda, rumor y crónica de su tiempo, para que tú saques tus propias conclusiones.

Si te apasionan los misterios de la historia y el lado oculto de la religión, suscríbete al canal y activa la campanita para no perderte los próximos documentales.

#Vaticano #Brujeria #Documental","el doqmentalista, documentales de misterio en espanol, el documentalista, papas acusados de brujeria, brujeria en el vaticano, antipapas, silvestre ii meridiana, grimorio del papa honorio, bonifacio viii, enchiridion del papa leon, sixto v pacto con el diablo, historia de los papas, misterios del vaticano, ocultismo, leyendas oscuras, secretos de la iglesia catolica, historia oculta, magia negra, documental de historia"
GdkZF1T23V0,276309,10 Secretos De El Infierno Que El Diablo Me Contó - Documentales Prohibidos,El Infierno No Es Como Te Lo Contaron: 10 Claves Bíblicas,El Infierno No Es Como Te Lo Contaron: 10 Claves Bíblicas,Infierno: Lo Que La Biblia Describe Y Casi Nadie Recuerda,"¿Qué dice realmente la Biblia sobre el infierno? La mayoría cree conocerlo: un lugar de castigo eterno para los pecadores. Pero detrás de esa imagen popular del infierno hay descripciones, debates y advertencias que casi nadie se detiene a leer con calma.

En este documental recorremos diez aspectos del infierno tal como lo describen las Escrituras y lo interpretan las distintas tradiciones cristianas. Comenzamos con una idea inquietante: según 2 Tesalonicenses, el castigo consiste en la destrucción eterna lejos de la presencia del Señor, es decir, un lugar donde no habría bondad, misericordia ni paz. Isaías 34:9-11 habla de arroyos convertidos en brea, polvo vuelto azufre y un humo que sube de generación en generación, mientras que Apocalipsis 20 describe un abismo sellado donde un ángel encadena al dragón, la serpiente antigua, por mil años.

También abordamos el debate teológico que divide a los estudiosos: ¿el tormento es una experiencia consciente que nunca termina, o el alma deja de existir tras un castigo proporcional a sus pecados? Aquí entran el aniquilacionismo, el condicionalismo y la postura tradicionalista sobre la inmortalidad del alma. El video cita al teólogo John Piper, para quien la gravedad del pecado no depende de cuánto tiempo se ofende, sino de la dignidad infinita de aquel a quien se ofende. Recordamos además pasajes como Lucas 8:30, donde los demonios responden llamarse Legión, y Mateo 25:41, que menciona el fuego eterno preparado para el diablo y sus ángeles. Al final queda la pregunta que muchas religiones sostienen: la elección entre el cielo y el infierno sería nuestra, y Juan 3:16 apunta al camino que, según la fe cristiana, permite evitarlo.

Si te apasionan los misterios de la Biblia, lo oculto y los enigmas que la historia no termina de responder, suscríbete a El DoQmentalista y activa la campana para no perderte ningún documental.

#Infierno #MisteriosDeLaBiblia #Documentales","el doqmentalista, documentales de misterio en espanol, documentales en espanol, el infierno segun la biblia, que dice la biblia del infierno, castigo eterno, lago de fuego, apocalipsis 20, fuego eterno biblia, aniquilacionismo, demonios en la biblia, el diablo, satanas, misterios de la biblia, teologia cristiana, cielo e infierno, versiculos biblicos, ocultismo, paranormal, enigmas biblicos"
XHQD1uUXYe0,275534,Misterios del Huevo: Magia y Poderes Secretos,Limpia con Huevo: el Ritual Ancestral que México Nunca Olvidó,Huevo en el Vaso de Agua: ¿Qué Significan sus Figuras y Colores?,Mal de Ojo y Envidia: las Señales del Huevo según la Tradición,"La limpia con huevo es una de las prácticas más antiguas y extendidas de México, y este documental explora todo lo que la tradición dice sobre ella. Desde la magia del huevo hasta la ovomancia, aquí encontrarás el ritual, sus señales y sus interpretaciones tal como se han transmitido de generación en generación.

Según narra el video, esta práctica se originó en México, específicamente en la región de Veracruz, y se remonta a la época prehispánica, cuando los antiguos habitantes creían en la energía vital y el equilibrio entre cuerpo y mente. La tradición sostiene que el huevo actúa como un imán capaz de absorber la energía negativa, el mal de ojo y la envidia: se pasa un huevo fresco por todo el cuerpo, se rompe en un vaso de agua y se deja reposar durante la noche para examinar las figuras que se forman en la clara y la yema.

El documental repasa las hierbas y aceites que, de acuerdo con los practicantes, potencian el ritual: hierba de San Juan, romero, eucalipto, lavanda, salvia, ruda, laurel e incienso. También detalla las interpretaciones que la ovomancia atribuye a cada figura: un ancla anunciaría una unión amorosa y una promoción laboral, un barco un viaje inesperado, una herradura buena suerte en las finanzas, un trébol felicidad y armonía, mientras que una luna rota advertiría de envidias y habladurías. Incluso los colores tienen su lectura: del rojo que pide precaución al blanco que señala un periodo sin problemas graves. Los expertos citados en el video recomiendan usar huevos de corral de no más de tres días y nunca refrigerados, porque el frío alteraría la lectura.

¿Creencia, superstición o sabiduría ancestral? Este documental no pretende dar una respuesta definitiva: presenta la tradición tal como la conservan las comunidades que la practican, para que tú saques tus propias conclusiones. Y si alguna vez te hicieron una limpia con huevo, cuéntanos tu experiencia en los comentarios.

Si te apasionan los misterios, el ocultismo y las tradiciones ocultas de nuestra cultura, suscríbete al canal El DoQmentalista y activa la campana para no perderte ningún documental.

#LimpiaConHuevo #Ovomancia #Misterio","el doqmentalista, documentales de misterio en espanol, el documentalista, limpia con huevo, magia del huevo, ovomancia, lectura del huevo en el vaso de agua, mal de ojo, ritual del huevo, huevo para la envidia, curanderismo mexicano, rituales de proteccion, esoterismo, ocultismo, misterios y enigmas, brujeria mexicana, tradiciones ancestrales, paranormal en espanol"
3RV89p3Bpf8,273283,La Guadaña De La Muerte o La Oz De La Santa Muerte,"Guadaña de la Santa Muerte, el significado que casi todos olvidamos",¿Por qué la Santa Muerte carga una guadaña y no una hoz?,Guadaña de la Muerte: el origen oculto que viene de la antigua Grecia,"La guadaña de la Santa Muerte es el elemento más visible de toda su figura, y sin embargo casi nadie sabe lo que realmente representa. En este documental descubrirás por qué llamarla ""la hoz de la muerte"" es un error, y qué camino recorrió este símbolo desde la antigua Grecia hasta los altares de hoy.

Primero, la aclaración que muchos necesitan: la hoz y la guadaña no son la misma herramienta. La hoz es pequeña y se maneja con una sola mano; la guadaña es mucho más grande y exige ambas manos para maniobrarla. Por eso, la expresión correcta es la guadaña de la muerte. Según narra el video, el origen de la imagen del esqueleto con guadaña está en la mitología griega, donde unas divinidades regían las vidas humanas: Cloto, la tejedora, creaba el hilo de la existencia, otra determinaba su longitud, y Átropos, la tercera, cortaba ese hilo con unas terribles tijeras, acabando así con la vida de los mortales. El relato cuenta que estas figuras pasaron a la mitología romana como las Parcas, representadas por los artistas como ancianas, y que con la difusión de una tradición celta el esqueleto tomó su forma definitiva: las tijeras se convirtieron en guadaña, un objeto mucho más habitual entre los campesinos.

Desde el punto de vista simbólico, la tradición esotérica sostiene que la guadaña es el símbolo del tiempo y de la corta duración de nuestra existencia terrenal: un instrumento agrícola que se usa cuando termina el ciclo de la cosecha. En el misticismo representa las fuerzas de transmutación, como el crisol del antiguo alquimista que desgarra la estructura del metal ordinario para refinarlo. Entre los devotos de la Santa Muerte, la creencia dice que la guadaña corta las malas energías de los enemigos, trae prosperidad y seguridad, y recuerda una justicia implacable que no distingue entre hombres y mujeres: hagamos lo que hagamos, todos caeremos bajo esa guadaña. La vida sobre la tierra, enseña este emblema, es transitoria y siempre cambiante.

Si te apasionan los símbolos, el misterio y las creencias que rodean a la muerte, suscríbete a El DoQmentalista y activa la campana para no perderte ningún documental.

#SantaMuerte #Guadaña #Misterio","el doqmentalista, documentales de misterio en espanol, guadaña de la muerte, santa muerte, hoz de la muerte, significado de la guadaña, guadaña de la santa muerte, moiras griegas, parcas romanas, atropos, simbolos esotericos, la calaca, mitologia griega, esoterismo, ocultismo, misterio, paranormal, simbolismo de la muerte, alquimia, leyendas"
jFitpPvVRVI,272184,¡Los 72 Demonios de Salomón: La Verdad Oculta!,Demonios de Salomón: 5 Nombres Que Es Mejor No Pronunciar,Demonios de Salomón: 5 Nombres Que Es Mejor No Pronunciar,¿Salomón Encerró 72 Demonios? El Relato Que Aún Estremece,"Los 72 demonios de Salomón forman una de las leyendas más inquietantes que rodean a un rey bíblico. En este documental abrimos ese relato y te presentamos a los cinco espíritus que, según la tradición, ni el hombre más sabio de su época debió subestimar.

Según la Biblia, Salomón fue hijo del rey David y el tercer rey de Israel: se le atribuye la construcción del templo de Jerusalén y una corte legendaria de 700 esposas y 300 concubinas. Pero la tradición esotérica le atribuye algo más oscuro: un anillo mágico y conjuros con los que habría sometido a los espíritus malignos y los habría obligado a trabajar para él. El relato cuenta que llegó a capturar un total de 72 demonios, y que cinco de ellos eran los más peligrosos de todos.

En este recorrido conocerás, tal como los narra la leyenda, a un demonio capaz de transformar cualquier cosa en oro y de embaucar con palabras dulces a quienes buscan riquezas; a otro que desataba tempestades y terremotos y del que algunos decían que dominaba a los espíritus de los muertos; a un ser astuto que manipulaba los sueños y los miedos más profundos, temido sobre todo por quienes tenían una mente vulnerable; al señor del deseo y la lujuria que, según el relato, terminó sellado en una caja de plata para siempre; y a una criatura mencionada en textos medievales de demonología que podía tomar forma humana, escapó una vez del rey y fue atrapada de nuevo. La historia sostiene que estas hazañas le valieron a Salomón el respeto y el temor de súbditos y enemigos.

Más allá del terror, esta leyenda deja una advertencia que el propio video subraya: no se juega con fuego, y la sabiduría y el juicio son valores más duraderos que cualquier poder sobre la oscuridad.

Si te apasionan los enigmas del mundo antiguo, el ocultismo y los relatos que la historia oficial prefiere no contar, suscríbete a El DoQmentalista y activa la campanita para no perderte ningún documental.

#ReySalomon #Demonologia #Misterio","el doqmentalista, documentales de misterio en español, documental paranormal, 72 demonios de salomon, rey salomon, demonios del rey salomon, anillo de salomon, demonologia, demonios capturados por salomon, leyendas biblicas, salomon y los demonios, templo de jerusalen, misterio, ocultismo, paranormal, enigmas y misterios, terror real, leyendas oscuras"
Xq0El0eGDl8,271250,¿Qué Sucede el Día Que Jesús Regresa? - La Segunda Venida - Documentales en Español,Segunda Venida de Jesús: Las Señales Que Anuncian Su Regreso,¿Estás Preparado Para el Regreso de Jesús? Esto Dice la Biblia,El Día del Juicio Final: Lo Que el Apocalipsis Anunció Hace Siglos,"¿Qué sucederá realmente el día de la Segunda Venida de Jesús? La segunda venida de Cristo es, según la fe cristiana, el evento más decisivo que le espera a la humanidad, y en este documental recorremos lo que las escrituras anuncian sobre ese día.

Según el libro del Apocalipsis, Jesús volverá a la Tierra en gloria y poder, rodeado de ángeles y con las nubes como su trono. El relato bíblico advierte que su llegada estará precedida por señales devastadoras: guerras que destruirán naciones, terremotos que sacudirán la tierra, hambre y enfermedades que azotarán a la humanidad. Los evangelios recogen la promesa en palabras atribuidas al propio Jesús: el Hijo del Hombre vendrá en la gloria de su Padre con sus ángeles, y entonces pagará a cada uno según sus obras, tal como se lee en Mateo 16:27. De acuerdo con estas escrituras, ese día Jesús juzgará a vivos y muertos, y el destino eterno de cada persona dependerá de cómo haya vivido.

El documental también aborda una de las preguntas más incómodas de la tradición cristiana: ¿qué pasará con los ateos en el juicio final? Según la enseñanza bíblica, todos los seres humanos serán juzgados de la misma manera, y a todos se les ofrecerá la oportunidad de aceptar la salvación, porque el texto sostiene que Dios desea que todos sean salvos. Y exploramos la advertencia más inquietante de todas: la Biblia afirma que Jesús vendrá como un ladrón en la noche, cuando menos lo esperemos, sin fecha ni aviso previo. Algunos cristianos han intentado predecir el momento exacto interpretando ciertos pasajes, pero las propias escrituras insisten en que nadie sabe cuándo será ese día. Para los creyentes, ese momento marcará el fin del mundo tal como lo conocemos y el comienzo de un reino eterno de paz y justicia.

¿Tú estarías preparado si ese día llegara mañana? Cuéntamelo en los comentarios.

Suscríbete al canal de El DoQmentalista para más documentales de misterio, fe y enigmas de la historia en español.

#SegundaVenida #JuicioFinal #DocumentalesEnEspañol","el doqmentalista, documentales de misterio en español, documentales en español, segunda venida de jesus, regreso de jesus, juicio final, apocalipsis biblia, señales del fin del mundo, profecias biblicas, fin de los tiempos, jesucristo, evangelio de mateo, documental biblico, misterios de la biblia, cristianismo, religion, misterio"
TZ5iBTg-lQQ,271130,"Anubis, El Dios egipcio de los muertos y el inframundo",Anubis no era el dios siniestro que el cine te hizo creer,"Anubis, el dios sin templo que decidía tu vida eterna",Anubis y el santuario hallado en la tumba de Tutankamón,"Anubis, el dios egipcio de los muertos, es una de las figuras más enigmáticas del antiguo Egipto. Y sin embargo, hay algo que casi nadie sabe sobre Anubis: no se le construyó un solo templo monumental.

Hasta la fecha, los arqueólogos no han desenterrado ningún templo monumental dedicado a este dios: sus lugares de adoración eran tumbas y cementerios. Su nombre aparece en las mastabas más antiguas de la primera dinastía, y al este de Saqqara se descubrió un cementerio de perros y chacales momificados. Según la creencia egipcia, Anubis era el guardián de las balanzas: tras la muerte, los dioses colocaban el corazón de la persona en una balanza especial, y era Anubis quien concedía la vida eterna a las almas dignas y castigaba a las que no lo eran. Se le representaba como un chacal, o como un hombre vestido de negro, un color ligado a la desolación y al renacimiento. La tradición le atribuye una contraparte femenina llamada Input y una hija, una diosa serpiente.

El mito de Osiris cuenta que Anubis ayudó a Isis a embalsamar a su esposo, y por esa historia los sacerdotes que trabajaban en la momificación llevaban máscaras con rostro de chacal. Otra leyenda narra que, cuando Set se convirtió en pantera tras atacar el cuerpo de Osiris, Anubis lo capturó y lo marcó, creándole las manchas de leopardo; por eso, según ese relato, los sacerdotes debían usar pieles de leopardo en memoria de aquella victoria. En papiros mágicos que datan de la época romana, Anubis actúa como el principal ejecutor de las maldiciones, y durante siglos se creyó que castigaba a los ladrones de tumbas. Con la llegada de los griegos fue asociado con Hermes, dando origen al dios compuesto Hermanubis, popular más tarde entre alquimistas y filósofos durante el Renacimiento. El santuario más famoso dedicado a Anubis fue hallado en la tumba de Tutankamón, cerca del cofre canópico, y hoy se exhibe en el Museo Egipcio de El Cairo.

Su fama oscura, en cambio, es un invento reciente: los libros, los videojuegos y las películas del siglo veinte convirtieron al guardián de los muertos en algo mucho más siniestro de lo que los antiguos egipcios jamás imaginaron.

Si te apasionan los misterios del mundo antiguo, suscríbete a El DoQmentalista para más documentales de misterio en español.

#Anubis #AntiguoEgipto #MitologiaEgipcia","el doqmentalista, documentales de misterio en espanol, documental en espanol, anubis, dios egipcio de los muertos, anubis dios chacal, mitologia egipcia, dioses del antiguo egipto, tumba de tutankamon, hermanubis, juicio del alma egipto, embalsamamiento egipcio, antiguo egipto, misterios del mundo antiguo, civilizaciones antiguas, historia antigua, ocultismo, mitologia, egipto misterioso"
ZNPP8S_VKyk,271026,El HOMBRE Nunca fué a la LUNA - Conspiración,Fraude Lunar: la prueba que lo desmiente sigue en la Luna hasta hoy,Apolo 11: por qué la NASA se negó a responder al fraude lunar,Fraude Lunar: el libro de 1976 que encendió la conspiración,"¿La llegada del hombre a la Luna fue el mayor logro de la humanidad o el fraude lunar más elaborado de la historia? En este documental abrimos el expediente completo de la teoría que asegura que los alunizajes del programa Apolo fueron una película filmada para la televisión.

Todo comenzó con personajes muy concretos. El video repasa a Richard Hoagland, ufólogo convencido de que había extraterrestres en la Luna, y a David Percy, experto en fotografía que filmó un documental sobre los supuestos errores en las fotos del alunizaje. Pero el consenso señala como padre del mito a Bill Kaysing, antiguo empleado del departamento de publicaciones de una empresa contratista que fabricaba motores para la NASA. En 1976 publicó el libro Nunca fuimos a la Luna y lanzó a la estratosfera la hipótesis del engaño. La idea creció tanto que, según una encuesta Gallup de 1999, el 6 por ciento de los estadounidenses creía que el alunizaje fue un montaje del gobierno en contubernio con Hollywood, con Stanley Kubrick, recién estrenada 2001 Odisea en el Espacio, como presunto director de la farsa.

Aquí analizamos una por una las llamadas evidencias: la bandera que parece ondear sin viento, las sombras que no son paralelas, el cielo sin estrellas, la calidad de la señal de televisión que solo transmitía 10 cuadros por segundo. Y también las respuestas: la película especial desarrollada por Eastman Kodak para la NASA, el astronauta que agita el asta de la bandera, y la evidencia que sigue allá arriba. A finales de la década del 2000, la sonda Lunar Reconnaissance Orbiter fotografió los sitios de alunizaje, y en 2012 se publicaron imágenes donde se ven las banderas. Además, los retrorreflectores láser colocados por las misiones Apolo 11, 14 y 15 siguen funcionando: gracias a ellos sabemos que la Luna se aleja de la Tierra 3.8 centímetros cada año.

Si te apasionan los grandes enigmas contados con datos y sin sensacionalismo, suscríbete al canal y activa la campana para no perderte ningún expediente.

#FraudeLunar #Apolo11 #Documental","el doqmentalista, documentales de misterio en español, fraude lunar, llegada del hombre a la luna, apolo 11, alunizaje falso, conspiración lunar, nasa conspiración, stanley kubrick luna, bill kaysing, bandera en la luna, retrorreflectores láser, teorías de conspiración, carrera espacial, misterios del espacio, documental en español, enigmas sin resolver, casos inexplicables"
vJ-Ud03lrIA,269299,"El Cubo De Metatrón, La Geometría Sagrada, Flor De La Vida",El Cubo de Metatrón: el símbolo antiguo para tocar lo divino,Geometría Sagrada: ¿por qué el mismo patrón aparece en el ADN y las galaxias?,"Metatrón: el único ser humano que se convirtió en ángel, según la tradición","El Cubo de Metatrón es, según la tradición esotérica, la figura que contiene todas las formas geométricas de la creación. En este documental exploramos qué es el cubo de Metatrón, qué enseña la geometría sagrada y por qué tantas corrientes espirituales lo consideran un mapa de cómo está estructurado el universo.

El relato cabalístico presenta al arcángel Metatrón como el ángel de la vida, el ser que supervisa el Árbol de la Vida y la sefirá llamada Keter, ""la corona"", desde donde la energía creadora fluiría hacia todas las partes de la creación. La tradición sostiene además algo asombroso: Metatrón habría sido antes un ser humano, el profeta bíblico Enoc, que ascendió al cielo y se convirtió en el vínculo entre lo divino y la humanidad. Por eso se le describe como el único ser conocido que es a la vez humano y angelical, el gran sumo sacerdote y emisario entre Dios y su creación.

Dentro del cubo estarían contenidos los llamados sólidos platónicos, las formas tridimensionales que el filósofo Platón vinculó al mundo espiritual y a los elementos de la tierra. El video cita el libro de Rose Vanden Eynde sobre Metatrón, donde se afirma que los códigos geométricos intemporales conectan cosas aparentemente dispares: los copos de nieve, las conchas, las flores, las córneas de nuestros ojos, las moléculas del ADN y la galaxia misma en la que reside la Tierra. Según esta visión, todo, absolutamente todo, está interconectado.

También se narra cómo la tradición esotérica utiliza el cubo: como punto focal para la meditación, como herramienta de concentración para promover la paz y el equilibrio, y como símbolo de la unión entre lo finito y lo infinito. Se cuenta incluso que el cubo giraría en el sentido de las agujas del reloj, alejando con su fuerza las energías no deseadas. Creencias antiguas que, verdaderas o no, han acompañado a buscadores espirituales durante siglos.

Si te fascinan los misterios del ocultismo, la cábala y los símbolos que la historia casi olvidó, suscríbete al canal El DoQmentalista y activa la campana para no perderte ningún documental.

#CuboDeMetatron #GeometriaSagrada #Misterio","el doqmentalista, documentales de misterio en espanol, documental ocultismo, cubo de metatron, geometria sagrada, arcangel metatron, flor de la vida, arbol de la vida cabala, solidos platonicos, enoc profeta, keter la corona, simbolos esotericos, cabala explicada, angeles y arcangeles, misterios de la biblia, espiritualidad y misterio, simbologia antigua, meditacion y energia"
ploJQlQqj-g,269255,Historias Reales: La Cárcel Submarina Secreta de la CIA. Bin Laden está allí.,La leyenda de la cárcel submarina de la CIA donde Bin Laden seguiría vivo,Bin Laden estaría vivo y la CIA guarda silencio sobre esta prisión,"Operación Lanza de Neptuno, ¿ejecución o extracción encubierta?","¿Y si la cárcel submarina de la CIA realmente existiera y Osama Bin Laden siguiera vivo en su interior? Esa es la pregunta que recorre este documental, donde separamos la historia oficial de las teorías que circulan en la red sobre la cárcel submarina de la CIA.

Primero repasamos los hechos según los informes publicados por el gobierno de Estados Unidos: el 1 de mayo del 2011, la Operación Neptune Spear, la Lanza de Neptuno, terminó con la vida de Bin Laden en Abbottabad, Pakistán. La pista clave llegó en agosto del 2010, cuando la CIA localizó a su mensajero de confianza, conocido como Abu Ahmed al-Kuwaiti, y lo siguió hasta un complejo fortificado con muros de hasta 5 metros, sin internet ni líneas telefónicas. Una imagen satelital mostró a un caminante cuya sombra correspondía a un hombre de casi 2 metros. El Team Six de los Navy SEALs irrumpió en la residencia, el cuerpo fue trasladado al portaaviones USS Carl Vinson y arrojado al mar el 2 de mayo del 2011.

Pero el video también recoge dos teorías atribuidas a un grupo de la red llamado los caballeros del apocalipsis. La primera narra la supuesta venganza de un multimillonario identificado con el nombre clave de Mr. Darcy, quien habría perdido a su esposa Lizy en la torre norte el 11 de septiembre del 2001 y ofrecido una recompensa de 100 millones de dólares por capturar al fugitivo con vida, para encerrarlo en un búnker cerca de las playas de Ponte Dirillo, en Sicilia. La segunda, la favorita del documentalista, habla de The Prison of Nowhere, la cárcel de ningún lugar: una prisión que estaría a más de 150 metros de profundidad frente a las costas de Diego García, en el archipiélago de Chagos, operada por una división que oficialmente no existe, la S731. Según ese relato, la operación del 2011 no habría sido una ejecución sino una extracción, con un doble modificado por un genetista japonés, y en celdas contiguas habría reclusos imposibles como el canto de Salem, el niño de marfil y el padre del desierto.

Nada de esto está comprobado: son relatos y teorías, y así los contamos. Pero la duda queda flotando en el fondo del océano Índico.

Suscríbete al canal para más documentales de misterio en español y activa la campanita.

#BinLaden #CIA #Misterio","el doqmentalista, documentales de misterio en español, documental en español, bin laden vivo, cárcel secreta de la cia, prisión submarina, operación lanza de neptuno, la cárcel de ningún lugar, diego garcía, caballeros del apocalipsis, abbottabad pakistán, teorías de conspiración, conspiraciones de la cia, expedientes filtrados, misterios sin resolver, historias reales de misterio, casos sin explicación, enigmas y misterios"
IFSicup2ZuQ,268262,Baal vs Dios BATALLA ÉPICA DE LA ANTIGUEDAD,Baal: el dios que exigía el sacrificio del primogénito,Baal contra Elías: el duelo de fuego en el Monte Carmelo,Baal y las tablillas de 1929: el hallazgo que reveló su culto,"¿Quién era Baal, el dios que se convirtió en el gran rival de Jehová en el antiguo Israel? En este documental recorremos la historia del culto a Baal, desde Canaán y Fenicia hasta el dramático enfrentamiento en el Monte Carmelo.

La palabra Baal significa ""señor"", y según la mitología cananea era hijo de El, el dios principal, y de Asera, la diosa del mar. El relato mítico cuenta que Baal derrotó a Yam, el dios del mar, y a Mot, el dios de la muerte y del inframundo, hasta eclipsar a su propio padre. Era adorado como dios de la tormenta y de la fertilidad, representado sosteniendo un rayo, con Astoret y Anat como sus consortes. Buena parte de lo que se sabe de estos mitos proviene de una serie de tablillas descubiertas a partir de 1929 en el norte de Siria, que datan de mediados del segundo milenio antes de Cristo y describen incluso la construcción de su palacio por el dios artesano, extendido según el mito sobre un área de 10,000 acres.

El video también examina el lado oscuro de este culto según el relato bíblico: la prostitución ritual en los templos, los ritos con gritos eufóricos y heridas autoinfligidas (1 Reyes 18:28) y los sacrificios humanos del primogénito que menciona Jeremías 19:5. Esta adoración se infiltró en Israel durante la época de los jueces y alcanzó su punto más alto bajo el reinado de Acab y Jezabel. Fue entonces cuando, según narra 1 Reyes, Dios envió una sequía de tres años y medio y el profeta Elías desafió a 450 profetas de Baal en el Monte Carmelo: ellos clamaron todo el día sin respuesta, mientras que tras una oración simple de Elías descendió fuego del cielo y consumió la ofrenda, el agua, las piedras y la tierra del altar. Los profetas derrotados fueron llevados al arroyo y ejecutados, y poco después la lluvia regresó a Israel. El video cierra recordando que, según el Nuevo Testamento, Jesús vinculó al diablo con Baal-zebú, una deidad filistea.

Si te apasionan los misterios de la Biblia y de las civilizaciones antiguas, suscríbete a El DoQmentalista y activa la campanita para no perderte ningún documental.

#Baal #MisteriosBiblicos #HistoriaAntigua","el doqmentalista, documentales de misterio en espanol, documentales biblicos, baal, quien era baal, dioses de canaan, elias y los profetas de baal, monte carmelo, acab y jezabel, mitologia cananea, tablillas de ugarit, dioses paganos de la biblia, antiguo testamento, historia antigua, misterios de la biblia, religiones antiguas, fenicia, idolatria en israel"
ZmiM-AeCs1U,267256,LOS REPTILIANOS,"REPTILIANOS: la teoría que acusa a reyes, presidentes y estrellas",REPTILIANOS: el presentador de la BBC que desató la teoría,"REPTILIANOS: las señales para reconocerlos, según los creyentes","Los reptilianos serían, según una de las teorías de conspiración más extendidas de nuestro tiempo, seres cambiaformas infiltrados en las más altas esferas del poder. En este documental exploramos de dónde salió la teoría de los reptilianos, quién la popularizó y por qué millones de personas todavía creen en ella.

Todo gira en torno a David Icke, un personaje con una vida sorprendentemente convencional: fue futbolista profesional y en los años ochenta se unió a la BBC como presentador de deportes, llegando a ser coanfitrión del gran programa deportivo de la cadena. Pero el relato cuenta que en 1990 todo cambió: sintió una extraña atracción hacia el libro de una curandera psíquica de Brighton, quien le predijo que se convertiría en un gran sanador espiritual. Tras hacer públicas sus creencias en un programa de la BBC, fue objeto de un ridículo masivo, aunque los teóricos de la conspiración comenzaron a escucharlo con entusiasmo. Más tarde publicó The Biggest Secret, un libro que, según se narra, contenía entrevistas con dos británicos que afirmaban que los miembros de la familia real no eran más que reptiles con coronas.

La teoría sostiene que los dioses Anunnaki de la tradición babilónica serían en realidad reptiles alienígenas provenientes de la constelación de Draco, que habitarían la cuarta dimensión y cruzarían a nuestro mundo como cambiaformas. Según esta creencia, estarían aquí para extraer una especie de oro exótico y alimentarse del sufrimiento humano, ocupando posiciones de poder para mantenernos controlados. El video también repasa los antecedentes que los creyentes citan: Helena Blavatsky y su obra La Doctrina Secreta, donde hablaba de hombres dragón en una civilización perdida llamada Lemuria; Erich von Däniken con Carrozas de los Dioses en 1968; y Zecharia Sitchin con Encuentros Divinos en 1995. Y revisamos las alegaciones populares que señalan a políticos y celebridades, junto con los rasgos físicos y psicológicos que, de acuerdo a quienes creen en estas cosas, delatarían a un reptiliano.

Ya sea que creas o no en ellos, la mitología de estos seres se teje a lo largo de la historia humana y forma parte de nuestra identidad colectiva.

Suscríbete a El DoQmentalista para más documentales de misterio en español.

#Reptilianos #Misterio #ElDoQmentalista","el doqmentalista, documentales de misterio en espanol, documental completo, reptilianos, teoria reptiliana, david icke, anunnaki, cambiaformas, gente lagarto, constelacion draco, the biggest secret, illuminati, sociedades secretas, teorias de conspiracion, conspiraciones, extraterrestres, seres de otra dimension, ocultismo, misterios sin resolver, paranormal"
OzQ7sWKVplY,266212,"La Creación Del Mundo - Mitologia Azteca, documentales interesantes ✅ El DoQmentalista",El Mito Azteca de los Cinco Soles Anuncia Cómo Terminará Nuestro Mundo,Los Cinco Soles: El Mundo Ya Fue Destruido 4 Veces Según los Aztecas,Mito Azteca: El Universo Fue Creado del Cadáver de un Monstruo Marino,"El mito azteca de la creación, conocido como la leyenda de los Cinco Soles, cuenta que el mundo en que vivimos no es el primero: antes de nosotros existieron cuatro eras completas, y cada una terminó en destrucción total.

Según este relato, todo comenzó con Ometecuhtli, la deidad doble que se creó a sí misma y habitaba en Omeyocan, el decimotercer y más alto cielo. De ella nacieron cuatro hijos, Huitzilopochtli, Quetzalcóatl, Tezcatlipoca y Xipe Tótec, que representaban los cuatro puntos cardinales. El mito narra que estos dioses combatieron a Cipactli, un monstruo marino de apetito insaciable que devoraba sus creaciones, y que con su cadáver formaron el universo: los trece cielos sobre su cabeza, la tierra sobre su cuerpo y los nueve inframundos a lo largo de su cola. Los aztecas creían que el Templo Mayor de Tenochtitlán ocupaba el centro exacto de ese universo.

Pero el cosmos necesitaba energía, y ningún sol podía existir sin sacrificio. La tradición cuenta que Tezcatlipoca saltó al fuego y se convirtió en el primer sol, cuya era terminó cuando los jaguares devoraron a los gigantes que se alimentaban de bellotas. Después vino el segundo sol de Quetzalcóatl, destruido por huracanes que convirtieron a los humanos en monos; el tercero, de Tláloc, que según el relato duró apenas 364 años y acabó bajo una lluvia de fuego; y el cuarto, de Chalchiuhtlicue, la diosa de la falda de jade, que terminó en un gran diluvio que transformó a la gente en peces.

En Teotihuacán, narra el mito, los dioses se reunieron para crear el quinto sol. Cuando el orgulloso Tecciztécatl dudó frente a las llamas, el humilde Nanahuatzin saltó primero y se convirtió en el sol de nuestra era, mientras su rival quedó convertido en la luna. Y según la creencia azteca, este quinto mundo también tiene final anunciado: un gran terremoto y monstruos del cielo, si el sol deja de ser alimentado con ofrendas. Esa convicción ayuda a explicar los rituales más extremos de esta civilización, incluido el sacrificio humano.

Si te fascinan las mitologías antiguas y los enigmas de las civilizaciones perdidas, suscríbete a El DoQmentalista y activa la campana para no perderte ningún documental.

#MitologiaAzteca #CincoSoles #ElDoQmentalista","el doqmentalista, documentales de misterio en español, mitologia azteca, mito de la creacion azteca, los cinco soles, quetzalcoatl, tezcatlipoca, cipactli, dioses aztecas, leyenda del quinto sol, teotihuacan, sacrificios aztecas, mitos de la creacion, culturas mesoamericanas, civilizaciones antiguas, misterios del mundo antiguo, documental en español, historia antigua"
vOAyJmkDpPA,264288,Frases Poderosas de JESÚS - Mensajes Inspiradores - Documental,Evangelio de Tomás: las frases de Jesús que no están en tu Biblia,Frases perdidas de Jesús: la sabiduría que quedó fuera del canon,Evangelios apócrifos: las palabras de Jesús que nadie te enseñó,"El Evangelio de Tomás conserva frases atribuidas a Jesús que no aparecen en ninguna Biblia moderna. En este documental recorremos esas frases perdidas de Jesús, una por una, tal como las transmiten los textos apócrifos, y exploramos lo que podrían significar para tu vida.

El viaje comienza con una de las sentencias más citadas de este evangelio apócrifo: ""el reino está dentro de ti y está fuera de ti"", una invitación a la introspección que sugiere que lo divino no es un lugar físico, sino un estado de ser. Le siguen enseñanzas como ""¿por qué lavas el exterior del vaso?"", una metáfora sobre la autenticidad frente a las apariencias, y ""benditos los ojos que ven y los oídos que oyen"", un llamado a percibir más allá de lo evidente. También analizamos pasajes enigmáticos como el del ayuno al mundo y la observancia del sábado, cargados de simbolismo sobre el equilibrio entre lo material y lo espiritual.

No todo es serenidad: el texto atribuye a Jesús palabras desafiantes, como que no vino a imponer la paz sino la disensión, y que ""aquel que está cerca de mí está cerca del fuego"", donde el fuego se interpreta como purificación y transformación, no como destrucción. El recorrido continúa con la unión de los opuestos (""cuando hagáis de los dos uno""), la promesa al buscador incansable que encuentra, se sorprende, reina y descansa, y la enseñanza sobre el perdón: no juzgues y no serás juzgado. El cierre llega con el Evangelio de Felipe y su idea de que la verdad no ha venido al mundo desnuda, sino en símbolos e imágenes que cada uno debe interpretar.

Este documental narra estas frases como lo que son: palabras atribuidas a Jesús en textos apócrifos, fuera del canon bíblico, presentadas para la reflexión y no como doctrina. Un espejo antiguo para la búsqueda moderna de sentido, paz interior y conexión con lo trascendente.

Si te apasionan los misterios de la fe, los manuscritos olvidados y las preguntas que la historia dejó abiertas, suscríbete a El DoQmentalista y acompáñame en cada viaje hacia lo desconocido.

#EvangelioDeTomas #TextosApocrifos #ElDoQmentalista","el doqmentalista, documentales de misterio en español, documental en español, evangelio de tomas, frases de jesus, frases perdidas de jesus, textos apocrifos, evangelios apocrifos, evangelio de felipe, enseñanzas de jesus, el reino esta dentro de ti, frases espirituales, misterios de la biblia, documental biblico, cristianismo primitivo, manuscritos antiguos, sabiduria antigua, espiritualidad, reflexiones de vida"
bblvlprFinw,264006,Documental: 5 CARAS DEL DIABLO QUE TE HORRORIZARÁN - Documentales Interesantes,"Las 5 Caras del Diablo: Si Ves Alguna de Ellas, Huye",Formas del Diablo: La Advertencia Oculta en las Leyendas del Mundo,El Diablo Puede Ser un Niño: Lo Que las Leyendas Antiguas Ya Sabían,"Las 5 caras del diablo que las leyendas del mundo han descrito durante siglos tienen algo en común: ninguna se parece a la imagen que esperas. Según estos relatos, el maligno no siempre llega con cuernos y fuego; a veces se presenta como lo más inocente que puedas imaginar.

En este documental recorremos cinco transformaciones que el folklore le atribuye al diablo. La primera es la más inquietante: un niño dulce y amistoso. Una historia cuenta que este niño custodiaba un tesoro dentro de una cueva y guiaba a los hombres hasta las riquezas; pero si alguien tomaba una sola pieza, el pequeño sufría una transformación horrenda y revelaba su verdadera naturaleza. La segunda cara, frecuente en relatos antiguos de Europa, es la de un viejo malvado de espalda encorvada y mirada siniestra: el relato narra cómo este anciano cerró un pacto con una mujer engañada por su esposo, a cambio de la mitad de su fortuna, y cómo aquella venganza terminó consumiendo a todos en el fuego.

Las otras tres formas no son menos perturbadoras. Un duende jorobado de lengua larga y orejas puntiagudas que, según la leyenda, comía monedas de oro y concedía deseos que se cobraban con la vida de quien los pedía. Un monstruo negro con cuernos, pezuñas y garras afiladas, presente en historias asiáticas, acompañado de serpientes, cuervos y perros. Y la menos esperada de todas: la mujer diablo de las historias mexicanas y latinoamericanas, una tentadora que seduce a los hombres con su belleza y les deja a cambio desgracia y desdicha, con su contraparte masculina que hace lo mismo con las mujeres usando galanura y riqueza.

Más allá del miedo, la tradición usa estas transformaciones como advertencia: hablan del poder destructivo de la tentación, de la enfermedad, la mentira y el vicio, y de que tratar con el diablo, en cualquier relato, siempre termina en perdición.

Si te apasionan los misterios, el ocultismo y las leyendas contadas con seriedad documental, suscríbete al canal de El DoQmentalista y activa la campana para no perderte ningún archivo.

#Documental #Misterio #Leyendas","el doqmentalista, documentales de misterio en espanol, documental de misterio, caras del diablo, formas del diablo, transformaciones del diablo, leyendas del diablo, la mujer diablo, pactos con el diablo, leyendas de demonios, mitologia y folklore, leyendas latinoamericanas, historias de terror reales, ocultismo, paranormal, misterios sin resolver, leyendas antiguas, demonios y espiritus"
pCLXM7mcXJU,263280,"El PELIGROSO Reino De Los Sueños de Morfeo, Sisig, Bakú y Njorun - Documental en Español",Los Dioses De Los Sueños Que El Mundo Antiguo Adoraba y Hoy Olvidamos,El Libro De Los Sueños De Ramsés y El Papiro Que Interpreta 227 Sueños,Bakú El Devorador De Pesadillas: La Leyenda Advierte No Pedirle Ayuda De Más,"Los dioses de los sueños gobernaron las noches del mundo antiguo mucho antes de que existiera la ciencia del dormir. De Egipto a Japón, cada civilización creyó que al cerrar los ojos cruzaba a un reino donde lo divino hablaba, advertía y a veces engañaba.

El recorrido comienza en Egipto con el libro de los sueños de Ramsés, el único libro de sueños del Antiguo Egipto que se conserva: un papiro con 227 imágenes de sueños y una interpretación para cada una, clasificándolos como buenos o malos. En Mesopotamia, las deidades del sueño eran Mamu, la femenina, y Sisig, el masculino, descendientes del dios sol Utu. Un presagio de principios del segundo milenio antes de Cristo lo dice sin rodeos: si un hombre no puede recordar el sueño que ve, su dios personal está enfadado con él.

En Grecia, el relato cuenta que los sueños verdaderos llegaban por una puerta de cuerno bruñido y los engañosos por una puerta de marfil, y que Morfeo, cuyo nombre significa creador, administraba los sueños de todas las personas desde una cueva cubierta de semillas de amapola; de su nombre deriva el de la morfina. En el norte, la tradición nórdica habla de Njorun, diosa de los sueños que habitaba uno de los nueve mundos del árbol cósmico, venerada también por los enanos y los elfos oscuros. En Japón, el folklore describe al Bakú, criatura creada con los trozos sobrantes de los primeros animales, que devora pesadillas si el niño recita tres veces la invitación antes de dormir, aunque la leyenda advierte que pedirle ayuda demasiadas veces puede costarle a uno sus esperanzas y deseos. Y en Australia, la espiritualidad aborigen guarda el Tiempo del Sueño, una filosofía de 50.000 años donde soñar es un concepto sin tiempo que conecta al soñador con los espíritus ancestrales y el paisaje sagrado.

Si te apasionan los misterios del mundo antiguo contados con seriedad y respeto por las fuentes, suscríbete al canal y activa la campana para no perderte los próximos documentales.

#ElDoQmentalista #DiosesDeLosSueños #Mitologia","el doqmentalista, documentales de misterio en espanol, documental en espanol, dioses de los sueños, morfeo dios de los sueños, baku devorador de pesadillas, njorun diosa nordica, libro de los sueños de ramses, sisig mesopotamia, tiempo del sueño aborigen, mitologia griega, mitologia nordica, folklore japones, interpretacion de los sueños, sueños y pesadillas, mundo antiguo, misterios antiguos, civilizaciones antiguas"
XNbDA2Tx80g,262528,La Misteriosa SERPIENTE DE BRONCE de Moisés - Documentales en Español,Serpiente de Bronce de Moisés: el símbolo de sanación que un rey destruyó,¿Qué pasó con la Serpiente de Bronce de Moisés? El final que pocos recuerdan,Serpiente de Bronce: la advertencia bíblica que Israel no quiso escuchar,"La Serpiente de Bronce de Moisés es uno de los símbolos más enigmáticos de toda la Biblia: un objeto que primero sanó a un pueblo entero y que siglos después tuvo que ser destruido. En este documental recorremos el relato completo de la Serpiente de Bronce, desde el desierto hasta su final inesperado.

Según narra el libro de Números, en los versículos 8 y 9, los israelitas, recién liberados de la esclavitud en Egipto, comenzaron a dudar de Dios y de Moisés en medio de la fatiga del desierto. El relato bíblico cuenta que, como respuesta a esa ingratitud, aparecieron entre ellos serpientes ardientes de veneno letal, y que muchos de los mordidos murieron. Cuando el pueblo reconoció su falta y suplicó ayuda, Dios ordenó a Moisés fabricar una serpiente ardiente y ponerla sobre un asta: todo aquel que fuera mordido y la mirara, viviría. Moisés hizo entonces una serpiente de bronce, y quien la miraba, sanaba.

Pero la historia no termina ahí. El libro de Segunda de Reyes revela el destino final del objeto: con el paso del tiempo, los israelitas comenzaron a adorar la serpiente de bronce, confundiendo el símbolo con la divinidad. Fue el rey Ezequías, recordado en las páginas bíblicas por su lucha contra la idolatría, quien tomó la decisión de destruirla, convirtiéndola en una poderosa advertencia contra la adoración de objetos. El video también explora el vínculo que la tradición cristiana establece con Juan 3:14-15, donde Jesús compara la serpiente levantada en el desierto con su propia elevación en la cruz, y el simbolismo universal de la serpiente en distintas culturas: sabiduría para unas, tentación para otras, y en muchas civilizaciones antiguas, emblema de curación y renovación por su capacidad de mudar de piel.

Un objeto que fue castigo, medicina, profecía y finalmente ídolo prohibido. Acompáñanos en este viaje por uno de los misterios más profundos del Antiguo Testamento.

Si te apasionan los misterios de la Biblia y los enigmas de la historia, suscríbete al canal y activa la campanita para no perderte ningún documental.

#SerpienteDeBronce #MisteriosBiblicos #Documentales","el doqmentalista, documentales de misterio en espanol, documentales en espanol, serpiente de bronce, serpiente de bronce de moises, moises en el desierto, libro de numeros, rey ezequias, nejustan, serpientes ardientes, misterios de la biblia, antiguo testamento, simbolos biblicos, historia biblica, relatos biblicos, idolatria en la biblia, enigmas biblicos, misterio y ocultismo, documental biblico"
D_Zqip70ng4,262009,"Anillos Con Poderes Mágicos, documentales interesantes ✅ El DoQmentalista",El Anillo de Salomón: la leyenda del sello que ataba demonios,El Anillo de Salomón: la leyenda del sello que ataba demonios,¿Un anillo puede volverte invisible? La leyenda de Giges responde,"Los anillos mágicos aparecen en las mitologías de todo el mundo, y casi siempre en manos de un héroe. En este documental recorremos las leyendas de anillos mágicos más antiguas que se conocen: anillos que vuelven invisible a su portador, sellos que según la tradición dominaban demonios y joyas que regresan a su dueño desde el vientre de un pez.

Comenzamos con el relato del anillo de Giges: la leyenda cuenta que un pastor al servicio del rey de Lidia encontró un anillo en una cueva y descubrió que, al girarlo en su dedo, se volvía invisible. Con ese poder pasó de mensajero a seducir a la reina, matar al rey y gobernar el reino. Ese dilema, el de por qué hacer lo correcto si puedes salirte con la tuya, fue abordado por Platón en La República. Seguimos con el anillo del rey Salomón: la leyenda sostiene que con él alcanzó el conocimiento universal, habló con los animales y encerró demonios en botellas. Según una versión, el príncipe demonio Asmodeo se apoderó del anillo y gobernó en su lugar durante 40 días; en otra, citada en el video como escrita por el griego Heródoto, el anillo fue arrojado al mar, tragado por un pez y servido en la mesa del propio rey. Las tradiciones mágicas cuentan además que Salomón ordenó a los demonios construir su templo, y que su sello, representado como pentagrama o hexagrama, se convirtió en uno de los sigilos más usados de la magia medieval.

El arquetipo del anillo que regresa aparece también en la mitología celta y en la antigua India: en el drama sánscrito Shakuntala, un rey regala un anillo de esmeralda grabado con su nombre que un pescador halla después en el vientre de un pez. Y en Grecia, una máxima atribuida a Pitágoras prohibía llevar anillos por temor a sus poderes. En la mente antigua, el anillo impedía que el alma saliera del cuerpo y que los demonios entraran: un círculo sin principio ni fin, símbolo de la inmortalidad y de lo eterno.

Si te apasionan los enigmas de la historia y el ocultismo, suscríbete a El DoQmentalista y activa la campana para no perderte ningún documental.

#AnillosMagicos #Misterio #ElDoQmentalista","el doqmentalista, documentales de misterio en espanol, documentales interesantes, anillos magicos, anillo de salomon, anillo de giges, sello de salomon, anillos malditos, leyendas de anillos, shakuntala, asmodeo, demonios encerrados en botellas, mitologia antigua, objetos con poderes, ocultismo, magia medieval, simbolos esotericos, leyendas antiguas, misterios sin resolver"
DSq8AcCSTUY,259534,Por qué DESAPARECIERON los Mayas - documentales interesantes ✅ El DoQmentalista,Los Mayas nunca desaparecieron y esta es la razón de su colapso,Civilización Maya: la evidencia oculta en cuevas que explica su caída,"Imperio Maya, lo que el mundo olvidó sobre su verdadero final","¿Por qué desaparecieron los mayas? La respuesta de este documental te va a sorprender: los mayas nunca desaparecieron. Lo que colapsó entre los años 800 y 1000 después de Cristo fue su sistema político, no su pueblo, y hoy más de siete millones de mayas viven en México, Centroamérica y más allá.

En este documental recorremos la historia de una civilización que habitó Centroamérica y la península de Yucatán desde al menos el año 1800 antes de Cristo. Los antiguos mayas no tenían un líder central como un emperador ni estaban unificados en un solo estado: eran numerosas ciudades-estado con líderes locales, unidas por similitudes culturales y religiosas. Por eso no hubo un único colapso. Mientras zonas del sur de Mesoamérica, en la actual Guatemala, declinaban en los siglos ocho y nueve por problemas ambientales y agitación política, las poblaciones crecían en la península de Yucatán, en lugares como Chichén Itzá.

El análisis de los espeleotemas, las estalactitas y estalagmitas de las cuevas, muestra que entre el 800 y el 930 se produjeron varias sequías severas de varios años en la región. Los reyes mayas más poderosos dependían de los embalses urbanos para la agricultura y vinculaban su propio poder a las deidades: cuando las lluvias disminuyeron, las cosechas fracasaron, el comercio en canoa se redujo y la gente perdió la confianza en sus gobernantes. Cuando Chichén Itzá declinó por una larga sequía durante el siglo once, otra ciudad de la península llamada Mayapán comenzó a prosperar, hasta caer por la guerra antes del contacto europeo. El último estado maya resistió hasta 1697, cuando fue conquistado por los españoles.

Después de eso, el pueblo maya siguió adelante soportando discriminación y rebelándose periódicamente contra España y contra los gobiernos que llegaron tras el fin del dominio colonial en 1821. Las ciudades cayeron y la cultura se transformó, pero los mayas no desaparecieron de ninguna manera.

Si te apasionan los enigmas de las civilizaciones antiguas contados con seriedad, suscríbete a El DoQmentalista y activa la campanita para no perderte ningún documental.

#Mayas #Documental #Historia","el doqmentalista, documentales de misterio en español, documentales interesantes, por que desaparecieron los mayas, civilizacion maya, colapso maya, cultura maya, chichen itza, mayapan, peninsula de yucatan, historia de los mayas, sequias mayas, civilizaciones antiguas, misterios de la historia, documentales en español, historia antigua, mesoamerica, culturas prehispanicas"
1U7X6HykWII,259126,Las 7 Cosas Más Extrañas y Aterradoras #short #paranormal #misterios,Triángulo de las Bermudas: hallaron un barco que no debía existir,Barco fantasma en las Bermudas: nadie puede explicar este hallazgo,¿Qué encontró este carguero en el Triángulo de las Bermudas?,"Triángulo de las Bermudas: un carguero encontró un barco que, según el relato, no figuraba en los registros de ningún país del mundo. Esta es una de las historias más inquietantes que circulan sobre esas aguas.

El relato cuenta que todo ocurrió en plena zona del Triángulo de las Bermudas, ese punto del Atlántico donde las brújulas enloquecen y los aviones desaparecen sin explicación. La tripulación de un carguero avistó algo que no debería existir: una embarcación completamente funcional navegando sola. El capitán ordenó abordarla para determinar si había supervivientes, y lo que encontraron los dejó sin palabras.

Según se narra, el barco estaba impecable, como si acabara de zarpar, pero no había ni un alma a bordo. El verdadero escalofrío llegó al revisar los documentos de registro: la nave no aparecía en los registros navales de ningún país del mundo. Era, en términos oficiales, un barco que no existía. Y hay un detalle todavía más perturbador: los pocos papeles hallados a bordo estaban escritos en un idioma extraño, una mezcla bizarra de español e inglés repleta de palabras que no existen en ningún diccionario.

¿De dónde venía esa embarcación? ¿Quién redactó esos documentos? ¿Y qué fue de su tripulación? El relato no ofrece respuestas, y quizá por eso sigue circulando: encaja demasiado bien con la fama oscura del Triángulo de las Bermudas, esa región que la cultura popular ha llenado de desapariciones, luces extrañas y naves fantasma. En El DoQmentalista narramos estas historias como lo que son: leyendas y relatos que se transmiten de boca en boca, espejos de nuestros miedos más antiguos frente al mar. Tú decides dónde termina la casualidad y dónde empieza el misterio.

Si te apasionan los enigmas del océano, los casos sin resolver y las historias que la lógica no alcanza a cerrar, suscríbete a El DoQmentalista y activa la campanita para no perderte ningún documental.

#TrianguloDeLasBermudas #BarcoFantasma #Misterio","el doqmentalista, documentales de misterio en español, triángulo de las bermudas, barco fantasma, barco sin tripulación, misterios del mar, leyendas del mar, desapariciones en las bermudas, barcos abandonados, casos sin resolver, misterios sin explicación, fenómenos inexplicables, relatos de misterio, paranormal, enigmas del océano, historias de miedo"
Lm-i8Qd1HHs,258900,Personas INMORTALES La Fuente de La Juventud,Fuente de la Juventud: De Herodoto a Ponce de León y Florida,Fuente de la Juventud: De Herodoto a Ponce de León y Florida,Elixir de la Inmortalidad: Lo Que Narran las Crónicas Antiguas,"La Fuente de la Juventud es una de las leyendas más antiguas y persistentes de la humanidad: un agua que, según el mito, cura toda enfermedad y devuelve la juventud a quien bebe de ella o se baña en sus aguas. En este documental recorremos más de dos mil años de esa búsqueda imposible.

La primera referencia conocida aparece en el tercer libro de las Historias de Herodoto, en el siglo 5 antes de Cristo, donde se narra el encuentro entre el rey de Etiopía y los embajadores persas: el rey habla de hombres que llegaban a los 120 años y de una fuente muy singular cuyas aguas dejaban el cuerpo reluciente. El relato bíblico del estanque de Betesda, en el Evangelio de Juan, también recoge la creencia previa en aguas curativas donde multitudes de enfermos esperaban la agitación del agua. En el medievo, las versiones orientales de las novelas de Alejandro cuentan la historia del agua de la vida que buscaba Alejandro Magno, una saga que aparece también en el Corán.

El documental sigue la leyenda hasta América: los arahuacos de La Española, Cuba y Puerto Rico hablaban de la mítica isla de Bimini y de un cacique que navegó al norte para no volver jamás. Se cuenta que el explorador español Juan Ponce de León emprendió en 1513 una expedición para localizar la fuente y descubrió la actual Florida, aunque la historia es apócrifa: su nombre no fue relacionado con la leyenda hasta después de su muerte, a través de la memoria de Hernando de Escalante Fontaneda y de la obra de Antonio de Herrera y Tordesillas. También exploramos el elixir de la vida perseguido por los alquimistas, la piedra filosofal, la expedición china que según la leyenda partió con mil hombres y mujeres a los mares del este sin regresar jamás, y figuras como Paracelso, cuyos experimentos sentaron bases del desarrollo farmacéutico.

Si te apasionan los misterios, las leyendas antiguas y la historia oculta, suscríbete a El DoQmentalista y activa la campanita para no perderte ningún documental.

#FuenteDeLaJuventud #Misterio #Documental","el doqmentalista, documentales de misterio en espanol, fuente de la juventud, elixir de la vida, elixir de la inmortalidad, ponce de leon, piedra filosofal, alquimia, herodoto, isla de bimini, estanque de betesda, alejandro magno agua de la vida, paracelso, inmortalidad, leyendas antiguas, misterios historicos, historia oculta, mitos y leyendas, documental en espanol"
OMEPcz8PhGA,258780,Misterios: Explorando la tumba y el esqueleto de un demonio aterrador,El esqueleto de un demonio que se esfumó de su tumba en Mauritania,Tumba de un demonio en Mauritania: el hallazgo que nadie pudo explicar,"Moro Ciro, el demonio de la llama: la advertencia sellada en arameo","¿Puede el esqueleto de un demonio desaparecer de su propia tumba en una sola noche? Este es el relato del esqueleto de un demonio que, según se narra, fue encontrado bajo el desierto de Mauritania y se esfumó sin dejar rastro de violencia ni saqueo.

La historia se ubica en 1958, en las afueras de Chinguetti, cerca de Atar, al noroeste de África. Según el relato, un poblador descubrió por accidente un pasadizo secreto donde un grupo de arqueólogos halló tres lápidas vacías, al parecer saqueadas en el pasado y selladas con explosivos. Pero uno de ellos, el doctor Josep, notó algo imposible: una de las paredes estaba completamente fría, cuando todo lo demás ardía a temperatura ambiente. Al cincelar el muro, un silbido escalofriante anunció que había otra recámara del otro lado.

El relato cuenta que allí esperaban tres sarcófagos. En los dos menores había esqueletos humanos acompañados de armas de un acero resistente e inoxidable, grabadas con sellos al estilo del rey Salomón, y armaduras que mezclaban ornamentación griega, acabados mesoamericanos y materiales egipcios. En el sarcófago central, el más grande y sellado, apareció un esqueleto que no era humano: casi cuatro metros de largo, un cráneo con rasgos de murciélago, colmillos afilados, dedos como garras y pies de tres dedos con espolones traseros. Al volver al día siguiente, el féretro solo contenía restos polvorientos, vasijas con sal y trozos de tela carcomida. Bajo la tapa, una inscripción en arameo advertía, según se narra, que allí estaba encerrado Moro Ciro, el demonio de la llama, aprisionado con las armas que el ángel Os Mariel habría entregado, y responsable de destruir la gran ciudad de los mares.

El video cita un diario sudafricano según el cual los arqueólogos jamás encontraron nada más, aunque uno de los empleados de la expedición habría sido exorcizado años después. La pregunta sigue abierta: ¿aquello era una tumba profanada o una prisión que alguien dejó abierta?

Si te apasionan los relatos de misterio narrados con seriedad y detalle, suscríbete a El DoQmentalista y activa la campana para no perderte los próximos casos.

#Misterio #Paranormal #ElDoQmentalista","el doqmentalista, documentales de misterio en español, esqueleto de un demonio, tumba de un demonio, moro ciro, demonio de la llama, chinguetti mauritania, leyenda de mauritania, inscripción en arameo, sarcófago misterioso, hallazgos arqueológicos misteriosos, gigantes misteriosos, misterios sin resolver, casos paranormales, relatos de terror, criaturas misteriosas, ocultismo, leyendas oscuras"
Y8KNhL1csT0,258401,Documental: Invocación Demoníaca: ¿Real o Falso? - Documentales Interesantes,Invocación demoníaca: la advertencia que llegó demasiado tarde,Invocación demoníaca: el testigo que pagó un millón por verla,"Invocar un demonio: si encuentras este libro, no lo abras","¿Puede una invocación demoníaca salir bien cuando se convierte en un desafío público? Este relato de terror, escrito por Maximiliano Giménez, narra una invocación demoníaca que comienza con una advertencia muy clara: no lo intenten.

La historia sigue a David, un youtuber de terror que dice haber ganado fortunas produciendo contenido sobrenatural. Todo comienza en 2011, cuando Marjah Kinski, una entusiasta húngara de lo paranormal, lo llama desde una vieja librería: apareció el libro que tantos le habían recomendado encontrar, un volumen que el relato atribuye a un ex obispo católico que dejó los hábitos y distribuyó en secreto cien copias antes de morir. Los vendedores les repiten una advertencia dejada años atrás por una niña llamada Clara, que además guardó un papel dentro del libro y predijo con inquietante precisión el destino de uno de los empleados.

El relato también recoge una leyenda ambientada en 1979: según se narra, a poco de ser nombrado papa, a Juan Pablo II le habrían propuesto pronunciarse contra los exorcismos, y los defensores de los rituales antiguos habrían respondido con una demostración escalofriante en un noviciado de Sudamérica, dentro de un círculo de hostias consagradas. La historia menciona nombres como el padre Cándido Amantini y Carlos Mancuso, siempre dentro del terreno de la leyenda que el propio relato reconoce como versiones. Años después, David compra videos virales como el de las hermanas Alvarado sacudiendo la muñeca Annabelle en el museo de los Warren, y cuando la prensa lo culpa de la supuesta posesión de las chicas, comete su peor error: publica el ritual del libro y ofrece un millón al primero que logre invocar a un demonio. La llamada que recibe tres días después, y lo que encuentra en una escuela abandonada, cierran esta historia con uno de los giros más perturbadores del género.

Un relato narrado como documental de terror, ideal para quienes disfrutan el misterio, lo oculto y las historias que se cuentan con la luz encendida.

Si te gustan los relatos de misterio y lo paranormal narrados en serio, suscríbete a El DoQmentalista y activa la campanita para no perderte los próximos.

#InvocacionDemoniaca #RelatosDeTerror #ElDoQmentalista","el doqmentalista, documentales de misterio en español, documentales interesantes, invocación demoníaca, invocar un demonio, relatos de terror en español, creepypasta en español, muñeca annabelle, libro prohibido de invocación, historias de demonios, hermanas alvarado, exorcismos, relatos paranormales, terror narrado, historias de miedo, misterio y ocultismo, casos paranormales, videos de terror en español"
PqSexmEEpY4,258223,Documental: EL SECRETO ATERRADOR DE JESÚS - Documentales interesantes,Jesús en Egipto: el relato del filósofo Celso en el siglo II,¿Qué sabía Jesús que aterró a los sacerdotes de Jerusalén?,Caifás y Herodes: lo que el juicio de Jesús habría silenciado,"¿Qué hacía Jesús en Egipto y qué habría aprendido allí? Este documental explora el polémico relato que el filósofo griego Celso escribió en el siglo II, un texto que conocemos porque el escritor cristiano Orígenes lo citó ampliamente al redactar su respuesta.

Según narra el video, Celso afirmaba que la pobreza obligó a Jesús a viajar a Egipto, donde el hijo de un carpintero podría encontrar trabajo, y que allí habría aprendido ciertas artes por las que eran famosos los egipcios: la sugestión, el hipnotismo y la ilusión. El relato conecta esa supuesta formación con los exorcismos y curaciones que hicieron famoso a Jesús, y con un detalle llamativo: en su ciudad natal, donde la gente no estaba asombrada por su reputación, no pudo realizar tales milagros.

La teoría que presenta el video va más lejos. Sostiene que Jesús habría identificado rastros de magia egipcia dentro de la historia oficial de Moisés, y que detrás del relato levítico se escondería un crimen: según esta tradición, Moisés habría sido asesinado en la montaña de Dios por Reuel, su suegro, y por Leví, y los escribas levitas habrían encubierto el homicidio editando las primeras partes de la Biblia. Cuando Jesús entró a Jerusalén durante la Pascua y llamó hipócritas a quienes construían los sepulcros de los profetas, tres hombres se sintieron amenazados: el sumo sacerdote José Caifás, Herodes Antipas, hijo de Herodes el Grande, el constructor del templo de Jerusalén, y el procurador romano Poncio Pilato, que gobernó entre el año 26 y el 36 después de Cristo. El video reconstruye el juicio celebrado en secreto, el momento en que Caifás rasgó sus vestiduras al escuchar a Jesús confirmar que era el Hijo de Dios, y la sentencia que lo silenció bajo la acusación de blasfemia.

¿Un hombre que sabía demasiado o el Mesías que el pueblo esperaba? Esta es una lectura alternativa basada en textos antiguos y tradiciones esotéricas, narrada como tal, para que seas tú quien saque sus propias conclusiones.

Suscríbete a El DoQmentalista para más documentales de misterio, historia antigua y enigmas bíblicos en español.

#Jesus #MisteriosBiblicos #Documental","el doqmentalista, documentales de misterio en espanol, documentales en español, jesus en egipto, celso filosofo griego, origenes contra celso, juicio de jesus, caifas sumo sacerdote, herodes antipas, poncio pilato, moises, magia egipcia antigua, misterios biblicos, enigmas de la biblia, historia oculta, cristianismo primitivo, documental religioso, textos antiguos, historia antigua"
Ls85j306fRc,257986,Exorcista: La Historia de Gabriele Amorth - El DoQmentalista,Gabriele Amorth decía haber hecho 160.000 exorcismos y solo creyó en 100,Exorcista del Vaticano: los casos que la ciencia no le pudo explicar,"El exorcista del Vaticano que advirtió sobre Hitler, el yoga y Harry Potter","Gabriele Amorth, el exorcista más famoso del Vaticano, afirmó haber realizado unos 160,000 exorcismos a lo largo de su carrera. Y sin embargo, según sus propias palabras, solo alrededor de un centenar fueron auténticas posesiones demoníacas. Esta es la historia del hombre que se convirtió en el rostro del exorcismo moderno.

Nadie habría apostado por él. De niño se quedaba dormido en las misas, y siguiendo los pasos de su padre y su abuelo se formó como abogado, trabajando para el partido de los Jóvenes Demócratas Cristianos. Pero un giro inesperado lo llevó a la Congregación de San Pablo, y en 1951 fue ordenado sacerdote. El verdadero cambio llegó en 1986, cuando el Vicario de Roma lo eligió como aprendiz de Cándido Amantini, entonces exorcista principal del Vaticano. Al morir Amantini en 1992, Amorth tomó su lugar. Fundó además en Roma una asociación internacional de exorcistas para formar a otros sacerdotes en el rito, institución que desde 1994 comenzó a realizar conferencias bianuales.

En el apogeo de su carrera, se dice que Amorth llegaba a realizar hasta 20 exorcismos en un solo día, con sesiones de unos 30 minutos y cuatro asistentes para los casos más difíciles. Lejos del sensacionalismo, su primera respuesta ante quienes pedían ayuda solía ser derivarlos a especialistas médicos: para él, la mayoría de los síntomas tenían explicación médica o psicológica. Pero en los raros casos que consideró genuinos, relató fuerzas sobrehumanas, personas que vomitaban objetos inexplicables y voces en lenguas antiguas. También fue protagonista de declaraciones polémicas en la radio vaticana, donde afirmó que figuras como Hitler y Stalin estaban poseídas, y señaló al yoga y a los libros de Harry Potter como obra del diablo. El video también cuenta que su figura inspiró al padre Karras de la película El Exorcista, y que la cinta protagonizada por Russell Crowe, El Exorcista del Papa, se basó en su vida. Bajo su sombra, Italia llegó a registrar informes de hasta medio millón de supuestos poseídos al año. Murió a los 90 años, dejando un legado que sigue generando debate entre la fe, la ciencia y el misterio.

Si te apasionan las historias donde el misterio y la historia se cruzan, suscríbete a El DoQmentalista y activa la campana.

#GabrieleAmorth #Exorcismo #Vaticano","el doqmentalista, documentales de misterio en espanol, documental en espanol, gabriele amorth, exorcista del vaticano, exorcismos reales, padre amorth, el exorcista del papa, candido amantini, posesiones demoniacas, historia del exorcismo, vaticano secretos, demonologia, casos paranormales, misterios sin resolver, ocultismo, iglesia catolica, terror real, russell crowe exorcista"
GfTOSPnPvLQ,257562,"El Significado de El Ying Y El Yang / El Bien y El Mal, El Caos y El Orden, El Blanco y El Negro",El Yin y el Yang: lo que realmente significa el símbolo del equilibrio,El Yin y el Yang: el saber que China conserva desde hace 3000 años,"El Yin y el Yang: del Tao al I Ching, el mapa oculto de los opuestos","El Yin y el Yang es mucho más que un círculo en blanco y negro: es la doctrina taoísta que describe las dos fuerzas opuestas y complementarias presentes en todo lo que existe. En este documental descubrirás qué significa realmente el símbolo del equilibrio y por qué, según esta tradición, nada existe en estado puro.

El Yin es el principio femenino: la tierra, la oscuridad, la pasividad. El Yang es el principio masculino: el cielo, la luz, la actividad. Según la doctrina, ambos son interdependientes, se consumen y se generan mutuamente, y cada uno guarda siempre un resto del otro en su interior. Su origen apunta a conceptos naturalistas: el carácter chino tradicional del Yin representa la parte norte y nubosa de una montaña, mientras que el del Yang representa su lado sur, soleado. El video recuerda además que Mircea Eliade, citando a Granet, relaciona el Yin con el tiempo frío y lo cubierto, y el Yang con lo soleado y el calor.

El recorrido llega hasta la Edad de Bronce de la antigua China, con hallazgos arqueológicos de la dinastía Shang, y hasta el I Ching, el antiguo libro oracular cuyos textos más antiguos se remontan al segundo milenio antes de Cristo. De sus líneas continuas y truncas nacen los ocho trigramas y los sesenta y cuatro hexagramas usados para la adivinación, cuatro de los cuales aparecen hoy en la bandera de Corea del Sur junto a una versión simplificada del taijitu. También veremos cómo esta doctrina sostiene la medicina tradicional china, donde un síntoma frío se trata con alimentos calientes y una crisis nerviosa con alimentos fríos, y cómo se aplica al fluir del tiempo, a las estaciones, a las direcciones e incluso a los ejercicios de las artes marciales, que trazan con el cuerpo el propio dibujo del Yin y el Yang.

Si te apasionan los grandes símbolos, las doctrinas antiguas y los misterios del pensamiento oriental, suscríbete a El DoQmentalista para no perderte ningún documental.

#YinYang #Taoismo #Documental","el doqmentalista, documentales de misterio en espanol, yin y yang, significado del yin y el yang, taoismo, simbolo taijitu, i ching, medicina tradicional china, dualidad bien y mal, filosofia china, hexagramas, dinastia shang, equilibrio de opuestos, tao, simbolos antiguos, misterios del mundo, documentales en espanol, ocultismo y esoterismo"
rSjZFch1L_o,255797,"4 Extrañas Historias De Sirenas Reales, Documentales gratis ✅ El DoQmentalista",¿Sirenas Reales? 8 Pescadores Describieron la Misma Criatura en 1737,Sirenas en Inglaterra: los avistamientos que el mundo olvidó,Leyendas de Sirenas: el estanque donde nadie se baña a medianoche,"Sirenas reales o leyenda: durante miles de años, los relatos de seres mitad humanos y mitad marinos han llegado a la costa junto con los marineros. Estas historias de sirenas son la base de mitologías del norte de Europa, Oriente Próximo, Asia y África, y según se narra, hasta Cristóbal Colón afirmó haber visto una durante su exploración del Caribe.

El relato más inquietante ocurrió el jueves 10 de noviembre de 1737, cerca de Exeter, en el sur de Inglaterra. Un grupo de ocho pescadores subió sus redes y descubrió una criatura de forma humana con dos piernas. Los ocho testigos fueron entrevistados de forma independiente y todos declararon lo mismo: la criatura saltó de la red y huyó, y al alcanzarla la encontraron moribunda, gimiendo como un humano. Uno de ellos declaró que tenía los pies palmeados como los de un pato, ojos, nariz y boca parecidos a los de un hombre, una cola como la de un salmón y alrededor de un metro y medio de altura. En 1812, en Exmouth, un pescador y su tripulación afirmaron haber escuchado una música extraña, comparable a un clavicordio salvaje, proveniente de una criatura de rostro ovalado parecido al de una foca que jugueteaba cerca de la embarcación. Y en 1823 se reportó una avalancha de avistamientos en el río Exe.

El video también recorre las leyendas del estanque de Blake Mere, en Staffordshire: un lago casi circular de unos 46 metros de diámetro del que se dice que no tiene fondo. La tradición cuenta que si alguien se baña en él en la medianoche de Pascua, la sirena aparece: si te mira con cariño, ofrece la vida eterna; si no, te arrastra a las profundidades. Otra historia habla de una joven acusada de brujería y ahogada en el estanque, cuyo acusador fue encontrado tres días después flotando con la cara cubierta de marcas de garras. El relato conecta esta leyenda con un suceso de 1679, cuando un asesino local arrojó al agua a una vendedora ambulante. Todo comenzó, según los primeros cuentos, en la antigua Siria, donde una diosa avergonzada se transformó en sirena tras la muerte accidental de su amante humano.

Suscríbete a El DoQmentalista para más documentales de misterio en español, nuevos casos cada semana.

#Sirenas #Misterio #ElDoQmentalista","el doqmentalista, documentales de misterio en espanol, documentales gratis, sirenas reales, historias de sirenas, avistamientos de sirenas, sirenas de inglaterra, leyendas de sirenas, sirena de exeter 1737, estanque blake mere, mitologia de sirenas, criaturas marinas misteriosas, folclore europeo, leyendas del mar, casos paranormales, misterios sin resolver, criptidos, relatos de pescadores"
n2E6DiduTKA,254038,Historia: Los Cwezi y su legado en las pirámides: mitos y realidades ocultas,Pirámides de Egipto: la leyenda africana que la ciencia no explica,Pirámides de Egipto: la leyenda africana que la ciencia no explica,Imperio de Kitara: la leyenda del pueblo que aterrizó como dioses,"Los Cwezi, la civilización africana que el mundo olvidó, siguen siendo uno de los enigmas más fascinantes de la región de los Grandes Lagos. ¿Quiénes fueron realmente los Cwezi y por qué tantos pueblos los recuerdan como la gente que ""aterrizó como los dioses""?

Según la tradición oral de los tutsis, la fuente más citada sobre este pueblo, los Cwezi gobernaron el imperio de Kitara, llamado el imperio del sol, un territorio que según las leyendas abarcaba la actual Uganda, Sudán, el norte de Tanzania, la República Democrática del Congo, Ruanda, Burundi, Zambia y Malawi desde el año 10.000 antes de Cristo. Los relatos los describen como personas inusualmente altas, de piel marrón oscura y cabezas de forma extraña, y les atribuyen poderes como la telequinesis, la clarividencia, la telepatía y la capacidad de teletransportarse. Para algunos eran semidioses; para otros, una raza de antiguos extraterrestres.

El video explora la teoría más polémica: quienes creen que los Cwezi eran seres sobrenaturales sostienen que los bloques de 30 toneladas de las pirámides no fueron arrastrados por miles de hombres, sino colocados telequinéticamente y cortados con una tecnología hoy desconocida. También se narra cómo, según los expertos citados en el relato, ese conocimiento fue etiquetado como brujería con la llegada del cristianismo evangélico, y cómo se afirma que los últimos practicantes de la habilidad sagrada murieron en 1994, durante el genocidio de Ruanda.

Conocerás además el culto Cwezi, descrito como un culto de aflicción: el pueblo sukuma llama ""balochi"", es decir brujas, a sus seguidores, y sus ceremonias de sanación duran cinco agotadores días, con cantos, danzas y comunicación directa con los espíritus. Y descubrirás el legado cotidiano que la tradición les atribuye: las vacas de cuernos largos nativas del nacimiento del Nilo, el juego de mesa conocido como omweso y una sociedad de pastores pacifistas que desapareció del registro histórico en el siglo XVI sin una explicación definitiva.

Si te apasionan los misterios de las civilizaciones antiguas, suscríbete al canal y activa la campana para no perderte ningún documental.

#LosCwezi #MisteriosDeAfrica #CivilizacionesAntiguas","el doqmentalista, documentales de misterio en espanol, los cwezi, bachwezi, imperio de kitara, civilizaciones africanas antiguas, leyendas africanas, misterios de africa, piramides de egipto misterio, tradicion oral tutsi, culto cwezi, grandes lagos de africa, civilizaciones antiguas, misterios sin resolver, documentales en espanol, seres sobrenaturales, teoria de antiguos astronautas, ocultismo"
x60op17vZuc,253755,Historias de terror Sawney Beane y su clan de caníbales,Sawney Bean: el único viajero que escapó del clan caníbal,Sawney Bean: el único viajero que escapó del clan caníbal,Sawney Bean: 25 años de horror y 1000 desaparecidos en Escocia,"Sawney Bean y su clan de caníbales protagonizan una de las leyendas más perturbadoras de Escocia. El relato de Sawney Bean cuenta cómo una sola familia habría aterrorizado el condado de Galloway durante 25 años, y todavía hoy produce inquietud entre los escoceses.

Según narra la historia, Sawney Bean nació en el siglo 16, bajo el reinado de Jacobo Sexto de Escocia. Su padre intentó encaminarlo en el negocio familiar, la panadería, pero el joven escapó de casa junto a una mujer de la que todos decían que tenía inclinaciones extrañas. Se marcharon hacia la costa del condado de Galloway y nadie volvió a verlos. Poco después comenzaron las desapariciones: viajeros que se esfumaban en los caminos, rutas que solo se transitaban en grupos de más de diez personas, e incluso cadáveres recientes que desaparecían de los cementerios, lo que hizo pensar a muchos que se enfrentaban a brujas o adoradores del diablo. El relato asegura que hubo detenciones, juicios y ejecuciones de inocentes, y que algunos jueces llegaron a decir que solo la intervención de Dios podría detener aquellos crímenes.

Todo cambió, cuenta la leyenda, cuando un hombre y su esposa fueron emboscados al volver de una feria. Él logró escapar; ella no. El rey envió entonces una fuerza de 400 soldados que, guiados por sabuesos, encontraron una cueva en la costa oeste. En su interior hallaron un espectáculo terrorífico: miembros humanos colgados del techo, huesos alfombrando el suelo y una montaña de oro, espadas, anillos y ropas acumulada durante 25 años de cacerías. Los responsables: Sawney Bean, su esposa, seis hijos, seis hijas, 18 nietos y 14 nietas, fruto del incesto, que no hablaban ningún idioma y se comunicaban con sonidos guturales. El relato atribuye al clan cerca de 1000 víctimas y afirma que fueron ejecutados sin juicio previo: los hombres desmembrados y las mujeres en la hoguera.

¿Historia documentada o leyenda nacida del miedo? En este documental repasamos el relato completo tal como se ha contado durante siglos en Escocia.

Si te apasionan los casos más oscuros de la historia, suscríbete a El DoQmentalista y activa la campanita para no perderte ningún documental.

#SawneyBean #HistoriasDeTerror #ElDoQmentalista","el doqmentalista, documentales de misterio en espanol, documentales de terror, sawney bean, clan canibal, canibales de escocia, leyenda de sawney bean, galloway, leyendas escocesas, canibalismo, historias de terror, historias de miedo, leyendas urbanas, casos perturbadores, misterio, terror real, crimenes historicos, escocia"
uWQi4-tBIfw,253743,Historias De Terror: LOS HIJOS DE LA LLORONA - ¿Dónde Están Ahora? - Documentales Interesantes,Los Hijos de La Llorona: Sus Nombres y el Destino Que Nadie Cuenta,¿Por Qué La Llorona Se Lleva a Otros Niños? La Leyenda Responde,"Si Escuchas un Lamento Cerca del Río, Aléjate: Es La Llorona","Los hijos de La Llorona son el gran vacío de la leyenda más famosa de México: todos conocemos a la madre que llora, pero casi nadie se pregunta quiénes eran los niños que busca con tanto desespero. En este documental seguimos el rastro de esos pequeños según las distintas versiones del relato, para entender por qué su madre está condenada a no encontrarlos jamás.

Según las versiones más antiguas de la leyenda, La Llorona tenía dos hijos, aunque otras narraciones hablan de tres. Sus nombres cambian según la región, pero algunas versiones los identifican como Juan y Raúl, y en las que suman una niña, la llaman María. El relato que reconstruye este video los describe así: Juan, el mayor, de unos diez años, de ojos verdes intensos heredados de su abuelo, protector de sus hermanos y portador de un amuleto que le regaló su padre; Raúl, de siete años, el travieso de la casa, con pecas en las mejillas y el más apegado a su madre; y María, de apenas cinco añitos, de rizos dorados, parecida a su abuela. La tradición cuenta que la propia Llorona también se habría llamado María, y que en un arranque de celos y rabia, tras ser traicionada por el amor de su vida, ahogó a sus niños en un río.

El documental explora además la parte más inquietante del relato: por qué se dice que esta alma en pena se lleva a otros niños. Estudiosos del folklore citados en el video sugieren tres posibilidades: que su mente perturbada ya no distinga entre sus hijos y los ajenos, que intente reemplazarlos para calmar su vacío, o que los ofrezca al río como intercambio para romper su maldición. Y queda la pregunta final: si los inocentes trascendieron al cielo y ella vaga por la tierra, ¿podrá hallar la paz algún día, o solo el juicio final decidirá su destino?

Suscríbete a El DoQmentalista para más documentales de misterio, leyendas y lo inexplicable en español.

#LaLlorona #LeyendasMexicanas #Misterio","el doqmentalista, documentales de misterio en espanol, documentales interesantes, la llorona, los hijos de la llorona, leyenda de la llorona, leyendas mexicanas, quien era la llorona, por que llora la llorona, la llorona historia, leyendas de terror, historias de terror, leyendas latinoamericanas, folklore mexicano, almas en pena, misterio y terror, paranormal en espanol, relatos de miedo"
luxrEId1uL8,253110,Documental: El aterrador relato de Héctor y los demonios en su vida,Un demonio lo acecha desde antes de nacer para robarle un don | Testimonio real,Demonio sobre la espalda: la advertencia que recibió Héctor a los 23 años,¿Qué está acechando a Héctor desde antes de nacer? Un testimonio aterrador,"¿Puede un demonio acechar a una persona desde antes de nacer? El caso real de demonios que hoy analizamos llegó como testimonio directo de un suscriptor, y es uno de los relatos más inquietantes que hemos recibido en el canal.

Héctor tiene 23 años. Según cuenta, antes de que él naciera un niño de 12 años había fallecido frente a su casa, y el rumor del vecindario decía que su fantasma aparecía de noche pidiendo jugar. Desde pequeño, Héctor despertaba a sus padres gritando ""no quiero jugar, déjame dormir"". Con los años, el relato describe presencias invisibles, golpes en su puerta de madrugada y la sensación de que alguien se sentaba en sus pies mientras dormía. En un sueño que una persona con conocimientos espirituales le describió como un viaje astral, dice haber visto a un hombre de cara alargada que le advirtió ""regresa y espérame"", y a una mujer vestida de blanco que le transmitió paz.

Al mudarse a la casa que fue de su abuelo, el testimonio habla de puertas que se azotaban, aparatos que se encendían solos y una noche en la que, tras rezar, la electricidad se cortó únicamente en su vivienda. Ya en otra casa, asegura haber visto a una mujer de vestido negro parada en medio de la calle mientras todos los perros de la cuadra ladraban sin parar. Seis noches después, en plena madrugada, intentó rezar el Padre Nuestro y algo se lo impidió. Al buscar ayuda, una mujer conocedora de las artes oscuras le dijo que veía un demonio sobre su espalda, que lo tenían encadenado de un brazo y que poseía un don muy fuerte que querían robarle a través de la depresión, el miedo y el insomnio.

El video también repasa un dato clave: la Biblia no menciona listas de nombres o tipos de demonios; esos catálogos provienen de textos apócrifos como las Clavículas de Salomón y la Pseudomonarquia Daemonum. Y según la Iglesia católica, existen siete dones del Espíritu Santo: sabiduría, entendimiento, consejo, ciencia, piedad, fortaleza y temor de Dios. ¿Cuál de ellos sería tan valioso para un demonio?

Si te apasionan los casos paranormales narrados con seriedad y respeto, suscríbete a El DoQmentalista y activa la campanita para no perderte la segunda parte de esta historia.

#Paranormal #Demonios #CasosReales","el doqmentalista, documentales de misterio en español, caso real de demonios, demonio sobre la espalda, testimonio paranormal, viaje astral, actividad paranormal, casa embrujada, dones del espíritu santo, clavículas de salomón, pseudomonarquia daemonum, demonología, relatos de terror reales, misterio y ocultismo, fenómenos paranormales, espíritus malignos"
svsUQhSsxo8,252530,"Los Siete Pecados Capitales, LA AVARICIA, El DoQmentalista",La Avaricia: el pecado que te vuelve esclavo sin que lo notes,Mamón: el demonio de la avaricia del que nadie quiere hablar,La Avaricia: la advertencia que los antiguos cristianos dejaron,"La avaricia es, según la tradición cristiana, uno de los siete pecados capitales más peligrosos: el único que convierte a su víctima en carcelero de sí misma. En este documental exploramos por qué los antiguos maestros de la fe advirtieron que el amor al dinero no trae placer, sino preocupaciones, envidia, calumnia y una esclavitud de la que nadie quiere salir.

El relato tradicional señala a Mamón como el demonio asociado a la avaricia. Según esas creencias, invocarlo requiere hechizos, cantos y ofrendas antes de que supuestamente conceda los deseos más profundos de quien lo busca; por seguridad, esos métodos no se exponen en este video. Lo que sí exploramos es la enseñanza que atraviesa toda la tradición: de la avaricia brotan la traición, el fraude, el engaño, el perjurio y la dureza de corazón, y el avaro se revela cuando es feliz al recibir pero infeliz al dar. Como advirtió un apóstol, la codicia es la raíz de todos los males, y algunos, en su afán de enriquecerse, se han apartado de la fe.

También analizamos la usura, que la Torá condena con claridad: Deuteronomio 23-20 permite prestar con intereses al extranjero, pero lo prohíbe entre hermanos. Y recorremos las voces que la tradición recoge sobre la riqueza y la pobreza: Basilio, quien enseñó que todo lo que un hombre posee más allá de lo necesario está obligado a usarlo para hacer el bien; Agustín de Hipona, quien dijo que verdaderamente somos los mendigos de Dios; y Salomón, quien afirmó que cuando el justo coma llenará su alma, pero las almas de los impíos estarán en extrema pobreza. Se dice que un camello puede pasar más fácilmente por la abertura de una aguja que un rico entrar en el reino de los cielos, porque la muerte no puede ser aplazada por un pago de dinero: el último día se llevará a ricos y pobres por igual.

Si te apasionan los misterios de la fe, los pecados capitales y las enseñanzas olvidadas de la tradición cristiana, suscríbete a El DoQmentalista y activa la campanita para no perderte ningún documental.

#Avaricia #PecadosCapitales #ElDoQmentalista","el doqmentalista, documentales de misterio en espanol, documental en espanol, la avaricia, siete pecados capitales, mamon demonio, pecados capitales explicados, avaricia pecado capital, usura en la biblia, codicia raiz de todos los males, demonologia, tradicion cristiana, misterios de la biblia, ocultismo, enseñanzas cristianas antiguas, riqueza y pobreza en la biblia, agustin de hipona, videos de misterio"
tZ6SDtBwGLo,251930,Lugares Satánicos dónde se aparece el diablo,Lugares Satánicos: El Mapa Oculto Que Une Turín con Amityville,Lugares Donde se Aparece el Diablo: 7 Sitios Que Debes Evitar,"Turín, Ciudad del Diablo: Por Qué la Iglesia Envió 6 Exorcistas","¿Existen lugares satánicos donde, según los relatos, el diablo se aparece? En este documental recorremos los sitios que la tradición señala como puntos de encuentro entre nuestro mundo y la oscuridad, desde una ciudad italiana hasta las casas malditas de Nueva York.

Empezamos en Turín, Italia, llamada la ciudad del diablo. Según el arzobispo Anastasio Ballestrero, el diablo vive ahí, y en la década de 1980 la iglesia católica llevó seis nuevos exorcistas para equilibrar la balanza. La tradición esotérica sostiene que la Plaza Statuto sería una entrada al inframundo y uno de los tres vértices de un triángulo de magia negra junto a Londres y San Francisco, mientras que con Lyon y Praga formaría un triángulo de magia blanca. Cruzamos después a Bolsover, Inglaterra, donde un censo de 2011 la convirtió en la ciudad con más satanistas per cápita del país, algo que la propia iglesia de Satán calificó de broma. La leyenda local cuenta que el diablo exigió allí que le herraran las pezuñas, y que su patada furiosa torció la famosa aguja de la iglesia parroquial de Chesterfield.

El viaje sigue por Estados Unidos: la casa de Amityville, escenario del asesinato de seis miembros de una familia el 13 de noviembre de 1974, donde después se dice que el líder de los Caballeros del Círculo Negro realizó rituales antes de cometer un sacrificio en 1984. Conoceremos la casa del infierno de Mastic, con sus velas que según los vecinos coincidían con el número de pasajeros de cada auto; el caso de Saint James, Long Island, donde una familia halló un diario de 1927 que hablaba de un culto con sacrificios; los túneles de la escuela estatal de Willowbrook, ligados a la leyenda de Cropsey; y la barbería de Toledo donde en 1948 nació el pacto satánico de Nuestra Señora de Endor, un aquelarre que se adelantó 19 años a la iglesia de Satán de Anton LaVey.

Relatos, leyendas y crímenes reales se mezclan en estos lugares que siguen alimentando el misterio. ¿Coincidencias o algo más?

Si te apasionan los misterios documentados y las historias que la mayoría prefiere no contar, suscríbete a El DoQmentalista y activa la campanita.

#LugaresSatanicos #Misterio #ElDoQmentalista","el doqmentalista, documentales de misterio en espanol, documental paranormal, lugares satanicos, turin ciudad del diablo, casa de amityville, escuela willowbrook, leyenda de cropsey, bolsover inglaterra, rituales satanicos, triangulo de magia negra, casas embrujadas reales, lugares malditos, misterios sin resolver, ocultismo, leyendas urbanas, actividad paranormal, historias de terror reales"
ze5jF4hEq9g,251096,"ANIMALES ESPIRITUALES, Descubre Cual es el tuyo, El DoQ",Tu animal espiritual te busca y estas son las señales,¿Cuál es tu animal espiritual? Descúbrelo con estas señales,"Animal espiritual, no ignores al animal que se repite en tu vida","¿Cuál es tu animal espiritual? Según la tradición esotérica, los animales espirituales son protectores y guías que llegan desde el reino de los espíritus en distintas etapas de nuestra vida para traer advertencias, ofrecer consuelo y ayudar a encontrar soluciones a problemas difíciles. En este documental de El DoQmentalista exploramos qué son, cómo se manifiestan y cómo descubrir cuál es el tuyo.

El relato sostiene que cada animal espiritual llega con sus propios talentos y regalos: se dice que el pájaro te anima a liberarte de todo lo que te retiene, que el delfín te invita a abrazar tu buena naturaleza y que el búho presta su gran perspicacia para ver lo que permanece oculto a simple vista. Cuando el mismo animal comienza a aparecer una y otra vez, en la televisión, en revistas, en carteles, en conversaciones o en sueños, la creencia llama a este fenómeno sincronicidad, una forma en la que tu guía estaría tratando de comunicarse contigo. Y según esta tradición, no siempre es el animal que esperas: aunque sientas una fuerte conexión con los lobos o los tigres, tu mensajero podría ser una salamandra o un gato que se une a ti en un paseo.

El video también recorre los métodos que la creencia propone para contactar a tu guía: la meditación enfocada en el animal, la atención a los sueños anotando cada detalle al despertar, y la observación de los animales que te han atraído desde que tienes memoria. Se narra además que estos guías reciben muchos nombres, como tótems, familiares, guardianes o animales de poder, y que incluso pueden ser criaturas míticas como el unicornio, el fénix o el dragón. Se menciona que muchas brujas trabajan con espíritus animales eligiendo uno por sus energías para potenciar su trabajo mágico y curativo, y que en la tradición de los nativos americanos se cree que, cuando una persona nace, el espíritu de un animal entra en ella para darle sabiduría y protección.

Si te apasionan los misterios del mundo espiritual, suscríbete a El DoQmentalista y activa la campanita para no perderte ningún documental.

#AnimalesEspirituales #ElDoQmentalista #Espiritualidad","el doqmentalista, el doq, documentales de misterio en español, animales espirituales, animal espiritual, cual es mi animal espiritual, animales de poder, totem animal, guias espirituales, sincronicidad, significado espiritual de los animales, señales espirituales, mundo espiritual, espiritualidad, esoterismo, misterio, ocultismo, paranormal"
ByTH4au9sEI,250272,Chamuel - El arcángel del amor - Angeología,Arcángel Chamuel: el ángel del amor que no está en la Biblia,Chamuel: ¿arcángel del amor o ángel de la venganza?,Chamuel: el origen olvidado del arcángel del amor,"¿Quién es realmente el arcángel Chamuel? El arcángel del amor esconde uno de los orígenes más enredados de toda la angeología.

Su nombre se traduce como ""el que ve a Dios"" o ""el que busca a Dios"", y la tradición esotérica lo presenta como el más dulce de los siete grandes arcángeles: príncipe de las potencias, director de los ángeles de la llama rosa, asociado al planeta Venus, al chakra del corazón y al color rosado. Según estas creencias, se le invoca los martes —y sobre todo cada 14 de febrero— para sanar la soledad, el desamor, el rencor y la falta de autoestima; se narra que ayuda a encontrar el alma gemela, a recuperar objetos perdidos e incluso a conseguir trabajo. Algunas corrientes metafísicas le atribuyen además un complemento femenino, la arcangelina llamada Caridad.

Pero este documental va más allá de la devoción. El relato rastrea el origen de Chamuel hasta el exilio de la aristocracia judía en Mesopotamia, donde el contacto con el zoroastrismo amplió el panteón angélico: según se explica en el video, antes solo se hablaba de ángeles sin nombre, y recién con el libro de Daniel aparecen mencionados Gabriel y Miguel. A imitación del culto a Anahita, divinidad persa del amor que habitaba Venus, habría surgido Anael, el ser que hoy se identifica con Chamuel. Y fue con Pseudo Dionisio, un teólogo bizantino anónimo, cuando pasó a contarse entre los siete grandes arcángeles.

El video también desenreda las confusiones: Camael, personificación de la justicia y la severidad, visto como arcángel de la venganza, terminó mezclado con Anael, el ángel del amor, creando una figura contradictoria a la que incluso se ha confundido con Samael, cuyo nombre significa veneno de Dios. Y queda la pregunta incómoda: la Iglesia católica y las iglesias ortodoxas solo reconocen a Miguel, Gabriel y Rafael, los únicos presentes en la Biblia, mientras el protestantismo reduce la lista a dos. ¿Es Chamuel, como concluye este análisis, una quimera formada por siglos de sincretismo esotérico... o un ser real cuyo verdadero nombre se perdió en el camino?

Suscríbete a El DoQmentalista para más documentales de misterio, angeología y ocultismo en español.

#Chamuel #Angeologia #Arcangeles","el doqmentalista, documentales de misterio en español, angeología, arcángel chamuel, chamuel arcángel del amor, quién es chamuel, anael arcángel, camael, llama rosa, arcángeles de la biblia, siete arcángeles, ángeles y arcángeles, esoterismo, ocultismo, misterio, documental espiritual, seres celestiales, historia de los ángeles"
9ZWDfnsvwnI,250242,"Qué Es El Cielo: Dónde esta, Cómo Es el cielo y que significa, definición cristiana.el doqmentalista",El Cielo No Es Como Te Lo Contaron: Así Cambió la Doctrina Cristiana,El Cielo No Es Como Te Lo Contaron: Así Cambió la Doctrina Cristiana,¿Dónde Está el Cielo? La Respuesta Que la Iglesia Tardó Siglos en Dar,"¿Qué es el cielo y dónde está? Es la pregunta que todos nos hacemos cuando muere alguien que amamos, y la respuesta cristiana cambió más de lo que imaginas a lo largo de los siglos.

Este documental recorre esa historia desde el principio. Los primeros cristianos, según las epístolas del apóstol Pablo, creían que los muertos simplemente dormían a la espera del regreso de Cristo, cuando resucitarían con cuerpos renovados para ser juzgados. Tras la legalización del cristianismo por el emperador Constantino a principios del siglo 4, los obispos enseñaron que la vida eterna solo estaba abierta a los bautizados, y la doctrina del pecado original, siguiendo las enseñanzas de Agustín, planteó una pregunta inquietante: qué pasa con los niños que mueren sin bautismo. De esa idea nació el limbo, que los papas y teólogos del siglo 13 describieron como un estado de felicidad natural al borde del infierno, pero sin la dicha de la presencia de Dios.

El video también explora el purgatorio, esa limpieza espiritual visualizada como fuego para las almas culpables de pecados veniales; la extremaunción y el miedo medieval a una muerte repentina sin los últimos ritos; y las imágenes del cielo en la antigüedad: el río del agua de la vida en la nueva Jerusalén del Apocalipsis, la luz brillante frente a la oscuridad de los condenados, los banquetes, los ángeles cantando ante el trono y la visión beatífica. Con la Reforma protestante iniciada en 1517 se discutieron el purgatorio y la predestinación, pero no la existencia del cielo. Ya en la era moderna, el anglicano C.S. Lewis escribió que hasta las mascotas podrían ser admitidas junto a sus dueños, y el jesuita Karl Rahner enseñó que incluso los no cristianos podían salvarse si vivían de acuerdo con valores semejantes, una idea que hoy se encuentra en el catecismo católico. La propia Iglesia terminó abandonando el limbo, dejando el destino de los niños no bautizados a la misericordia de Dios.

Si te fascinan los misterios de la fe y la historia de las creencias, suscríbete a El DoQmentalista y activa la campanita para no perderte ningún documental.

#ElCielo #Cristianismo #Documental","el doqmentalista, documentales de misterio en español, qué es el cielo, dónde está el cielo, cómo es el cielo, el cielo según la biblia, limbo y purgatorio, vida después de la muerte, qué pasa cuando morimos, historia del cristianismo, doctrina cristiana, nueva jerusalén apocalipsis, teología cristiana, misterios de la biblia, documentales en español, religión e historia, más allá de la muerte, juicio final"
lkGHB5bXUT4,248878,"Menelik: El Hijo Del Rey Salomón y Sheba: Su hermosa Esposa Negra, el doqmentalista",Reina de Saba: la pista arqueológica detrás de la leyenda etíope,Reina de Saba: la pista arqueológica detrás de la leyenda etíope,¿Está el Arca de la Alianza en Etiopía? El relato del hijo de Salomón,"Menelik, el hijo del rey Salomón y la reina de Saba, es el protagonista de una de las tradiciones más fascinantes del mundo antiguo. Los judíos de Etiopía han creído durante siglos que descienden del rey Salomón a través de esta misteriosa reina, y en este documental seguimos ese relato hasta sus raíces.

Todo comienza en el capítulo 10 de Primera de Reyes, donde se narra que la reina de Saba viajó a Jerusalén para comprobar con sus propios ojos la sabiduría y las riquezas de Salomón, hijo de David. Según el relato, el encuentro habría ocurrido entre el 965 y el 931 antes de Cristo, y la reina entregó al rey 120 talentos de oro, grandes cantidades de especias y piedras preciosas. Pero ¿quién era ella? Nadie lo sabe con certeza. Las fuentes árabes e islámicas la llaman Bilqis y la ubican en el sur de la península arábiga, en lo que hoy es Yemen; los registros etíopes la llaman Makeda y la hacen soberana de un imperio en el norte de Etiopía. El video cita pruebas arqueológicas según las cuales, en esa misma época, Etiopía y Yemen habrían estado gobernadas por una única dinastía durante cuatro siglos, lo que permitiría que ambas tradiciones fueran correctas.

La leyenda cuenta además cómo Salomón, prendado de la reina, le tendió una trampa con una cena picante y salada y una jarra de agua junto a su cama, y cómo ella regresó a su tierra esperando un hijo del rey. La tradición sostiene que ese hijo, Menelik, volvió de adulto a Jerusalén para conocer a su padre y que habría regresado a Etiopía con el Arca de la Alianza, que muchos etíopes creen custodiada hasta hoy en uno de sus templos, y quizá con copias de las escrituras hebreas, entre ellas el Libro de Enoc. Incluso el Cantar de los Cantares parece guardar un eco de esta historia en las palabras de una mujer que se describe a sí misma como negra y hermosa ante las hijas de Jerusalén, un detalle que ha alimentado la sospecha de que el gran amor de Salomón fue la reina etíope.

Si te apasionan los enigmas de la Biblia y las leyendas que quedaron al margen de la historia oficial, suscríbete al canal de El DoQmentalista para no perderte los próximos documentales.

#Menelik #ReinaDeSaba #ElDoqmentalista","el doqmentalista, documentales de misterio en español, documentales en español, menelik, reina de saba, rey salomon, makeda, bilqis, arca de la alianza, etiopia, judios de etiopia, cantar de los cantares, libro de enoc, misterios de la biblia, historia biblica, leyendas antiguas, enigmas historicos, misterio y ocultismo"
lK8UlUmSCi8,248830,"¿Qué son los Arcontes y cuál es su propósito?, Ángeles o Demonios - Documentales Prohibidos",Arcontes: los carceleros del alma que los gnósticos conocían,Arcontes: la advertencia antigua que nadie quiso escuchar,"Arcontes: ¿ángeles, demonios o los amos de nuestra prisión?","¿Qué son los arcontes y por qué la tradición gnóstica los describe como los carceleros invisibles del alma humana? En este documental exploramos a los arcontes, unos de los seres más inquietantes y menos comprendidos del pensamiento esotérico antiguo.

Según la tradición gnóstica que recoge este video, los arcontes serían sirvientes de un dios malvado que se interpone entre la raza humana y un dios trascendente, al que solo se podría llegar a través de la gnosis. El relato los presenta como fuerzas de negatividad y de ilusión, guardianes de la prisión cósmica de nuestro planeta, cuya misión sería que todo permanezca tal como está. Su contraparte serían los eones, espíritus que habitan los reinos superiores. El video cita incluso el llamado evangelio de Pablo, según el cual existirían al menos diez niveles espirituales, y menciona antiguos textos que hablan de una captura de las almas ocurrida hace unos trescientos mil años, cuando los siete pecados capitales habrían sido implantados como arquetipos en el alma humana: orgullo, codicia, lujuria, ira, gula, envidia y pereza.

La narración también recorre a los siete arcontes planetarios, tradicionalmente asociados con los siete planetas antiguos o los doce signos del zodiaco, entre los que el relato incluye nombres como Lucifer, Satán, Belcebú y Leviatán, y al llamado Rex Mundi, el rey de la tierra. A ellos se sumarían dieciocho arcontes menores, con nombres como Abaddón, Asmodeo, Azazel y Samael, que según se narra serían invocados en rituales de magia por sectas que los veneran como reyes y reinas. Y sin embargo, el video advierte que existen movimientos religiosos que sostienen exactamente lo contrario: que los arcontes serían seres enviados por Dios para ayudar a la humanidad. ¿Carceleros o guardianes? La respuesta, como todo en estos terrenos inexplorados, exige cautela.

Si te apasionan los enigmas del ocultismo, la demonología y los textos antiguos, suscríbete al canal y activa la campana para no perderte ningún documental.

#Arcontes #Gnosticismo #ElDoQmentalista","el doqmentalista, documentales de misterio en español, documentales prohibidos, arcontes, qué son los arcontes, gnosticismo, demiurgo, arcontes planetarios, ángeles caídos, eones, siete pecados capitales, prisión del alma, rex mundi, demonología, ocultismo, textos gnósticos, seres espirituales, misterios sin resolver, paranormal en español"
iBWNaof3wCE,247366,La Quemaron Viva: El Horror de la Cacería de Brujas y los Juicios de la Inquisición,Juicios de Brujas: El Testigo Que Vio Ejecutar Niños de 7 Años,Juicios de Brujas: El Testigo Que Vio Ejecutar Niños de 7 Años,Quema de Brujas: 60.000 Muertes Detrás del Mito de los 9 Millones,"¿Cuántas personas murieron realmente en la cacería de brujas? Durante mucho tiempo se repitió la cifra de nueve millones de ejecutados, calculada por un historiador alemán a finales del siglo XVIII, pero la cacería de brujas real, según los estudios actuales que cita este documental, dejó entre 40.000 y 60.000 condenas a muerte entre mediados del siglo XV y mediados del siglo XVIII. Una cifra menor al mito, pero igual de escalofriante: a ella se suman los que murieron por el trato recibido durante la detención y los linchados sin proceso alguno.

El documental recorre cómo la Iglesia fue equiparando magia y herejía a través de bulas papales: la de Gregorio IX en 1233, la de Juan XXII en 1326 y la condena radical de Inocencio VIII en 1484 contra quienes cometieran actos diabólicos. Desde el siglo XV los episodios se multiplicaron: en 1459, en la ciudad de Arras, la condena de un ermitaño desató confesiones en cadena bajo tortura que terminaron en 29 acusaciones y 12 ejecuciones; los condenados solo fueron rehabilitados en 1491. El territorio más golpeado fue Alemania, con entre 22.000 y 25.000 víctimas, la mitad del total europeo, incluidos procesos donde un testigo de la época relató haber visto ejecutar a niños de siete años.

También conocerás al cazador de brujas inglés Matthew Hopkins, cuyas acusaciones llevaron a la muerte a 200 personas entre 1644 y 1647; los juicios de Suecia, donde en 1675 tres aldeas de apenas 670 habitantes adultos vieron ejecutar a 71 personas por las historias fantásticas de unos niños; y el célebre caso de las brujas de Zugarramurdi en 1609, donde 30 personas resultaron condenadas y 11 recibieron pena de muerte. Curiosamente, la tan difamada Inquisición española frenó en gran medida estas explosiones de violencia al exigir pruebas y rechazar confesiones obtenidas bajo tortura. El relato cierra con las voces críticas que, del siglo XVI al XVIII, desmontaron la creencia hasta que Montesquieu y Voltaire la declararon superstición.

Si te apasionan los episodios más oscuros de la historia, suscríbete a El DoQmentalista y activa la campana para no perderte ningún documental.

#CaceriaDeBrujas #Inquisicion #DocumentalesDeMisterio","el doqmentalista, documentales de misterio en español, documentales en español, caceria de brujas, juicios de brujas, la inquisicion, brujas de zugarramurdi, quema de brujas, historia de la brujeria, matthew hopkins, brujeria en europa, santa inquisicion, historia oculta, misterios sin resolver, ocultismo, casos reales, documental historico, edad media"
BCAeugPDwBs,247339,¿QUÉ QUIERE DIOS? / El DoQmentalista,Qué Quiere Dios Realmente y Por Qué Casi Nadie Lo Entiende,¿Qué Quiere Dios de Ti? Las 3 Voluntades Que la Biblia Revela,La Voluntad de Dios Tiene 3 Rostros y Uno Solo Se Conoce al Final,"¿Qué quiere Dios? Es una de las preguntas más antiguas e incómodas que un ser humano puede hacerse. ¿Quién es Dios, de dónde viene y qué espera realmente de nosotros?

En este documental exploramos la respuesta desde la propia Biblia, comenzando con un pasaje que advierte que nadie puede desafiar a Dios y esperar salir victorioso, porque cuando se enoja puede cambiar de lugar las montañas y hacer temblar la tierra hasta sus bases. A partir de ahí, el video desglosa las tres formas en que la tradición cristiana entiende la voluntad divina. La voluntad soberana: nada ocurre sin que Dios lo permita, desde la muerte de un ser querido hasta una catástrofe natural, aunque solo lo sabemos cuando ya sucedió. La voluntad revelada: aquello que Dios decidió mostrar en la Biblia, como amar a nuestros enemigos, arrepentirnos de nuestros pecados y respetar sus mandamientos. Y la voluntad perfecta: todo lo que le agrada, como dar de comer a los pobres, ayudar a los necesitados y enseñar a nuestros hijos con amor.

El caso de Judas ilustra el punto más inquietante: según el relato bíblico, al traicionar a Cristo estaba cumpliendo la voluntad soberana de Dios y la profecía, pero Dios no lo forzó; siendo libre, pudo elegir no hacerlo, y aun así cayó en el pecado. Ahí se cruzan el misterio del libre albedrío y el plan divino.

El documental cierra con una confesión personal: el narrador recuerda sus años de ateo, cuando se hacía estas mismas preguntas con el corazón lleno de soberbia y un supuesto intelecto inquebrantable, hasta descubrir que en realidad estaba enojado con Dios. Su conclusión es que lo que Dios quiere es honor, amor, humildad y sacrificio; que intentemos ser santos como él, porque esta vida es una prueba que espera vernos superar. ¿Y después de la muerte? Quizás una recompensa, quizás gloria y honor... pero esa es otra historia.

Si te apasionan los enigmas de la fe y los misterios de la Biblia contados con seriedad, suscríbete a El DoQmentalista y activa la campana para no perderte ningún documental.

#VoluntadDeDios #MisteriosBiblicos #ElDoQmentalista","el doqmentalista, documentales de misterio en español, doqmentalista, que quiere dios, voluntad de dios, voluntad soberana de dios, voluntad revelada de dios, voluntad perfecta de dios, quien es dios, judas y la profecia, la biblia explicada, misterios biblicos, libre albedrio, documental cristiano en español, reflexion espiritual, teologia en español, fe y religion, enigmas de la biblia"
T-opS9J-9PU,244965,"El ESPEJO DE LILITH, videos de terror 2019, historias de miedo para contar en la oscuridad",El Espejo de Lilith: el ritual perdido del Manuscrito de Múnich,Espejo de Lilith: ella construyó tres espejos y esto le pasó,Espejo de Lilith: la advertencia antes de intentar el ritual,"¿Qué es realmente el Espejo de Lilith y por qué su ritual sobrevivió escondido durante siglos? En este documental analizamos la leyenda del Espejo de Lilith, un objeto de adivinación descrito en el llamado Manuscrito de Múnich, uno de los textos de magia más inquietantes que se conocen.

Según narra el manuscrito, este espejo servía para resolver consultas de índole oculta: descubrir a los culpables de robos y asesinatos, conocer los secretos de quienes traman algo en nuestra contra y encontrar los puntos débiles del enemigo. El relato detalla su fabricación paso a paso: una superficie reflectante de forma ovalada o de escudo, inscripciones especiales, el sello mayor y el sello menor de Salomón, y el nombre de Lilith en el centro. Después, el espejo debía cubrirse con una manta y llevarse a un cruce de caminos o al sepulcro de una persona asesinada, al atardecer de un martes o un sábado, los días de Marte y de Saturno.

Lo más desconcertante del conjuro es su apertura: comienza con la frase ""en el nombre del Padre, del Hijo y del Espíritu Santo"", una mezcla de elementos cristianos y demoníacos que fascina a los estudiosos de la nigromancia. El texto sostiene que los demonios convocados en el espejo, llamados esposos o guerreros de Lilith, fueron vencidos por Cristo y quedaron obligados a responder cualquier pregunta con perfecta verdad. Una aclaración importante: esta oración no es bíblica ni está reconocida por la Iglesia católica, y en el video se omitieron partes del conjuro por seguridad.

El documental incluye además el testimonio de una informante que asegura haber construido tres de estos espejos negros siguiendo las instrucciones del manual. Cuenta que, segundos después de dibujar los sellos sobre el tercer espejo, sufrió el peor ataque de vértigo de su vida, y que terminó llevando el espejo a un cruce de caminos para romperlo y cortar la conexión. Su conclusión fue tajante: aquella fue la peor experiencia de su vida.

¿Leyenda medieval, poesía nigromántica o una trampa demasiado real? Las fuentes tradicionales etiquetan la magia que involucra a Lilith como maléfica, aunque los magos modernos hoy tienen opiniones divididas.

Suscríbete a El DoQmentalista para más documentales de misterio, ocultismo y enigmas narrados en español.

#EspejoDeLilith #Ocultismo #ElDoQmentalista","el doqmentalista, documentales de misterio en espanol, espejo de lilith, lilith, manuscrito de munich, sellos de salomon, espejos malditos, rituales de adivinacion, nigromancia, demonologia, ocultismo, objetos malditos, magia medieval, leyendas oscuras, historias de terror en espanol, paranormal en espanol, misterios ocultos, enigmas sin resolver"
vboTAnM2tvI,242122,Documental: Pablo Barrera: Magia Negra y Brujería - Documentales Interesantes,San La Muerte: el mago que asegura estar casado con la muerte,Magia Negra: entrevista al mago que dice haber evocado 3500 espíritus,Brujería: la advertencia de un mago antes de abrir un grimorio,"¿Quién es realmente San La Muerte y qué hace un mago ceremonial cuando dice haberse casado con la muerte? En esta entrevista sobre magia negra y brujería, Pablo Barrera abre las puertas de un mundo que muy pocos se atreven a mirar de frente.

Barrera es argentino, vive en Paraguay desde hace cinco años y fundó junto a su esposa, Mariela Brites —a quien describe como bruja de nacimiento—, el templo votivo a San La Muerte en la ciudad de Capiatá. Según relata, el culto a San La Muerte nació del encuentro entre los jesuitas y las tribus guaraníes: cuando Carlos III expulsó a la Compañía de Jesús de Sudamérica, cuenta la leyenda, esos conocimientos quedaron repartidos entre las tribus, junto con tres tablas ocultas que mostrarían los rostros de San Cristo, San Diablo y San La Muerte. Otra leyenda argentina, narrada en el video, habla de un cura jesuita que cuidaba leprosos y murió de pie en una celda, convertido después en santo milagroso no reconocido por la Iglesia.

La conversación se adentra en terrenos aún más oscuros. Barrera asegura haber evocado más de 3.500 espíritus entre dioses, arcángeles, muertos y demonios, y describe el exorcismo más duro que dice haber vivido: el de una joven orfebre que, según cuenta, quedó afectada por un oni —un demonio asiático— tras fundir un anillo. También explica su distinción entre Lucifer y Satanás, su relación con Belial, al que llama su patrono, y por qué sostiene que el círculo mágico no funciona como prometen los grimorios antiguos. Entre sus recomendaciones de lectura aparecen el Zohar, el Concepto Rosacruz del Cosmos y el Libro de Oro de Saint Germain.

Este documental de entrevista no busca convencerte de nada: presenta el testimonio de un hombre que dice vivir entre espíritus, para que seas tú quien saque sus propias conclusiones.

Si te fascinan el ocultismo, la brujería y los misterios del mundo espiritual, suscríbete al canal y activa la campana para no perderte los próximos documentales.

#SanLaMuerte #MagiaNegra #Brujeria","el doqmentalista, documentales de misterio en español, entrevistas de misterio, pablo barrera, san la muerte, magia negra, brujería, mago ceremonial, magia ceremonial, ocultismo, cábala, evocación de espíritus, exorcismos, lucifer y satanás, culto a san la muerte, paranormal en español, mundo espiritual, esoterismo, leyendas de sudamérica"
QKsrE8ZBF9s,241890,EL DRAGÓN DEL DIABLO - El DoQmentalista - El Gigante Piers Shonks vs Satanás,El gigante que engañó al diablo y la tumba abierta en 1861,El dragón del diablo y el gigante que Inglaterra olvidó,Piers Shonks desafió al diablo y eligió su tumba con una flecha,"El gigante que engañó al diablo tiene nombre, tiene tumba, y esa tumba fue abierta en 1861. Lo que se narra que encontraron dentro es la parte que nadie esperaba de esta vieja leyenda inglesa.

Según la leyenda, en el condado de Hertfordshire, en Inglaterra, vivió un gigante llamado Piers Shonks, un hombre de dos metros y medio de altura que gobernaba su tierra como señor de la mansión, con justicia y bondad. El relato cuenta que un día encontró sus cosechas ennegrecidas y humeantes, y comprendió de inmediato que aquello era obra de un dragón. Reunió a sus mejores hombres, partió de cacería y al amanecer se encontró cara a cara con una criatura de cuarenta pies de largo capaz de exhalar ráfagas de fuego. La tradición dice que, cuando el sol cegó por un instante a la bestia, Shonks clavó su espada a dos manos en la mandíbula del dragón y lo derribó para siempre.

Pero la leyenda no termina ahí. El relato sostiene que aquel dragón no era un dragón cualquiera, sino el favorito del diablo, y que el propio diablo apareció furioso ante el gigante para jurarle que, al morir, arrastraría su alma al infierno, sin importar si lo enterraban dentro o fuera de la iglesia. Piers Shonks respondió que su alma pertenecía a Dios. Y en su lecho de muerte, según se narra, pidió su arco y disparó una flecha que atravesó la ventana de la iglesia de Santa María la Virgen y se incrustó en el muro norte. Allí fue sepultado: dentro del muro, ni dentro ni fuera del templo. Había engañado al diablo con su propio juego de palabras.

La tumba sigue en ese muro hasta el día de hoy. Y el video cuenta que en 1861 fue abierta para investigación: dentro había restos de ropa fina, pertenencias personales y huesos humanos. Huesos que, según se narra, eran inusualmente grandes.

Si te apasionan las leyendas de gigantes, dragones y pactos burlados al diablo, suscríbete al canal de El DoQmentalista para no perderte los próximos documentales de misterio.

#ElDoQmentalista #Leyendas #Misterio","el doqmentalista, documentales de misterio en espanol, piers shonks, el gigante que engaño al diablo, el dragon del diablo, leyenda de hertfordshire, gigante ingles, tumba en el muro de la iglesia, leyendas de dragones, leyendas inglesas, gigantes reales, pactos con el diablo, leyendas medievales, misterios sin resolver, historias de terror, mitos y leyendas, casos paranormales, folclore europeo"
X6R4wqchMh4,241405,¿Descubriremos los 7 Textos Sagrados Ocultos? - Documentales en Español,Textos Apócrifos: los Libros que la Iglesia Calló por Siglos,Textos Apócrifos: los Libros que la Iglesia Calló por Siglos,Evangelio de Judas: el Hallazgo en Egipto que Desató el Debate,"¿Qué esconden los evangelios apócrifos que quedaron fuera de la Biblia? En este documental recorremos siete textos apócrifos que, según narra el video, la Iglesia excluyó del canon y mantuvo lejos del público durante siglos.

El recorrido comienza con el Evangelio de Judas, un texto gnóstico descubierto en Egipto en la década de 1970 y publicado en el 2006, que presenta a Judas Iscariote no como el traidor de la tradición sino, según ese relato, como el discípulo que entendió la misión de Jesús y cumplió un plan divino. Sigue el Evangelio de Tomás, hallado en 1945 cerca de Nag Hammadi, en Egipto: una colección de 114 dichos atribuidos a Jesús que, según los estudiosos que cita el video, sería una ventana a las creencias de los primeros cristianos gnósticos. Y el Libro de Enoc, texto apocalíptico judío atribuido por la tradición a un ancestro de Noé, con su relato de los ángeles vigilantes que desobedecieron a Dios y enseñaron conocimientos prohibidos a la humanidad.

También exploramos la Pistis Sofía, un tratado gnóstico del siglo 3 centrado en Sofía, la sabiduría divina femenina; los Manuscritos del Mar Muerto, descubiertos en las cuevas de Qumrán en 1947, con leyes rituales, himnos e interpretaciones proféticas de hace más de 2000 años; el Evangelio de María Magdalena, que la presenta como discípula predilecta de Jesús y líder entre los apóstoles, desafiando la visión tradicional del papel de la mujer en la iglesia; y el Apocalipsis de Pedro, un texto del siglo 2 con visiones del cielo y el infierno tan gráficas que, según se narra, habrían resultado demasiado extremas para entrar en el canon.

Cada uno de estos manuscritos abre una ventana a las creencias de los primeros cristianos y de las comunidades gnósticas, y alimenta debates entre teólogos y estudiosos que continúan hasta el día de hoy. No se trata de afirmar verdades, sino de asomarse a los relatos que quedaron al margen de la historia oficial y preguntarse por qué fueron apartados.

Si te apasionan los misterios de la historia y la religión, suscríbete al canal de El DoQmentalista y activa la campanita para no perderte ninguna entrega.

#EvangeliosApocrifos #DocumentalesEnEspañol #MisteriosDeLaBiblia","el doqmentalista, documentales de misterio en español, documentales en español, evangelios apócrifos, textos apócrifos, evangelio de judas, evangelio de tomás, libro de enoc, pistis sofía, manuscritos del mar muerto, evangelio de maría magdalena, apocalipsis de pedro, nag hammadi, textos gnósticos, misterios de la biblia, historia del cristianismo, libros excluidos de la biblia, documental de misterio, ocultismo"
38Os2FN3UVo,240517,7 SECRETOS OCULTOS DE LA SEMANA SANTA - Documentales en Español,Semana Santa: 7 rituales extremos que aún se practican hoy,Semana Santa: lo que las procesiones no te muestran,¿Qué ocurre de noche en las procesiones de Semana Santa?,"La Semana Santa es, para millones de personas, un tiempo de fe y reflexión. Pero alrededor de la Semana Santa también existen rituales extremos, tradiciones sangrientas y leyendas oscuras que muy pocos se atreven a mirar de frente.

En este documental recorremos siete de esas prácticas. En Filipinas, miles de personas se reúnen cada año para presenciar crucifixiones reales y flagelaciones públicas: penitentes que se azotan, se cortan el cuerpo y llegan a clavarse en cruces como muestra de devoción, un espectáculo que algunos consideran un camino de sanación y perdón, y que otros califican de bárbaro y peligroso. En muchos países de América Latina sobrevive la quema de Judas, la costumbre de quemar en público un muñeco de trapo o papel maché que representa a Judas Iscariote, el discípulo que, según el relato, entregó a Jesús por treinta monedas de plata; hay quienes creen que este acto funciona como una forma de exorcismo comunitario, mientras ciertos grupos religiosos lo señalan como una práctica pagana.

El viaje continúa por España, donde entre tambores, nazarenos y capirotes circulan relatos de figuras encapuchadas que no pertenecen a ninguna cofradía y de almas que, según se cuenta, vagan por las calles durante estas fechas. En algunas regiones de México, el video narra la existencia de un juego de pelota en el que dos equipos compiten mientras se golpean con ramas de cactus, una tradición que se atribuye a la época prehispánica. También exploramos las prácticas de penitencia y mortificación, como la flagelación y el uso de cilicios, y cerramos en Italia con la procesión del Cristo muerto, en la que una imagen del cuerpo de Cristo es llevada en un ataúd por las calles, rodeada de música lúgubre y de historias sobrenaturales que la tradición popular ha tejido a su alrededor.

¿Dónde termina la devoción y dónde comienza la oscuridad? Ese es el hilo que une estos siete relatos: tradiciones reales, creencias populares y leyendas que muestran el lado más inquietante de la festividad cristiana más importante del año.

Si te apasionan el misterio, las tradiciones ocultas y los documentales en español, suscríbete al canal y acompáñame a través de lo desconocido.

#SemanaSanta #Documental #Misterio","el doqmentalista, documentales de misterio en espanol, documentales en español, semana santa, rituales de semana santa, crucifixiones en filipinas, quema de judas, procesiones de semana santa, flagelacion y cilicios, procesion del cristo muerto, tradiciones de semana santa en mexico, semana santa en españa, leyendas religiosas, tradiciones oscuras, misterios religiosos, ocultismo, fenomenos paranormales, historia y misterio"
esI6LOGkx5s,239903,10 Misterios Ocultos en la BIBLIA Que La Iglesia NUNCA Te Va A Contar - El DoQmentalista,Misterios bíblicos: el archivo de 10 enigmas que pocos conocen,Enigmas de la Biblia que el mundo olvidó y aún nos persiguen,Misterios bíblicos: el archivo de 10 enigmas que pocos conocen,"Los misterios de la Biblia van mucho más allá de sus historias más famosas. En este documental recorremos diez misterios de la Biblia que durante siglos han desafiado las interpretaciones convencionales, desde el paraíso perdido hasta un templo que nadie ha construido jamás.

Comenzamos con la ubicación del jardín del Edén: una teoría lo sitúa en Mesopotamia, cerca de los ríos Tigris y Éufrates, mientras otros estudiosos lo asocian con África por las referencias a los ríos Pisón y Gihón. Seguimos con la profecía de los 70 años de cautiverio en Babilonia, anunciada en Jeremías 29:10, un periodo que según el relato bíblico comenzó con la conquista de Jerusalén por Nabucodonosor en el 586 antes de Cristo y culminó con el decreto de Ciro el Grande en el 538 antes de Cristo. También exploramos el verdadero rostro de Jesús: investigaciones basadas en la arqueología y el contexto histórico de la Judea del siglo I sugieren una imagen muy distinta a la de las pinturas clásicas, con tez morena, cabello corto y estatura media.

El recorrido continúa con la túnica de José, que algunos eruditos interpretan no como un manto multicolor sino como una prenda de mangas largas propia de un estatus noble; los cuatro seres vivientes de la visión de Ezequiel, con rostros de hombre, león, buey y águila; y el significado simbólico de los números 7, 12 y 40 en las escrituras. Hablamos además del enigma de las 10 tribus perdidas de Israel tras la destrucción del reino por los asirios, de la verdadera naturaleza del maná que caía cada mañana en el desierto, de los 400 años de silencio entre el profeta Malaquías y el inicio del Nuevo Testamento, y de las dimensiones ocultas del templo descrito por Ezequiel, un diseño lleno de medidas precisas que aún divide a creyentes y estudiosos.

Si te apasionan los enigmas bíblicos y los documentales de misterio en español, suscríbete al canal y activa la campanita para no perderte los próximos episodios de El DoQmentalista.

#MisteriosDeLaBiblia #EnigmasBiblicos #ElDoQmentalista","el doqmentalista, documentales de misterio en español, documental biblia, misterios de la biblia, enigmas biblicos, jardin del eden, tribus perdidas de israel, verdadero rostro de jesus, profecia de los 70 años, templo de ezequiel, mana en el desierto, numeros en la biblia, 400 años de silencio, antiguo testamento, misterios sin resolver, historia biblica, cristianismo, misterio y ocultismo"
0R3zAc3muj0,237497,10 SECRETOS QUE LA NASA NOS ESTÁ OCULTANDO ✅ El DoQmentalista,¿Qué esconde la NASA? 10 casos que la agencia nunca explicó,"NASA: lo que calla sobre el Apolo 11, Marte y los ovnis",Expedientes NASA: del Apolo 20 a los archivos ovni de la CIA,"¿Qué esconde la NASA? Esa es la pregunta que miles de investigadores de ovnis se hacen desde hace décadas. En este documental repasamos diez casos en los que, según los cazadores de misterios, la agencia espacial habría guardado silencio o dado explicaciones vagas.

El recorrido comienza en mayo del 2016, cuando el centro de estudio de objetos cercanos a la Tierra (NEO) de la NASA detectó un asteroide que, según la agencia, no representa ninguna amenaza; los teóricos, sin embargo, sostienen otra cosa. Seguimos con las extrañas luces captadas por un grupo de adolescentes en Malden, Massachusetts, en la víspera del 4 de julio del 2016, y con el caso de Lisa, una mujer canadiense que afirma ser un híbrido alienígena y relaciona su nacimiento en 1974 con supuestas capacidades telepáticas. También analizamos el hackeo militar que reveló registros con naves marcadas con una triple S, que algunos interpretan como ""United States Space Ship"".

La segunda mitad entra en terreno lunar y marciano: el relato que atribuye a Neil Armstrong un misterioso silencio de dos minutos durante el Apolo 11, con supuestas estructuras observadas en la Luna; el valle oculto de Marte, que la agencia describió como un antiguo lecho de lago; los documentos filtrados por Wikileaks que, según se narra, vinculan a líderes mundiales con la vida extraterrestre; los ex funcionarios que hablaron de ciudades alienígenas en la Luna según un periódico ruso; y el enigmático Apolo 20, una supuesta misión secreta de agosto de 1976 cuyas imágenes aparecieron en internet en el 2007 antes de ser retiradas. Cerramos con los archivos ovni que la CIA publicó en su página web, las promesas de Hillary Clinton de investigar el Área 51 y los avistamientos de las décadas de 1940 y 1950.

Aquí no te decimos qué creer: te presentamos lo que cuentan los investigadores, lo que responde la agencia y los huecos que quedan entre ambas versiones. Tú sacas tus propias conclusiones.

Si te apasionan los misterios del espacio y los expedientes que nadie quiere comentar, suscríbete al canal y activa la campanita para no perderte ningún documental.

#NASA #Ovnis #Misterio","el doqmentalista, documentales de misterio en espanol, secretos de la nasa, que esconde la nasa, apolo 20, apolo 11, ovnis nasa, misterios de la luna, ciudades en la luna, archivos ovni de la cia, area 51, neil armstrong luna, conspiraciones espaciales, misterios del espacio, extraterrestres, avistamientos ovni, teorias de conspiracion, misterios sin resolver"
ctvStmWPiU8,235502,"Demonología: Los Misterios de Abezethibou, El Demonio Perdido en la Biblia",Abezethibou: El Demonio que No Aparece en la Biblia,Testamento de Salomón: El Demonio que Confesó ante el Rey,Abezethibou: La Leyenda del Ángel Caído de una Sola Ala Roja,"Abezethibou, el demonio que no aparece en la Biblia, solo se conoce por un texto apócrifo: el Testamento de Salomón. En esta leyenda de la demonología antigua, un ángel caído de una sola ala roja confiesa sus crímenes ante el rey que, según el relato, convocaba demonios con un anillo mágico que Dios le había otorgado.

Según el Testamento de Salomón, Abezethibou vivía en el primer cielo alabando a Dios, hasta que cayó junto con Belcebú. El relato cuenta que los demás ángeles intentaron sujetarlo por una de sus alas para evitar su caída, pero en lugar de salvarlo se la arrancaron: desde entonces es una criatura desfigurada, de una sola ala de color rojo oscuro, conocida como el demonio del mar. En el inframundo, el texto le atribuye el gobierno del Tártaro, el abismo griego que sirve como mazmorra para castigar a las almas malvadas y como jaula de los titanes desterrados.

Lo más inquietante de esta escritura apócrifa es su versión del Éxodo. El demonio afirma ante Salomón que fue él quien endureció el corazón del faraón contra Moisés, que prestó sus poderes a los magos egipcios que imitaron los milagros del profeta, y que persiguió a los israelitas a través del Mar Rojo, donde quedó atrapado en una columna de aire cuando las aguas se cerraron. La leyenda continúa: otro demonio lo levantó de las profundidades y lo llevó ante el rey Salomón, quien lo condenó a sostener una columna de su templo hasta el final de los días. Antes de quedar atados, los dos demonios dejaron un críptico presagio: el día en que dejen caer el pilar, el mundo entero llegará a su fin. Para algunos, ese pilar suspendido en el cielo podría ser incluso una historia de origen de la Vía Láctea.

El video también explora por qué este relato nunca formó parte del canon: la confesión de Abezethibou contradice a las escrituras cristianas sobre quién endureció realmente el corazón del faraón, y quizá por eso nunca entró en la Biblia.

Si te apasionan la demonología, los ángeles caídos y los textos apócrifos, suscríbete a El DoQmentalista y activa la campana para más documentales de misterio en español.

#Abezethibou #Demonologia #TestamentoDeSalomon","el doqmentalista, documentales de misterio en español, documental paranormal, abezethibou, testamento de salomón, demonología, ángel caído, belcebú, rey salomón, textos apócrifos, demonio del mar rojo, moisés y el faraón, tártaro, demonios de la biblia, misterios bíblicos, ocultismo, ángeles y demonios, libros prohibidos de la biblia, paranormal, misterio"
e74XiKBXX9o,234935,"Los Cementerios Mas Tenebrosos Del Mundo, Panteón Del Terror",Los Cementerios Más Embrujados Del Mundo Donde Los Muertos No Descansan,Cementerios Embrujados Donde Las Cámaras Captaron Algo Imposible,Cementerios Tenebrosos Que Ni Los Investigadores Logran Explicar,"Los cementerios más embrujados del mundo guardan relatos que ponen a prueba hasta al más escéptico. En este recorrido por los cementerios más tenebrosos del planeta visitamos ocho panteones donde, según testigos y leyendas locales, los muertos no descansan en paz.

Comenzamos en el cementerio de Highgate, en Londres, inaugurado en 1839 y célebre por su arquitectura funeraria. En la década de 1970, tras rumores de rituales ocultistas, los periódicos locales recogieron avistamientos de una figura flotante con traje victoriano y ojos rojos ardientes, un relato que desató verdaderas cacerías de vampiros. Cruzamos luego a Estados Unidos, a un cementerio a las afueras de Chicago con su primer entierro registrado en 1844 y el último en 1965, famoso desde 1991 por una fotografía en la que apareció la figura de una mujer sentada sobre una tumba, considerada por muchos una de las imágenes paranormales más convincentes jamás tomadas.

El viaje sigue por un antiguo cementerio escocés del siglo 16, donde la tradición habla de un poltergeist ligado a un abogado apodado el sanguinario, con más de 400 reportes de arañazos, moretones y puntos fríos. Bajamos a las catacumbas de París, en servicio desde 1785, un osario con más de 6 millones de cuerpos donde en 2010 se recuperó una cámara de video que mostraba a un hombre perdido en la oscuridad, un hombre que jamás fue encontrado. También exploramos el cementerio de la Unión en Connecticut, investigado por los famosos esposos Warren; el cementerio de Saint Louis en Nueva Orleans, cerrado al público en 2015; el panteón de Salem, marcado por los juicios de brujas de 1692 y por el relato de un anciano torturado durante dos días que solo pedía más peso; y cerramos en La Noria, Chile, un pueblo minero fundado en 1872 y abandonado, donde las tumbas quedaron abiertas y los vecinos aseguran escuchar voces y pisadas cuando no hay nadie.

Si te apasionan los misterios, lo paranormal y los lugares donde la historia se mezcla con la leyenda, suscríbete al canal de El DoQmentalista y activa la campana para no perderte ningún documental.

#CementeriosEmbrujados #Paranormal #ElDoQmentalista","el doqmentalista, documentales de misterio en español, cementerios embrujados, cementerios más tenebrosos del mundo, cementerio de highgate, vampiro de highgate, catacumbas de parís, cementerio la noria chile, brujas de salem, panteones embrujados, esposos warren, lugares embrujados, fantasmas reales, casos paranormales, leyendas de terror, actividad paranormal, historias de fantasmas, lugares malditos, misterios sin resolver"
2spxNo1ebzw,234925,"3 Jóvenes avistan extraña criatura, 1 de ellos se volvió loco, Videos de terror real Lago Vermilion","La Criatura del Lago: 4 jóvenes la vieron, uno terminó en terapia","Mujer del Lago: si ves una cabeza flotando en el agua, huye",¿Qué vio Ryan por la ventana? El relato del lago de Minnesota,"La criatura del lago de Minnesota protagoniza uno de los relatos de terror más inquietantes que hemos narrado en el canal. Una cabaña aislada en una isla, una cabeza flotando en el agua y un joven que nunca volvió a ser el mismo: esto fue lo que, según el relato, vivieron cuatro amigos durante unas vacaciones de verano.

El relato cuenta que Kevin, Ryan, Tommy y el narrador pasaban cada verano en una cabaña remota, situada en una gran isla en medio de un lago en los bosques de Minnesota, a la que solo se llegaba cruzando cerca de media milla en bote. En la tercera noche del viaje, junto a una fogata a orillas del lago y bajo la luna llena, escucharon una salpicadura y vieron algo en medio del agua: la cabeza de una mujer de piel blanca pálida y largo cabello negro, inmóvil sobre la superficie, mirándolos fijamente. Intentaron convencerse de que era un ave nocturna o un tronco, pero una hora después aquello estaba mucho más cerca del muelle, rígido como una tabla y sin generar una sola onda en el agua.

Esa misma noche, ya dentro de la cabaña, el narrador asegura haber escuchado pisadas descalzas y mojadas rondando la casa. De pronto Ryan entró corriendo a la habitación exigiendo que se fueran: había visto un rostro espiando desde la esquina superior de su ventana, cabello negro colgando, piel blanca como la de un fantasma y un gran ojo mirándolo fijamente. Para asomarse a esa altura, calcularon, la figura debía medir casi ocho pies o flotar en el aire. Al huir hacia el bote encontraron huellas de pies descalzos y mojados en la tierra. Días después, según se narra, el padre de uno de ellos volvió a la cabaña: no vio nada fuera de lo normal, pero confirmó que había huellas desnudas y húmedas alrededor de la casa.

El relato termina con Ryan sufriendo una crisis nerviosa: necesitó terapia y píldoras para poder dormir, y hasta el día de hoy no descansa si las cortinas de su ventana no están completamente cerradas. Nadie ha podido explicar qué era aquello que los observaba desde el agua. ¿Un ave nocturna, una mala pasada de la mente o algo que todavía habita ese lago?

Si te apasionan los relatos de terror y los misterios sin resolver, suscríbete a El DoQmentalista y activa la campanita para no perderte el próximo caso.

#RelatosDeTerror #CriaturaDelLago #ElDoQmentalista","el doqmentalista, documentales de misterio en español, criatura del lago, mujer del lago, relatos de terror reales, lago de minnesota, cabaña en el bosque, terror en español, criptidos, avistamientos paranormales, historias de terror, casos paranormales, misterio y terror, leyendas de lagos, seres extraños, videos de terror, paranormal en español, historias reales de miedo"
-0Sj2bYCB58,234865,"Misterios: La Biblia Está Mal, ¿Qué Dijo Jesús Realmente Sobre Esto?",Antiguo Testamento vs Jesús: 6 Enseñanzas que Rompieron las Reglas,¿Jesús Contra la Biblia? Los 6 Versículos que Nadie Quiere Comparar,Antiguo Testamento vs Jesús: 6 Enseñanzas que Rompieron las Reglas,"¿Jesús contradijo el Antiguo Testamento? En este documental abrimos la Biblia y comparamos, versículo contra versículo, seis momentos en los que las enseñanzas de Jesús chocan de frente con las leyes que su propio pueblo consideraba sagradas.

Empezamos con la ley del talión, ese principio de justicia equilibrada resumido en el famoso ""ojo por ojo, diente por diente"" de Éxodo 21:24, pensado según se explica en el video para frenar la venganza desmedida entre los antiguos judíos. Frente a eso, en el Sermón del Monte, Jesús propone algo radicalmente distinto: no resistir al malo y ofrecer la otra mejilla, como se lee en Mateo 5:38 al 39. Seguimos con la pureza ritual de Levítico 11, ese manual detallado de alimentos permitidos y prohibidos, contrastado con la enseñanza del evangelio de Marcos donde Jesús afirma que no es lo que entra por la boca lo que hace impuro al hombre, sino lo que sale de su corazón.

El recorrido continúa con los sacrificios de animales del libro de Levítico frente al sacrificio espiritual que plantea la carta a los Hebreos; con el estigma de los leprosos en Levítico 13 frente a un Jesús que se sienta a comer con pecadores y marginados en Lucas 5:29 al 32; con el sistema de sacerdotes e intermediarios del libro del Éxodo frente al ""Yo soy el camino, la verdad y la vida"" del evangelio de Juan; y cerramos con la imagen de un Dios celoso y vengativo en el libro de Nahúm, contrastada con el padre amoroso de la parábola del hijo pródigo en el evangelio de Lucas. Seis comparaciones, todas con sus argumentos bíblicos sobre la mesa, para que tomes tu propia Biblia y saques tus propias conclusiones.

Si te apasionan los misterios de la Biblia, los enigmas de la historia sagrada y los documentales que se atreven a hacer las preguntas incómodas, suscríbete al canal y activa la campanita para no perderte ningún episodio de El DoQmentalista.

#Jesus #Biblia #AntiguoTestamento","el doqmentalista, documentales de misterio en español, documental biblico, jesus contradijo el antiguo testamento, jesus y la biblia, enseñanzas de jesus, sermon del monte, ley del talion, ojo por ojo diente por diente, parabola del hijo prodigo, antiguo testamento vs nuevo testamento, versiculos biblicos explicados, misterios de la biblia, biblia explicada, historia del cristianismo, evangelios, religion y misterio, enigmas biblicos"
V4FH8aP0gfU,234283,"Los Cinco libros Mágicos MAS PELIGROSOS que existen, hechizos y encantamientos",Grimorios reales: el archivo oculto de los 5 libros más temidos del ocultismo,Grimorios reales: el archivo oculto de los 5 libros más temidos del ocultismo,Libros malditos reales que el tiempo no logró destruir,"Existen libros de magia tan temidos que durante siglos solo circularon entre sociedades secretas y organizaciones ocultistas. Estos grimorios, manuales de hechizos, conjuros y rituales, sobrevivieron hasta bien entrado el siglo veinte, y hoy abrimos sus páginas para conocer los cinco más peligrosos que existen.

El recorrido comienza con el libro de Abramelin el mago, escrito como una novela epistolar por un judío alemán que, según se cree, vivió entre los siglos catorce y quince. El relato cuenta que Abraham viajó a Maguncia para estudiar con un rabino llamado Moisés y que, tras años de camino, llegó a Egipto, donde habría conocido a Abramelin. Su ritual más famoso, la llamada operación Abramelin, prometía al practicante obtener el conocimiento y la conversación de su ángel de la guarda. Ese manuscrito fue utilizado después por la Orden Hermética de la Aurora Dorada y por el sistema místico de Thelema de Aleister Crowley.

También examinamos el Ars Notoria, la parte más antigua de las llaves menores de Salomón, que data del siglo trece y reúne oraciones y plegarias en hebreo, griego y latín que, según se dice, otorgaban una memoria perfecta a quienes practicaban las artes liberales. Sigue la Pseudomonarchia Daemonum, la falsa jerarquía de los demonios, un compendio del siglo dieciséis vinculado a Johann Weyer que enumera los nombres de 69 demonios. Luego llega el Picatrix, un antiguo libro árabe de astrología y magia oculta del siglo diez, traducido más tarde al latín para el rey castellano Alfonso el Sabio, célebre por la naturaleza obscena de sus recetas, brebajes con sangre, opio y plantas psicoactivas que, según el texto, podían alterar la conciencia e incluso conducir a la muerte. Cerramos con el Arbatel, un grimorio renacentista que, se dice, fue escrito en 1575 y que, a diferencia de los demás, ofrece consejos espirituales para vivir una vida honesta y honorable.

Cinco libros, cinco puertas a un conocimiento que muchos consideraron demasiado peligroso para el mundo. Tú decides si te atreves a mirar dentro.

Si te apasionan los misterios del ocultismo y los enigmas de la historia, suscríbete al canal y activa la campana para no perderte ningún documental.

#grimorios #ocultismo #misterio","el doqmentalista, documentales de misterio en espanol, grimorios, libros de magia, libros malditos, libro de abramelin, ars notoria, picatrix, pseudomonarchia daemonum, arbatel, llaves menores de salomon, hechizos y conjuros, ocultismo, magia antigua, aleister crowley, demonologia, sociedades secretas, misterios y enigmas, paranormal"
x4cQKZ_jVBM,233502,Documental: 7 LUGARES MALDITOS MÁS TERRORÍFICOS DEL MUNDO - Documentales en Español,7 Lugares Malditos Reales: Escucha Esto Antes de Visitarlos,Isla de las Muñecas y 6 Lugares Malditos: No Entres de Noche,Lugares Embrujados: 7 Sitios que Nadie Ha Podido Explicar,"¿Existen lugares malditos donde la realidad supera cualquier pesadilla? En este documental recorremos los 7 lugares malditos más terroríficos del mundo, sitios reales cuyas leyendas siguen helando la sangre de quienes se atreven a visitarlos.

El viaje comienza en la Casa Winchester de San José, California, la mansión de 160 habitaciones que Sarah Winchester, viuda del magnate de armas William Winchester, construyó, según el relato, para confundir a los espíritus de las víctimas de los rifles de su familia: escaleras que no llevan a ninguna parte y puertas que se abren al vacío. Seguimos hacia el bosque de Aokigahara, a los pies del monte Fuji en Japón, donde la tradición cuenta que las almas en pena vagan entre árboles que ahogan todo sonido. Y en la laguna de Venecia, la isla de Poveglia carga con la memoria de la peste negra y de un hospital psiquiátrico del siglo veinte del que se rumorean experimentos atroces.

El recorrido continúa en el castillo de Bran, en los Cárpatos de Rumanía, asociado por la leyenda a Vlad el Empalador, la figura que habría inspirado al conde Drácula. En Kentucky, el sanatorio de Waverly Hills, construido en 1910 para pacientes con tuberculosis, esconde el llamado túnel de la muerte, el pasadizo subterráneo por donde se trasladaban los cuerpos de los fallecidos. En Londres, el cementerio de Highgate, fundado en 1839, fue escenario de una ola de histeria por un supuesto vampiro que nunca fue comprobado. Y cerramos en México, en la isla de las muñecas de Xochimilco, donde Don Julián Santana colgó muñecas de los árboles para protegerse de los espíritus malignos, hasta su misteriosa muerte.

Cada historia se narra tal como la cuentan las leyendas y los testimonios de los visitantes: sombras que se deslizan por las paredes, susurros, objetos que se mueven solos y esa sensación de ser observado que nadie ha logrado apagar del todo. Tú decides dónde termina el relato y dónde empieza lo inexplicable.

Si te apasionan el misterio y los enigmas de nuestro mundo, suscríbete al canal y acompáñame a seguir explorando lo desconocido.

#LugaresMalditos #Misterio #Paranormal","el doqmentalista, documentales de misterio en español, documental paranormal, lugares malditos, lugares embrujados, casa winchester, isla de las muñecas xochimilco, bosque aokigahara, isla poveglia, castillo de bran, sanatorio waverly hills, cementerio de highgate, leyendas urbanas, sitios paranormales, fantasmas, misterios sin resolver, terror real, casas embrujadas"
olT8-AfjLeg,233387,Lucifer y Satanás: Dos Entidades Distintas - Documentales Interesantes - El DoQmentalista,Lucifer y Satanás: la Biblia nunca dijo que fueran el mismo,¿Quién es Lucifer y quién es Satanás? No son la misma entidad,"Lucifer no es Satanás: Isaías 14:12 hablaba de un rey, no de un ángel","¿Lucifer y Satanás son el mismo ser? Este documental analiza por qué, según las escrituras y las tradiciones que las interpretaron, se trata de dos entidades distintas que la cultura popular terminó fusionando en una sola.

El recorrido comienza en la Vulgata latina, la traducción de la Biblia realizada por San Jerónimo, donde el término Lucifer —que significa ""portador de luz"" y designaba al lucero del alba, el planeta Venus— aparece una sola vez, en Isaías 14:12. Ese pasaje, sin embargo, se refería originalmente a la caída de un rey babilonio, no de un ángel. Fueron interpretaciones posteriores de algunos padres de la Iglesia las que lo identificaron con el diablo, una fusión que se consolidó en la Edad Media con la Divina Comedia de Dante y El Paraíso Perdido de Milton, y a la que textos apócrifos como el Libro de Enoc añadieron todavía más capas de confusión.

Satanás, en cambio, viene del hebreo satán, que significa ""adversario"". En sus primeras apariciones bíblicas no es una entidad demoníaca sino un rol: el acusador en la corte celestial que pone a prueba la fe y la integridad de los humanos, como ocurre en el Libro de Job. El video también recorre las lecturas esotéricas: la tradición cabalística asocia a Lucifer con Daat, la sefirá oculta del conocimiento en el árbol de la vida, mientras que relaciona a Satanás con las qlifot, las ""cáscaras"" o fuerzas impuras de la creación. Se menciona además Ezequiel 28, el pasaje del querubín protector que hablaba del rey de Tiro y que interpretaciones posteriores fusionaron con la figura de Lucifer.

Un análisis serio y documentado para entender de dónde nace una de las confusiones más antiguas de la teología, qué dicen realmente los textos y por qué conviene no simplificar la identidad de estas dos enigmáticas figuras.

Si te apasionan los misterios de la Biblia, el ocultismo y las tradiciones esotéricas, suscríbete al canal de El DoQmentalista para no perderte los próximos documentales.

#LuciferYSatanas #Misterio #Ocultismo","el doqmentalista, documentales de misterio en español, lucifer y satanas, quien es lucifer, quien es satanas, lucifer portador de luz, isaias 14 12, satanas adversario, angel caido, libro de enoc, cabala, arbol de la vida, qlifot, libro de job, ocultismo, demonologia, misterios de la biblia, documental en español"
sPBNpmPfzYo,232965,"La escalofriante historia de Peter Stumpp, Un Hombre Lobo En Alemania, El DoQmentalista",El hombre lobo de Alemania era algo mucho peor que un monstruo,Peter Stumpp: el folleto de 1590 que narró sus crímenes y desapareció,El juicio del hombre lobo que Alemania prefirió olvidar,"El hombre lobo de Alemania tiene nombre y apellido: Peter Stumpp, un rico granjero del siglo dieciséis cuyo caso quedó registrado en documentos de su propia época. Esta es la historia del juicio por licantropía más brutal que se recuerda en Europa, y de la pregunta incómoda que se esconde detrás de él.

La fuente principal de este relato es un folleto de dieciséis páginas publicado en Londres en 1590 y redescubierto en 1920 por un ocultista. Según ese documento, Stumpp nació a mediados del siglo dieciséis en una aldea del electorado de Colonia, y el relato cuenta que le faltaba la mano izquierda: en la tradición germánica se sostenía que si a un hombre lobo se le cortaba la pata delantera izquierda, la misma herida aparecería en su forma humana. En 1589 fue detenido y acusado de ser un insaciable bebedor de sangre. Bajo tortura, confesó haber asesinado y devorado a catorce niños y dos mujeres embarazadas, practicar magia negra desde los doce años y haber recibido del diablo un cinturón mágico que le permitía transformarse en lobo. Ese cinturón, por cierto, jamás apareció: la búsqueda en su granja no encontró nada.

El 31 de octubre de 1589 fue ejecutado de forma extraordinariamente violenta: atado a una rueda de madera, desgarrado con tenazas al rojo vivo, con los miembros quebrados, decapitado y quemado en una pira. Su hija y su amante fueron ejecutadas junto a él. Pero hay un detalle que no encaja: los documentos de la época describen a la aristocracia, incluido el nuevo arzobispo y elector de Colonia, presenciando la ejecución, algo insólito en juicios tan habituales. El video explora la hipótesis de que, en plena guerra entre católicos y protestantes en el electorado de Colonia, el caso Stumpp pudo haber sido un espectáculo público montado por la élite: un truco de relaciones públicas de una crueldad nunca igualada, con el hombre lobo como arquetipo de la oscuridad espiritual que había que aplastar.

¿Monstruo real o chivo expiatorio de una guerra religiosa? Escucha el relato completo y decide tú mismo.

Si te apasionan los casos históricos de misterio narrados con documentos de la época, suscríbete a El DoQmentalista y activa la campanita para no perderte ningún episodio.

#PeterStumpp #HombreLobo #Misterio","el doqmentalista, documentales de misterio en espanol, documentalista, peter stumpp, hombre lobo de alemania, hombre lobo real, licantropia, juicio por licantropia, electorado de colonia, folleto de 1590, ejecucion medieval, casos historicos de terror, leyendas europeas, misterios sin resolver, historia oscura, criptidos, terror historico, ocultismo, siglo xvi"
4us_deK6ldE,230194,Entrevista: MAGIA Y VELAS: UN OCULTISTA REVELA SUS SECRETOS - Documentales interesantes,Magia con velas: entrevisté a un brujo y esto fue lo que me reveló,Señales de brujería: un ocultista advierte cómo detectarlas,Exorcismo improvisado: el caso que este brujo no pudo terminar,"¿Puede la magia con velas cambiar una vida o destruirla? En esta entrevista, un practicante de la magia con velas responde sin rodeos y comparte lo que ha visto en años de consultas.

Nuestro invitado es Emperador Vela, creador de contenido, ocultista y practicante de brujería, a quien El DoQmentalista conoció en persona en una librería de ocultismo de la Ciudad de México. Hijo de una madre bruja, cuenta que lleva 13 años en esta práctica y que su primer ritual lo hizo con una vela blanca dedicada a Hermes para pedir inteligencia, una experiencia que, según relata, lo transformó por completo. Para él, el poder de las velas está en el fuego: una fuerza de transmutación que conecta el fuego físico con el fuego interno de cada persona.

En la conversación explica cómo, según su experiencia en consultas, se puede sospechar de un ataque de brujería: desinterés repentino por las cosas, pérdida de peso, dolores de cabeza constantes durante la noche y los llamados piquetes. También advierte sobre los brujos imaginarios: personas que se sugestionan tanto que terminan provocándose su propia brujería. Habla de las maldiciones, del karma que según él pagan quienes usan la magia para dañar, y comparte el caso que más lo marcó: una limpia que se convirtió en un exorcismo improvisado, con una persona con los ojos en blanco y espuma en la boca, al que respondió colocándole una medalla de plata en el pecho antes de reconocer que la situación lo superaba y recomendar buscar a un exorcista.

Además, regala un ritual de protección paso a paso: una vela negra o blanca cargada bajo el sol a las 12:30 del mediodía, colocada sobre papel aluminio y con una runa en forma de rayo trazada en la cera, pensado para contrarrestar energías negativas, nunca para atacar. Y cuenta por qué, según la tradición que él practica, la cebolla y el ajo funcionan como plantas exorcistas capaces de limpiar un hogar.

Si te apasionan el ocultismo, los rituales y los misterios del mundo espiritual, suscríbete al canal de El DoQmentalista para más entrevistas y documentales de misterio en español.

#MagiaConVelas #Brujeria #Ocultismo","el doqmentalista, documentales de misterio en español, entrevistas de misterio, magia con velas, brujería, rituales con velas, emperador vela, ocultismo, exorcismo, maldiciones, limpias espirituales, protección espiritual, señales de brujería, paranormal, esoterismo, mundo espiritual, energías negativas, tarot"
djL7pvH82qo,225222,LOS SECRETOS De La Última Cena De Jesús - Documentales en Español,La Última Cena de Jesús: ¿Qué Ocultan el Pan y el Vino?,La Última Cena de Jesús: La Maldición Que Rodea Sus Reliquias,La Última Cena de Jesús y el Enigma Esenio Que Pocos Recuerdan,"¿Qué ocultan realmente el pan y el vino de la Última Cena de Jesús? Este documental explora los enigmas que rodean la comida más famosa de la historia y las teorías que la señalan como algo más que una simple cena de despedida.

Viajamos primero al contexto histórico: la Judea bajo el dominio del Imperio Romano, una Jerusalén en plena tensión política y social, y un predicador cuyo mensaje de amor y esperanza ganaba seguidores mientras incomodaba a las autoridades religiosas y políticas de la época. En ese escenario se celebró la reunión que marcaría el inicio del cristianismo tal como lo conocemos hoy.

El video repasa las teorías que algunos estudiosos e investigadores han propuesto sobre el simbolismo del pan y el vino: según estas hipótesis, ambos elementos podrían tener raíces en antiguos rituales precristianos, en cultos de fertilidad y en ceremonias donde el vino servía para alcanzar estados de éxtasis o trance. También se narra la teoría de que Jesús pudo haber tenido relación con los esenios, aquella comunidad de vida ascética que compartía pan y vino en ceremonias como la cena de los ágapes, aunque el propio relato recuerda que esta idea sigue siendo especulativa y no cuenta con evidencia histórica sólida que la respalde. Incluso se menciona la teoría que conecta a algunos apóstoles, incluido Judas, con la alquimia y prácticas ocultas.

Y luego está la leyenda más inquietante: la supuesta maldición que perseguiría a quienes profanan objetos relacionados con la Última Cena. Según estos relatos, quienes robaron o maltrataron esas reliquias, desde los clavos de la cruz hasta supuestas partes de la barba de Jesús, habrían sufrido pesadillas terribles, enfermedades inexplicables y muertes en circunstancias extrañas. ¿Realidad o leyenda urbana? Cada quien debe decidir por sí mismo.

Más allá de teorías y especulaciones, la Última Cena sigue representando para millones de creyentes el sacrificio de Jesús y su amor incondicional por la humanidad, un recordatorio de la fe y la comunión en la vida espiritual.

Si te apasionan los misterios de la historia y de la fe, suscríbete a El DoQmentalista y activa la campanita para seguir explorando lo desconocido.

#UltimaCena #MisteriosBiblicos #Documental","el doqmentalista, documentales de misterio en español, documentales en español, ultima cena de jesus, secretos de la ultima cena, pan y vino significado, esenios, maldicion de reliquias, simbolos de la ultima cena, jesus de nazaret, misterios biblicos, misterios de la biblia, historia del cristianismo, enigmas religiosos, documental de misterio, sociedades secretas, ocultismo, leyendas y misterios"
ApIMPpcfphQ,224278,"Evidencias Físicas De La Biblia: Jesucristo, El gran Diluvio y el Rey Salomón ¿Existieron?",Las Pruebas Físicas de la Biblia Que Todavía Podemos Tocar,Evidencias de la Biblia Que los Escépticos No Pueden Negar,"¿Jesús, el Rey Salomón y el Diluvio Existieron? La Arqueología Responde","¿Existen evidencias físicas de la Biblia? Durante años los escépticos han dudado de que sus personajes y relatos fueran reales, pero este documental repasa los hallazgos arqueológicos que, según se narra, apuntan a que el rey David, el rey Salomón e incluso el gran diluvio dejaron huellas que todavía podemos tocar.

El recorrido comienza con las diez plagas de Egipto: el video expone cómo los científicos han propuesto que una sequía volvió fangoso el río Nilo, que un alga de agua dulce pudo darle al agua un aspecto rojo, y que la erupción de un volcán en Santorini, a 400 millas de distancia, explicaría el granizo ardiente, las langostas y la oscuridad de las últimas plagas. También se narra el caso de la torre de Babel, que muchos vinculan con alguno de los casi 30 zigurats descubiertos en la antigua Babilonia, aunque todavía no hay pruebas que la conecten con uno en concreto.

Sobre Jesucristo, el documental cita los escritos del historiador judío Flavio Josefo, redactados solo décadas después de su muerte, además de las reliquias que muchos afirman conservar, como la sábana santa y los clavos de la crucifixión. Respecto al gran diluvio, se presenta la enorme inundación que, según los estudios citados en el video, barrió el mar Negro hace más de 7000 años, sumergiendo 160 mil kilómetros cuadrados de tierra y elevando el nivel del mar más de 30 metros alrededor del año 5600 antes de Cristo, un evento que otras culturas también parecen recordar en relatos como la epopeya babilónica de Gilgamesh.

El cierre llega con dos piezas clave: la estela de Tel Dan, un fragmento de basalto cuya inscripción menciona la casa de David y que, según se explica, confirma que su dinastía gobernó mil años antes del nacimiento de Jesús, y la muralla del rey Salomón hallada en Jerusalén, de 230 pies de largo y 20 pies de alto, con cerámica que data de la segunda mitad del siglo 10 antes de Cristo, justo cuando la Biblia dice que Salomón gobernaba.

Si te apasionan los misterios de la historia y la arqueología bíblica, suscríbete al canal y activa las notificaciones para no perderte los próximos documentales.

#ArqueologiaBiblica #MisteriosDeLaBiblia #ElDoQmentalista","el doqmentalista, documentales de misterio en español, documentales en español, evidencias físicas de la biblia, arqueología bíblica, pruebas de la biblia, estela de tel dan, muralla del rey salomón, gran diluvio universal, arca de noé, torre de babel, plagas de egipto, flavio josefo, rey david, rey salomón, jesucristo historia, misterios de la biblia, hallazgos arqueológicos, historia antigua, enigmas y misterios"
l7eqjVfRIZ8,224193,La leyenda de Cantona y el diablo - Documentales en Español,La leyenda de Cantuña: el indígena que engañó al diablo en Quito,Iglesia de San Francisco de Quito: el pacto con el diablo que pocos recuerdan,Cantuña y el diablo: una sola piedra bastó para salvar su alma,"La leyenda de Cantuña y el diablo es uno de los relatos más fascinantes que se cuentan en Quito, la capital de Ecuador. Según esta historia de tiempos de la colonia, un solo hombre se atrevió a pactar con el diablo… y logró engañarlo.

El relato cuenta que Francisco Cantuña era un indígena muy famoso en el Quito colonial, descendiente directo del gran guerrero Rumiñahui y reconocido como un excelente constructor. Los padres franciscanos le encomendaron levantar la iglesia de San Francisco con una condición: la obra debía estar lista en exactamente seis meses. Si lo lograba, recibiría una cuantiosa suma de dinero, joyas y lingotes de oro; si fallaba, solo le pagarían el material usado. Cantuña aceptó, pero con el paso de los meses sus trabajadores enfermaron misteriosamente, otros renunciaron y, a un solo día del plazo, todavía faltaban el atrio y las torres.

Fue entonces, según la leyenda, cuando el diablo se le apareció dentro de la iglesia y le ofreció terminar la construcción antes de que llegara el nuevo día, a cambio de su alma. Cantuña aceptó con una condición: que se colocara absolutamente hasta la última piedra. Esa misma noche, narra la tradición, una orquesta de diablillos fornidos y demonios alados trabajó sin cesar y culminó la obra antes de la medianoche. Pero cuando el diablo se presentó a cobrar, el astuto indígena le mostró que faltaba una piedra en el atrio: él mismo la había sacado y escondido sigilosamente. El trato quedó incumplido, Cantuña salvó su alma y el diablo, sintiéndose burlado, se refugió en los infiernos sin llevarse su paga.

La iglesia de San Francisco se conserva hasta hoy en la capital de Ecuador, infranqueable ante el paso del tiempo y orgullo perpetuo de los quiteños y de todos los ecuatorianos. En este documental narrado en español te contamos el relato completo, tal como lo ha transmitido la tradición ecuatoriana de generación en generación.

Si te apasionan las leyendas, el misterio y las historias que mezclan fe y oscuridad, suscríbete a El DoQmentalista y activa la campanita para no perderte ningún documental.

#LeyendaDeCantuña #MisteriosDeEcuador #Documentales","el doqmentalista, documentales de misterio en español, documentales en español, leyenda de cantuña, cantuña y el diablo, iglesia de san francisco quito, leyendas de ecuador, leyendas de quito, pacto con el diablo, francisco cantuña, rumiñahui, leyendas coloniales, leyendas latinoamericanas, mitos y leyendas, relatos de misterio, historias de la colonia, el diablo, misterios sin resolver"
kH_sBmkxowk,222598,"Guerreros Aztecas, VIDEOS DE MITOLOGÍA",Guerreros Aztecas: el brutal camino de soldado a emperador,Guerreros Águila y Jaguar: la élite que la historia olvidó,"Guerreros Aztecas: rangos, armas y sacrificios del imperio","Los guerreros aztecas no eran una horda peleando sin sentido: eran un ejército con jerarquía, logística y rangos que se ganaban con sangre. En este documental recorremos a los guerreros aztecas rango por rango, desde la carne de cañón hasta el emperador.

Según sus tradiciones, los aztecas daban sangre para asegurarse de que el sol volviera a salir cada día, y la guerra era la forma de conseguir prisioneros para esos rituales. Por eso capturar enemigos vivos valía más que matarlos: los llevaban ante su gobernante, quien decidía si eran sacrificados en ceremonias o esclavizados. Y entre más prisioneros tomaba un guerrero, más cerca estaba de convertirse en un prestigioso guerrero águila o jaguar, un ascenso al que incluso las clases bajas podían aspirar si se probaban en batalla.

Los guerreros águila eran los exploradores del ejército: entrenados para soportar grandes caminatas, hambre y dormir bajo la lluvia, se internaban en territorio enemigo como los ojos y oídos del imperio, con cascos adornados con plumas y cabezas de águila. Los guerreros jaguar eran la fuerza bruta, tropas de combate de tiempo completo que llevaban pieles de jaguar sobre la cabeza; existen creencias que sugieren que debían cazar un jaguar con sus propias manos para ganarse esa vestimenta de élite. El video también repasa a los otomíes, cuyo nombre en náhuatl significa ""el que camina con flechas"": según las evidencias que se citan, se especula que eran otro pueblo aliado de los aztecas, feroz en la lucha, hasta la llegada de los españoles. Y queda el rango más respetado de todos: tropas de choque de cabeza rapada con una sola trenza larga, rostro pintado con colores vivos, que juraban no dar jamás un paso atrás en el campo de batalla.

También verás cómo peleaban: señales de humo antes del combate, escaramuzas a distancia con piedras, flechas y dardos, lanzas de madera con puntas de roca afilada, eslingas para catapultar piedras y mazas con filos de piedra para el cuerpo a cuerpo, con escudos adornados de plumas. Y una regla que lo explica todo: todos los gobernantes aztecas comenzaron su carrera como guerreros. Para reinar en ese mundo, primero había que demostrar ser digno en la batalla.

Suscríbete a El DoQmentalista para más documentales de misterio e historia en español.

#GuerrerosAztecas #ImperioAzteca #ElDoQmentalista","el doqmentalista, documentales de misterio en espanol, el documentalista, guerreros aztecas, guerreros aguila, guerreros jaguar, ejercito azteca, imperio azteca, sacrificios aztecas, otomies, armas aztecas, cultura azteca, mitologia azteca, historia de mexico, culturas prehispanicas, civilizaciones antiguas, mitologia mexicana, documentales en espanol, misterios de la historia"
IlvcGojx56c,221680,Religión: 7 misterios oscuros sobre la relación entre Jehová y Satanás,Jehová y Satanás conversaron y el libro de Job lo registró,Jehová y el demiurgo: la teoría gnóstica que el tiempo olvidó,¿Por qué Jehová parece otro Dios en el Antiguo Testamento?,"Jehová y Satanás aparecen conversando en el libro de Job, y esa escena es el punto de partida de uno de los debates teológicos más incómodos. En este documental exploramos la teoría, tan controversial como cautivadora, que ciertos círculos teológicos y esotéricos han discutido durante siglos: la posible conexión oculta entre estas dos figuras centrales de la cosmogonía judeocristiana.

El recorrido comienza por la etimología. Según se explica en el video, Satanás proviene del hebreo Ha-satán, que significa el adversario o el acusador: originalmente no era un nombre propio, sino un título, una función dentro de la corte celestial encargada de poner a prueba la fe de los humanos. Jehová, por su parte, surge del tetragrámaton combinado con las vocales de Adonai, un intento de los traductores por hacer pronunciable el nombre impronunciable de Dios. A esto se suman las múltiples denominaciones divinas: El Shaddai, Elohim, Adonai, cada una reflejo de una faceta distinta de lo sagrado.

Después llega el análisis bíblico que alimenta la controversia. El video repasa los pasajes que algunos intérpretes leen con ojos críticos: el diluvio universal en Génesis 6:5-7, la destrucción de Sodoma y Gomorra en Génesis 19:24-25, las diez plagas de Egipto en Éxodo 7 al 12, la orden de sacrificar a Isaac en Génesis 22:1-2 y las guerras de Canaán en Josué 6:17-21. También se examina la teoría gnóstica del demiurgo, ese creador imperfecto que algunas corrientes asocian con el Dios del Antiguo Testamento, y el contraste con las enseñanzas de amor, perdón y misericordia de Jesús en el Nuevo Testamento, como cuando impidió la lapidación de la mujer acusada de adulterio.

Es crucial aclararlo: este documental no afirma hechos ni pretende dar respuestas definitivas. Presenta interpretaciones, hipótesis y debates que estudiosos y tradiciones han sostenido a lo largo de la historia, y te invita a reflexionar sobre cómo las palabras, los contextos y las épocas moldean nuestra comprensión de lo divino.

Si te fascinan los misterios de la Biblia, la teología y lo oculto, suscríbete al canal y activa la campanita para no perderte los próximos documentales de El DoQmentalista.

#Jehova #Satanas #MisteriosBiblicos","el doqmentalista, documentales de misterio en espanol, misterios biblicos, jehova y satanas, libro de job, tetragramaton, demiurgo gnostico, gnosticismo, antiguo testamento, nuevo testamento, ha satan significado, nombres de dios, teorias biblicas, misterios de la biblia, ocultismo, teologia, religion documental, enigmas religiosos, historia de la biblia"
GDoJx2J1aa0,221579,Sobrenatural: Explorando los secretos del demonio más malvado de todos,Jerarquía demoníaca: el demonio más malvado no es el que crees,Exorcismos: el poder entre demonios que nadie logra explicar,Ángeles caídos: las nueve jerarquías que casi nadie recuerda,"La jerarquía demoníaca es uno de los temas más inquietantes de la demonología, y este documental la explora a fondo: ¿existe realmente un orden entre los demonios, y es el más poderoso también el más malvado? La respuesta que ofrece el relato es mucho más perturbadora de lo que parece.

Todo comienza con la gran lucha en los cielos que narra el libro del Apocalipsis: Miguel y sus ángeles combatiendo contra el dragón, la serpiente antigua llamada diablo, que fue expulsado a la tierra junto con sus ángeles. Según explica el documental, la raíz de aquella rebelión fue la soberbia, pero de esa raíz nacieron otros pecados: hay demonios que pecan más de ira, otros de egolatría, otros de desesperación. Cada demonio, se afirma, tiene su propia psicología: los hay locuaces y los hay despectivos. La tradición que cita el video habla de nueve jerarquías o coros de ángeles, y de cada una de ellas cayeron ángeles que se transformaron en demonios, conservando intacto su poder y su inteligencia.

Aquí llega el punto más escalofriante del relato: según los testimonios de exorcismos que recoge el documental, un demonio superior puede obligar a uno inferior a no salir de un cuerpo durante un exorcismo, aunque el inferior sufra y quiera salir. Cómo un espíritu puede forzar a otro siendo ambos intangibles es algo que, se reconoce, escapa a nuestra comprensión. Y contra toda lógica, la narración sostiene que no hay relación entre jerarquía y maldad: un demonio de la última jerarquía pudo volverse más perverso que uno superior, igual que entre los hombres alguien sin poder puede ser más cruel que un dictador. El documental cierra con una reflexión sobre la tentación: la mayor parte no procede del demonio sino de nosotros mismos, y recuerda la promesa bíblica de que nadie será tentado más allá de sus fuerzas, resumida en el viejo dicho: Dios aprieta pero no ahoga.

Si te apasionan los misterios del bien y del mal contados con seriedad documental, suscríbete a El DoQmentalista y activa la campanita para no perderte ningún episodio.

#JerarquiaDemoniaca #AngelesCaidos #ElDoQmentalista","el doqmentalista, documentales de misterio en español, documental en español, jerarquía demoníaca, demonios, ángeles caídos, exorcismos, el demonio más malvado, nueve jerarquías de ángeles, maldad de los demonios, coros angelicales, tentación, apocalipsis, ángeles y demonios, demonología, misterio, ocultismo, paranormal, teología, satanás"
ZwfKHfwYZGo,221103,Brujería en México: Magia Oscura y Prohibida - El DoQmentalista,Brujería en México: el conocimiento que la Inquisición no pudo borrar,Brujería en México: los rituales que solo conocen los iniciados,Brujería en México: ¿por qué el culto a la Santa Muerte sigue creciendo?,"La brujería en México no murió con la Inquisición: se escondió, se transformó y sigue viva. Este documental recorre siglos de magia, persecución y sincretismo para entender por qué la brujería en México sigue marcando la identidad de todo un país.

Desde tiempos prehispánicos, las culturas indígenas practicaron el chamanismo: los llamados nahuales eran considerados intermediarios entre el mundo humano y el espiritual, con conocimiento de plantas medicinales y rituales de sanación. Según algunas historias, incluso poseían la habilidad de cambiar de forma. Con la llegada de los españoles y la imposición del catolicismo, estas prácticas fueron condenadas como herejía: la Inquisición llevó a cabo juicios contra acusados de brujería y hechicería, con torturas, confesiones forzadas y castigos severos. Sin embargo, en lugares remotos los brujos y curanderos siguieron ofreciendo sus servicios en secreto, y sus saberes se fusionaron con las creencias católicas.

Ese sincretismo late hoy en regiones como Veracruz y Oaxaca, donde curanderos realizan limpias con hierbas, huevos, incienso y oraciones para retirar energías negativas. También en el culto a la Santa Muerte, la figura esquelética invocada para protección y bendiciones por quienes se sienten marginados de la iglesia oficial, y en devociones populares como la de Maximón, presente en Guatemala y México. El video repasa además la leyenda de La Llorona, la mujer que según el relato ahogó a sus hijos y vaga llorando por ellos, y que algunos interpretan como eco de antiguas deidades acuáticas. Y cita los controvertidos escritos de Carlos Castaneda sobre Don Juan Matus, el chamán yaqui que, según esos relatos, le habría revelado técnicas para alterar la conciencia.

¿Leyendas, fe o conocimiento oculto transmitido de generación en generación? Entre la fascinación y el escepticismo, la brujería mexicana sigue ofreciendo respuestas a quienes las buscan fuera de las instituciones.

Si te apasionan los misterios documentados con seriedad, suscríbete a El DoQmentalista y activa la campana para no perderte los próximos viajes a lo desconocido.

#BrujeriaEnMexico #ElDoQmentalista #MisteriosDeMexico","el doqmentalista, documentales de misterio en español, brujería en méxico, brujas mexicanas, santa muerte culto, la llorona leyenda, nahuales, chamanes de méxico, limpias espirituales, curanderos mexicanos, inquisición en méxico, carlos castaneda don juan, sincretismo religioso, magia y ocultismo, leyendas mexicanas, misterio y paranormal, tradiciones de méxico, documental paranormal"
2gywAZWjw64,220847,El Castillo Houska Una puerta al infierno - El DoQmentalista,"Castillo de Houska, construido para que nada salga de su interior",La puerta al infierno de Houska: el prisionero que bajó y volvió con el cabello blanco,Castillo de Houska: el enigma que ningún investigador ha podido explicar,"El Castillo de Houska, ubicado en la República Checa al norte de Praga, fue construido de una forma que desafía toda lógica: sus defensas apuntan hacia el interior. Según la leyenda, esta fortaleza no se levantó para proteger a nadie, sino para encerrar algo debajo de sus muros.

En este documental recorremos la historia de una de las edificaciones más extrañas de Europa. Su construcción se llevó a cabo entre 1270 y 1280, quizá por orden de Otakar II de Bohemia, en un sitio que nadie lograba explicar: no era zona fronteriza, no tenía valor militar estratégico y no había recursos importantes que proteger, ni siquiera agua. Una crónica checa de 1541 registra que en aquellos terrenos existió, durante el siglo IX, un fuerte de madera, y que los lugareños hablaban de una grieta enorme en la piedra caliza de la que surgían criaturas monstruosas con alas demoníacas. El relato cuenta que todo lo que arrojaban para tapar el hoyo era absorbido, y que un noble de la región ofreció el perdón a varios prisioneros si bajaban a contar lo que veían: el primero comenzó a gritar enloquecido y, al subirlo, su cabello se había vuelto completamente blanco.

La arquitectura del castillo alimenta el misterio: no hay escaleras para llegar al primer piso, muchas ventanas son simple adorno sin habitaciones detrás, y sobre el sitio de la supuesta puerta al infierno se levantó una capilla con pinturas del arcángel San Miguel, junto a imágenes macabras como la de un centauro femenino tensando un arco con la mano izquierda. Por sus salones pasaron huéspedes inquietantes: un líder sueco de bandidos durante la Guerra de los Treinta Años, del que se decía que practicaba magia negra; el poeta Karel Hynek Mácha, que en 1836 pasó una noche ahí y narró en una carta sus pesadillas sobre el hoyo; y los nazis en la Segunda Guerra Mundial, que según se dice usaron el lugar para prácticas ocultistas. Cada año se reportan avistamientos: mujeres con trajes antiguos, perros de tres cabezas y un caballo sin cabeza que recorre los bosques. Muchos investigadores concluyen que Houska fue construido siguiendo la geometría sagrada, tal vez para contener una posible puerta al infierno.

Si te apasionan los misterios documentados con seriedad, suscríbete a El DoQmentalista y activa la campana para no perderte ningún caso.

#CastilloHouska #PuertaAlInfierno #Misterio","el doqmentalista, documentales de misterio en español, castillo de houska, puerta al infierno, houska república checa, leyendas de castillos, castillos embrujados, misterios de europa, lugares malditos, karel hynek macha, nazis y ocultismo, geometría sagrada, leyendas medievales, casos paranormales, documental paranormal, misterios sin resolver, lugares embrujados, fenómenos paranormales"
ZhphSfx1hy8,218036,Descubriendo el Misterio de las 3 Brujas Más Poderosas de la Biblia - Documentales en Español,Brujas de la Biblia: las 3 mujeres que jamás te enseñarán en la iglesia,"¿Hubo brujas en la Biblia? Jezabel, la Gran Ramera y la bruja de Endor",La Bruja de Endor: la mujer que invocó a un profeta muerto ante el rey Saúl,"¿Existieron brujas de la Biblia? Las escrituras cuentan las historias de mujeres asociadas a la brujería, la adivinación y la magia, y en este documental descorremos el manto sobre las tres brujas de la Biblia más enigmáticas y temidas.

Primero, Jezabel. De origen fenicio, hija del rey Etbaal de Tiro y esposa del rey Acab de Israel, el relato bíblico la recuerda por propagar la adoración a dioses paganos como Baal y por perseguir a los profetas de Jehová. Aunque la Biblia no la describe explícitamente como bruja, el pasaje de Segunda de Reyes 9:22 habla de sus muchas hechicerías, y algunas leyendas apócrifas, que aquí se presentan como pura especulación, la imaginan como una sacerdotisa entrenada en rituales de Baal. También orquestó la muerte de Nabot, un hombre inocente, para apoderarse de su viñedo. Su final fue tan temible como su fama: cuando Jehú tomó el trono de Israel, fue arrojada por la ventana de su palacio y su cuerpo devorado por los perros, tal como el profeta Elías había predicho.

Después, Babilonia la Grande, la madre de las rameras, descrita en los capítulos 17 y 18 del Apocalipsis: una mujer vestida de púrpura y escarlata, adornada con oro, piedras preciosas y perlas, sosteniendo un cáliz dorado lleno de abominaciones. ¿Personificación del mal, metáfora de una ciudad o de un sistema que se desvió del camino? Repasamos las interpretaciones que esta figura ha inspirado durante siglos, desde las más literales hasta las más simbólicas.

Y finalmente, la bruja de Endor, del primer libro de Samuel (28:3-25): la mujer a la que el rey Saúl acudió en secreto para pedirle invocar al espíritu del difunto profeta Samuel, antes de su batalla contra los filisteos y pese a la prohibición que él mismo había impuesto contra la adivinación. Según el relato, el espíritu no trajo consuelo, sino la predicción de su derrota, y al día siguiente Saúl y sus hijos murieron en combate. La Biblia no explica cómo lo consiguió la mujer de Endor, y esa pregunta sigue abierta hasta hoy.

Si te apasionan los misterios que duermen entre las líneas de los textos antiguos, suscríbete a El DoQmentalista y activa la campana para no perderte ningún documental.

#BrujasDeLaBiblia #MisteriosBiblicos #ElDoQmentalista","el doqmentalista, documentales de misterio en español, documental biblico, brujas de la biblia, jezabel, bruja de endor, babilonia la grande, la gran ramera, mujeres de la biblia, brujeria en la biblia, necromancia, rey saul, profeta samuel, apocalipsis, misterios biblicos, enigmas de la biblia, ocultismo, antiguo testamento, historia biblica, misterio y ocultismo"
H3K4Uwjnowg,217141,EL LIBRO PROHIBIDO: Explorando los Capítulos Ocultos de la Biblia | Revelaciones Impactantes,Evangelio de Judas: ¿y si la traición fue una orden de Jesús?,Evangelio de Judas: ¿y si la traición fue una orden de Jesús?,Libro de Enoc: ángeles caídos y gigantes fuera del canon bíblico,"Los textos apócrifos son los libros que quedaron fuera de la Biblia, y conocerlos cambia por completo la forma en que lees el libro más vendido del mundo. En este documental exploramos esas páginas excluidas: qué dicen, quién las dejó fuera y por qué.

Antes de ser un solo volumen, la Biblia era un conjunto de manuscritos antiguos escritos en pergaminos y papiros, obra de múltiples autores que ni siquiera se conocían entre sí. Según se narra en este video, fue en el siglo cuatro cuando la iglesia recopiló esos textos en un solo libro, y un comité de eclesiásticos decidió qué escritos entraban al canon oficial y cuáles quedaban descartados. A los excluidos se les llamó textos apócrifos, y su contenido es tan intrigante como polémico.

Recorremos los más famosos. El Evangelio de Judas, donde el supuesto traidor aparece retratado como el discípulo favorito, y el relato cuenta que entregó a Jesús por petición del propio Jesús. El Evangelio de Tomás, con sus 114 dichos atribuidos a Jesús, incluido uno sobre las mujeres y el reino de los cielos que incomoda a la doctrina tradicional. El Libro de Enoc, que narra la historia de ángeles caídos que descienden a la tierra, se casan con mujeres humanas y engendran hijos gigantes, además de hablar de demonios, astrología y el juicio final. También analizamos qué pasaría si se integraran el Evangelio de María Magdalena, donde ella es una discípula importante y no una simple seguidora; el Apocalipsis de Elías, con visiones del fin de los tiempos distintas a las tradicionales; la Carta de Pilatos, que muestra a un Poncio Pilatos arrepentido por la crucifixión; y el Evangelio de Bernabé, donde se insinúa que Judas Iscariote fue crucificado en lugar de Jesús.

La conclusión no busca ofender a ninguna religión: tu Biblia no es falsa, pero según estos textos podría estar incompleta. Este es un ejercicio de investigación y discusión teológica para abrir la mente y hacernos mejores preguntas.

Si te fascinan los misterios de la historia, la Biblia y lo oculto, suscríbete a El DoQmentalista y activa la campanita para no perderte los próximos documentales.

#TextosApocrifos #LibroDeEnoc #MisteriosDeLaBiblia","el doqmentalista, documentales de misterio en espanol, textos apocrifos, libros apocrifos de la biblia, evangelio de judas, evangelio de tomas, libro de enoc, evangelio de maria magdalena, evangelio de bernabe, angeles caidos, canon biblico, historia de la biblia, misterios de la biblia, evangelios prohibidos, manuscritos antiguos, apocalipsis de elias, poncio pilato, documental biblico, misterio y ocultismo"
aomTcyAiKCE,215361,"Historia: Abaddon, El Sello De Dios y El Impacto en la Humanidad","Abaddón y el sello de Dios, la advertencia final del Apocalipsis",Abaddón: el ángel del abismo que no es el diablo,Abaddón: lo que los Rollos del Mar Muerto dicen del destructor,"Abaddón, el ángel del abismo, es una de las figuras más inquietantes que aparecen en el libro del Apocalipsis. Su nombre significa destructor, y el papel que los textos le asignan en el día del juicio final ha desconcertado a teólogos y estudiosos de la Biblia durante siglos.

En Apocalipsis 9:11 se le presenta como el jefe de las langostas liberadas sobre la tierra: en hebreo se llama Abaddón y en griego Apolión, y en ambos idiomas su nombre quiere decir destructor. Según el relato bíblico, a estas criaturas se les dio poder para atormentar durante cinco meses únicamente a los hombres que no tuvieran el sello de Dios en sus frentes, sin permiso para matarlos. Apocalipsis 9:6 describe el grado de ese tormento: los hombres buscarán la muerte y no la hallarán. Pero el enigma es más antiguo: Job 28:22 menciona a Abaddón junto con la muerte, mientras que pasajes como Job 31:12 y el Salmo 88:11 lo describen como un abismo de fuego. De ahí el debate que divide las interpretaciones: ¿es un ser, un lugar de destrucción, un subordinado de Satanás o un ángel enviado por el propio Dios?

Los textos gnósticos añaden capas aún más extrañas al personaje. El Evangelio de Bartolomé narra que Abaddón se acercó a Jesús en el inframundo después de su muerte, y que quedó aterrorizado ante él en el momento de la resurrección. Los Actos de Tomás, por su parte, cuentan que recibió la tarea de reunir la tierra de la que Dios creó a Adán, y que en el día del juicio llevará las almas al valle de Josafat. Incluso los Rollos del Mar Muerto, desenterrados en 1947, lo mencionan en los Himnos de Acción de Gracias, donde puede leerse como un señor del infierno o como un lugar de destrucción en sí mismo. La tradición sostiene que Juan escribió el Apocalipsis exiliado en la isla de Patmos, donde habría recibido la visión del fin de los días.

En este documental recorremos cada texto, cada interpretación y cada contradicción alrededor del destructor y del sello que, según el relato, separará a los protegidos de los condenados.

Suscríbete a El DoQmentalista para más documentales de misterio, ocultismo y enigmas de la Biblia en español.

#Abaddon #Apocalipsis #MisteriosDeLaBiblia","el doqmentalista, documentales de misterio en espanol, misterio y ocultismo, abaddon, angel del abismo, apolion, sello de dios, apocalipsis 9, angel destructor, textos gnosticos, evangelio de bartolome, rollos del mar muerto, angeles caidos, demonologia, fin de los tiempos, juicio final, misterios de la biblia, seres biblicos, documental biblico"
fajYObda5FE,215173,"LOS AÑOS PERDIDOS DE JESÚS, donde pasó su infancia Jesús, la iglesia lo quiere esconder?",Los Años Perdidos de Jesús: ¿Dónde Estuvo de los 12 a los 30?,Los Años Perdidos de Jesús: Lo que los Evangelios No Cuentan,Años Perdidos de Jesús: El Viajero que Juró Hallar su Rastro en el Tíbet,"¿Dónde estuvo Jesús durante sus años perdidos? Los evangelios lo muestran a los 12 años visitando el templo de Jerusalén y luego reaparece a los 30 para iniciar su ministerio: casi dos décadas de silencio que se han convertido en una fuente de fascinación para historiadores y estudiosos religiosos.

En este documental recorremos las teorías más asombrosas sobre ese vacío. Según una leyenda japonesa, Jesús habría desembarcado en la costa oeste de Japón alrededor de los 21 años, se habría dirigido al monte Fuji y habría permanecido allí unos 10 años aprendiendo el idioma y la cultura del lugar; los habitantes de una pequeña aldea afirman incluso que escapó de la crucifixión, formó una familia y murió en su pueblo. Otra teoría lo sitúa en Gran Bretaña, apoyada, según se narra, en monedas producidas por una tribu británica alrededor del año 30 y en la leyenda artúrica del Santo Grial.

El relato más polémico es el del escritor y periodista Nicolás Notovitch, quien en 1887 aseguró haber encontrado en un monasterio de Cachemira antiguas escrituras sobre san Issa, ""el mejor de los hijos de los hombres"", una figura que habría recorrido la Ruta de la Seda pasando por el actual Afganistán, la India y el Tíbet antes de regresar a Jerusalén por Kabul y Persia. Su libro, La vida desconocida de Jesucristo, tuvo bastante éxito, pero el monasterio negó haberlo conocido y la obra fue denunciada como un engaño. También exploramos los paralelos que algunos eruditos señalan entre enseñanzas como Lucas 6:31 y Lucas 6:29 y conceptos budistas, la teoría de que Jesús fue discípulo de Juan el Bautista antes de su bautismo, su supuesto vínculo con los esenios del mar Muerto, idea que ganó popularidad tras el descubrimiento de los rollos en 1947, la explicación más directa de todas, que se quedó en Nazaret trabajando como carpintero tal como lo llama Marcos 6:3, y hasta la leyenda del ""profeta blanco"" que habría visitado tribus nativas de Perú, México y Norteamérica.

Ninguna de estas teorías cuenta con pruebas concluyentes: aquí te presentamos los relatos tal como se cuentan, para que seas tú quien saque sus propias conclusiones.

Si te apasionan los misterios de la Biblia y la historia que pocos se atreven a contar, suscríbete a El DoQmentalista y activa la campanita para no perderte los próximos documentales.

#AñosPerdidosDeJesus #MisteriosBiblicos #ElDoQmentalista","el doqmentalista, documentales de misterio en español, documental biblico, años perdidos de jesus, vida oculta de jesus, jesus en la india, jesus en el tibet, jesus en japon, nicolas notovitch, san issa, rollos del mar muerto, esenios, juan el bautista, misterios de la biblia, enigmas historicos, historia de jesus, teorias sobre jesus, misterios sin resolver"
XuOUpDOW5jE,214871,Extraterrestres y OVNIs en la Biblia: Investigación Histórica - Documentales en Español,OVNIs en la Biblia: Lo Que Ezequiel Vio Junto al Río Quebar,Extraterrestres en la Biblia: 4 Visiones Que Desafían Toda Explicación,OVNIs en la Biblia: ¿Milagros Divinos o Tecnología Avanzada?,"¿Extraterrestres y ovnis en la Biblia? Suena a blasfemia para unos y a iluminación para otros, pero los relatos existen y llevan siglos desafiando toda explicación. En este documental recorremos cuatro pasajes bíblicos que los ufólogos han reinterpretado como posibles encuentros con algo que no vino del cielo, sino de las estrellas.

Comenzamos con la visión de Ezequiel, uno de los relatos más enigmáticos y debatidos de la Biblia. Según el texto, el profeta estaba a la orilla del río Quebar cuando el cielo se abrió y reveló una estructura de ruedas dentro de ruedas, acompañada de criaturas aladas con cuatro caras: la de un hombre, un león, un águila y un toro. Los ufólogos han especulado que esa estructura podría describir una nave, y que las ruedas serían un mecanismo de propulsión capaz de moverse en cualquier dirección sin girar. El relato incluso narra cómo una mano toma a Ezequiel y lo eleva entre la tierra y el cielo, algo que algunos interpretan como una descripción primitiva de una abducción.

Seguimos con la columna de nube y fuego del Éxodo, tradicionalmente vista como un milagro divino que guió a los israelitas fuera de Egipto: de día los protegía del calor del desierto, de noche iluminaba el camino, y llegó a interponerse entre ellos y sus perseguidores egipcios. ¿Guía celestial o una tecnología de defensa que aquel pueblo no tenía palabras para describir? Luego analizamos el ascenso de Elías en un carro de fuego tirado por caballos de fuego, narrado en el libro de Reyes y presenciado por Eliseo, su sucesor, un detalle que según el relato dejó una impresión duradera en quienes lo vivieron. Y cerramos con el Apocalipsis de Juan: siete trompetas, estrellas cayendo del cielo, bestias que emergen del mar y un cordero que abre los siete sellos. ¿Alegorías del fin de los tiempos o un relato codificado de encuentros cercanos?

Milagro o tecnología, fe o ciencia: juzga por ti mismo. Este documental no pretende dar respuestas definitivas, sino poner sobre la mesa las preguntas que pocos se atreven a hacer en voz alta.

Si te apasionan los misterios narrados con seriedad y respeto, suscríbete a El DoQmentalista y activa la campanita para no perderte los próximos documentales.

#OvnisEnLaBiblia #Extraterrestres #MisteriosBiblicos","el doqmentalista, documentales de misterio en español, documentales en español, extraterrestres en la biblia, ovnis en la biblia, visión de ezequiel, carro de fuego de elías, columna de fuego del éxodo, apocalipsis de juan, ruedas dentro de ruedas, antiguos astronautas, misterios bíblicos, ufología, misterios sin resolver, fenómenos paranormales, enigmas de la biblia"
Kj7u_4_29Fw,214818,Misterios del mundo: Los mejores documentales que no puedes perderte,"Maratón de misterio: Adán y Eva, la Atlántida y brujería en el Vaticano","Maratón de misterio: Adán y Eva, la Atlántida y brujería en el Vaticano","Atlántida, exorcismos y ángeles caídos: enigmas que la ciencia no logra explicar","¿Buscas documentales de misterio en español para un maratón completo? Este especial reúne en un solo video los enigmas más inquietantes del canal: misterios de la Biblia, del Vaticano y leyendas que siguen sin respuesta.

Comenzamos con la pregunta que el Génesis deja abierta: cómo murieron Adán y Eva. Según el libro de Génesis, Adán vivió 930 años, y el texto apócrifo conocido como la Vida de Adán y Eva narra sus últimos días, su sepultura y el papel del arcángel Miguel; las tradiciones islámicas, por su parte, hablan de La Meca y de Yeda como posibles lugares de entierro. Después viajamos al desierto de Mauritania, donde la estructura de Richat, el llamado ojo del Sahara, muestra círculos concéntricos que algunos investigadores comparan con la Atlántida que Platón describió en el Timeo y el Critias.

Conocerás también al padre Gabriel Amorth, el exorcista del Vaticano que afirmó haber realizado unos 160,000 exorcismos, aunque él mismo reconoció que solo un pequeño porcentaje eran auténticas posesiones. Descubrirás por qué, según diversas tradiciones teológicas y esotéricas, Lucifer y Satanás serían dos entidades distintas: el portador de luz de Isaías 14:12 y el adversario del libro de Job. Exploramos además qué hizo Jesús durante los tres días entre su muerte y resurrección a partir de la primera epístola de Pedro, la leyenda mexicana de los hijos de la Llorona, los papas acusados de brujería a lo largo de la historia, de Silvestre II a Bonifacio VIII y Sixto V, y la historia de Azazel, el ángel caído que, según el libro de Enoc, enseñó a la humanidad la metalurgia y el arte de la guerra antes de ser encadenado en un abismo.

Cada relato se presenta como lo que es: leyendas, textos apócrifos y tradiciones orales que han moldeado nuestra cultura, narrados con la atmósfera y el respeto por las fuentes que caracterizan a este canal.

Si te apasionan los misterios documentados y las historias que la mayoría prefiere no tocar, suscríbete al canal y activa la campanita para no perderte ningún episodio.

#DocumentalesDeMisterio #MisteriosBiblicos #ElDoQmentalista","el doqmentalista, documentales de misterio en español, maratón de misterios, adan y eva, como murieron adan y eva, atlantida, ojo del sahara, estructura de richat, gabriel amorth, exorcista del vaticano, lucifer y satanas, la llorona, libro de enoc, azazel, brujeria en el vaticano, misterios biblicos, textos apocrifos, leyendas y misterios, ocultismo, enigmas sin resolver"
vgxi0CLs_uY,214647,"Yo Soy, EL DoQmentalista y esto es… UN ALMA VIEJA",¿Eres un Alma Vieja? Estas señales revelarían tus vidas pasadas,¿Eres un Alma Vieja? Estas señales revelarían tus vidas pasadas,"Almas Viejas: si la realidad se te hace un sueño, presta atención","¿Eres un alma vieja? Las señales de un alma vieja no siempre son evidentes, pero según la tradición espiritual, quien ha reencarnado muchas veces lleva marcas que sí se pueden reconocer.

A lo largo de la historia, distintas culturas, tradiciones y creencias han tomado en serio la idea de la reencarnación y de las vidas pasadas. Según esta visión, un alma vieja es una entidad que ha elegido repetidamente este plano de existencia, tal vez porque tiene un trabajo importante que completar o porque hay algo aquí que todavía necesita. El relato esotérico sostiene que lo que se describió como el cielo y el infierno serían solo planos más densos o más ligeros, y que existirían muchos otros, como el reino de las hadas. Se cree incluso que algunos chamanes y brujas tienen el poder de viajar a esos reinos proyectándose astralmente, aunque nadie puede decir con certeza cuántos planos hay ni qué contienen.

En este documental repasamos las siete señales que, según esta creencia, delatan a un alma vieja: sentir que la realidad es un sueño o una ilusión; nacer con un intenso interés espiritual y fascinación por la magia desde la infancia; ser más sabio de lo esperado y preferir la compañía de personas mayores; pensar fuera de los dogmas y las tradiciones, sintiendo que la Tierra entera es tu hogar; tener el ascendente o planetas mayores en Capricornio, el signo gobernado por Saturno, el viejo dios del tiempo; soñar de forma recurrente con lugares que nunca has visitado, posibles ecos de vidas anteriores; y no entusiasmarte con las últimas modas, porque reconoces los mismos patrones que se repiten detrás de ellas.

Si tienes más de la mitad de estas señales, la tradición dice que deberías considerarte un alma vieja. ¿Cuántas coinciden contigo? Cuéntanos en los comentarios cuáles reconociste en tu propia vida y cuál te dejó pensando.

Suscríbete a El DoQmentalista para más documentales de misterio, espiritualidad y lo inexplicable, narrados en español.

#AlmaVieja #Reencarnacion #ElDoQmentalista","el doqmentalista, documentales de misterio en español, alma vieja, almas viejas, señales de un alma vieja, reencarnación, vidas pasadas, planos de existencia, proyección astral, sueños recurrentes, capricornio saturno, espiritualidad, mundo espiritual, esoterismo, ocultismo, misterio, paranormal, conciencia espiritual"
tcNR7j_yraQ,214550,"EL CALLEJÓN DEL DIABLO, Leyendas Mexicanas, historias de terror de saltillo coahuila",El Callejón del Diablo: el hombre que nunca existió,El Callejón del Diablo: ¿quién tocó la puerta esa medianoche?,Leyendas de Saltillo: la noche que marcó al Callejón del Diablo,"El Callejón del Diablo guarda una de las leyendas mexicanas más inquietantes de Saltillo, Coahuila. Un relato de celos, engaño y una tragedia que, según cuenta la tradición, dejó el nombre del maligno grabado para siempre en una calle real.

La leyenda se sitúa en el pueblo de San Esteban de la Nueva Tlaxcala, donde vivía don Juan de Solís, un español de 60 años, estimado por sus vecinos, casado con una mujer mucho más joven y padre de un hijo de 18 años que estudiaba humanidades con los padres del convento de San Francisco. El relato cuenta que don Juan cargaba un tormento secreto: la sospecha de que su esposa le era infiel. Una noche de invierno, en una calle oscura y solitaria, se le acercó un desconocido que dijo llamarse Blas Casares, un tlaxcalteca humilde que aseguraba conocer a su familia desde tiempos de su abuelo. Aquel hombre le prometió pruebas de la traición en cuatro días.

Según se narra, el desconocido cumplió su palabra de la forma más cruel: le indicó que fingiera un viaje a Santa María de las Parras y que vigilara su propia puerta entre las doce y la una de la madrugada, cuando llegaría un hombre de capa larga y sombrero de anchas alas. Don Juan se ocultó tras un nogal, esperó los tres golpes suaves en la puerta y hundió su espada en el cuerpo del visitante. Al acercar la luz al rostro del muerto, descubrió el horror completo: había matado a su propio hijo. La leyenda concluye que, cuando don Juan recobró la razón y declaró ante un juez, se comprobó que ningún Blas Casares había existido jamás en San Esteban ni en la villa de Santiago del Saltillo. La gente creyó entonces que fue el diablo quien tejió el engaño, y desde entonces el callejón lleva su nombre.

Este documental narrado te lleva por una de las historias de terror más antiguas del noreste de México, contada como la tradición la conserva: sin adornos, con el peso de una tragedia que ninguna explicación humana pudo resolver.

Si te apasionan las leyendas mexicanas, el misterio y lo inexplicable, suscríbete al canal y activa la campana para no perderte los próximos relatos documentados de El DoQmentalista.

#LeyendasMexicanas #CallejonDelDiablo #Saltillo","el doqmentalista, documentales de misterio en español, callejon del diablo, leyendas de saltillo, leyendas mexicanas, leyendas de coahuila, callejon del diablo saltillo, san esteban de la nueva tlaxcala, leyendas coloniales de mexico, historias de terror mexicanas, leyendas del diablo, relatos de terror en español, mitos y leyendas, misterio y paranormal, terror latinoamericano, historias paranormales, leyendas urbanas mexico"
Gk6XNullz7A,212674,Documental: LAS 7 COPAS APOCALÍPTICAS: BIBLIA AL DESCUBIERTO - Documentales Interesantes,Las 7 Copas del Apocalipsis: ¿un eco de las plagas que cayeron sobre Egipto?,7 Copas de la Ira: la advertencia final escrita en Apocalipsis 16,"Las 7 Copas del Apocalipsis explicadas, del mar de sangre al Armagedón","Las 7 copas del Apocalipsis son la última serie de juicios que el libro del Apocalipsis describe en su capítulo 16, versículos 1 al 21. Y muchos lectores han notado un paralelo fascinante: varias de estas copas recuerdan a las plagas que, según el Éxodo, cayeron sobre Egipto.

En este documental recorremos las siete copas una por una, tal como las presenta la visión que, según el texto, Dios dio a Juan sobre el final de los tiempos. Siete ángeles derraman siete plagas finales: la primera trae llagas dolorosas sobre quienes llevan la marca de la bestia y adoran su imagen, en un eco de los forúnculos de la sexta plaga egipcia. La segunda convierte el mar en sangre como la de un muerto, y todo lo que estaba vivo en los océanos muere. La tercera transforma los ríos y manantiales de agua dulce en sangre, como cuando los cursos de agua de Egipto se tiñeron por la primera plaga del Éxodo. La cuarta desata un sol abrasador que quema a los hombres, y la quinta envuelve en tinieblas el trono de la bestia, recordando los tres días de oscuridad que el relato del Éxodo describe sobre Egipto.

La sexta copa seca el gran río Éufrates y prepara el camino para los reyes del este hacia la batalla final llamada Armagedón. Y con la séptima, una voz desde el trono grita ""se ha consumado"": el texto habla de un gran terremoto, de Jerusalén dividida en tres partes, de montañas que desaparecen y de piedras de granizo de cien libras cayendo sobre la humanidad. El relato culmina con el juicio de Babilonia y la visión de un jinete en un caballo blanco que juzga y lucha con justicia. También exploramos un detalle fascinante del texto: cada copa parece deshacer algo que fue creado en los días del Génesis, como si la creación entera se replegara sobre sí misma.

Si te apasionan los enigmas de la Biblia y los documentales de misterio en español, suscríbete al canal para no perderte los próximos episodios de El DoQmentalista.

#Apocalipsis #MisteriosDeLaBiblia #Documental","el doqmentalista, documentales de misterio en espanol, documental biblico, las 7 copas del apocalipsis, apocalipsis 16, copas de la ira de dios, plagas del apocalipsis, libro del apocalipsis, plagas de egipto, armagedon, babilonia apocalipsis, rio eufrates profecia, fin de los tiempos, profecias biblicas, misterios de la biblia, tribulacion, juicio final, marca de la bestia"
2Rf9l0tw_Tk,212645,El Kelpie La Bestia Del Lago Mitología Escocesa,"El Kelpie: si ves este caballo junto al lago, no lo montes",Kelpie: la advertencia que los padres escoceses repiten hace siglos,El Kelpie de Escocia: la leyenda completa de la bestia del lago,"El Kelpie es una de las bestias más temidas de la mitología escocesa, y su leyenda esconde una advertencia que aún se repite junto a los lagos. Según el relato, si ves un hermoso caballo esperando en la orilla, lo peor que puedes hacer es montarlo.

De acuerdo a la leyenda, el Kelpie es un caballo de agua que acecha en las orillas de lagos y ríos de Escocia, especialmente en las Tierras Altas, donde los lugareños le guardan un respeto especial. Se le describe como un caballo enorme, bello y poderoso, casi siempre negro, aunque otras historias lo pintan blanco como un pegaso sin alas, o incluso verde como el vidrio, con melena negra y la cola curvada sobre la espalda. La tradición cuenta que se le puede reconocer por un detalle inquietante: su melena gotea agua constantemente, sin importar que esté en un lugar seco, y su piel es suave pero fría como la muerte. Quien lo toca o lo monta queda adherido a su cuerpo, y en ese momento la criatura se lanza al fondo del agua arrastrando a su víctima para siempre.

Las versiones del mito varían según la región. Algunas historias sostienen que el Kelpie puede transformarse en una mujer hermosa para atraer a los hombres hacia el agua, y que incluso en forma humana su cabello sigue goteando y conserva hierbas acuáticas. Otros relatos afirman que sus presas favoritas son los niños, y que por motivos desconocidos deja intactos el corazón y el hígado. Un antiguo cuento escocés narra la historia de diez hermanos que jugaban a la orilla de un lago: nueve montaron a la bestia y fueron arrastrados al fondo, mientras el décimo, con la mano pegada al hocico de la criatura, solo se salvó cortándose los dedos con un cuchillo. El video también menciona que hoy existen muchos lagos en Escocia cuyo nombre significa, literalmente, el lago de la bestia.

Si te apasionan las leyendas, los seres sobrenaturales y los misterios del folclore, suscríbete al canal y activa la campana para no perderte los próximos documentales de El DoQmentalista.

#Kelpie #MitologiaEscocesa #Leyendas","el doqmentalista, documentales de misterio en espanol, el kelpie, kelpie leyenda, mitologia escocesa, caballo de agua, bestia del lago, leyendas de escocia, folclore escoces, tierras altas de escocia, criaturas mitologicas, seres sobrenaturales, mitos y leyendas, leyendas de terror, historias de miedo, criptozoologia, misterios sin resolver, paranormal"
ov6sa0cnmEk,212020,Documental: La Magia del Caos: Sin Reglas - Documentales Interesantes,Magia del Caos: lo que sus practicantes prefieren callar,Magia del Caos: la advertencia que debes escuchar antes de intentarla,Magia del Caos: el arte sin reglas que los chamanes habrían descubierto,"La magia del caos es descrita en el mundo del ocultismo como la magia sin reglas: una energía sin forma ni dueño que, según sus practicantes, puede usarse para crear o para destruir. Pero si la magia del caos ha permanecido oculta durante tanto tiempo, quizá exista una razón para tener cuidado.

En este documental exploramos qué enseña esta tradición esotérica. Según se narra, su origen es tan antiguo que no se tiene certeza de cuándo comenzó: se cree que fueron los primeros chamanes y brujos de la antigüedad quienes la descubrieron al intentar comprender el espíritu de la naturaleza y el más allá. En la actualidad, el relato señala a un grupo llamado los Iluminados de Thanateros, nombre que hace referencia al dualismo entre Tánatos, dios de la muerte, y Eros, dios del amor, como responsables de gran parte de los conceptos que hoy se asocian a esta práctica. Y como toda sociedad secreta, se advierte que también tendría su lado oscuro.

La doctrina sostiene que el mundo es solo una ilusión y que el practicante puede cambiar su percepción para moldear la realidad que lo rodea. A diferencia de otras formas de ocultismo, esta corriente rechaza los rituales complicados: pide un ambiente controlado, concentración absoluta, e incluso meditación o hipnosis para llevar la mente a un estado de tranquilidad total. Uno de sus principios fundamentales afirma que lo semejante atrae a lo semejante. La tradición esotérica llega a atribuir su dominio a figuras como el rey Salomón, Hermes Trismegisto, el mago Merlín, Pachita, una sanadora y chamana mexicana, y en el relato más polémico, incluso a Jesús, de quien se cuenta que habría viajado a oriente para elevar su nivel de conciencia. También se menciona a un mago llamado Austin, que vivía de manera humilde mientras sus obras eran un éxito total.

¿Es realmente posible perturbar la energía del universo para alterar el curso de la vida, o es una puerta que nadie debería abrir sin entender lo que hay del otro lado? Acompáñame a descubrirlo en este viaje por uno de los rincones más enigmáticos del esoterismo.

Suscríbete a El DoQmentalista para más documentales de misterio, ocultismo y lo inexplicable en español.

#MagiaDelCaos #Ocultismo #Documental","el doqmentalista, documentales de misterio en espanol, documentales interesantes, magia del caos, que es la magia del caos, magia del caos documental, magia sin reglas, iluminados de thanateros, hermes trismegisto, rey salomon, pachita sanadora mexicana, ocultismo, esoterismo, sociedades secretas, magia negra, brujeria, misterio, paranormal, documental en espanol"
vqDfKf_z6XA,211582,Cuando Los Muertos Se Despiden - Historias Reales - El DoQmentalista,Muertos que se despiden y los 15 testigos que vivieron su última visita,Visitas de fallecidos en sueños que nadie ha podido explicar del todo,¿Un ser querido fallecido te visitó en sueños? No eres el único,"¿Será cierto que los muertos se despiden antes de partir? En este documental reunimos 15 historias reales de muertos que se despiden, relatos enviados por la propia comunidad del canal que describen la última visita de un ser querido fallecido.

Todo comenzó con una petición en la comunidad de YouTube: llegaron más de 200 historias y, de entre todas, se seleccionaron 15 testimonios. Una mujer cuenta que en 2010 su tía fallecida la visitó en sueños para pedirle que dejara de llorar, y que despertó en paz con un aroma a flores en el aire. Otro relato, fechado en 1993, describe el beso de un abuelo que despertó a su nieta horas antes de que le dieran la noticia de su muerte. Una joven que trabajaba en Ciudad Juárez asegura que vio chispas parpadear en el techo la misma tarde en que su abuelita fallecía lejos de ella, en su casa de Veracruz. Y en la historia número doce, la favorita del narrador, una hija sueña que espera un camión en el desierto junto a su madre, que se veía joven de nuevo; al detenerse el vehículo, ella sube, pero su madre le responde que ahí se queda, porque el camino de su hija todavía es largo.

También escucharás el testimonio de un hombre que soñó a su abuelo junto al fuego de una cabaña y terminó poniéndole su nombre a su primer hijo, el de una mujer de Ciudad de México que perdonó a su padre y esa misma noche soñó que él le pedía perdón entre lágrimas, y el de un hijo que pudo dar en sueños el abrazo que la enfermedad le negó en vida. Cada caso se narra tal como sus protagonistas lo compartieron: experiencias personales que ellos consideran reales, despedidas que para algunos trajeron consuelo y para otros abrieron heridas que aún no cierran. Para muchos, estas visitas son la prueba de que quizás los muertos nunca se van del todo; para otros, son sueños nacidos del duelo. Tú decides qué creer.

Si te apasionan los relatos documentados del misterio y lo paranormal, suscríbete a El DoQmentalista y activa la campanita para no perderte ningún episodio.

#Paranormal #HistoriasReales #ElDoQmentalista","el doqmentalista, documentales de misterio en español, muertos que se despiden, despedidas de fallecidos, visitas de muertos en sueños, sueños con seres queridos fallecidos, señales de los muertos, testimonios paranormales reales, apariciones de familiares fallecidos, historias reales de fantasmas, vida después de la muerte, fenómenos paranormales, experiencias sobrenaturales, relatos de misterio, historias de la comunidad, duelo y despedidas, misterio y paranormal"
ODAvJYuilIY,211453,Como Liberarse De Un Ataque Espiritual El DoQmentalista,Ataque Espiritual: 7 Claves Para Romperlo Antes De Que Avance,¿Estás Bajo Un Ataque Espiritual? Así Puedes Reconocerlo Y Liberarte,Ataque Espiritual: Lo Que La Biblia Enseña Y Muchos Olvidaron Practicar,"¿Sientes que estás bajo un ataque espiritual y no encuentras la manera de romperlo? En este video te compartimos siete claves para reconocer esa opresión, recuperar tu fe y quitarle al mal el control de tu vida.

El punto de partida, según se explica en el video, es tomar conciencia de que estás bajo ataque: solo cuando reconoces lo que sucede comienzas a recuperar la confianza en lo que crees. Como respaldo, el video cita el pasaje de Lucas 9:1, donde se narra que Jesús reunió a sus doce discípulos y les dio poder y autoridad sobre todos los demonios y para sanar enfermedades. Desde esa base se desarrollan las siete claves: romper el proceso con la fe, apoyándose en Hebreos 11:6; romperlo con disciplina, a través de la oración, la constancia y, para quienes son religiosos, los sacramentos de la confesión y la eucaristía; y romperlo con resistencia, recordando Santiago 4:7, que llama a resistir al demonio para que se aleje de nosotros.

El video también propone combatir el mal con los cinco no: no olvidar quién te hizo, no abandonar la hora y el lugar de la oración, no abandonar los lugares de poder como tu iglesia, tu familia y tus planes, no renunciar al poder de la asociación con personas sabias y amigos fieles, y no alejarte de Dios ni de aquello en lo que crees. A esto se suman tres claves finales: romper la maldición bendiciendo a quienes te maldicen, romper la opresión alabando a Dios y practicando el bien, y romper el miedo con amor, tal como recuerda el pasaje de 1 Juan 4:18, donde se afirma que el perfecto amor echa fuera el temor. Perdón, humildad, gratitud y un ambiente de buenos sentimientos son, según se narra, el antídoto para que todo lo que te atormenta llegue a su fin.

Si este contenido te acompaña en tu camino de fe, suscríbete al canal de El DoQmentalista y activa la campanita para no perderte los próximos documentales.

#AtaqueEspiritual #ElDoQmentalista #GuerraEspiritual","el doqmentalista, documentales de misterio en espanol, ataque espiritual, como liberarse de un ataque espiritual, guerra espiritual, oracion de liberacion, proteccion espiritual, como resistir al demonio, versiculos de proteccion, romper maldiciones, opresion espiritual, fe y oracion, biblia, espiritualidad, demonios, misterio, paranormal, crecimiento espiritual"
RX6fkR-GIc0,211212,"No Invocaras A Los Muertos, El DoQmentalista, No Pactarás Con Satanás",Invocar a los Muertos: Por Qué la Biblia lo Castiga con Muerte,Magia Blanca: La Advertencia de la Biblia Que Pocos Conocen,"Levítico 20:27, El Versículo Que Condena a Médiums y Brujos","¿Se puede invocar a los muertos sin consecuencias? La Biblia responde con una de sus advertencias más severas, y en este documental analizamos esa condena versículo por versículo.

Todo parte de Levítico 20:27, que en la Biblia Reina Valera de 1960 declara: ""Y el hombre o la mujer que evocare espíritus de muertos o se entregare a la adivinación, ha de morir; serán apedreados; su sangre será sobre ellos"". El video abre con un relato que se narra como leyenda: en el hogar de Calixto, hijo de Sufre, unos adivinadores habrían ofrecido a sus esposas dentro de círculos de tiza en una noche de luna llena, hasta que, según cuenta la historia, el ángel de la muerte apareció y los castigó con las piedras de su propio altar.

A partir de ahí, el documental examina qué abarca la condena bíblica: la ouija, la lectura de cartas, la nigromancia, los médiums y espiritistas, e incluso la llamada magia blanca. Analizamos el caso de los wiccanos, que apelan a la madre tierra, a los ángeles o a los elementos bajo el lema de no hacer daño, y por qué, según las escrituras, tampoco quedarían exentos: para la Biblia no existe distinción entre magia buena y magia mala, pues toda apela a una fuente que no es Dios. Recorremos pasajes como Hechos 13:10, donde el apóstol Pablo condena a Elimas el hechicero llamándolo hijo del diablo; 2 Corintios 11:14, que advierte que Satanás se disfraza de ángel de luz; y 1 Pedro 5:8 y 1 Timoteo 4:1, sobre el enemigo que anda buscando a quién destruir y los espíritus engañadores de los últimos tiempos.

También comparamos cómo traducen Levítico 20:27 distintas versiones: la Traducción en Lenguaje Actual, la Nueva Versión Internacional, la Biblia de las Américas y la Biblia del Cántaro, junto a Levítico 19:31 y Deuteronomio 18:12, que completan el panorama de esta prohibición. Al final, la pregunta queda abierta: ¿qué tanto crees tú en lo que dice?

Si te apasionan los misterios de la Biblia y lo paranormal, suscríbete a El DoQmentalista para no perderte los próximos documentales.

#ElDoQmentalista #MisteriosDeLaBiblia #Paranormal","el doqmentalista, documentales de misterio en español, invocar a los muertos, levitico 20 27, que dice la biblia de la ouija, nigromancia, magia blanca y magia negra, mediums y espiritistas, wicca, adivinacion en la biblia, contacto con los muertos, misterios de la biblia, versiculos de la biblia, espiritismo, ocultismo, paranormal, documental en español"
BeXx650NYNs,209578,"El Experimento De Slenderman, historias del mas alla, reddit stories",Slenderman no siempre fue un monstruo y este relato cuenta su origen,El experimento 84: la creepypasta que explica cómo nació Slenderman,"Si ves a Slenderman, esta historia advierte que no debes huir","El experimento de Slenderman es una de las creepypastas más inquietantes que han circulado por internet, y en este video la escuchamos completa, narrada en primera persona por la propia criatura. Porque según este relato, Slenderman no nació siendo un monstruo: alguna vez fue un joven normal, como tú.

La historia cuenta que era un muchacho recién salido de la preparatoria, destrozado por el acoso de sus compañeros, que una tarde se dirigió al callejón más remoto de la ciudad decidido a terminar con su vida. Ahí lo interceptó un anciano que le prometió una vida nueva, totalmente gratis. Le hizo firmar una hoja de papel, le advirtió que no tenía elección y le clavó una jeringa con un líquido verde en el cuello. El joven despertó en una habitación de paredes de vidrio, vestido de traje, mientras el científico anunciaba por micrófono el inicio del experimento 84: una supuesta manipulación total de la forma humana.

El relato describe cómo los rayos de energía deformaron su cuerpo nodo tras nodo, hasta que una alarma gritó error: el rostro y las extremidades no se habían desarrollado plenamente. Tras un estruendo, el sujeto despertó entre escombros, con la boca sellada como cocida con aguja e hilo, sin nariz y sin necesidad de respirar. Al mirarse en un espejo descubrió que ya no tenía cara. Desde entonces, cuenta la creepypasta, vive en los bosques, se cuela en las fotografías de desconocidos y busca la compañía de los niños, los únicos que no le temen. No quiere matar, dice, pero no siempre controla los tentáculos que salen de su espalda. Y deja una petición perturbadora: cuando lo veas, no huyas de él, corre hacia él, porque eso podría salvarte la vida.

¿Una simple historia de terror de internet o el retrato de algo más profundo sobre la soledad y el rechazo? Escucha el relato completo y saca tus propias conclusiones.

Si te apasionan las historias de terror, las leyendas de internet y los misterios sin resolver, suscríbete al canal y activa la campanita para no perderte ningún documental.

#Slenderman #Creepypasta #HistoriasDeTerror","el doqmentalista, documentales de misterio en español, slenderman, el experimento de slenderman, creepypasta, creepypastas en español, experimento 84, origen de slenderman, historias de terror, relatos de terror en español, reddit stories, historias del más allá, leyendas de internet, leyendas urbanas, terror en español, misterio, paranormal, horror stories"
W7SOfPTi36c,208359,"Los Siete Pecados Capitales, LA GULA, El DoQmentalista",La Gula: el pecado capital que destruye el cuerpo y el alma,Los Siete Pecados Capitales: lo que olvidamos sobre la Gula,La Gula: la advertencia que Cirilo de Alejandría dejó escrita,"¿Por qué la gula es uno de los siete pecados capitales y por qué la tradición cristiana la considera la puerta de entrada de tantos otros vicios? En este documental exploramos la gula desde sus raíces en la literatura medieval hasta las advertencias que los antiguos maestros de la fe dejaron por escrito.

La palabra capital viene del latín caput, cabeza: cada uno de estos vicios funciona como una cabeza que gobierna faltas similares y subordinadas. Según la tradición que recoge el video, el demonio asociado a la gula es Belcebú, y se dice que este vicio embota la mente, vuelve carnal el alma y no deja a sus víctimas ver más allá del plato de comida que tienen frente a sus narices. No hay nada malo en comer ni en beber con moderación, sostiene la enseñanza clásica: lo que degrada es el exceso, atiborrarse más allá de la necesidad y perder el control del razonamiento en la embriaguez.

El video cita textos atribuidos a Cirilo de Alejandría, en sus cartas festivas, donde se afirma que si la abstinencia es la madre de la salud, comer hasta la saciedad es la madre de la enfermedad: dolores de cabeza, temblores, parálisis, ictericia y fiebres ardientes que desafían la habilidad de los propios médicos. También recorre la carta 328 atribuida a Barsanufio y Juan, y relatos bíblicos como el de Esaú, quien según la narración transfirió a su hermano el privilegio que disfrutaba por naturaleza debido a su falta de autocontrol, o el momento en que Jesús huyó a la montaña cuando quisieron tomarlo por la fuerza y convertirlo en rey, después de que sus vientres se habían llenado.

Según se narra entre los creyentes más estudiosos, existe incluso una oración que dice que el diablo se muere de hambre mientras ayunamos, porque siempre se atiborra de nuestros defectos. Una idea inquietante que convierte cada exceso en algo más que un simple mal hábito.

Si te apasionan los documentales de misterio, historia y fe narrados con seriedad, suscríbete al canal de El DoQmentalista y activa la campana para no perderte la serie completa de los siete pecados capitales.

#SietePecadosCapitales #LaGula #ElDoQmentalista","el doqmentalista, documentales de misterio en espanol, documentales en español, siete pecados capitales, la gula, gula pecado capital, pecados capitales explicados, belcebu demonio de la gula, cirilo de alejandria, esau perdio su primogenitura, demonologia, historia biblica, tradicion cristiana, misterio y religion, ocultismo, vicios y virtudes, documental biblico, pecados y demonios"
yK37WBtfv-U,208161,6 Cosas que NO SABIAS sobre los ARCÁNGELES - DOCUMENTAL ✅ El DoQmentalista,"Arcángeles: su historia empieza en Babilonia, no en el cielo",Metatrón: el arcángel que la Biblia calla y la Cábala venera,Arcángeles y ocultismo: los ángeles que John Dee creyó invocar,"¿Cuánto sabes realmente sobre los arcángeles? Se les describe como los mensajeros de Dios, pero la historia de los arcángeles guarda giros que casi nadie conoce, y varios de ellos no empiezan en el cielo, sino en la tierra.

El recorrido arranca en la antigua Babilonia. Según los comentarios rabínicos que cita este documental, la tradición de los arcángeles habría tomado forma durante el exilio del pueblo judío en esa región, un periodo que va del 598 a.C. al 538 a.C., cuando las fuerzas babilónicas derrocaron el reino de Judá. Fue el conquistador persa Ciro el Grande quien puso fin a ese exilio a mediados del siglo VI antes de Cristo. Después aparece Metatrón, un nombre que no figura en la Biblia hebrea, pero sí en el Talmud y, sobre todo, en los textos místicos de la Cábala, donde se le describe como guardián de los secretos y de una larga lista con los pecados y triunfos de la humanidad.

El viaje continúa por el islam, donde la tradición cuenta que el ángel Jibril dictó el Corán al profeta Mahoma, y donde el ángel de la muerte recibe el nombre de Malak al-Mawt, encargado de enumerar y recoger las almas. También entramos al terreno del ocultismo: el filósofo del siglo XVI Henry Cornelius Agrippa escribió sobre una jerarquía de tres niveles de ángeles, y el ocultista británico John Dee, asesor de la reina Isabel I, afirmó junto al médium Edward Kelley haber hecho contacto con supuestos ángeles que se presentaban con títulos de reyes y príncipes. Y no falta el lado oscuro: la figura misteriosa que luchó con Jacob en Génesis 32 y el extraño episodio de Éxodo 4, que según las primeras traducciones griegas del texto hebreo habría involucrado a un ángel del Señor y no directamente a Dios. Incluso el relato popular de la Pascua atribuye al ángel de la muerte la visita a los primogénitos de Egipto, aunque las pruebas claras de esa presencia son escasas.

Si te apasionan los misterios de la Biblia, el ocultismo y las tradiciones que la historia casi olvidó, suscríbete a El DoQmentalista y activa la campanita para no perderte ningún documental.

#arcangeles #misterio #documental","el doqmentalista, documentales de misterio en español, doqmentalista, arcangeles, metatron, quienes son los arcangeles, angeles y arcangeles, angel de la muerte, angeles en el islam, john dee ocultista, cabala y angeles, jerarquia de los angeles, misterios de la biblia, ocultismo, documental en español, seres celestiales, angeles biblicos, historia de las religiones"
CzQURhZyOzc,206938,EL APOCALIPSIS - El FIN del MUNDO evangelio libro 21 de agosto,El Apocalipsis estuvo a punto de quedar fuera de la Biblia,El Apocalipsis de Juan: ¿quién lo escribió realmente?,"Apocalipsis bíblico: de Nerón a Trump, los rostros de la Bestia","El Apocalipsis es el libro más temido de la Biblia, pero pocos saben que fue también el más rechazado. Durante siglos, el Apocalipsis de Juan estuvo bajo sospecha dentro de la propia Iglesia, y su lugar en el canon bíblico se decidió entre debates, concilios y acusaciones de herejía.

En este documental recorremos la historia del último libro del Nuevo Testamento, atribuido al apóstol Juan a raíz de las visiones que, según el relato, recibió durante su destierro en la isla de Patmos. Las dudas sobre su autoría comenzaron muy temprano: el presbítero Cayo de Roma llegó a creer que el verdadero autor era el hereje Cerinto, y el libro fue rechazado por los cristianos de Siria, por buena parte del clero de la iglesia oriental y por padres de la iglesia como Juan Crisóstomo y Cirilo de Jerusalén. Siglos después, el propio Martín Lutero afirmó que el Apocalipsis no era ni apostólico ni profético. Su aceptación se fue consolidando con el decreto del papa Dámaso, los concilios de Hipona en el 393 y de Cartago en el 397, y más tarde el Concilio de Trento, mientras que la iglesia ortodoxa recién lo aceptó en el siglo XIX.

Analizamos además el contexto de persecución contra los cristianos bajo emperadores como Domiciano, que exigía culto a su propia imagen, y las cuatro grandes corrientes que han intentado descifrar el libro: la preterista, que ve en la Bestia a Nerón o Domiciano; la historicista, que a lo largo del tiempo ha identificado a la Bestia con Mahoma, Napoleón, Hitler e incluso Donald Trump; la futurista, nacida con el jesuita Ribera en 1590; y la idealista, que lee el Apocalipsis como una alegoría de la lucha espiritual de cada creyente. Cuatro jinetes, un dragón, una gran ramera y siete sellos: símbolos que Occidente lleva siglos intentando comprender.

Si te apasionan los enigmas de la Biblia y los documentales de misterio en español, suscríbete a El DoQmentalista y activa la campanita para no perderte ningún episodio.

#Apocalipsis #Biblia #Misterio","el doqmentalista, documentales de misterio en español, documental biblia, apocalipsis, apocalipsis de juan, libro del apocalipsis, fin del mundo biblia, los cuatro jinetes del apocalipsis, la bestia 666, anticristo, juan en patmos, canon biblico, martin lutero apocalipsis, nuevo testamento, profecias biblicas, misterios de la biblia, historia del cristianismo, escatologia, enigmas religiosos, ocultismo y religion"
