ID,VISTAS,TITULO ACTUAL,NUEVO TITULO,ALTERNATIVA 2,ALTERNATIVA 3,NUEVA DESCRIPCION,KEYWORDS
6bQ7s4j16O4,3388602,¿Tienes esta X en la mano? Descubre su SIGNIFICADO ✋🔮 | Quiromancia y Lectura de Manos,X en la palma de la mano: los egipcios ya sabían su significado,X en ambas manos: el estudio que analizó 2 millones de palmas,"Si tienes una X en ambas manos, nadie podrá mentirte jamás","¿Tienes una X en la palma de la mano? Esa pequeña marca entre las líneas de tus palmas carga un significado que civilizaciones enteras intentaron descifrar, y que hoy muy pocos saben leer.

La quiromancia es un método muy antiguo, utilizado por los egipcios y los griegos para conocer el destino de una persona. El último gran registro histórico de esta práctica aparece en la era de Alejandro Magno: sus consejeros reales sugirieron que sería el líder más grande de su tiempo porque tenía dos equis claramente visibles en ambas manos. Siglos después, circula en internet la historia de una supuesta investigación rusa que habría estudiado a más de dos millones de personas para entender el vínculo entre esta letra y el destino — un relato viral que analizamos en el video, y entre quienes portan la marca en ambas manos figuran nombres como Abraham Lincoln y Vladimir Putin.

Según esta lectura de manos, quienes tienen la X en ambas palmas no necesitan planificar para tener éxito: su destino toma la forma de un ciclo único de energía que los convierte en personas fuera de lo común. Son doblemente conscientes de todo y perciben las intenciones desde lejos, por eso no se les puede mentir ni traicionar; un mentiroso jamás tendrá éxito frente a ellos, señala el portal Sendero Saludable. El estudio también les atribuye una fuerza física notable aunque no lo aparenten, menor propensión a las enfermedades transmisibles, propiedades proféticas y la capacidad de cambiar su vida, y la de otros, en un instante. Y hay algo más: estas personas no serán olvidadas después de su muerte.

Mira tus manos ahora mismo. Si encuentras esa marca entre tus líneas, este video te va a interesar más de lo que imaginas.

Suscríbete a El DoQmentalista para más documentales de misterio, ocultismo y enigmas que la historia prefirió callar.

#Quiromancia #LecturaDeManos #Misterio","el doqmentalista, documentales de misterio en español, x en la palma de la mano, significado de la x en la mano, x en ambas manos, quiromancia, lectura de manos, líneas de la mano, destino en las manos, señales en las palmas, alejandro magno, quiromancia egipcia, letra x en la palma, misterio, ocultismo, esoterismo, videos de misterio"
3F8-bs389Ws,3378228,"ATERRADORES Arcangeles de la Biblia, seres LETALES, servidores, mensajeros y El libro de Enoc","Arcángeles de la Biblia: no protegen, ejecutan órdenes letales",El Libro de Enoc: el texto rechazado donde un ángel entierra vivo a un demonio,Ángel de la muerte: la Biblia registró 185 mil muertes en una noche y lo olvidamos,"Los arcángeles de la Biblia no son los querubines dulces del arte renacentista. Son guerreros del cielo, mensajeros implacables y, cuando reciben la orden, verdugos capaces de aniquilar ejércitos enteros en una sola noche.

La primera referencia a los siete arcángeles aparece en el Libro de Enoc, un texto de tradiciones judías ampliamente rechazado por las iglesias. Ahí se relata cómo el arcángel Rafael, bajo órdenes divinas, ató de pies y manos al demonio Azazel, lo arrojó a un agujero en el desierto y lo enterró vivo bajo rocas ásperas, cubierto de tinieblas hasta el día del gran juicio. En ese mismo libro, Uriel denuncia las uniones entre ángeles caídos y mujeres humanas que engendraron a los nefilim, la raza de gigantes cuya existencia condujo al gran diluvio que limpió la tierra.

Las historias siguen un patrón inquietante. Gabriel dejó mudo a Zacarías por dudar del anuncio del nacimiento de Juan el Bautista. Samael, llamado el ángel de la muerte, intentó asesinar a Jacob cuando aún estaba en el vientre de su madre, y solo la intervención de Miguel lo impidió. Durante el reinado del rey David, un ángel destructor extendió su mano sobre Jerusalén y fue el propio Dios quien lo detuvo. Y en el año 701 antes de Cristo, el ángel del Señor aniquiló a 185 mil hombres del ejército de Senaquerib en una sola noche, una matanza mayor que la de los primogénitos de Egipto en la Pascua. La lista cierra con Jofiel, el guardián del árbol del conocimiento que expulsó a Adán y Eva del Edén con su espada de fuego; con Azrael, el ángel de la muerte del islam, descrito con cuatro caras, cuatro mil alas y el cuerpo cubierto de ojos; y con Miguel luchando contra el diablo por el alma de Moisés, según relata la epístola de Judas.

Este documental recorre doce episodios donde los arcángeles estuvieron muy lejos de ser criaturas de calma: desde la rebelión de Lucifer y su caída como Satanás, hasta la carnicería entre los ejércitos de Miguel y Belial, el príncipe del reino de la maldad.

Si te apasionan los misterios de la Biblia y los textos que las iglesias prefirieron apartar, suscríbete a El DoQmentalista para más documentales de este calibre.

#Arcangeles #LibroDeEnoc #MisteriosDeLaBiblia","el doqmentalista, documentales de misterio en español, arcangeles de la biblia, libro de enoc, angel de la muerte, arcangel miguel, arcangel rafael, azazel demonio, nefilim gigantes, samael angel de la muerte, arcangel gabriel, arcangel uriel, guerra en el cielo, lucifer caida, textos apocrifos, misterios de la biblia, seres celestiales, angeles reales de la biblia, documental biblico"
HmZixkFiqB0,3306327,Hombre Encuentra Una Sirena En La Playa Y Habla Con Ella - El DoQmentalista,Sirena Varada: La Historia Completa Del Pacto De Los 3 Deseos,Sirenas: La Advertencia De Los Pescadores Que Un Anciano Ignoró,Sirena Le Habló A Un Anciano Y Le Reveló Secretos Del Mar,"Una sirena varada en la playa le suplicó ayuda a un anciano, y lo que le ofreció a cambio marcó a su familia durante generaciones. Esta es una de las leyendas de sirenas más antiguas de Cornualles, y comienza hace unos 400 años en la costa cercana a Lizard Point, una región de acantilados, calas escondidas y pescadores que juraban conocer los peligros del mar.

El protagonista era un anciano que vivía en una casa de campo en el pequeño pueblo de Cury. Un día de verano, con la marea baja, caminaba por la arena cuando descubrió a una hermosa mujer de cabello dorado llorando sobre una roca, dentro de una poza que la marea había dejado atrás. Al acercarse comprendió que era una sirena. Había quedado aislada de su esposo y sus hijos, dormidos en una cueva cercana, y le confesó un detalle escalofriante: si su marido despertaba hambriento y no la encontraba, levantaría una tormenta con su furia y podría devorar a sus propios hijos.

El anciano la cargó sobre su espalda hasta el mar, y ella le concedió tres deseos. Él no pidió oro ni plata: pidió el poder de hacer el bien, romper maleficios, curar enfermedades y encontrar objetos robados. La sirena le entregó un peine de su cabello dorado y le enseñó secretos del mar: cómo deshacer hechizos de brujas, cómo preparar un vaso de agua capaz de revelar el rostro de un ladrón y el poder curativo de las algas y las hierbas. El hombre se convirtió en un curandero famoso y transmitió ese conocimiento, junto con el peine mágico, a sus hijos. El lugar del encuentro aún se conoce como la Roca de las Sirenas, y el folclore de Cornualles asegura que esta criatura marina solo se muestra ante quienes realmente creen.

Un relato documentado del folclore británico, entre el misterio, la magia y las leyendas de pescadores que se niegan a morir.

Suscríbete a El DoQmentalista para más documentales de misterio, leyendas y enigmas del mar en español.

#Sirenas #Cornualles #Leyendas","el doqmentalista, documentales de misterio en español, sirenas, sirena en la playa, leyenda de la sirena, sirenas de cornualles, roca de las sirenas, leyendas de pescadores, criaturas marinas, folclore britanico, historias de sirenas, misterios del mar, seres mitologicos, mitos y leyendas, leyendas antiguas, casos misteriosos, relatos de misterio, criaturas legendarias"
3hLMK1FAlxI,3248183,"""El Verdadero PADRE NUESTRO En Arameo: ¡La Oración Secreta De JESÚS Revelada!"" 🙏📜",Padre Nuestro en arameo: no es la oración que te enseñaron,Padre Nuestro en arameo: la oración original que el mundo olvidó,Padre Nuestro en arameo completo: así sonaba en la lengua de Jesús,"El Padre Nuestro en arameo no comienza con las palabras que te enseñaron. En la lengua que hablaba Jesús, la oración abre llamando a Dios ""respiración de la vida, fuente del sonido, creador del cosmos"".

Esta versión, una lectura mística que circula del arameo, transforma cada frase que creías conocer. Donde el rezo tradicional pide el pan de cada día, aquí se pide sentir el alma de la tierra y la sabiduría que existe en todo. Donde se habla de tentación, la oración original pide no caer en la superficialidad y la apariencia de las cosas del mundo, y ser librados de todo aquello que impide nuestro crecimiento.

Escucha completa la oración de Jesús como pudo sonar en su propia lengua y compárala con la que rezas desde niño. La diferencia te va a sorprender.

Suscríbete a El DoQmentalista para más misterios de la Biblia y documentales en español.

#PadreNuestro #Arameo #OracionDeJesus","el doqmentalista, documentales de misterio en español, padre nuestro en arameo, oración de jesús, padre nuestro original, oración en arameo, traducción del arameo, respiración de la vida, lengua de jesús, arameo, misterios de la biblia, secretos de la biblia, oraciones poderosas, oraciones en español, cristianismo, espiritualidad, evangelios, historia de la biblia"
BG39AH29Xkk,2951912,"El Ascenso de Enoch, El Humano Que Se Volvió Ángel",Enoc Nunca Murió: Lo Que Dios Hizo Con Él Aterró a los Ángeles,El Libro Prohibido del Ángel Raziel Que Transformó a un Humano,Metatrón: La Historia Completa del Único Humano Vuelto Ángel,"Enoc nunca murió. La Biblia solo dice que caminó con Dios y desapareció, porque Dios se lo llevó. Génesis 5:24 guarda uno de los misterios más profundos de toda la Escritura, y la respuesta no está en la Biblia, sino en un libro que casi nadie ha leído.

Ese libro es el Sefer Raziel, el libro del ángel Raziel, cuyo nombre significa el secreto de Dios. Según la tradición rabínica, contenía todo el conocimiento material y espiritual de la creación, y fue entregado a Adán en el Edén. Los ángeles, celosos de que un humano poseyera esa sabiduría, se lo robaron y lo arrojaron al mar, hasta que Dios ordenó recuperarlo y Adán lo escondió en una cueva que el mundo olvidó. Siglos después, un sueño enviado por Dios le reveló a Enoc dónde estaba. Pero Enoc hizo algo que Adán jamás logró: no solo leyó el libro, lo memorizó por completo. Se convirtió en el libro. Y esa sabiduría interiorizada lo transformó, sacándolo del plano terrenal y llevándolo en cuerpo y mente al cielo.

En este documental exploramos la ascensión de Enoc y su conversión en el ángel Metatrón, según un texto del siglo tercero sobre el rabino Ismael y bajo la guía de los arcángeles Miguel y Gabriel. Una transformación violenta donde su carne se volvió llamas, sus ojos chispas ardientes, y recibió 72 alas por los 72 nombres hebreos de Dios y 365 mil ojos para verlo todo. Dios le dio un trono y lo puso a reinar sobre todos los príncipes del cielo, mientras los ángeles sentían miedo de que un humano gobernara sobre ellos. También revisamos lo que dice el Zohar, el texto central de la mística judía compilado por Moisés de León, y por qué la cábala ve en Enoc la promesa de que la humanidad puede recuperar su potencial divino original.

Si te apasionan los misterios de la Biblia, los textos apócrifos y los secretos del mundo angélico, este es tu lugar. Suscríbete a El DoQmentalista para más documentales de misterio en español.

#Enoc #Metatron #MisteriosBiblicos","el doqmentalista, documentales de misterio en español, enoc, metatron, libro de raziel, sefer raziel, genesis 5 24, enoc y metatron, angel metatron, zohar, cabala judia, arcangel miguel, textos apocrifos, misterios de la biblia, angeles en la biblia, mistica judia, secretos del vaticano, documental biblico, humanos que se volvieron angeles, misterios sin resolver"
tDEgeNDUUBw,2818207,LEVIATÁN: El Monstruo Marino Más Temido De La Biblia Que Aún Aterroriza Al Mundo,LEVIATÁN: La Verdad Sobre el Monstruo Más Temido de la Biblia,LEVIATÁN: El Monstruo del Que Habla el Libro Prohibido de Enoc,LEVIATÁN: Hallaron en Perú los Restos de un Monstruo Marino Real,"El Leviatán es el monstruo marino más temido de la Biblia, y su historia es mucho más antigua y perturbadora de lo que la mayoría imagina. No es solo una bestia: los textos sagrados lo describen como una criatura creada por Dios en el quinto día de la creación, tan poderosa que su destino final está escrito desde el principio.

En este documental recorremos las fuentes originales. El Talmud afirma que Dios dedica las últimas tres horas de cada día a jugar con el Leviatán, y que al final de los tiempos su carne será servida en el banquete de los justos, mientras su piel cubrirá los pabellones donde celebrarán. El libro apócrifo de Enoc va más lejos: habla de dos monstruos separados, una hembra llamada Leviatán que mora en el abismo de las aguas y un macho llamado Behemot que ocupa un desierto inmenso. Rastreamos además sus raíces más profundas, desde la leyenda cananea del dios Hadad contra un monstruo marino de siete cabezas hasta la épica babilónica donde Marduk destruye a Tiamat, la diosa del caos, para formar los cielos y la tierra.

La sombra del Leviatán no terminó en la antigüedad. En la demonología medieval se le consideró un demonio acuático casi imposible de exorcizar; Santo Tomás de Aquino lo señaló como el demonio de la envidia, y en el ocultismo figura entre los cuatro príncipes del infierno junto a Satán y Belial. Los marineros de la edad de oro de la navegación juraban ver serpientes gigantes que devoraban naves enteras, Thomas Hobbes tituló con su nombre su obra sobre el poder del Estado y Herman Melville lo convirtió en Moby Dick. Y en Perú, la ciencia encontró algo inquietante: los restos de un cetáceo carnívoro de hasta 17 metros, con dientes de 30 centímetros, bautizado Leviathan melvillei. El mito, al parecer, tenía algo de carne y hueso.

Si te apasionan los misterios bíblicos y las criaturas que la historia no ha podido enterrar, suscríbete al canal para no perderte los próximos documentales.

#Leviatán #MisteriosBíblicos #MonstruosMarinos","el doqmentalista, documentales de misterio en español, leviatán, monstruo marino de la biblia, leviatán biblia, libro de enoc, behemot, leviathan melvillei, demonología, talmud, marduk y tiamat, misterios bíblicos, monstruos marinos reales, serpiente marina, criptozoología, criaturas mitológicas, mitología antigua, secretos de la biblia"
ylsGI73OeV4,2769805,"¿A dónde fue Jesús después de morir?, El DoQmentalista, Secretos de la Biblia, Dios, Evangelio",Las 72 horas de Jesús después de morir: la historia completa,Jesús no subió al cielo al morir: fue al reino de los muertos,¿A dónde fue Jesús al morir? El pasaje que casi nadie entiende,"¿A dónde fue Jesús después de morir? La Biblia dice que murió, fue sepultado y resucitó al tercer día. Pero entre su muerte y su resurrección pasaron 72 horas de las que casi nadie habla. ¿Dónde estuvo su espíritu durante ese tiempo?

La respuesta se esconde en uno de los pasajes más enigmáticos del Nuevo Testamento. En Primera de Pedro 3:18-19 se afirma que Cristo, muerto en la carne pero vivificado en espíritu, fue y predicó a los espíritus encarcelados. Pedro es el único apóstol que da información específica sobre lo que ocurrió entre la crucifixión y la resurrección, y sus palabras abren un misterio bíblico que los estudiosos siguen debatiendo: esos espíritus no serían seres humanos, sino ángeles caídos relacionados con los días de Noé, antes del diluvio. Y el mensaje que Jesús les anunció no pudo ser de redención, porque según Hebreos 2:16 los ángeles no pueden ser salvados. Todo apunta a una declaración de victoria sobre Satanás y sus huestes.

En este documental analizamos también qué dice realmente Hechos 2:31 cuando afirma que Jesús descendió al Hades. En el griego original, el Hades no es el infierno: es la esfera de la muerte, un lugar temporal donde los muertos esperan la resurrección, mientras que el infierno es el juicio final y permanente según Apocalipsis 20. Además, Efesios 4:8-10 sugiere que Cristo fue al paraíso y llevó al cielo a quienes habían creído antes de su muerte, eso que las escrituras llaman llevar cautiva la cautividad. Lo que sí queda claro, según Hebreos 9:27, es que no se trataba de una segunda oportunidad de salvación: después de la muerte viene el juicio.

El descenso de Jesús al reino de los muertos es uno de los grandes secretos de la Biblia, un episodio del que las escrituras hablan en fragmentos y que quizá solo entenderemos por completo al alcanzar la gloria. Aquí reunimos los versículos, el contexto y las interpretaciones para que tú saques tus propias conclusiones.

Si te apasionan los misterios bíblicos y los enigmas que la historia dejó abiertos, suscríbete al canal de El DoQmentalista y activa la campana para no perderte los próximos documentales.

#SecretosDeLaBiblia #Jesus #MisteriosBiblicos","el doqmentalista, documentales de misterio en español, a donde fue jesus despues de morir, las 72 horas de jesus, jesus en el hades, espiritus encarcelados, descenso a los infiernos, 1 pedro 3 18, angeles caidos, dias de noe, resurreccion de jesus, secretos de la biblia, misterios biblicos, que pasa despues de la muerte, nuevo testamento explicado, enigmas de la biblia, documental biblico, semana santa"
oU1CcNixvUI,2600155,"La Torre De Babel No es Un Mito, Existió, Descubre el Origen de Las Lenguas",Torre de Babel: Las Ruinas Que Prueban Que No Fue un Mito,Torre de Babel: La Verdad del Castigo Que Dividió a la Humanidad,Torre de Babel: La Historia Completa del Origen de las Lenguas,"La Torre de Babel no fue solo un relato del Génesis: bajo las arenas de Babilonia existió una construcción real cuyas ruinas todavía guardan el secreto del origen de las lenguas.

Los babilonios la llamaban Etemenanki, ""la mansión de lo alto entre el cielo y la tierra"". Era un zigurat de siete pisos y unos 91 metros de altura, coronado por un templo dedicado a Marduk, el gran dios de Babilonia. Una inscripción de los tiempos de Nabopolasar, fundador de la dinastía caldea, ordena colocar sus bases hasta el mundo subterráneo y elevar su cúspide hasta el cielo, y en la época de Nabucodonosor II la cima fue decorada con ladrillos esmaltados de azul brillante para que el edificio pareciera perderse en el infinito. Heródoto, que pasó por Babilonia en el siglo quinto antes de nuestra era, describió su planta cuadrangular, su gran muralla y la escalera en espiral que subía hasta el santuario azul de la cumbre.

El capítulo 11 del Génesis cuenta que los hombres, unidos por una sola lengua, quisieron levantar una torre que alcanzara el cielo, y que Dios confundió su idioma y los dispersó por toda la faz de la tierra. Este documental recorre ese relato del Antiguo Testamento junto a la figura de Nimrod, el poderoso cazador señalado como gestor de la empresa, y sigue el destino del monumento: los daños tras la rebelión contra el dominio persa, el intento fallido de Alejandro Magno por restaurarla en el año 331, y su lenta conversión en cantera hasta quedar oculta bajo los escombros durante siglos.

Pero lo más inquietante es que la confusión de lenguas no aparece solo en la Biblia. Los antiguos toltecas hablaban de una gran torre levantada después del diluvio, los ticunas del Amazonas recordaban una tribu que dejó de entenderse, y el antropólogo James George Frazer documentó leyendas casi idénticas en el Congo y Tanzania. Demasiadas culturas contando la misma historia para que sea casualidad.

Si te apasionan los misterios de la Biblia y las civilizaciones antiguas, suscríbete a El DoQmentalista para más documentales de misterio en español.

#TorreDeBabel #Babilonia #MisteriosBiblicos","el doqmentalista, documentales de misterio en espanol, torre de babel, origen de las lenguas, etemenanki, zigurat de babilonia, nabucodonosor, genesis 11, marduk, nimrod, babilonia antigua, arqueologia biblica, misterios de la biblia, antiguo testamento, mesopotamia, confusion de lenguas, mitos antiguos, enigmas historicos"
AKmUJYAInaY,2581453,"""La Verdad Que La Iglesia Oculta: ¡Los Humanos Somos Dioses!""",Rollos del Mar Muerto: los textos prohibidos que borraron de la Biblia,Noé descendía de ángeles: el secreto oculto en los Rollos del Mar Muerto,Sois dioses: el versículo olvidado que Jesús mismo citó,"Los Rollos del Mar Muerto guardan los textos que fueron eliminados de la Biblia, y lo que revelan sobre el origen de la humanidad es tan inquietante que permaneció enterrado casi dos mil años.

En 1946, un niño beduino que buscaba ovejas perdidas encontró jarras de arcilla en las cuevas de Qumrán, a poco más de un kilómetro del Mar Muerto, en Cisjordania. Dentro estaba la biblioteca de los esenios, un grupo de judíos conservadores que vivía en el desierto esperando al Mesías y con quienes pudo haber estudiado el propio Juan el Bautista. Cuando Tito y las legiones romanas quemaron Jerusalén en el año 70, los esenios aceptaron el martirio, pero antes escondieron sus pergaminos en las montañas. Al comparar esos manuscritos del Mar Muerto con las traducciones modernas, los estudiosos confirmaron algo notable: el Antiguo Testamento que leemos hoy es sorprendentemente fiel a las copias antiguas. El verdadero misterio estaba en otra parte.

Entre los pergaminos aparecieron textos apócrifos que los redactores de la Biblia hebrea conocían y decidieron desechar. Uno de ellos cuenta que Lamec acusó a su esposa de haber tenido un romance con un vigilante, un ángel, porque su hijo se parecía a un nefilim, uno de esos gigantes nacidos de la unión entre los hijos de Dios y las hijas de los hombres que provocó el diluvio. Ese niño era nada menos que Noé. Y si Noé, el padre ancestral de toda la humanidad tras el diluvio, descendía de ángeles caídos, la pregunta sobre lo que realmente somos queda abierta. La propia Biblia deja ecos de esos libros prohibidos: el Salmo 82 declara ""sois dioses"", un versículo que Jesús cita en el Evangelio de Juan y que resuena en Hebreos y Judas.

Este documental recorre lo que el concilio de Jamnia decidió conservar, lo que mandó destruir y lo que sobrevivió escondido en el desierto para que nosotros pudiéramos leerlo.

Si te apasionan los misterios de la Biblia y la historia que no se cuenta en los templos, suscríbete a El DoQmentalista y activa la campana para no perderte los próximos documentales.

#RollosDelMarMuerto #Nefilim #MisteriosDeLaBiblia","el doqmentalista, documentales de misterio en espanol, rollos del mar muerto, manuscritos del mar muerto, nefilim, esenios, cuevas de qumran, salmo 82 sois dioses, textos prohibidos de la biblia, libros apocrifos, angeles caidos, noe y el diluvio, concilio de jamnia, juan el bautista, misterios de la biblia, secretos de la biblia, historia biblica, enigmas sin resolver, documental biblico, gigantes en la biblia"
qrzXNEifE4Q,2552145,Los DEMONIOS Más Poderosos Y Temidos De La Biblia Y Del Mundo: ¡Seres De Oscuridad!,Demonios de la Biblia: Lucifer nunca fue el nombre del diablo,Nefilim: los gigantes de la Biblia que el mundo olvidó temer,Demonios más temidos del mundo: la historia completa de su origen,"Los demonios de la Biblia y de las religiones del mundo tienen nombres, orígenes y poderes que muy pocos conocen, y uno de ellos ni siquiera es el que siempre nos contaron.

Este documental recorre las entidades más temidas de las grandes creencias. El Dibbuk, nacido del folklore judío en Israel con registros desde el siglo dieciséis, es un alma errante que se adhiere al cuerpo de los vivos cuando un problema emocional abre una rendija entre lo corpóreo y lo etéreo; su exorcismo exige un rabino experto en la Cábala, diez personas formando un círculo santo, el Salmo 91 recitado tres veces y el sonido del shofar. Los Nefilim, la raza de gigantes mencionada en la Torá y en el Libro de Enoc, practicaban el canibalismo y fueron una de las razones principales del gran diluvio en tiempos de Noé. En oriente, los Preta o espíritus hambrientos del budismo y el hinduismo padecen un hambre insaciable como castigo kármico por su avaricia, mientras los Rakshasas del Ramayana, felinos humanoides surgidos de los pies del dios Brahma, profanan tumbas, devoran hombres y solo caen ante el agua bendita.

El islam habla de los Jinn, seres creados del humo y del fuego según el Corán, con libre albedrío como los humanos, capaces de tomar la forma de un perro negro o de un torbellino y de cruzar a nuestra dimensión a través de portales. En el Apocalipsis aparece Abaddón, el ángel exterminador del abismo sin fondo, jefe de los demonios de la séptima jerarquía y señor de un ejército de langostas con rostro humano y aguijón de escorpión. Y cerramos con Lucifer, cuyo nombre significa portador de luz: la Biblia jamás llama así al diablo, y el pasaje de Isaías 14:12 esconde una historia muy distinta a la que la tradición repitió durante siglos.

Un recorrido documentado por el ocultismo, las posesiones demoniacas y los seres de oscuridad que las religiones han temido durante milenios.

Si te apasionan los documentales de misterio en español, suscríbete a El DoQmentalista y activa la campana para no perderte los próximos episodios.

#Demonios #Misterio #Ocultismo","el doqmentalista, documentales de misterio en español, demonios de la biblia, demonios mas temidos, nefilim, dibbuk, abaddon, lucifer angel caido, jinn, rakshasas, espiritus hambrientos, libro de enoc, angel del abismo, posesiones demoniacas, exorcismo, ocultismo, paranormal, misterios biblicos, seres de oscuridad"
Rvo4W41pGwo,2546843,Los Ángeles Mas Poderosos de la Biblia - contra los demonios ✅ El DoQmentalista,Ángeles de la Biblia: su verdadero aspecto no es el que imaginas,Jerarquía de los ángeles: los 9 coros que gobiernan el cielo,Lucifer era un querubín: lo que casi nadie recuerda de los ángeles,"Los ángeles de la Biblia no son los bebés con alas de las pinturas: son seres inmensos, cubiertos de ojos, tan brillantes que un profeta creyó morir al verlos. En este documental recorremos la jerarquía angelical completa, coro por coro, tal como la describen las Escrituras.

La tradición divide a los seres celestiales en tres jerarquías y nueve coros. En la cima están los serafines, guardianes del trono de Dios, descritos por Isaías con seis alas: dos para cubrir el rostro, dos para cubrir los pies y dos para volar, mientras claman ""santo, santo, santo"". Les siguen los querubines, guardianes de la luz y las estrellas, el coro al que muchos cristianos creen que perteneció Lucifer antes de su caída, cuando su título era el portador de luz. Y los tronos, antiguamente llamados espíritus de las estrellas, seres de alas circulares con los colores del arcoíris que aparecen en Colosenses 1:16 y en la visión del Apocalipsis, rodeados de veinticuatro ancianos con coronas de oro.

La segunda jerarquía gobierna el orden del universo: dominaciones que regulan a los ángeles inferiores, virtudes que inspiran a la humanidad como rayos de luz y potestades que custodian la conciencia, la historia y a los ángeles de la muerte y del nacimiento. En la tercera están los principados, guardianes de las naciones; los arcángeles, de los cuales la Biblia solo nombra a tres, Miguel, Rafael y Gabriel; y los ángeles mensajeros, los más cercanos al ser humano, entre ellos el ángel de la guarda que, según la angelología, Dios asigna a cada persona. Ellos siembran ideas en nuestra mente, pero la decisión final siempre es nuestra: la que Dios quiere, la que nosotros elegimos o la que el mal susurra.

Un documental sobre misterios de la Biblia, seres celestiales y el orden invisible que, según las Escrituras, sostiene el cielo y vigila la Tierra.

Suscríbete a El DoQmentalista para más documentales de misterio, ocultismo y enigmas bíblicos en español.

#AngelesDeLaBiblia #JerarquiaAngelical #MisteriosDeLaBiblia","el doqmentalista, documentales de misterio en español, angeles de la biblia, jerarquia de los angeles, los 9 coros de angeles, serafines, querubines, tronos celestiales, arcangel miguel, arcangel gabriel, lucifer angel caido, angel de la guarda, angelologia, seres celestiales, misterios de la biblia, angeles y demonios, documental biblico, enigmas biblicos"
dYRwDAjO5sw,2359694,Verdad Oculta: Los Secretos Impactantes de Judas Iscariote y la Biblia,El Evangelio de Judas: el manuscrito prohibido hallado en Egipto,Judas no traicionó a Jesús: la verdad del evangelio condenado,Judas Iscariote: la historia completa del apóstol más odiado,"El Evangelio de Judas estuvo perdido durante más de mil quinientos años, y cuando por fin salió a la luz, puso en duda todo lo que creíamos saber sobre el hombre más odiado de la Biblia. En este documental analizamos la verdadera historia de Judas Iscariote, desde los evangelios canónicos hasta el manuscrito prohibido que la Iglesia primitiva condenó como herejía.

Según los cuatro evangelios, Judas era el tesorero de los apóstoles y entregó a Jesús de Nazaret con un beso a cambio de 30 piezas de plata, monedas que según el investigador Donald Wissmann pudieron ser tetradracmas de Tiro o estateros de Antioquía con el rostro de César Augusto. Pero su muerte esconde una contradicción incómoda: Mateo 27:5 dice que se ahorcó, mientras que Hechos 1:18 afirma que cayó de cabeza y se reventó en el campo que fue llamado Acéldama, el campo de sangre. Dos relatos que los estudiosos llevan siglos intentando conciliar.

Y luego está el hallazgo que cambió el debate. En 1978, unos campesinos egipcios descubrieron el códice Tchacos, un papiro copto del siglo IV que fue sacado ilegalmente de Egipto, ofrecido por 3 millones de dólares y olvidado en un banco de Nueva York durante casi dos décadas, deteriorándose hasta casi convertirse en polvo. Restaurado y traducido por National Geographic en 2006, y datado por carbono 14 entre los años 220 y 340, contiene el Evangelio de Judas: un texto gnóstico donde el propio Jesús le ordena a Judas que lo entregue como un acto supremo de obediencia, y le profetiza que será maldito por generaciones. Un evangelio que ya denunciaba el obispo Ireneo de Lyon en el siglo II, atribuyéndolo a la secta gnóstica de los cainitas, herederos de Simón el Mago.

¿Fue Judas Iscariote el traidor que conocemos, o la pieza necesaria de un plan que nadie más entendió? Escritores como Jorge Luis Borges y Juan Bosch ya se hicieron esa pregunta. Hoy el manuscrito nos obliga a hacérnosla de nuevo.

Suscríbete a El DoQmentalista para más documentales de misterio, historia oculta y enigmas de la Biblia en español.

#EvangelioDeJudas #JudasIscariote #MisteriosDeLaBiblia","el doqmentalista, documentales de misterio en espanol, evangelio de judas, judas iscariote, codice tchacos, 30 monedas de plata, evangelios apocrifos, textos gnosticos, muerte de judas, campo de sangre aceldama, national geographic evangelio de judas, misterios de la biblia, historia oculta de la iglesia, manuscritos antiguos, apostoles de jesus, traicion de judas, secretos del cristianismo, documental biblico"
3ME4AWr8GHc,2238592,El Guerrero Azteca Que Derrotó a Hernán Cortés Tzilacatzin El Imparable,El Guerrero Azteca Que los Españoles Nunca Pudieron Matar,Los Soldados de Cortés Juraron Ver un Guerrero Inmune a sus Armas,La Verdad del Guerrero Que Puso a Hernán Cortés al Borde de la Derrota,"Un guerrero azteca logró lo que parecía imposible: hacer retroceder él solo a los soldados de Hernán Cortés, y desaparecer sin que ningún documento histórico registrara jamás su muerte.

Gracias a los escritos del soldado Bernal Díaz del Castillo y de Fray Bernardino de Sahagún sabemos que Tzilacatzin, llamado también el Otomí por su fiereza en combate, fue el alma de la defensa de Tlatelolco durante la caída de la Gran Tenochtitlán. Los cronistas cuentan que poseía la fuerza de varios hombres, que parecía infranqueable ante las ballestas e inmune al dolor, y que entre los soldados españoles corrió la fama de que era un guerrero fantasma surgido del Mictlán para proteger a su pueblo. Cuando los bergantines españoles atacaron desde el agua y ningún guerrero tlatelolca se atrevió a enfrentarlos, él solo repelió el desembarco lanzando enormes piedras contra las embarcaciones.

Los españoles ordenaron entonces matarlo primero a él, pero Tzilacatzin se camuflaba y evadía cada ataque, llevando al ejército invasor a la desesperación. En esta historia de la conquista de México conocerás la batalla en la que, junto a los guerreros Tzoyectzin y Temoctzin, enfrentó a cientos de soldados; el momento en que derribó de un solo golpe al caballo de un capitán español creyendo que era el propio Cortés; y sus últimas palabras a los defensores de Tlatelolco cuando la ciudad ya estaba perdida: morir en la tierra de sus padres y abuelos era el mayor de los honores.

Sin embargo, el misterio sigue abierto. Hasta la fecha no existe ningún registro que dé fe de la muerte de este guerrero mexica ni de sus compañeros, por lo que muchos creen que nunca cayó ante el ejército español y que logró escapar con vida. Una de las leyendas mexicanas más poderosas del imperio azteca, contada con los relatos y crónicas que sobrevivieron a la conquista.

Si te apasionan los misterios de la historia y las leyendas prehispánicas, suscríbete al canal y activa la campana para no perderte los próximos documentales de El DoQmentalista.

#GuerreroAzteca #ConquistaDeMexico #Tzilacatzin","el doqmentalista, documentales de misterio en español, tzilacatzin, guerrero azteca, hernán cortés, conquista de méxico, caída de tenochtitlán, tlatelolco, bernal díaz del castillo, guerreros mexicas, mictlán, leyendas mexicanas, historia de méxico, leyendas prehispánicas, imperio azteca, mitología azteca, misterios de la historia, personajes históricos misteriosos"
qZUVnnHyL8M,2160375,Hombre lleva un demonio sin saberlo hasta que una bruja se lo dice,Nunca le pidas ayuda a un demonio: este hombre lo hizo y funcionó,Dos brujas que no se conocían vieron al mismo demonio detrás de él,"Si una bruja tira sal a tu alrededor, no es para protegerte a ti","Un demonio lo siguió durante años sin que él lo supiera, y cuando finalmente le pidió ayuda, el demonio respondió. Esta es la historia real que un suscriptor me envió por correo, y confieso que al leerla de madrugada me dejó helado.

Todo comenzó en 2005, cuando Jesús Arreola trabajaba cerca de Amarillo, Texas. Acompañó a un compañero guatemalteco a visitar a una bruja que venía de México por temporadas. Él solo iba de curioso, pero apenas se sentó en la sala de espera, los ayudantes de la mujer empezaron a regar sal a su alrededor. Cuando la bruja intentó leerle la mano, no pudo: dijo que su alma era demasiado vieja para estar ahí, y que detrás de él había algo negro y malvado que no la miraba a ella, solo a él. Lo describió con cabeza de mula, torso de hombre y plumas de pavorreal, y aseguró que lo observaba con orgullo, como un padre que mira a su hijo.

Años después, ya en Durango, la historia se repitió. Primero con la señora Chacón, una lectora de caracoles que no le quitó la vista de encima, y luego con Martha, una mujer que decía hablar con el espíritu de una difunta en el bar donde trabajaba. Esa alma le advirtió que se alejara de él por el caballo que se reía a sus espaldas. Dos mujeres que jamás se conocieron describieron a la misma entidad. Al investigar, Jesús encontró un solo nombre que coincidía con esa descripción: Adramelech, un demonio antiguo del que casi no existe información. Cuando aparecieron señales de brujería en su puerta, un naipe de espadas clavado y aceite quemado sobre la lápida de su madre, vinieron noches enteras de insomnio, escalofríos y una presencia que no lo dejaba en paz. Desesperado, hizo lo que nadie debería hacer: cerró los ojos, imaginó a ese ser y le suplicó ayuda. Todo el mal desapareció en un instante. Desde 2012 no ha vuelto a ocurrir nada, pero él vive con una pregunta: cuál será el precio de aquel favor.

Un relato paranormal documentado con nombres, fechas y lugares reales, de esos casos de ocultismo que no se pueden explicar con simples coincidencias.

Si te apasionan los misterios, las historias de brujas y los testimonios paranormales reales, suscríbete al canal y activa la campanita para no perderte el próximo documental.

#Paranormal #Brujería #Demonios","el doqmentalista, documentales de misterio en español, historias de terror reales, demonio adramelech, brujas reales, brujería en méxico, demonio protector, lectura de manos, señales de brujería, relatos de suscriptores, testimonios paranormales, casos paranormales reales, historias de brujas, entidades demoniacas, ocultismo, espíritus y demonios, relatos paranormales en español, misterio y terror, historias reales de demonios"
7BS4wUcgwpc,2151070,Historia de Metatrón: El Arcángel Escriba y sus Mitos en la Biblia,Metatrón: la verdad del ángel al que llamaban el Dios menor,Metatrón era un hombre: el secreto de Enoc que casi nadie recuerda,Metatrón: el expediente oculto del ángel escriba de Dios,"Metatrón es el ángel de mayor rango en toda la jerarquía celestial, el escriba de Dios que registra los méritos y pecados de cada ser humano. Y sin embargo, su nombre no aparece en los cinco libros de Moisés. Entonces, ¿de dónde salió?

Este documental sigue el rastro de Metatrón por los escritos apócrifos, el Talmud y la Cábala judía. Ahí aparece uno de los episodios más inquietantes de la literatura rabínica: Eliseo ben Abuyah, llamado Acher en el Talmud, subió al Cielo, vio a Metatrón sentado frente al trono y proclamó que había dos deidades en el Cielo. Por eso algunos textos antiguos se atrevieron a llamarlo el Dios menor, una idea tan peligrosa para el monoteísmo que esos escritos quedaron fuera del corpus oficial y terminaron en manos de gnósticos y mandeos. También examinamos el pasaje del Éxodo donde Dios envía un ángel a guiar a los israelitas por el desierto, un ángel del que advierte que no perdonará transgresiones porque lleva Su Nombre dentro. La Torá nunca lo nombra, pero el Talmud sí: es Metatrón.

Hay algo más extraño todavía: Metatrón no es su verdadero nombre. El erudito de la Cábala Gershom Scholem rastreó los textos más antiguos, como el Apocalipsis de Abraham, y encontró que ahí se le llama Yeho-El, el ángel que porta el Tetragrámaton. Otros estudiosos sugieren que la palabra viene del griego meta y thronos, el que se sienta junto al trono. Y la tradición judía guarda su origen más asombroso: Enoc, descendiente de Adán, que caminó con Dios y nunca murió, habría sido transformado en este ángel, así como Elías se convirtió en Sandalfón. Un hombre de carne y hueso elevado por encima de serafines y querubines, convertido en puente entre el Cielo y la Tierra, y vinculado incluso a la geometría sagrada del famoso cubo de Metatrón.

Si te apasionan los misterios de la Biblia, los ángeles y los textos que quedaron fuera del canon, suscríbete al canal para no perderte los próximos documentales.

#Metatron #MisteriosDeLaBiblia #Angeles","el doqmentalista, documentales de misterio en español, metatrón, arcángel metatrón, ángel escriba de dios, enoc, libro de enoc, cábala judía, talmud, dios menor, yeho-el, cubo de metatrón, sandalfón, jerarquía de los ángeles, ángeles en la biblia, textos apócrifos, misterios de la biblia, serafines y querubines, ocultismo, angelología"
ZVRIL2mJfOY,2093370,¿Adán No Fue el Primero? ¡Verdad Oculta!,Adán no fue el primer hombre: el Génesis lo dice sin filtros,Humanos antes de Adán: la Biblia siempre lo supo y lo ignoramos,Tablillas sumerias contaron el Génesis mil años antes de la Biblia,"Adán no fue el primer hombre, y no lo dice ningún texto apócrifo ni una teoría de internet: lo sugiere la propia Biblia cuando se lee el Génesis sin los filtros de la tradición. En este documental abrimos el texto verso por verso y encontramos una historia muy distinta a la que siempre nos contaron.

El punto de partida está en los dos relatos de creación. En Génesis 1, Dios crea a los humanos en el sexto día y les da órdenes concretas: multiplicarse, dominar la tierra y alimentarse de las plantas con semilla. En Génesis 2 aparece la creación de Adán, a quien solo se le da una prohibición: no comer del árbol del conocimiento del bien y del mal. Suponer que son el mismo evento es solo eso, una suposición. Si Adán fue creado en un mundo ya poblado, versículos crípticos empiezan a tener sentido: el temor de Caín a esos otros sin nombre que podrían matarlo, la mujer que conoció en la tierra de Nod y la ciudad que edificó y llamó Enoc, según Génesis 4:16-17.

El recorrido pasa también por Mesopotamia, donde la civilización comenzó hace más de cinco mil años. Las tablillas sumerias y acadias del tercer milenio antes de Cristo, anteriores en más de mil años a los libros más antiguos de la Biblia, ya contenían las historias de Adán y Eva, el diluvio y la confusión de lenguas, atribuidas a dioses inmortales de apariencia humana que se mezclaron con mortales. Analizamos además a los hijos de Dios que tomaron a las hijas de los hombres, a los nefilim que ya estaban en la tierra, el límite de 120 años frente a las vidas de siglos de los patriarcas, y las pistas que apuntan a que el diluvio no fue un fenómeno global sino regional. Bajo esta lectura, Adán no sería el primer humano, sino el primero capaz de actuar contra la voluntad de Dios: el portador del libre albedrío.

Si te apasionan los misterios bíblicos y las verdades que se esconden entre líneas, suscríbete al canal y activa las notificaciones para no perderte los próximos documentales.

#Adan #Genesis #MisteriosBiblicos","el doqmentalista, documentales de misterio en español, adán no fue el primer hombre, humanos antes de adán, génesis 1 y 2, la esposa de caín, tablillas sumerias, nefilim, hijos de dios, diluvio universal, libre albedrío en la biblia, misterios de la biblia, secretos del génesis, enigmas bíblicos, sumerios y mesopotamia, mitología sumeria, biblia y ciencia, historia antigua, verdad oculta de la biblia"
2s3-Js_DU98,2080415,Historia: Misterios del Judio Errante y su Castigo Divino en la Biblia,El Judío Errante: el hombre que golpeó a Jesús y no puede morir,Judío Errante: lo vieron en 1547 y su maldición seguiría activa,La historia completa del Judío Errante y su condena eterna,"El Judío Errante es el hombre condenado a caminar por la tierra sin poder morir, castigado por haber humillado y golpeado a Jesús camino a la Crucifixión. Una maldición que, según la leyenda, sigue activa hasta el día del Juicio Final.

Esta historia comenzó a difundirse en Europa en el siglo XIII, pero sus raíces son mucho más profundas. El primer errante de la Biblia fue Caín, condenado a vagar por la tierra sin cosechar jamás. Siglos después, el poeta Aurelio Prudencio Clemente escribió sobre un judío sin techo que vagaba en un exilio eterno, pagando el precio de su pecado. Y en la Inglaterra medieval, los monjes de la abadía de St Albans interrogaron a un arzobispo armenio que aseguraba haber visto con sus propios ojos a este hombre inmortal: un zapatero llamado Cartaphilus, que golpeó a Jesús durante una de las caídas de la cruz y recibió como respuesta una sentencia terrible: descansaré, pero tú seguirás hasta el último día.

En este documental analizamos también la versión del autor protestante Jacob Basnage, para quien no existe un solo errante sino tres: Samer, maldecido por fundir el becerro de oro en tiempos de Moisés; Cartaphilus, guardia del pretorio de Poncio Pilato que empujó a Cristo rumbo a la crucifixión; y Asuero, el zapatero de Jerusalén que le gritó desde su puerta. La leyenda añade un detalle inquietante: cada cien años, el errante sufre una enfermedad que lo lleva al borde de la muerte, pero misteriosamente sana y rejuvenece hasta los treinta años, la edad que tenía cuando cometió su falta. El último avistamiento documentado que recoge la tradición ocurrió en Hamburgo, en 1547, donde un hombre arrepentido y obsesionado con los muertos repetía que debía seguir adelante, sin detenerse en ningún lugar.

¿Es el Judío Errante una leyenda medieval, una advertencia teológica o el rastro de un hombre real que aún camina entre nosotros? La respuesta, como siempre, está en los documentos.

Suscríbete a El DoQmentalista para más documentales de misterio, leyendas y enigmas de la Biblia en español.

#JudioErrante #MisteriosDeLaBiblia #Leyendas","el doqmentalista, documentales de misterio en espanol, misterios biblicos, judio errante, leyenda del judio errante, cartaphilus, asuero el zapatero de jerusalen, maldicion de jesus, hombre inmortal, cain el primer errante, jacob basnage, judio errante hamburgo 1547, leyendas medievales, misterios de la biblia, personajes biblicos, historias de la edad media, enigmas sin resolver, inmortalidad"
gyPACC031Fs,1975881,"La Historia De Job, El Hombre Torturado Por El Diablo, El DoQmentalista",El Libro De Job: La Verdad De La Apuesta Entre Dios Y El Diablo,"La Historia Completa De Job, El Hombre Que Dios Entregó Al Diablo","Job Perdió Todo En Un Solo Día, Y Casi Nadie Entiende Por Qué","El Libro de Job esconde la apuesta más inquietante de toda la Biblia: Dios permitió que el diablo destruyera la vida de un hombre justo para probar su fe. Esta es la historia de Job, contada completa y sin adornos.

Job era un hombre rico e irreprochable que vivía en la tierra de Uz con su gran familia y sus extensos rebaños. Un día, Satanás se presentó ante Dios y lanzó un desafío: Job solo era bueno porque había sido bendecido en abundancia. Si perdía todo, lo maldeciría. Dios aceptó la prueba con una sola condición: el adversario no podía matarlo. En el transcurso de un solo día, cuatro mensajeros llegaron con noticias devastadoras: su ganado, sus sirvientes y sus hijos habían muerto por invasores y catástrofes. Job rasgó su ropa, se afeitó la cabeza y, aun así, siguió bendiciendo a Dios.

Pero el tormento no terminó ahí. Satanás lo afligió con llagas horribles en la piel, y hasta su propia esposa le pidió que maldijera a Dios y se dejara morir. Sus tres amigos, Elifaz, Bildad y Sofar, guardaron silencio junto a él durante siete días, y después lo acusaron: tanto sufrimiento solo podía ser castigo por un pecado oculto. Job defendió su inocencia, cuestionó por qué los malvados prosperan mientras los inocentes sufren, y exigió confrontar a un Dios al que no podía encontrar. Entonces el joven Eliú tomó la palabra, y finalmente Dios mismo respondió desde un torbellino, describiendo el poder de su creación y de dos grandes bestias, Behemot y Leviatán. Job reconoció los límites del entendimiento humano, y Dios le devolvió la salud, el doble de sus propiedades, nuevos hijos y una vida extremadamente larga.

Este documental bíblico recorre el sufrimiento de Job, el papel de Satanás como acusador y la lección más dura del relato: quizá nunca sepamos la razón específica del dolor, como recuerdan el Salmo 18:30 e Isaías 55:8-9, pero la historia de Job sigue siendo uno de los misterios de la Biblia más profundos jamás escritos.

Suscríbete a El DoQmentalista para más historias bíblicas y misterios documentados que casi nadie se atreve a contar.

#LibroDeJob #HistoriasBiblicas #MisteriosDeLaBiblia","el doqmentalista, documentales de misterio en espanol, la historia de job, el libro de job, job y el diablo, la apuesta entre dios y satanas, elifaz bildad y sofar, behemot y leviatan, el sufrimiento de job, tierra de uz, historias biblicas, misterios de la biblia, personajes de la biblia, antiguo testamento, satanas en la biblia, por que dios permite el sufrimiento, relatos biblicos narrados, documental biblico"
dZVGJgc_Dfw,1954500,¡Nunca Pactes con Estos 10 Demonios!,Pactos con Demonios: La Cruda Verdad de Sus Falsas Promesas,"Si un Demonio Te Ofrece Riqueza, Huye: 10 Pactos Mortales",El Archivo Prohibido de los 10 Demonios que Ofrecen Pactos,"Los pactos con demonios prometen riqueza, amor y poder, pero detrás de cada oferta se esconde el mismo precio: tu alma. En este documental estudiamos al enemigo para reconocer sus trampas antes de caer en ellas.

Comenzamos con Belfegor, uno de los siete príncipes del infierno y encarnación del pecado de la pereza, que aparece en la Biblia, en Números 25:3, como Baal-Peor, el dios adorado por los moabitas. Este corruptor se acerca bajo la apariencia de una joven y tienta con riquezas rápidas a cambio de poco trabajo. Le siguen seductores todavía más extraños: Fénix, que en pleno exorcismo adopta la forma de un pájaro y la voz encantadora de una mujer para hablar de ciencia y poesía en lugar de lanzar insultos, y Balam, el demonio de tres cabezas de toro, hombre y carnero que comanda 40 legiones infernales y ofrece ingenio e invisibilidad a quien lo invoca.

El recorrido por la demonología continúa con Zagan, gran rey del infierno capaz de convertir el agua en vino y el oro en monedas; Saleos, el duque que cabalga un cocodrilo y hace que las personas se enamoren; Vual, el camello que habla egipcio y conoce el pasado, el presente y el futuro al mando de 37 legiones; y Crocell, el demonio con apariencia de ángel que domina la geometría y calienta las aguas ocultas. Cierran la lista Sitri, el manipulador con cara de leopardo y alas de grifo que obliga a revelar secretos; Decarabia, que se manifiesta como un pentagrama, domina las piedras y las hierbas y dirige 30 legiones; y Andromalius, la perdición de los ladrones, el único que castiga a los malhechores en lugar de crearlos. El ocultismo los describe con detalle, y ese detalle es la mejor defensa: quien conoce el engaño no firma el pacto.

Suscríbete al canal para más documentales de misterio, ocultismo y enigmas de lo paranormal en español.

#Demonios #Ocultismo #Misterio","el doqmentalista, documentales de misterio en español, pactos con demonios, pactos demoniacos, demonologia, belfegor, sitri, decarabia, andromalius, balam demonio, zagan demonio, principes del infierno, legiones del infierno, ocultismo, exorcismo, seres malignos, paranormal en español, misterios y enigmas"
nzWdIDSnLDE,1937224,Encuentran A Una Bestia Que Llora Como Bebé Y Come Personas,"Si Escuchas Un Bebé Llorar En El Monte, Huye: La Onza Está Cazando",Siguieron El Llanto De Un Bebé y Encontraron Huesos Humanos,La Bestia Que Roba Recién Nacidos Mientras Duermes: La Onza Es Real,"La onza es la bestia que llora como bebé para atraer a sus víctimas, y esta historia real sucedió en un pequeño pueblo de México llamado Contraestaca. Lo que dos cazadores encontraron esa noche junto al arroyo no tiene explicación.

Pedro Rodríguez y Ángel Salazar habían viajado a la región para pescar y cazar venados de noche, una práctica conocida como venadear. Caminaban arroyo arriba, alumbrando con sus linternas, cuando escucharon algo imposible: el llanto de un bebé en medio de la nada, a medianoche y en plena oscuridad. Pensando que alguien estaba en problemas, siguieron el sonido. El llanto se detenía, volvía a sonar más cerca, los llamaba detrás de una ladera. Hasta que Pedro pisó algo que crujió bajo su bota: huesos humanos esparcidos por el suelo, costillas, una cadera y varios cráneos. Un panteón sin tumbas en medio del monte. Corrieron sin mirar atrás mientras el llanto seguía sonando a sus espaldas.

Su anfitrión les creyó de inmediato, porque en la región de las Quebradas todos conocen la leyenda de la onza, una criatura desconocida para la ciencia que ruge como león, gruñe como tigre y llora como un niño. Así caza: juega con la psicología humana, con la compasión que sentimos al escuchar a un bebé llorando. Los ancianos cuentan que entra a las casas de noche para robarse a los recién nacidos, y que hay desaparecidos cuyos restos aparecen tiempo después en medio de la nada. En esta zona aún sobreviven felinos en peligro de extinción, como pumas, gatos monteses, ocelotes y jaguares, pero nadie los caza. La pregunta es inquietante: ¿tienen un depredador más astuto en común? Este documental de misterio recorre el testimonio completo, la leyenda mexicana y mi propia experiencia, porque yo mismo viví el azote de un animal que lloraba por las noches en mi pueblo natal, mientras desaparecían animales domésticos, ganado y hasta personas sin dejar rastro.

Un caso de criptozoología que sigue abierto: nadie sabe si la onza es una nueva especie, un híbrido o algo mucho peor que acecha desde la oscuridad de México.

Suscríbete a El DoQmentalista para más documentales de misterio, criaturas desconocidas y casos que la ciencia no puede explicar.

#LaOnza #Misterio #Criptozoologia","el doqmentalista, documentales de misterio en español, la onza, leyenda de la onza, bestia que llora como bebé, criptozoología, criaturas desconocidas, leyendas mexicanas de terror, contraestaca, región de las quebradas, historias de cazadores, felinos misteriosos de méxico, relatos de terror reales, misterios sin resolver, casos paranormales, criaturas nocturnas, animales desconocidos, historias reales de miedo"
5k6PMjkpJKo,1870002,El Diablo De La Guarda - Satanás no es quien creías,Satanás trabaja para Dios: la verdad que ocultan los apócrifos,La Biblia del Diablo: el libro prohibido escrito en una noche,Los textos prohibidos lo revelan: el Diablo es el guardián de Dios,"Satanás trabaja para Dios. Suena imposible, pero los textos apócrifos que la Iglesia dejó fuera de la Biblia cuentan una historia muy distinta a la que nos enseñaron: el Diablo no sería el rey del infierno, sino su guardián.

En este documental recorremos los textos prohibidos que quedaron al margen del canon bíblico: el evangelio de Judas, el de Bernabé, el de María Magdalena y los relatos de la infancia de Jesús, entre muchos otros papiros perdidos. Según estas fuentes, y según el propio libro de Job, donde Satanás se presenta ante Jehová y responde a sus preguntas, el llamado príncipe del mal le rinde cuentas a Dios. No gobierna el infierno: lo administra. Su tarea, tras la rebelión y la caída de los ángeles, sería castigar a los pecadores y sostener el equilibrio entre el bien y el mal, poniendo ante cada ser humano la tentación, la envidia y el odio como pruebas que debemos superar para elevarnos. Incluso existe un relato sobre alguien tan malvado que fue expulsado del mismísimo infierno por superar en maldad a Satanás.

Y hay más: la leyenda de la Biblia del Diablo. Un monje condenado a ser emparedado prometió escribir en una sola noche un libro con todo el saber del mundo. Cuando Dios no escuchó sus súplicas, se lo pidió al Diablo, que terminó la obra antes del amanecer y dejó en sus páginas un enorme retrato suyo con una sonrisa maligna. Los monjes que abrieron la celda encontraron el libro gigantesco junto al cadáver. La clave de la obra, dicen, sigue oculta en tres de sus páginas.

Un análisis basado en la Biblia, los textos apócrifos y las leyendas del ocultismo medieval, presentado con la seriedad documental de siempre: aquí no te decimos qué creer, te mostramos lo que los libros prohibidos dicen para que tú saques tus propias conclusiones.

Si te apasionan los misterios de la Biblia y la historia oculta de la religión, suscríbete al canal y activa la campana para no perderte los próximos documentales.

#Satanas #TextosApocrifos #MisteriosDeLaBiblia","el doqmentalista, documentales de misterio en español, satanas, el diablo de la guarda, textos apocrifos, biblia del diablo, evangelio de judas, libro de job, angeles caidos, el diablo trabaja para dios, monje emparedado, textos prohibidos de la biblia, misterios de la biblia, ocultismo, lucifer, demonios, historia del diablo, documental de misterio"
2GWcOxDPrxQ,1845971,"10 Personas que vendieron su alma al diablo, No Hagas un pacto Con El Diablo",Vendieron su alma al diablo: la historia completa de los 10 pactos,Pacto con el diablo: el contrato firmado por Satanás en un juicio real,No hagas un pacto con el diablo: así terminaron los que firmaron,"¿Qué precio paga quien hace un pacto con el diablo? Estas 10 personas vendieron su alma al diablo y la historia registró cómo terminó cada una de ellas.

Desde el erudito alemán Johann Georg Faustus, que entregó su alma a Mefistófeles a cambio de poder y conocimiento, hasta Robert Johnson, el guitarrista de blues que según la leyenda afinó su guitarra con el diablo en una encrucijada y murió envenenado a los 27 años. Niccolò Paganini tocaba el violín con una habilidad tan imposible que el público juraba ver una figura demoníaca guiando su arco, y la Iglesia le negó el entierro católico hasta que su familia tuvo que apelar formalmente al Papa.

El caso más inquietante es el de Urbain Grandier, sacerdote francés quemado en la hoguera en 1634: en su juicio se presentó un supuesto contrato demoníaco escrito al revés en latín, que incluiría la firma del propio Satán. A la lista se suman Heinrich Cornelius Agrippa y su perro negro demoníaco, Gilles de Rais, el aristócrata que sacrificó niños intentando recuperar su fortuna, Giuseppe Tartini y su Sonata del Diablo compuesta tras un sueño, el Papa Silvestre II, acusado de deber su genio a un trato oscuro, y Bob Dylan, que en una entrevista de 2004 admitió haber hecho un pacto con el comandante en jefe de esta tierra.

Cerramos en Bogotá con Rogelio el Loco, el hombre que en los años setenta entraba a las iglesias sin que nadie lo viera salir, y que una noche retó a tres jugadores de cartas: quien le ganara una sola partida conocería a su señor. Ninguno le ganó, y lo que esos tres hombres hicieron después es la parte de esta leyenda que nadie quiere contar dos veces.

Si te apasionan los documentales de misterio, el ocultismo y los casos paranormales que la historia prefirió olvidar, suscríbete al canal para no perderte los próximos expedientes de El DoQmentalista.

#PactoConElDiablo #Misterio #Paranormal","el doqmentalista, documentales de misterio en español, pacto con el diablo, vender el alma al diablo, robert johnson encrucijada, paganini pacto con el diablo, fausto y mefistofeles, urbain grandier, sonata del diablo tartini, bob dylan pacto, rogelio el loco bogota, gilles de rais, papa silvestre ii, leyendas de terror, historias reales de terror, misterios sin resolver, ocultismo, casos paranormales, leyendas urbanas"
vLgx1pQL-6o,1833385,Cuando El Diablo Tentó A Jesús,La Tentación De Jesús: La Historia Completa De Los 40 Días,Satanás Le Ofreció El Mundo A Jesús A Cambio De Una Sola Cosa,Jesús Y El Diablo: La Conversación Prohibida Del Desierto,"La tentación de Jesús fue mucho más que tres pruebas: según la Biblia, Satanás acosó al hijo de Dios durante 40 días y 40 noches en el desierto, y hay quienes afirman que fueron 40 pruebas, una por cada día de ayuno.

Todo comenzó después de que Juan el Bautista bautizara a Jesús. El espíritu lo guió al desierto, donde ayunó siguiendo el ejemplo de Elías y Moisés, y ahí el diablo lanzó sus tres ataques más conocidos: el hedonismo, el egoísmo y el materialismo, que Juan el evangelista llamó lujuria del cuerpo, orgullo de la vida y lujuria de los ojos. No fueron pruebas al azar: eran golpes directos a las tres características del ser humano, pensar, desear y sentir, porque Satanás sabía que Jesús se había vuelto humano y quería hacerlo caer como cualquiera de nosotros.

En este documental analizamos cada tentación tal como la relatan los textos: la piedra que debía convertirse en pan para romper el ayuno, el pináculo del templo en Jerusalén desde donde el maligno lo retó a lanzarse al vacío, y la oferta final, la más peligrosa de todas: los reinos del mundo, el oro, el poder y la oportunidad de librarse del calvario, con la única condición de arrodillarse ante el diablo y darle la espalda a su padre. Era hacer algo malo para conseguir algo bueno, y Jesús la rechazó sabiendo el precio que pagaría.

Al final, Satanás se marchó prometiendo volver con otra oferta. ¿Cumplió su amenaza? No existe ningún escrito que lo confirme, solo teorías: algunos dicen que Jesús lo vio durante los azotes, otros que apareció camino a la crucifixión. Lo que sí dejó escrito el apóstol Pablo es que esa misma batalla la libramos todos: la ley del pecado vive en el cuerpo y nos susurra el placer, el prestigio y el poder sin mostrarnos nunca las consecuencias.

Si te apasionan los misterios de la Biblia y las historias que la iglesia todavía debate, suscríbete al canal para no perderte los próximos documentales.

#TentacionDeJesus #MisteriosDeLaBiblia #Documental","el doqmentalista, documentales de misterio en español, la tentación de jesús, jesús en el desierto, las tres tentaciones de jesús, satanás tentó a jesús, 40 días de ayuno, el diablo y jesús, pináculo del templo, misterios de la biblia, historias de la biblia, quién es satanás, relatos bíblicos en español, documental bíblico, vida de jesús, el maligno, evangelios explicados"
F0nWzlonup4,1828190,Historia de Terror - Anciana invoca al diablo y venga la muerte de su esposo,Pacto con el diablo: la historia completa de una venganza en Monterrey,El libro prohibido que guardaba un conjuro para invocar a Satanás,La policía encontró cinco cuerpos sin ojos y a una anciana sonriendo,"Un pacto con el diablo puede cobrarse en una sola noche. Esta historia de terror comienza el 17 de mayo de 2017, en un pueblo a las afueras de Monterrey, Nuevo León, cuando unos hombres llegaron a la casa de doña Berta Elizalde con papeles falsos para quitarle el terreno donde había vivido sesenta años y construir ahí una gasolinera.

Doña Berta y su esposo, una pareja de ancianos que ya había perdido a sus dos hijos a manos del narcotráfico, se negaron a firmar. Esa misma noche, mientras el viejo aseguraba a los animales, un desconocido lo atacó a cuchilladas y le arrancó la vida de la forma más cruel imaginable. Doña Berta no llamó a la policía. Enterró a su esposo en el patio, liberó a los animales y buscó en el baúl de su madre, una mujer que según dicen fue bruja y murió sonriendo, un libro con un conjuro prohibido: una invocación para que el mismísimo Satanás tomara posesión de su cuerpo y de su alma a cambio de un solo favor, vengar la muerte de su esposo.

Al día siguiente, las autoridades encontraron una camioneta calcinada y cinco cuerpos apilados, torturados y sin ojos, en el terreno de la anciana. Dentro de la casa la escena era todavía peor: doña Berta los esperaba sentada, bañada en sangre, con el machete de su esposo en la mano y un collar hecho con los ojos de sus verdugos. Los miró fijamente, sonrió y murió de un infarto, con la misma sonrisa con la que años atrás había muerto su propia madre.

¿Venganza humana o la intervención de algo que jamás deberíamos invocar? Esta leyenda del norte de México es un recordatorio de que la brujería y los conjuros prohibidos siempre cobran un precio, y de que hay puertas que, una vez abiertas, nadie puede volver a cerrar.

Si te apasionan las historias de terror, el ocultismo y los relatos paranormales de Latinoamérica, suscríbete a El DoQmentalista para no perderte ningún documental de misterio.

#HistoriasDeTerror #PactoConElDiablo #Paranormal","el doqmentalista, documentales de misterio en espanol, historias de terror, historia de terror real, pacto con el diablo, invocacion al diablo, conjuro prohibido, brujeria en mexico, venganza sobrenatural, doña berta elizalde, leyendas de monterrey, terror mexicano, relatos paranormales, misterio y ocultismo, historias de brujas, casos paranormales, leyendas de mexico, creepypasta en español"
Wz9WrQVB4s8,1758383,"PROFECÍAS PARA EL 2020, Nostradamus, Baba Vanga y mas, Predicciones 2020","Nostradamus advirtió esto: crisis, incendios y un nuevo rey",Baba Vanga lo sabía: el cambio que transformaría al mundo entero,Profecías de Nostradamus: el archivo de sus visiones más inquietantes,"Las profecías de Nostradamus y Baba Vanga hablaban de crisis económicas, incendios devastadores y hasta un nuevo rey en Inglaterra. En este documental repasamos las advertencias que los videntes más famosos de la historia lanzaron sobre nuestro tiempo.

Baba Vanga, la mística búlgara, advirtió sobre un supuesto atentado contra Vladimir Putin por parte de alguien de su propia seguridad, y sobre la caída del entonces presidente estadounidense Donald Trump. También habló de un cambio cósmico que comenzaría en 2020 y culminaría en 2023, alterando el clima, los océanos y gran parte de la naturaleza. Entre sus visiones más enigmáticas aparecen un dragón fuerte que se apodera de la humanidad, interpretado como China; tres gigantes que se unen, que serían Rusia, India y China; y el dinero rojo, asociado con los billetes de 100 yuanes y 5.000 rublos. Incluso anticipó que la humanidad se liberaría del cáncer a principios del siglo 21, cuando esa enfermedad quede atada con cadenas de hierro.

Nostradamus, por su parte, dejó cuartetas que los estudiosos vinculan con una crisis económica mundial, y conviene recordar que ya se le atribuye haber anticipado la de 2008. Sus intérpretes también leen en sus versos un gran terremoto en California durante Mercurio retrógrado, incendios forestales en Grecia y Croacia, olas de calor en Portugal, España, Holanda, Alemania y Francia, y tornados de fuerza nunca antes registrada en Estados Unidos. A eso se suman visiones todavía más inquietantes: el deshielo de la Antártida elevando el nivel del mar, una gran guerra entre una potencia oriental y una occidental, personas con chips implantados en el cuerpo, algo que una empresa de Wisconsin ya puso en práctica con sus empleados, gente viviendo en la Luna y un nuevo rey para Inglaterra.

¿Coincidencias, interpretaciones forzadas o verdaderas ventanas al futuro? Sean ciertas o no, estas predicciones siguen sembrando preguntas sobre el rumbo de la humanidad y sobre esa supuesta nueva era que, según el profeta francés, no sería un final sino una transformación profunda del mundo que conocemos.

Si te apasionan los misterios, las profecías y los enigmas sin resolver, suscríbete al canal de El DoQmentalista para más documentales de misterio en español.

#Nostradamus #BabaVanga #Profecias","el doqmentalista, documentales de misterio en español, nostradamus, baba vanga, profecías de nostradamus, predicciones de baba vanga, profecías cumplidas, videntes famosos, cuartetas de nostradamus, fin del mundo, apocalipsis, cambio cósmico, misterios sin resolver, enigmas y misterios, documental en español, ocultismo, paranormal, profecías del futuro"
g8dsmrFbskA,1709664,"Yo Soy El DoQmentalista, Y Esto Es MI HISTORIA",Ataques De Pánico Que La Ciencia No Pudo Explicar: Era Algo Espiritual,Ataques De Pánico Que La Ciencia No Pudo Explicar: Era Algo Espiritual,Fui Ateo Hasta Que Algo Invisible Me Atacó | La Verdad De Mi Historia,"Abrí un portal con una frecuencia sin saberlo, y lo que entró esa noche cambió mi vida para siempre. Esta es mi historia real: cómo pasé de creyente a ateo, y de ateo a un hombre que hizo un pacto con el cielo.

Nací en Tayoltita, San Dimas, Durango, un pueblo sin televisión donde crecí entre historias y misas de domingo. A los 15 años me mudé a la ciudad para estudiar la preparatoria y ahí, rodeado de nuevas ideas, me convertí en ateo: un hombre de ciencia que no aceptaba fantasmas, espíritus ni mundo astral. Años después, ya en Guadalajara como productor musical, mi estudio de grabación se llenó de clientes, de jornadas hasta las tres de la madrugada y de un ambiente cargado de drogas, amenazas y vibraciones caóticas que me fueron desequilibrando sin que yo lo notara.

En ese tiempo experimentaba con frecuencias no mapeadas, inspirado en lo que Nikola Tesla dijo sobre las vibraciones. Puse a prueba plantas de frijol y vasos de agua expuestos a música armónica y música caótica, con resultados que cualquiera puede replicar. Pero un día dejé una frecuencia desconocida emitiéndose en el estudio, salí una hora, y al volver el cuarto estaba hirviendo sin explicación. Esa frecuencia hizo resonancia y abrió una especie de portal. Después de ese día comenzaron los ataques de pánico: la voz interior que me anunciaba la muerte, la carrera a urgencias, las inyecciones que no servían, tres meses de ansiedad que ningún médico, cardiólogo ni análisis clínico pudo diagnosticar. Todo salía perfecto en los estudios, pero algo me estaba atacando. Era un ataque espiritual.

La noche más oscura, en casa de un amigo, aplasté mi orgullo y mi soberbia, hablé con Dios por primera vez en años y tuve un sueño que me mostró el camino del que me había desviado. Desperté con esperanza, dejé atrás vicios y actitudes, y entendí mi misión: conocer el mal para vencerlo. Por eso este canal habla de demonología, satanismo y del mundo no visible que nos afecta. Y por eso, cuando me dicen que me cuide, respondo lo mismo: hice un pacto con el cielo.

Suscríbete al canal para acompañarme en esta misión: trabajo desde las sombras para servir a la luz.

#AtaqueEspiritual #Frecuencias #MundoEspiritual","el doqmentalista, documentales de misterio en español, mi historia real, de ateo a creyente, ataques de panico, ataque espiritual, portales dimensionales, frecuencias y vibraciones, nikola tesla frecuencias, experimentos con frecuencias, pacto con el cielo, ansiedad sin explicacion, mundo espiritual, testimonio paranormal, casos paranormales reales, demonios reales, misterios sin resolver, ocultismo en español"
Ebuoxx6TblY,1690828,"La Poderosa Medalla De San Benito, Hasta El Diablo Le Tiene Miedo",Medalla de San Benito: el exorcismo secreto grabado en sus letras,Medalla de San Benito: la verdad del único amuleto que el diablo teme,Medalla de San Benito: la historia completa del santo que venció al diablo,"La medalla de San Benito no es un simple objeto religioso: la Iglesia católica la considera un exorcismo constante, y en sus letras está grabada una oración que, según los fieles, el diablo no soporta escuchar. En este documental descubrimos qué significa realmente cada símbolo y por qué millones de creyentes la llevan como protección contra el mal.

Para entenderla hay que volver al año 480, cuando nació Benito en el seno de una familia rica. Despreciando la inmoralidad de su época, se convirtió en ermitaño y vivió en una cueva, sostenido por la bondad del monje Romanos. Cuando aceptó ser abad de un monasterio, los propios monjes conspiraron para matarlo: envenenaron su vino, pero al hacer la señal de la cruz sobre la copa, esta se rompió en mil pedazos, milagro que relata el papa Gregorio Magno en su biografía. Hubo un segundo intento con una barra de pan envenenada, que un cuervo se llevó volando por orden del santo. Benito fundó doce monasterios y se estableció finalmente en Montecassino, donde escribió la Regla de San Benito, una guía de 73 capítulos que se volvió la semilla del sistema monástico de la Iglesia.

La medalla que conocemos hoy es la medalla del Jubileo, acuñada en 1880 bajo la supervisión de los monjes de Montecassino. Cada detalle tiene un propósito: la copa y el cuervo recuerdan los intentos de asesinato frustrados; la cruz del reverso lleva las iniciales de la oración latina Crux Sacra Sit Mihi Lux, que la santa cruz sea mi luz y que el dragón nunca sea mi guía; y el borde esconde las iniciales del Vade Retro Satana: vete, Satanás, nunca me tientes con tus vanidades, bebe tu propio veneno. Por eso se dice que quien la porta con fe lleva encima una oración de exorcismo permanente. San Benito es además el patrón de la muerte feliz: seis días antes de morir pidió que abrieran su tumba y partió de pie, sostenido por sus hermanos, mirando al cielo.

Si te apasionan los misterios de la fe, los símbolos ocultos y los objetos que guardan siglos de historia, suscríbete a El DoQmentalista: cada semana abrimos un nuevo expediente.

#SanBenito #MedallaDeSanBenito #Misterio","el doqmentalista, documentales de misterio en español, medalla de san benito, san benito, significado de la medalla de san benito, vade retro satana, cruz de san benito, montecassino, regla de san benito, oración de exorcismo, medalla del jubileo 1880, protección contra el mal, amuletos de protección, santos católicos, historia de la iglesia católica, símbolos religiosos, ocultismo y fe, misterios religiosos"
R79eNciPRSc,1661905,"El Hombre Lobo: Terror Real Captado en Video, La Bestia que Aterroriza en la Oscuridad","Hombre Lobo: Si Sus Ojos Brillan en la Oscuridad, Ya Es Demasiado Tarde","Hombre Lobo: Si Sus Ojos Brillan en la Oscuridad, Ya Es Demasiado Tarde","Hombre Lobo: La Historia Completa, del Castigo de Zeus al Pacto con el Diablo","El hombre lobo dejó de ser solo una leyenda el día en que apareció una película antigua dentro de una caja, en una simple venta de bienes. El video casero muestra recortes de grabaciones familiares que de pronto se interrumpen: durante un viaje en camión, algo se mueve a lo lejos, la cámara lo enfoca y la criatura corre directo a atacar. Desde entonces, algunas personas afirman que se trata del primer hombre lobo filmado en América.

Para entender lo que muestra esa grabación hay que ir al origen. La primera historia documentada de licantropía viene de la mitología griega: Licaón, primer rey de Arcadia, fundó un culto pagano donde se sacrificaba a inocentes, y cuando quiso poner a prueba a Zeus sirviéndole carne humana, el dios lo castigó condenándolo a transformarse en lobo. De su nombre nace la palabra licantropía. En este documental analizamos las tres formas del hombre lobo (la humana, la de lobo y la híbrida), cómo se transmite la maldición a través de una mordida, por qué la luna llena marca la primera transformación y la oscura conexión que une a esta criatura con Drácula y un supuesto pacto con el diablo en los bosques de Transilvania.

Además recorremos las versiones de esta bestia en el mundo: el séptimo hijo varón que en Brasil se transforma a los 13 años durante los viernes de cuaresma, los hechizos de brujas en Finlandia que solo se rompen con pan o con el nombre verdadero, el ritual del cuchillo de cobre clavado en un árbol en Rusia, y el nahual mexicano, el hechicero azteca capaz de convertirse a voluntad en un coyote negro. También revisamos lo que dicen las leyendas sobre la única forma de acabar con un licántropo: plata directo al corazón, fuego, o separarle la cabeza del cuerpo.

Si te apasionan los misterios, lo paranormal y las criaturas que la ciencia no ha podido explicar, suscríbete a El DoQmentalista para más documentales de misterio en español.

#HombreLobo #Paranormal #Misterio","el doqmentalista, documentales de misterio en español, hombre lobo, hombre lobo real, hombre lobo captado en video, licantropía, licaón, nahual, leyenda del hombre lobo, drácula y el hombre lobo, luna llena, criptozoología, criaturas misteriosas, paranormal, leyendas de terror, misterios sin resolver, seres sobrenaturales, documental paranormal"
J1z9IpArpQs,1659622,7 Antiguos Libros que Enseñan SUPERPODERES reales,Libros Prohibidos: 7 Grimorios que Prometen Poderes Sobrenaturales,Grimorios Reales: lo que de Verdad Enseñan estos 7 Libros de Magia,Magia Antigua: los 7 Libros Olvidados que Enseñaban Superpoderes,"Existen libros prohibidos que durante siglos prometieron lo imposible: volar, leer la mente, hablar con ángeles y dominar a los muertos. Estos son los 7 grimorios antiguos que se atrevieron a ponerlo por escrito, y algunos de ellos todavía se conservan.

El recorrido comienza con los Papiros Mágicos Griegos del siglo II antes de Cristo, que incluyen instrucciones para invocar a un demonio sin cabeza, abrir las puertas del inframundo y conseguir un asistente sobrenatural que cumpla tus órdenes. Su pasaje más célebre, la Liturgia de Mitra, describe cómo ascender a través de siete planos de existencia para comunicarse con una deidad. Siglos después, en la Francia del siglo XVIII, apareció La Gallina Negra, un manual de talismanes atribuido a un oficial anónimo del ejército de Napoleón que aseguró haberlo recibido de un mago durante la expedición a Egipto. Su enseñanza más codiciada: obtener una gallina capaz de encontrar tesoros enterrados.

La lista sigue con el Ars Almadel, cuarto libro de la Llave Menor de Salomón, que explica cómo construir un altar de cera para hablar con los ángeles de las cuatro alturas; el Picatrix, un grimorio de magia astrológica escrito en árabe en el siglo XI, con 400 páginas de teoría y recetas tan perturbadoras como peligrosas; el Galdrabók islandés del siglo XVI, con sus 47 hechizos basados en pentagramas para dormir enemigos, atrapar ladrones o provocar males peculiares; el Arbatel de Magia Veterum, que revela los rituales de los siete gobernadores celestiales; y el Ars Notoria, el grimorio salomónico del siglo XIII que promete memoria perfecta y sabiduría a través de la oración, y que el monje Juan de Morigny terminó denunciando como obra demoníaca tras sufrir visiones inquietantes.

Cada uno de estos textos ocultos fue estudiado, copiado y temido durante generaciones. La pregunta que queda abierta es si eran simple superstición o si quienes los escribieron sabían algo que nosotros olvidamos.

Si te apasionan el ocultismo, los misterios y los documentales de historia oculta en español, suscríbete al canal y activa la campana para no perderte los próximos casos.

#Grimorios #LibrosProhibidos #MagiaAntigua","el doqmentalista, documentales de misterio en español, libros prohibidos, grimorios antiguos, papiros mágicos griegos, la gallina negra, ars notoria, picatrix, llave menor de salomon, galdrabok, arbatel de magia veterum, magia antigua, libros de magia, ocultismo, hechizos antiguos, textos ocultos, superpoderes reales, misterios sin resolver"
211opKv5AXY,1642282,"3 REFLEXIONES DE VIDA PARA SER MEJOR, superación personal motivación liderazgo autoayuda depresión",Reflexiones de vida: la verdad que tu mente te está ocultando,Superación personal: no repitas el error del viejo carpintero,Historias con moraleja que los sabios contaban y hoy olvidamos,"Estas reflexiones de vida esconden una verdad incómoda: la casa en la que hoy vives, la construiste tú, clavo por clavo, con cada decisión que tomaste. Tres historias antiguas lo demuestran, y ninguna te va a dejar igual.

La primera ocurre en las montañas. Un niño se hiere la pierna, grita de dolor y una voz le responde desde el valle. Grita ""cobarde"" y la montaña le devuelve el insulto. Su padre entonces grita ""te admiro"" y ""eres un campeón"", y le revela el secreto: es solo un eco, pero así funciona la vida. Te devuelve exactamente lo que piensas, dices y haces. Si quieres más amor, créalo primero en tu corazón. Nada en tu existencia es coincidencia: cada momento es un reflejo de ti.

La segunda historia es la del viejo carpintero. A punto de jubilarse, su patrón le pide construir una última casa como favor personal. El hombre, con la mente ya en otra parte, usa materiales inferiores y mano de obra descuidada. Al terminar, el patrón le entrega las llaves: la casa era un regalo para él. Ahora debe vivir en lo que construyó mal. Así levantamos nuestra propia vida cuando trabajamos distraídos, y esta reflexión sobre las decisiones y la actitud es de las más duras de la superación personal.

La tercera es la cuerda del elefante. Un hombre descubre que animales capaces de arrancar árboles permanecen atados con una cuerda diminuta. El entrenador le explica el motivo: los amarraron así de pequeños, cuando la cuerda sí podía sostenerlos, y crecieron creyendo que jamás podrían romperla. Igual que ellos, muchos cargamos creencias limitantes solo porque fracasamos una vez. El fracaso es parte del aprendizaje, y abandonar la lucha es la única derrota real.

Tres cuentos con moraleja, tres espejos de crecimiento personal y motivación que vale la pena escuchar completos antes de tomar la próxima decisión importante de tu vida.

Si estas historias de reflexión te movieron algo por dentro, suscríbete a El DoQmentalista y activa la campana para no perderte los próximos documentales y relatos del canal.

#ReflexionesDeVida #SuperacionPersonal #CuentosConMoraleja","el doqmentalista, documentales en espanol, reflexiones de vida, superacion personal, cuentos con moraleja, historias de reflexion, la cuerda del elefante, el viejo carpintero, el eco de la montana, creencias limitantes, motivacion personal, crecimiento personal, autoayuda en espanol, parabolas de sabiduria, reflexiones para ser mejor persona, historias que cambian tu vida, videos de motivacion, desarrollo personal"
huQqc9lGpek,1627649,"Por Qué El Diablo Le Teme a La Virgen María, Documentales interesantes para ver en YouTube.",El Diablo Confesó Por Qué Teme a la Virgen: Habló en un Exorcismo,Por Qué el Diablo Odia a la Virgen María: La Razón Es Humillante,La Biblia Lo Dijo Desde el Edén: Una Mujer Aplastará al Diablo,"El diablo le teme a la Virgen María, y no lo decimos nosotros: lo confesó él mismo durante un exorcismo, obligado por el sacerdote que lo interrogaba. En este documental analizamos esa confesión y la razón que la Biblia dejó escrita desde las primeras páginas del Génesis.

Todo comienza en el jardín del Edén. Tras el engaño de la serpiente a Adán y Eva, Dios lanza una maldición sobre Satanás y anuncia algo que lo hace temblar: pondrá enemistad entre él y la mujer, y la descendencia de ella le aplastará la cabeza. Según la tradición cristiana, esa mujer es María, la madre de Jesús, el instrumento que Dios eligió para derrotar al adversario. Y ahí está la clave del terror del demonio: su corazón orgulloso puede tolerar ser vencido por el Todopoderoso, pero ser pisoteado y humillado por una simple criatura humana, y además una mujer, es para él la humillación más insoportable de todas.

El famoso exorcista padre Amorth relató que, en pleno exorcismo, preguntó al demonio por qué reaccionaba con más violencia contra la Virgen María que contra el propio Jesús, y la respuesta fue estremecedora: porque lo humilla ser vencido por una simple criatura. Otro exorcista, el padre Faustino Negrín, obtuvo una confesión similar: lo que más le asusta de María es que ella es la más humilde de todas las criaturas, mientras que él es el más orgulloso; ella es la más pura, jamás tocada por la sombra del pecado. En este video de misterio y fe exploramos también la otra herida del maligno: María es su reemplazo en el cielo, el lugar que Lucifer, la criatura más bella de la creación, perdió por su soberbia. La obediencia de María reparó la desobediencia de Eva, y esa obediencia la volvió lo bastante poderosa como para estar por encima del demonio.

Un recorrido documentado por el Génesis, los testimonios de exorcistas y las virtudes que, según los creyentes, convierten a la Virgen en la enemiga más temida de Satanás: humildad, pureza y amor en la medida exacta en que el diablo carga orgullo, odio y mentira.

Suscríbete a El DoQmentalista para más documentales de misterio, fe y enigmas de la Biblia en español.

#VirgenMaria #Exorcismo #MisteriosDeLaBiblia","el doqmentalista, documentales de misterio en español, por que el diablo le teme a la virgen maria, virgen maria, exorcismos reales, padre amorth, faustino negrin, satanas, lucifer, genesis 3 15, la serpiente del eden, adan y eva, misterios de la biblia, relatos de exorcistas, demonios, historia del cristianismo, documentales en español, lo paranormal"
ep3Z_yJvQqQ,1604622,"Documental: La Verdadera Historia De Mammon, El Demonio De La Codicia",El Demonio Del Dinero: Los Rituales Prohibidos Para Invocar A Mammon,No Invoques Al Demonio De La Codicia Sin Saber Esto Primero,Vender El Alma Por Dinero: Lo Que Mammon Exige Realmente A Cambio,"El demonio del dinero existe desde antes del cristianismo, y quienes buscan invocar a Mammon aseguran que la riqueza tiene un precio que casi nadie está dispuesto a pagar. Este documental reúne los rituales que brujas, paganos e investigadores del ocultismo afirman haber practicado para contactar al señor de la codicia.

Su nombre viene del arameo y del hebreo, donde significa riquezas, dinero o posesiones, y en el Nuevo Testamento aparece como la personificación misma de la avaricia y el dios del exceso. A lo largo del video recorremos las formas en que sus seguidores dicen alcanzarlo: la meditación sobre el sello de Mammon, el colgante forjado con pirita, jade y cuarzo citrino para atraer la abundancia, y el llamado aceite de dinero, una preparación de menta, canela, nuez moscada y albahaca que se completa con la propia sangre del practicante sobre el sello del demonio.

También examinamos los rituales más oscuros de la demonología ligada a la riqueza: la invocación con una Biblia bendita abierta en el Salmo 23 dentro de un pentagrama de velas, el ritual del espejo que exige un sacrificio frente al peor enemigo del invocador, el hechizo de cuatro días con espejo negro y monedas, la visualización de Mammon como un lobo dorado que devora oro, y la carta escrita con sangre a las 3:33 de la madrugada bajo la luna llena de octubre. Cada método promete fortuna, pero la advertencia se repite en todas las fuentes consultadas: Mammon no es un genio de la lámpara, es una entidad engañosa por naturaleza, y todo pacto con el diablo o con sus príncipes cobra su parte. Por seguridad, ciertos elementos de estos rituales fueron omitidos deliberadamente.

Un viaje documentado por el ocultismo, la avaricia y los pactos oscuros que la humanidad lleva siglos intentando firmar.

Suscríbete a El DoQmentalista para más documentales de misterio, demonología y lo oculto en español.

#Mammon #Demonologia #Ocultismo","el doqmentalista, documentales de misterio en español, mammon, demonio del dinero, demonio de la codicia, invocar demonios, sello de mammon, rituales de dinero, pacto con el diablo, demonologia, ocultismo, avaricia, siete pecados capitales, rituales prohibidos, seres demoniacos, documental paranormal, misterios sin resolver, historia oculta"
ftSuD0SJnMI,1570544,Biblia: 5 Versiones que NADIE Debe Conocer sobre el Evangelio,Evangelios Prohibidos: lo que la Iglesia Enterró en Egipto,Biblia Prohibida: la Verdad de los Evangelios que la Iglesia Suprimió,Evangelios Apócrifos: la Historia Completa de los Textos Excluidos de la Biblia,"Los evangelios prohibidos existen, y durante siglos la Iglesia hizo todo lo posible para que nadie los leyera. En 1945, cerca de la ciudad de Nag Hammadi, en Egipto, aparecieron los textos apócrifos que cuentan versiones de la vida de Jesús que jamás entraron en la Biblia canónica.

En este documental recorremos los evangelios gnósticos más inquietantes. El Evangelio de Pedro describe la resurrección con dos ángeles gigantes cuyas cabezas tocan el cielo, y una cruz que literalmente habla y responde a una voz celestial. El Segundo Tratado del Gran Set plantea la hipótesis de la sustitución: otro hombre, Simón, habría cargado la cruz y recibido la corona de espinas mientras Jesús observaba desde lo alto. Y en la Hipóstasis de los Arcontes, la esposa de Noé recibe nombre, Norea, hija de Eva, y conspira para quemar el arca antes del diluvio.

También analizamos el Evangelio de Judas, donde la traición de Judas Iscariote no es un pecado sino un plan acordado con el propio Jesús para liberarlo de su cuerpo físico, en un mundo gobernado por los arcontes. El Evangelio de María presenta a María Magdalena como la apóstol de mayor confianza, receptora de una enseñanza secreta que Pedro se niega a creer hasta que el apóstol Leví lo avergüenza. El Evangelio de Tomás abre con una frase desconcertante: su autor, Judas Tomás el Dídimo, sería nada menos que el hermano gemelo de Jesús. Y el Apocalipsis de Adán profetiza la llegada del Iluminador, una figura destinada a enfrentarse a los poderes que rigen el mundo.

Estos textos fueron suprimidos por la iglesia primitiva porque negaban la divinidad de Cristo o reinterpretaban radicalmente las historias bíblicas. Sin embargo, fueron escritos muy cerca de los días de Jesús y revelan que el cristianismo de los primeros siglos era mucho más diverso de lo que hoy imaginamos. Cada uno de estos manuscritos pudo haber cambiado la historia de la religión para siempre.

Suscríbete a El DoQmentalista para más documentales de misterio, historia oculta y enigmas de la Biblia que casi nadie se atreve a contar.

#EvangeliosApocrifos #Biblia #Misterio","el doqmentalista, documentales de misterio en espanol, evangelios apocrifos, evangelios gnosticos, evangelio de judas, evangelio de tomas, evangelio de maria magdalena, nag hammadi, textos prohibidos de la biblia, hipotesis de la sustitucion, secretos de la biblia, misterios de la biblia, historia del cristianismo, libros prohibidos, documental biblia, enigmas religiosos, misterios sin resolver, historia oculta"
baDdDZaXjnw,1560099,Biblia: Los Nefilim y la Verdadera Historia de los Gigantes en la Fe,Rollos del Mar Muerto: el Texto Perdido sobre el Fin de los Gigantes,Rollos del Mar Muerto: el Texto Perdido sobre el Fin de los Gigantes,Gigantes de la Biblia: la Historia Completa de los Nefilim,"Los Nefilim, los gigantes de la Biblia, no desaparecieron sin dejar rastro: un manuscrito hallado en las cuevas de Qumrán relata sus últimos días. Hace más de 60 años, entre los casi mil rollos antiguos que salieron de esas excavaciones, los arqueólogos encontraron un documento que no esperaban, un texto inusual al que se ha llamado el Libro de los Gigantes.

El Génesis apenas los menciona, pero la mayor parte de lo que sabemos sobre estos seres procede del Libro de Enoc, un antiquísimo texto apócrifo judío atribuido al bisabuelo de Noé, del que algunos eruditos datan partes hacia el año 300 antes de Cristo. Enoc es un personaje desconcertante: vivió 365 años, caminó con Dios y un día simplemente dejó de estar, porque Dios se lo llevó. En su tiempo, cuenta la tradición, los ángeles interactuaban libremente con los seres humanos, y de su unión con las hijas de los hombres nació una raza de híbridos gigantescos y demasiado fuertes. Hasta su nombre es un enigma, con traducciones posibles como los caídos, los apóstatas o los que inducen a otros a caer.

El Libro de los Gigantes va más allá y pinta un panorama desolador. Los Nefilim asolaban la tierra acabando con todo ser viviente, hasta que empezaron a tener sueños proféticos: una tablilla sumergida en aguas que lo engullían todo menos a tres hombres, un árbol arrancado por completo salvo tres de sus raíces. Eran señales del diluvio, pero los gigantes fracasaron al interpretarlas. Desesperados, buscaron a Enoc para que mediara por ellos ante Dios, y al descubrir que ya no estaba en la faz de la tierra, uno de ellos emprendió un viaje fuera de este mundo para encontrarlo. ¿Y si volar con las manos como águilas no fuera solo una metáfora, sino la descripción confundida de un evento real? El cierre del documental plantea esa hipótesis, partiendo de un pergamino fragmentado hace más de dos mil años.

Suscríbete a El DoQmentalista para más documentales de misterio, historia antigua y enigmas de la Biblia en español.

#Nefilim #RollosDelMarMuerto #Gigantes","el doqmentalista, documentales de misterio en español, nefilim, libro de los gigantes, rollos del mar muerto, cuevas de qumran, libro de enoc, gigantes en la biblia, angeles caidos, textos apocrifos, diluvio universal, genesis, misterios de la biblia, enigmas biblicos, historia antigua, gigantes reales, enoc, documental biblico"
31lJDpNq0Bs,1549809,"Video SECRETO, SAN CIPRIANO, El Poderoso Mago, Descubre La Magia Que Hay En Ti",Libro de San Cipriano: el grimorio prohibido que mantuvieron encadenado,El libro prohibido de San Cipriano: estás advertido antes de abrirlo,San Cipriano: la historia completa del mago que desafió a Lucifer,"El Libro de San Cipriano es quizá el libro prohibido más codiciado de la historia: un grimorio que, según la tradición, arrastró a la locura y a la ruina a quienes intentaron poseerlo o practicar los rituales que contiene. En este documental te contamos quién fue realmente el hombre detrás de esa obra temida por igual entre ocultistas, brujos y nigromantes.

Cipriano nació en Antioquía, hijo de padres ricos y poderosos, y ejerció todas las artes mágicas hasta los treinta años. La historia cuenta que un joven enamorado le pidió doblegar con hechizos a Justina, una doncella cristiana que se había consagrado a Jesucristo. Todos sus sortilegios fracasaron, y cuando el mago exigió una explicación, el propio Lucifer confesó que nada podía contra quien se ampara en el signo de la cruz. Ante esa derrota, Cipriano renegó del diablo, se convirtió al cristianismo y terminó recibiendo el martirio: él y Justina fueron decapitados un 26 de septiembre a orillas del río en Antioquía, y sus reliquias se repartieron entre Roma, Toulouse y la catedral de León.

Pero antes de abandonar la magia, dice la tradición popular, Cipriano dejó escritos todos sus conocimientos. Así nació el Libro de San Cipriano, un grimorio de nigromancia dedicado en gran parte al desencanto de tesoros, que en muchas ediciones incluye una lista con localizaciones detalladas de tesoros ocultos en Galicia y Portugal. Las leyendas gallegas situaban el ejemplar original en un departamento reservado de la biblioteca de la Universidad de Santiago, o encadenado en la catedral para que ningún incauto pudiera abrirlo. La fama del santo mago lo colocó al nivel de Simón el Mago o del rey Salomón, y su libro sigue alimentando el eterno debate entre magia negra y magia blanca: para muchos ocultistas no existen dos magias, sino una sola, que depende del uso que se le dé.

Si te apasionan los libros prohibidos, el ocultismo y los misterios de la historia, suscríbete al canal y activa la campana para no perderte ningún documental.

#LibroDeSanCipriano #Grimorio #LibrosProhibidos","el doqmentalista, documentales de misterio en español, libro de san cipriano, san cipriano de antioquía, grimorio, libros prohibidos, ciprianillo, santa justina, magia negra y magia blanca, nigromancia, tesoros de galicia, ocultismo, libros de magia antiguos, misterios y enigmas, historia oculta, santos y magia, simón el mago, magos de la antigüedad"
f18kW5zRPKA,1541374,"Enigma: La Historia Oculta de Sara, la Hija Perdida de Jesús y la Biblia",La Hija Secreta de Jesús: el Pueblo de Francia que Aún la Venera,La Hija de Jesús y María Magdalena: la Historia Completa y Prohibida,La Hija Secreta de Jesús: el Pueblo de Francia que Aún la Venera,"¿Jesús tuvo una hija? Tradiciones medievales consideradas heréticas afirman que María Magdalena huyó embarazada tras la crucifixión y que su descendencia sobrevivió lejos de Palestina. Este documental sigue ese rastro paso a paso, desde los evangelios apócrifos hasta un pueblo del sur de Francia donde la leyenda sigue viva.

Los primeros indicios aparecen en los propios textos: las menciones a Magdalena como esposa de Cristo en autores cristianos tempranos, los celos que algunos apóstoles sentían hacia ella según los evangelios apócrifos, y el detalle de que en seis de las siete menciones del Nuevo Testamento a las mujeres que acompañaban a Jesús, Magdalena aparece en primer lugar, incluso por delante de María, su madre. Algunas interpretaciones llegan a leer las bodas de Caná como la propia unión de Jesús con Magdalena.

La tradición herética continúa el relato: tras la muerte de Jesús en la cruz, María Magdalena y José de Arimatea huyeron a Egipto y se instalaron en Alejandría. Años después, un nuevo barco los llevó hasta las costas del sur de Francia, adonde habrían llegado en el año 42 junto a Marta y Lázaro. Allí, en la pequeña ciudad de Saintes-Maries-de-la-Mer, cada año entre el 23 y el 25 de mayo se celebra una fiesta en honor a Santa Sara la Egipcia, también llamada Sara Kali, la reina negra. Investigadoras como Margaret Starbird, apoyada en estudios de arqueólogos y lingüistas sobre topónimos y leyendas de la Provenza, sostienen que detrás de esa imagen se esconde algo más: una niña de unos doce años, nacida en Alejandría, princesa del linaje de David, cuyo nombre en hebreo significa reina. La huella de Magdalena explicaría incluso por qué entre los cátaros, en una región marcada por la corrupción del clero, la mujer tenía permitido evangelizar.

¿Leyenda piadosa o memoria de un secreto que la historia oficial nunca aceptó? Las piezas del rompecabezas están sobre la mesa y cada quien deberá juzgar.

Si te apasionan los enigmas de la historia y los misterios de la Biblia, suscríbete a El DoQmentalista y activa la campana para no perderte ningún documental.

#MariaMagdalena #MisteriosDeLaBiblia #HistoriaOculta","el doqmentalista, documentales de misterio en español, hija de jesus, sara la egipcia, sara kali, maria magdalena, jose de arimatea, saintes maries de la mer, linaje de david, evangelios apocrifos, cataros, sur de francia, la reina negra, bodas de cana, misterios de la biblia, historia oculta, enigmas sin resolver, leyendas medievales, documental en español"
eZIjIWbEZdk,1531515,"Los Libros Secretos Mas Peligrosos de la historia, Libros Gratis",Grimorios reales: los libros que nunca deberías abrir,Libros malditos: la verdad brutal detrás de la Biblia del Diablo,Grimorios reales: los libros que nunca deberías abrir,"Los libros prohibidos más peligrosos de la historia no son un invento del cine de terror: son grimorios reales que sobrevivieron siglos de persecución, y de uno de ellos se rumorea que descansa en los archivos secretos del Vaticano y que ni el fuego puede destruirlo.

En este documental recorremos los volúmenes ocultos más inquietantes que se conocen. Empezamos con el Codex Gigas, la llamada Biblia del Diablo: un manuscrito de 620 páginas escrito por un solo monje benedictino en el siglo trece, en lo que hoy es República Checa. La leyenda dice que el monje, condenado a muerte, vendió su alma a Satanás para terminarlo en una sola noche, y selló el pacto con la gigantesca ilustración del diablo que aún se ve en sus hojas. Seguimos con el Picatrix, un grimorio árabe del siglo once cuyas recetas mezclan sangre, fluidos corporales y opio, y con el Gran Grimorio, también conocido como el Dragón Rojo, un manual para invocar y controlar demonios atribuido a los escritos del rey Salomón que todavía usan algunos practicantes del vudú haitiano.

También abrimos la Biblia Satánica de Anton LaVey, el texto fundacional del satanismo contemporáneo, y el Manuscrito Voynich, un códice de finales del siglo quince que nadie ha podido descifrar: ni su idioma, ni su autor, ni el propósito de sus dibujos imposibles. La historia se vuelve aún más extraña con el Libro de Soyga, el tratado de magia que obsesionó a John Dee, consejero de la reina Isabel primera, y que desapareció durante siglos hasta reaparecer en 1994 en la Biblioteca Británica y en la Bodleiana. Cerramos con el Libro de Oera Linda, la falsificación que Heinrich Himmler trató como una biblia nórdica, y con el Manual de Múnich, un grimorio del siglo quince dedicado por completo a la nigromancia y la magia negra, con instrucciones para fabricar un espejo de Lilith.

Si te apasionan el ocultismo, los misterios sin resolver y la historia oculta detrás de los textos malditos, suscríbete al canal para no perderte los próximos documentales de El DoQmentalista.

#LibrosProhibidos #Grimorios #Ocultismo","el doqmentalista, documentales de misterio en español, libros prohibidos, libros malditos, grimorios reales, codex gigas, biblia del diablo, manuscrito voynich, libro de soyga, gran grimorio, picatrix, anton lavey, archivos secretos del vaticano, ocultismo, magia negra, pactos con el diablo, nigromancia, misterios sin resolver"
8IYwmzf1rbI,1528633,"YAHVÉ vs JEHOVÁ, El verdadero nombre de Dios, YHWH",El verdadero nombre de Dios no es Jehová: así nació el error,El nombre de Dios que los judíos callaron por siglos: YHWH,Yahvé o Jehová: la historia completa del nombre de Dios,"El verdadero nombre de Dios lleva siglos escondido detrás de un error de traducción, y millones lo repiten cada día sin saberlo. En este documental seguimos el rastro del tetragrámaton YHWH, las cuatro consonantes que Dios reveló a Moisés en Éxodo 3:13-15, para responder de una vez la pregunta que divide a creyentes y teólogos: ¿Yahvé o Jehová?

La Biblia Reina Valera de 1960 traduce ese pasaje como Jehová, mientras la Nueva Traducción Viviente escribe Yahvé. La diferencia no es un capricho: el hebreo antiguo se escribía sin vocales, y los judíos piadosos consideraban el nombre tan sagrado que dejaron de pronunciarlo por completo. Al leer las escrituras en voz alta lo sustituían por Adonai, que significa Señor, y con el tiempo los puntos vocálicos de Adonai se mezclaron con las consonantes YHWH. Cuando la Biblia hebrea pasó al latín, un idioma sin las letras Y ni W, las sustituciones terminaron de dar forma a la palabra Jehová: un nombre que, según los expertos, jamás se pronunció así en la antigüedad.

El documental también explora los otros nombres de Dios en las escrituras: El, Eloah y Elohim, usados unas 200 veces para hablar del Creador, y la diferencia entre el Dios creador de Génesis 1 y el Dios del pacto de Génesis 2. Veremos el testimonio del historiador Josefo, que en el siglo primero confesó que no le era permitido escribir el nombre divino; el ritual de Yom Kipur, donde el pueblo se postraba al escucharlo de labios del sumo sacerdote; y la regla de la comunidad de Qumrán, que expulsaba para siempre a quien lo dijera en voz alta. Cerramos con uno de los secretos mejor guardados de la Cábala: los 72 nombres de Dios, combinaciones de tres letras extraídas de Éxodo 14:19-21 que los místicos judíos usan hasta hoy como fuente de protección y poder.

Si te apasionan los misterios de la Biblia y la historia oculta de la religión, suscríbete a El DoQmentalista para no perderte los próximos documentales.

#NombreDeDios #YHWH #MisteriosBiblicos","el doqmentalista, documentales de misterio en español, verdadero nombre de dios, yhwh, tetragramaton, yahve o jehova, jehova significado, nombre de dios revelado a moises, adonai, elohim, 72 nombres de dios, cabala judia, exodo 3, misterios de la biblia, secretos de la biblia, historia de la religion, documental biblico, nombres de dios en hebreo"
5bIxGzaUc9I,1522234,Brujería y Misterios: Encuentran a la Bruja Guajolote en Historias Reales,Bruja Nahual: el niño que la vio transformada y vivió para contarlo,"Brujas en México: si ves un animal así de noche, no salgas solo",Nahuales: la advertencia que este niño ignoró una noche en el rancho,"La bruja guajolote es una de las historias reales de brujas más inquietantes que han llegado a este canal. Ocurrió en 1986, en un rancho de México, y su único testigo directo era un niño de apenas 12 años.

Martín García viajó al rancho de sus abuelos esperando unos días de juegos con sus primos, lejos del ruido de la ciudad. Pero esa misma noche su primo Mario entró a la habitación con una advertencia seria: no salgas solo en la madrugada. La gente de la zona hablaba de animales extraños rondando en la oscuridad, de sonidos salvajes en el monte y de pájaros que amanecían muertos. Decían que se trataba de brujas nahuales, mujeres capaces de transformarse en cualquier animal para salir de noche.

Horas después, Martín necesitaba ir al baño, que estaba cruzando el patio. No quiso despertar a Mario y salió apenas unos pasos de la puerta. Fue entonces cuando dos luces rojas llamaron su atención sobre el techo de la casa: eran los ojos de un guajolote de tamaño descomunal, tres veces más grande de lo normal, que lo miraba fijamente como si fuera a atacarlo. Sus gritos despertaron a la familia. Mario salió corriendo con una escopeta, gritó que aquello no era un animal normal y disparó. El guajolote herido se convirtió en una bola de fuego que salió volando hacia el cielo hasta desaparecer.

Martín no pudo dormir durante una semana entera, y décadas después todavía les cuenta a sus hijos y sobrinos lo que vio aquella madrugada. Este relato paranormal, enviado por un suscriptor del canal, forma parte de las leyendas mexicanas sobre brujas y nahuales que se repiten en los ranchos de todo el país: testimonios que la gente del campo conoce de primera mano y que en la ciudad muchos prefieren no creer.

Si te interesan los misterios, las historias de terror reales y los casos paranormales narrados con seriedad y respeto, suscríbete al canal de El DoQmentalista para no perderte los próximos documentales.

#BrujaGuajolote #Nahuales #HistoriasReales","el doqmentalista, documentales de misterio en español, bruja guajolote, brujas nahuales, nahual, historias reales de brujas, brujas en méxico, leyendas de ranchos, guajolote gigante, relatos paranormales, historias de terror reales, casos paranormales, leyendas mexicanas, mitos y leyendas de méxico, testimonios reales, misterio en español"
PXMyB6zSTzc,1482656,"La Música De El Diablo, La Triada Perversa, El Efecto Shepard, Música Del Abismo",La Música del Diablo Existe y Escucharla Tiene un Precio,El Acorde Prohibido: La Iglesia Lo Censuró en la Edad Media,Sonidos Prohibidos: La Ciencia Prueba Que Alteran Tu Cerebro,"La música del diablo no es una leyenda: es un intervalo real que la Iglesia medieval intentó silenciar. Se llama tritono, el diabolus in musica, y su repetición crea una paradoja auditiva que el oído humano no puede resolver.

En este documental recorremos la historia de la tríada perversa: desde los escritores medievales como Guido de Arezzo, que llegaron a prohibir ese intervalo, hasta el tratado de 1725 en el que el compositor Johann Joseph Fux condenó duramente esos acordes infernales. El Concilio de Colonia de 1316 declaró prohibida una melodía por causar perturbaciones y sufrimiento en los oyentes. Y no todo quedó en el pasado: Maurice Ravel insertó deliberadamente acordes disonantes, con una cuarta aumentada, en la parte final de su famoso Bolero.

La ciencia moderna confirmó lo que los antiguos temían. El científico cognitivo Roger Shepard diseñó la escala de Shepard, una ilusión sonora que parece ascender eternamente y produce efectos curiosos en la psique de quien la escucha. Los estudios sobre infrasonidos, vibraciones por debajo de los 16 hercios como las de ciertos tambores ceremoniales, demostraron alteraciones en el ritmo respiratorio, la frecuencia cardíaca, la presión sanguínea y hasta en las ondas alfa del cerebro, que oscilan entre 8 y 14 hercios.

El viaje termina cinco milenios atrás, en el Hipogeo de Hal Saflieni, en Malta: un templo subterráneo convertido en necrópolis y descubierto por casualidad en 1902, cuyas primeras excavaciones dirigió el jesuita Manuel Magri. En su sala del oráculo, una pequeña cavidad tallada en la roca hace que la voz masculina resuene por todo el recinto como voces del más allá, mientras que la voz femenina no produce ningún efecto. El arqueólogo Fernando Coimbra experimentó en persona ese trance acústico, el mismo estado que parece representar la Dama Durmiente hallada en el lugar y exhibida hoy en el museo arqueológico de La Valeta.

Si te apasionan los misterios documentados con seriedad, suscríbete al canal y activa la campana para no perderte el próximo expediente.

#MusicaDelDiablo #Tritono #EscalaDeShepard","el doqmentalista, documentales de misterio en español, la musica del diablo, tritono, diabolus in musica, triada perversa, escala de shepard, tono de shepard, hipogeo de hal saflieni, sonidos prohibidos, infrasonidos, bolero de ravel, musica prohibida, misterios sin resolver, ocultismo, historia oculta, casos paranormales, documental en español"
gZbxGY6uC8o,1472307,"Los 12 TITANES de la Mitología Griega, Dioses griegos, La Edad Dorada",Titanes: los dioses olvidados que gobernaron el mundo antes de Zeus,Titanes: los dioses olvidados que gobernaron el mundo antes de Zeus,Mitología griega: el hijo que mutiló a su padre para reinar el cosmos,"Los 12 Titanes de la mitología griega gobernaron el universo mucho antes de que Zeus y los dioses del Olimpo existieran. Esta es la historia completa de la raza que reinó durante la Edad de Oro, y de la traición que lo cambió todo.

Hijos de Gea, la tierra, y Urano, el cielo, los Titanes eran gigantes inmortales que dominaban la magia y los antiguos rituales desde su morada en el monte Otris. Fueron doce: seis hombres, Océano, Ceo, Crío, Hiperión, Jápeto y Cronos, y seis mujeres, Tea, Rea, Temis, Febe, Mnemósine y Tetis. Llegaron al poder cuando Cronos, en un complot con su propia madre y sus hermanos, mutiló a su padre Urano y le arrebató el gobierno del cosmos. Cuatro hermanos se convirtieron en los pilares que mantenían separados el cielo y la tierra, mientras Océano personificaba el gran río que rodeaba el mundo y conectaba con el inframundo, y junto a Tetis engendraba tres mil dioses de los ríos.

Pero cada Titán guardaba un rostro más oscuro. Jápeto, apodado el Perforador, decidía cuándo terminaba el tiempo de un mortal y traía sobre él una muerte violenta. Cronos, dios del tiempo que todo lo consume, terminó encarcelado en el Tártaro tras la guerra contra los dioses del Olimpo, la nueva generación nacida de su unión con Rea. Las Titánides corrieron otra suerte: Febe y Temis sirvieron en el oráculo de Delfos, donde se dictaron las primeras leyes de justicia y moralidad para la humanidad, y Mnemósine, diosa de la memoria e inventora del habla, dio a luz a las Musas que, según Hesíodo, poseían a reyes y poetas. Hasta Homero dejó su huella en este mito: en la Ilíada y la Odisea equipara a Hiperión, el pilar del este, con el propio sol.

Este documental recorre uno por uno a los doce dioses mayores: sus dominios, sus matrimonios entre hermanos, sus descendientes como el dragón Pitón y el centauro Quirón, y el destino que les esperaba cuando sus propios hijos se alzaron contra ellos.

Suscríbete a El DoQmentalista para más documentales de mitología, misterio e historia antigua en español.

#MitologiaGriega #Titanes #DiosesGriegos","el doqmentalista, documentales de misterio en español, los 12 titanes, titanes de la mitología griega, mitología griega, dioses griegos, cronos, rea, hiperión, urano y gea, edad de oro, tártaro, oráculo de delfos, guerra de titanes, dioses del olimpo, zeus, mitos y leyendas, historia antigua, documental de mitología"
8oSvYezr-RA,1427926,Vampiros Reales: Secretos Oscuros de Criaturas que Viven Entre Nosotros,Vampiros reales: la verdad que Europa intentó enterrar con estacas,"Vampiros: si ves estas señales en alguien, aléjate de inmediato","Vampiros: la historia completa, de Caín a la mascarada moderna","¿Vampiros reales entre nosotros? Este documental reúne los secretos más oscuros de las criaturas de la noche: su origen, sus poderes y las señales para reconocerlas antes de que sea demasiado tarde.

Todo comienza con dos nombres marcados por la sangre. Lilit, la primera mujer de Adán, reina de la noche y madre de los demonios, célebre por sus festines nocturnos. Y Caín, condenado tras matar a su hermano Abel a vagar por las tierras de Nod con una sed insaciable, razón por la que a los vampiros también se les llama cainitas. Desde ahí, el rastro lleva a Transilvania, en el corazón de Rumania, cuna del Conde Drácula, el empalador, cuyo mal se extendió por Alemania y el resto de Europa entre los siglos XV y XVI.

Pero hay hallazgos que la arqueología no puede ignorar: a orillas del mar Negro, en Bulgaria, aparecieron dos esqueletos de más de 800 años con el pecho atravesado por estacas de acero, hoy exhibidos en el Museo Nacional de Historia de Sofía. Analizamos también el beso del vampiro y cómo nace un nuevo vástago, los signos que delatan a estas criaturas —no proyectan sombra ni se reflejan en los espejos— y la sociedad secreta que las gobierna: clanes dirigidos por príncipes, un consejo de las primeras generaciones y una jerarquía que va del neonato al temido antediluviano.

Descubrirás además por qué la estaca en el corazón no basta para acabar con ellos, qué papel jugó la Inquisición en su desaparición y en qué consiste la mascarada, el pacto de ocultamiento con el que aprendieron a vivir entre los mortales, vigilados de cerca por sus eternos enemigos: los hombres lobo.

Si te apasionan los documentales de misterio, el ocultismo y las leyendas que la historia no ha podido enterrar, suscríbete a El DoQmentalista y activa la campana para no perderte ningún archivo.

#Vampiros #Misterio #Paranormal","el doqmentalista, documentales de misterio en español, vampiros reales, conde drácula, transilvania, caín primer vampiro, lilit madre de los demonios, la mascarada de los vampiros, esqueletos con estacas en bulgaria, el beso del vampiro, como reconocer a un vampiro, criaturas de la noche, seres sobrenaturales, mitos y leyendas de terror, documental paranormal en español, misterios ocultos, hombres lobo y vampiros"
G0NrtOxUwbw,1402095,"Biblia: Dimas y Gestas, los misteriosos crucificados al lado de Jesús",Crucifixión de Jesús: los dos hombres que la historia quiso olvidar,Los ladrones crucificados con Jesús: la verdad que la Iglesia negó,Crucifixión de Jesús: los dos hombres que la historia quiso olvidar,"Junto a Jesús fueron crucificados dos hombres cuya historia casi nadie conoce: Dimas y Gestas, los ladrones del Gólgota. Un evangelio prohibido, negado por la Iglesia, describe quiénes eran realmente y lo que hicieron antes de terminar en la cruz.

Según el evangelio apócrifo de José de Arimatea, Gestas, el mal ladrón, era mucho más que un simple asaltante de caminos: daba muerte a espada a los viandantes, colgaba a las mujeres cabeza abajo para mutilarlas y sentía predilección por beber la sangre de los niños. Dimas, en cambio, era un ladrón galileo dueño de una posada que atracaba a los ricos pero favorecía a los pobres, daba sepultura a los muertos como Tobías, robó los libros de la ley y llegó a despojar a la hija de Caifás, sacerdotisa del santuario de Jerusalén. Dos criminales opuestos, condenados a morir el mismo día, en el mismo lugar, junto a un desconocido llamado el rey de los judíos.

En este documental analizamos la crucifixión de Jesús desde la perspectiva de estos dos personajes bíblicos olvidados: las blasfemias descomunales que el texto apócrifo pone en boca de Gestas, quien desafió a Cristo a bajar de la cruz llamándolo bestia salvaje, y la súplica desesperada de Dimas, que reconoció al hijo de Dios en pleno suplicio y le pidió ser recordado en su reino. La respuesta que recibió es una de las frases más poderosas de toda la Biblia: en verdad te digo que hoy estarás conmigo en el paraíso. Comparamos lo que dicen los evangelios apócrifos con la tradición aceptada, y por qué la Iglesia dejó fuera del canon estos textos que retratan con crudeza a los crucificados del Gólgota.

Si te fascinan los misterios de la Biblia, los textos prohibidos y los detalles menos contados de la historia sagrada, suscríbete al canal y activa la campanita para no perderte los próximos documentales de El DoQmentalista.

#Biblia #EvangeliosApocrifos #Misterio","el doqmentalista, documentales de misterio en español, dimas y gestas, el buen ladrón, el mal ladrón, evangelio de josé de arimatea, evangelios apócrifos, crucifixión de jesús, ladrones crucificados con jesús, gólgota, san dimas, hoy estarás conmigo en el paraíso, misterios de la biblia, textos prohibidos de la biblia, personajes bíblicos, jesús de nazaret, historia bíblica, secretos de la iglesia"
3W-qxjLrLz0,1401387,Azrael El Arcángel de la Muerte - Documental Completo,El Ángel de la Muerte no es lo que crees: la verdad sobre Azrael,Arcángel de la Muerte: la historia completa del ángel que dejó el cielo,"El arcángel que la Biblia calla: Azrael, el que viene por tu alma","El Ángel de la Muerte no es el esqueleto con guadaña que te enseñaron a temer. Azrael, el Arcángel de la Muerte, es una figura mucho más antigua y compleja: el ser encargado de separar el alma del cuerpo en el instante final y de guiarla hacia su destino eterno.

En este documental completo recorremos el rastro de Azrael en las grandes tradiciones religiosas. En el islam se le conoce como Malak al-Mawt, y las descripciones lo pintan de una forma sobrecogedora: un ángel de setenta mil pies y cuatro mil alas, con el cuerpo cubierto de tantos ojos y lenguas como personas hay sobre la Tierra, que escribe los nombres de quienes nacen y borra los de quienes mueren. La tradición cuenta incluso su encuentro con Moisés, el profeta que se negó a morir y forcejeó con él. En el misticismo judío aparece como Azriel, habitante del tercer cielo, y el Zohar lo retrata como un ser bondadoso que comanda legiones angelicales. En el cristianismo primitivo se le confundió con el escriba Esdras, aunque hoy no forma parte del canon oficial de ninguna iglesia.

Pero la parte más inquietante de su historia viene del esoterismo: la leyenda de su autoexilio del cielo. Azrael habría descubierto que los demonios convirtieron el Seol en un infierno de torturas sin autorización divina, reteniendo y destruyendo almas que no les pertenecían. Por compasión hacia la humanidad, este arcángel y su coro de ángeles eligieron servir a Dios en la oscuridad, rescatando almas salvables, enfrentando demonios y ayudando a los vivos a comprender la muerte sin temerla. La tradición ocultista lo vincula además con los registros akásicos, la memoria etérica de todo lo que ha sucedido desde el inicio de los tiempos.

Un viaje documentado por la angelología, la muerte y el más allá, desde el Corán y la cábala hasta el ocultismo contemporáneo, para entender por qué tantas culturas coinciden en que no morimos solos.

Si te apasionan los documentales de misterio, ocultismo y ángeles en español, suscríbete al canal y activa la campana para no perderte los próximos archivos de El DoQmentalista.

#Azrael #AngelDeLaMuerte #Documental","el doqmentalista, documentales de misterio en español, documental completo, azrael, arcángel de la muerte, ángel de la muerte, malak al mawt, azrael en el islam, azriel, angelología, arcángeles, ángeles caídos, registros akásicos, vida después de la muerte, el más allá, misterio y ocultismo, ángeles y demonios, seres celestiales, esoterismo, cábala"
3p4qISwmX7g,1394136,"Documental: Samael, el Arcángel de la Muerte y sus secretos ocultos en la Biblia",La Biblia lo sabía: el Ángel de la Muerte nunca trabajó para el infierno,"Ángel de la Muerte: la historia completa de Samael, el veneno de Dios",La Biblia lo sabía: el Ángel de la Muerte nunca trabajó para el infierno,"El Ángel de la Muerte aparece en las tres religiones más grandes del mundo, y durante siglos lo hemos confundido con Satanás. Su verdadero nombre es Samael, y su historia es mucho más inquietante que cualquier leyenda del infierno: este arcángel nunca se rebeló contra Dios. Le obedece sin cuestionar nada.

En este documental recorremos lo que el judaísmo, el cristianismo y el islam heredaron sobre esta figura oscura. Su nombre significa el veneno de Dios: se dice que aparece en la hora final con la espada desenvainada y una gota de veneno en la punta, y que de ese acto nace la expresión saborear la muerte. Fue Samael quien plantó el árbol del conocimiento y se convirtió en la serpiente que tentó a Adán y Eva, quien acusó a los israelitas de idolatría al huir de Egipto y quien susurró al oído de Abraham para que desobedeciera el sacrificio de Isaac. Su contrapeso es el arcángel Miguel: uno acusa a la humanidad, el otro la defiende, como dos caras de la misma moneda del juicio divino.

La Cábala va todavía más lejos. Ahí Samael gobierna el Qliphoth, el lado donde se ausenta la luz del árbol de la vida, junto a Lilit, la primera mujer convertida en demonio de la noche. Los textos lo describen como señor de los cuatro ángeles de la prostitución sagrada, gobernante del quinto cielo y jefe de una legión de dos millones de ángeles acusadores y destructores. Y en las escrituras más antiguas, la palabra satanás ni siquiera era un nombre propio: era un título que terminó fusionándose con el suyo, hasta volver sinónimos al adversario y al arcángel de la muerte. Algunos textos incluso lo señalan como el anticristo: el único ser que desaparece cuando la muerte misma sea deshecha.

Si te fascinan los misterios de la Biblia, los ángeles y demonios y el lado oculto de la religión, suscríbete al canal para más documentales de misterio en español.

#Samael #AngelDeLaMuerte #MisteriosDeLaBiblia","el doqmentalista, documentales de misterio en español, samael, ángel de la muerte, arcángel samael, veneno de dios, satanás en la biblia, lilit, cábala, qliphoth, arcángel miguel, quinto cielo, anticristo, misterios de la biblia, ángeles y demonios, ocultismo, ángeles caídos, judaísmo, documental biblia, historia de los ángeles"
RRp7hbDJ3oU,1393652,Criaturas Más Extrañas De La Biblia - Documentales interesantes ✅ El DoQmentalista,Criaturas de la Biblia: los ángeles reales parecen demonios,"Monstruos bíblicos que olvidamos: dragones, unicornios y Leviatán",Leviatán y Behemot: las bestias que nadie ha logrado explicar,"Las criaturas de la Biblia no son las que te enseñaron. Los ángeles blancos, rubios y con alas que decoran los techos de las iglesias no aparecen en el texto sagrado: si vieras cómo se describen en realidad, pensarías que estás frente a demonios.

En este documental recorremos el bestiario oculto de las Escrituras. Empezamos con los ofanim, descritos por primera vez en Ezequiel 1:15 dentro de la tradición judía de los diez órdenes angelicales: ruedas flameantes cubiertas de ojos que custodian la sede del poder de Dios, solo superadas en jerarquía por los ángeles que sostienen su trono. Seguimos con el Behemot del libro de Job, una bestia gigante que habita entre las cañas, capaz de beberse un río entero y tan poderosa que solo Dios puede controlarla; los estudiosos todavía discuten si fue un hipopótamo, un elefante o una metáfora del poder divino. Y llegamos al Leviatán, el monstruo marino de armadura impenetrable que respira fuego, el mismo que los antiguos marineros temían y que los cartógrafos marcaban en sus mapas con la advertencia de que ahí había monstruos.

Pero el bestiario bíblico no termina ahí. La Biblia contiene 34 menciones de dragones, desde el veneno que describe Deuteronomio hasta los palacios de Babilonia infestados tras su caída según Isaías, y culmina en el Apocalipsis, donde Satanás toma la forma de un gran dragón rojo que lucha contra los ángeles y es desterrado al pozo sin fondo por mil años. También encontrarás a la cocatriz, la serpiente alada con cabeza de gallo que aterrorizó la imaginación medieval; los unicornios que la traducción del rey Jacobo menciona nueve veces, incluida la profecía de Isaías sobre la tierra de Idumea; y los dos animales que hablan en las Escrituras: la serpiente que tentó a Eva y la burra del profeta Balaam, a la que Dios le dio voz para reclamarle los golpes de su amo.

Un recorrido documentado por las criaturas más extrañas del texto más leído de la historia, con capítulos, versículos y las interpretaciones que los historiadores siguen debatiendo hasta hoy.

Si te apasionan los misterios de la Biblia y lo inexplicable, suscríbete a El DoQmentalista para no perderte los próximos documentales.

#CriaturasDeLaBiblia #MisteriosBiblicos #Leviatan","el doqmentalista, documentales de misterio en espanol, criaturas de la biblia, monstruos biblicos, leviatan, behemot, ofanim, angeles biblicos reales, dragones en la biblia, unicornios en la biblia, burra de balaam, libro de job, ezequiel 1:15, apocalipsis dragon rojo, misterios de la biblia, seres mitologicos, ocultismo y religion, documental biblico, angeles y demonios, historias biblicas extranas"
SAzN4EpRVLk,1385349,"Melquisedec, El Sacerdote De Dios, Documental end times bible study catholic",Melquisedec: El Hombre Que Nunca Nació Y Nunca Murió,Melquisedec: El Sacerdote Que Según La Biblia Sigue Vivo,Melquisedec: La Historia Completa Del Rey Sin Origen,"Melquisedec es el personaje más extraño de toda la Biblia: un hombre sin padre, sin madre y sin genealogía, que según las Escrituras nunca experimentó la muerte. Hebreos 7:3 lo describe sin principio de días ni fin de vida, y eso significa algo inquietante: de acuerdo con los textos sagrados, este sacerdote debería seguir vivo hoy.

En este documental analizamos las únicas 11 menciones de Melquisedec en la Biblia: una en Génesis, otra en Salmos y nueve en el libro de Hebreos. La primera aparición ocurre cuando Abraham regresa de rescatar a su sobrino Lot, y este misterioso rey de Salem sale a su encuentro con pan y vino para bendecirlo en nombre del Dios Altísimo. Su nombre hebreo lo dice todo: Melki significa rey, Sedec significa justicia y Salem significa paz. El rey de la justicia y de la paz, un sacerdote aprobado directamente por Dios en una época en la que Israel todavía no existía.

Pero aquí empiezan los enigmas. Salem no pudo ser la antigua Jerusalén, porque esa ciudad pertenecía a un pueblo pagano que adoraba a otros dioses, y ningún registro histórico ubica el verdadero reino de este sacerdote. Además, en toda la historia de Israel nadie fue rey y sumo sacerdote al mismo tiempo: esos dos oficios siempre estuvieron separados, excepto en él. Hebreos lo llama semejante al Hijo de Dios, y por eso muchos estudiosos del misterio bíblico afirman que Melquisedec sería el mismo Jesús caminando en la Tierra siglos antes de su nacimiento, mientras otros sugieren que se trata de un ser eterno de otra naturaleza. Su legado fue tan poderoso que hasta el día de hoy existe una ordenación sacerdotal con su nombre: la orden de Melquisedec.

¿Quién era realmente este hombre que apareció de la nada, bendijo al padre de la fe y se esfumó sin dejar rastro? Acompáñame a examinar el caso del sacerdote eterno del Antiguo Testamento.

Si te apasionan los misterios de la Biblia y los enigmas de la historia sagrada, suscríbete al canal para no perderte los próximos documentales.

#Melquisedec #MisteriosBiblicos #AntiguoTestamento","el doqmentalista, documentales de misterio en espanol, melquisedec, rey de salem, sacerdote de dios altisimo, orden de melquisedec, hebreos 7 3, abraham y melquisedec, genesis 14, personajes misteriosos de la biblia, misterios de la biblia, enigmas biblicos, antiguo testamento, quien fue melquisedec, jesus en el antiguo testamento, documental biblico, historia sagrada, secretos de la biblia"
DyviWLTyMY8,1379398,El Anticristo No Es Lo Que Parece  la marca de la bestia,El Anticristo no es un demonio: la verdad brutal del 666,La Marca de la Bestia: siempre supimos a quién señala el 666,El Anticristo: la historia completa de cómo se fabricó su leyenda,"El Anticristo no es lo que te enseñaron. La marca de la bestia, el temido 666 del Apocalipsis, podría no señalar a un demonio del futuro sino a un emperador que ya existió hace dos mil años.

En este documental recorremos el origen real de la figura del Anticristo, una idea que nace antes de la era cristiana en los trabajos teológicos judíos y que el Nuevo Testamento apenas describe. Solo cuatro libros mencionan a ese perseguidor que enfrentaría a Cristo, y las epístolas de Juan hablan de muchos anticristos: hombres comunes que negaban a Jesús, no seres sobrenaturales. Los historiadores conectan el 666 de Apocalipsis 13 con los emperadores Nerón y Domiciano, porque la antigua Roma usaba números para representar nombres, y ven en la bestia del mar un retrato del Imperio Romano, el poder que perseguía cristianos mientras sus emperadores se proclamaban dioses. Cuando Nerón murió en el año 68, los oráculos sibilinos alimentaron el rumor de que resucitaría para destruir el mundo, y ese mito encendió los textos apocalípticos.

La transformación definitiva llegó siglos después. Hacia el año 200, el historiador Hipólito comparaba al engañador con un león que imita en todo al Hijo de Dios, pero fue la Reforma Protestante la que convirtió al Anticristo en el destructor final del fin de los tiempos. Martín Lutero, Juan Calvino y John Knox señalaron directamente a los papas de Roma como el Anticristo, apoyados en sus nuevas traducciones de las escrituras. Y la cultura popular terminó el trabajo: la saga Left Behind vendió 65 millones de copias y películas como La Profecía sembraron en millones la imagen de un niño maldito destinado a traer el horror.

Entre la profecía bíblica, la propaganda religiosa y el mito, este documental separa lo que dicen los textos de lo que la imaginación construyó durante siglos sobre la marca de la bestia y el fin del mundo.

Si te apasionan los misterios de la Biblia y los enigmas que la historia oficial prefiere no contar, suscríbete a El DoQmentalista y activa la campana.

#Anticristo #MarcaDeLaBestia #MisteriosDeLaBiblia","el doqmentalista, documentales de misterio en espanol, el anticristo, la marca de la bestia, 666 significado, apocalipsis 13, emperador neron, reforma protestante, quien es el anticristo, imperio romano y cristianismo, epistolas de juan, profecias biblicas, misterios de la biblia, fin de los tiempos, senales del apocalipsis, documental biblico, historia del cristianismo, enigmas religiosos"
lv0TZy6Z6aM,1374925,El Experimento Filadelfia: Teletransportación y los Secretos Ocultos del Proyecto Prohibido,Teletransportación: el estudio secreto de la Fuerza Aérea de EEUU,Teletransportación psíquica: la verdad que la ciencia quiso negar,Teletransportación real: los experimentos que ya lo consiguieron,"La teletransportación ya no es ciencia ficción. Existe un estudio de la Fuerza Aérea de Estados Unidos que la tomó tan en serio que siguió investigándola incluso después de que la comunidad científica lo negara todo.

En este documental recorremos los experimentos reales que acercaron la teletransportación cuántica a nuestro mundo. En 2010, científicos chinos reportaron haber teletransportado información a 15 kilómetros de distancia. En 2014, otro equipo logró transferir el estado cuántico de una partícula de luz a 25 kilómetros, y poco después un investigador japonés y su equipo lo consiguieron con un fotón a 96 kilómetros. Rusia, según el diario De Telegraaf, anunció un plan de investigación para desarrollar esta tecnología en los próximos 20 años, con inversionistas como Alexander Galitsky señalando experimentos exitosos a nivel molecular en Stanford. El obstáculo es brutal: teletransportar a una persona exigiría destruir el cuerpo original para leer los datos de sus partículas subatómicas y reconstruirlo, algo que requeriría una supercomputadora cuántica que todavía no existe.

Pero hay otra cara del fenómeno, mucho más inquietante: la teletransportación psíquica. En 2004 salió a la luz el estudio del físico Eric W. Davis para la Fuerza Aérea de EEUU, que sugería que esta capacidad era posible e incluso controlable. El informe desató una polémica que sigue abierta. Y los antecedentes vienen de lejos: en 1774, San Alfonso María de Ligorio fue visto junto al lecho del papa Clemente XIV mientras estaba recluido en una celda a cuatro días de viaje. Bilocación, objetos que desaparecen y reaparecen, el fenómeno doppelgänger donde el doble de una persona aparece en un lugar distante: piezas de un rompecabezas que la ciencia oficial prefiere no armar.

Un documental de misterio en español sobre física cuántica, fenómenos paranormales y los límites reales de la mente humana, con nombres, fechas y hechos documentados.

Suscríbete a El DoQmentalista y activa la campana para más documentales de misterio, enigmas y secretos que pocos se atreven a contar.

#Teletransportación #Misterio #Paranormal","el doqmentalista, documentales de misterio en espanol, teletransportacion, teletransportacion cuantica, teletransportacion psiquica, experimento fuerza aerea, eric davis estudio, bilocacion, doppelganger, fisica cuantica, san alfonso maria de ligorio, fenomenos paranormales, misterios sin resolver, casos inexplicables, documental paranormal, secretos del gobierno, enigmas de la ciencia, mente humana poderes"
VY5DfJeT1_4,1349828,"El Lenguaje De Los Pajaros, El niño que habló con los pájaros, Historia De Rusia",El Lenguaje de los Pájaros: Lo Lanzaron al Mar por Decir la Verdad,El Lenguaje de los Pájaros: La Historia Completa de la Leyenda Rusa,El Lenguaje de los Pájaros: La Leyenda Rusa Que Olvidamos,"El lenguaje de los pájaros es un don que, según una antigua leyenda rusa, puede cambiar el destino de quien lo aprende... y destruir a la familia que no está lista para escuchar la verdad.

Este documental narra la historia de Iván, el hijo único de un comerciante ruso que creció escuchando el canto de un ruiseñor encerrado en una jaula dorada. Cuando su padre prometió la mitad de su riqueza a quien le enseñara a entender esa música tan hermosa y tan triste, el niño encontró la respuesta en el bosque: al proteger un nido de polluelos con su caftán bordado en hilo de oro, una madre pájaro con poderes mágicos le enseñó durante un mes las palabras, la gramática y las melodías del canto de las aves.

Pero comprender el lenguaje de los pájaros tuvo un precio terrible. Cuando Iván tradujo la canción del ruiseñor, una profecía que anunciaba que él sería príncipe y su padre su siervo, sus propios padres lo durmieron con una poción mezclada en leche tibia, lo subieron a un bote y lo empujaron al mar bajo la luz de la luna. Lo que siguió parece confirmar cada palabra del ave: marineros que lo rescatan de las olas, grullas que advierten de una tormenta feroz, cisnes que delatan a un barco pirata y un rey desesperado por tres cuervos que graznaban día y noche frente a la ventana de su dormitorio, un pleito de aves que solo Iván pudo resolver.

Esta leyenda del folclore ruso, transmitida de generación en generación, guarda una de las lecciones más duras de los cuentos antiguos: la profecía que intentas ahogar en el mar siempre encuentra el camino de regreso. Y también una de las más luminosas, porque cuando el padre de Iván, ciego y convertido en mendigo, llega sin saberlo al castillo de su hijo, el final no se escribe con venganza, sino con perdón.

Si te apasionan las leyendas, el folclore y los relatos de misterio contados con calma y con rigor, suscríbete a El DoQmentalista y activa la campanita para no perderte ninguna historia.

#LeyendasRusas #ElLenguajeDeLosPajaros #Folclore","el doqmentalista, documentales de misterio en español, el lenguaje de los pájaros, leyenda rusa, cuentos rusos, folclore ruso, el niño que habló con los pájaros, iván y el ruiseñor, cuentos de hadas rusos, historia de rusia, profecías, leyendas y misterios, relatos antiguos, cuentos con moraleja, historias de misterio en español, mitología eslava, narración de leyendas"
vv4i_sQxBJE,1348666,"Encuentran Un Hombre Inmortal en México, no necesita comer, se alimenta como los Dioses",El hombre inmortal de México: testigos juran que no come ni duerme,"Si tu vecino no come, no duerme y no envejece, ten mucho cuidado",Hombre inmortal en México: la historia completa de un caso imposible,"Un hombre inmortal vive en Chihuahua, México, y quienes lo conocen aseguran que jamás lo han visto comer, beber agua ni dormir. Es uno de los casos más inquietantes que han llegado al canal, y todo comenzó de la forma más común posible: en un cibercafé.

Nuestro testigo, a quien llamaremos Leonardo, vio cómo la policía arrestaba a un hombre delgado, vestido de negro, acusado de hackear servidores. Días después lo encontró libre en el mismo lugar, y así nació una amistad que terminaría revelando algo imposible. El sujeto dijo llamarse Balfour y tener 32 años. Aunque su aspecto era el de un rockero cualquiera, hablaba de hechos históricos con detalles que casi nadie conoce, como si en verdad hubiera estado ahí.

La verdadera revelación llegó en un campamento de tres días. Mientras todos disfrutaban de carne asada, quesos y pescado, Balfour solo sostenía una botella de cerveza medio llena y un cigarro. Cuando le preguntaron por qué no comía, su respuesta dejó helados a todos: la cerveza y el cigarro son su comida, así como el alimento de los dioses. Durante esas noches nadie lo vio dormir; pasaba las horas frente a una laptop, escribiendo código. Y hay un detalle todavía más perturbador: Leonardo lo sorprendió junto a un riachuelo agitando el agua con la mano, y desde entonces nadie ha logrado ver su reflejo.

Han pasado más de siete años desde aquel primer encuentro y Balfour mantiene exactamente el mismo aspecto. Su identificación sigue marcando 32 años. Un hombre que no come, no duerme, no envejece y no se refleja en el agua: ¿estamos ante un ser inmortal, ante el resultado de rituales prohibidos, o ante algo que todavía no sabemos nombrar? Este documental reconstruye el testimonio completo, paso a paso, entre los misterios sin resolver y los casos paranormales reales que este canal investiga, para que tú saques tus propias conclusiones.

Si te apasionan los fenómenos paranormales y las leyendas urbanas de Latinoamérica, suscríbete al canal y activa la campana: aquí documentamos lo que otros prefieren callar.

#HombreInmortal #MisteriosDeMexico #Paranormal","el doqmentalista, el documentalista, documentales de misterio en espanol, hombre inmortal, hombre que no come ni duerme, caso balfour, misterios de chihuahua, hombre que no envejece, sin reflejo en el agua, alimento de los dioses, casos paranormales reales, misterios sin resolver, leyendas urbanas de mexico, historias de terror reales, relatos de misterio, fenomenos paranormales, inmortalidad"
FZ4DVj_fByc,1339935,El Lado Oscuro de los Papas - El Documentalista,"Secretos del Vaticano: papas que torturaron, mataron y fueron borrados",La verdad brutal de los papas: quemaron vivos a 3 hombres por una perla,El papa que nunca existió y otros secretos que la Iglesia quiso olvidar,"Los secretos del Vaticano esconden capítulos que la historia oficial prefiere no contar: papas que ordenaron torturas, papas que dirigieron ejércitos y hasta un papa que nunca existió. En este documental abrimos el archivo del lado oscuro de los papas.

Todo comienza en 1348, cuando el papa Clemente VI descubrió que una perla donada por un comerciante veneciano había sido robada del relicario que guardaba los cráneos de San Pedro y San Pablo. La sentencia fue despiadada: los ladrones fueron expuestos en jaulas en la iglesia de Santa María de Aracoeli, arrastrados por un caballo por las calles de Roma y quemados vivos, mientras el comerciante fue torturado y ahorcado en Letrán. Después, el propio pontífice ordenó una misa pidiendo perdón por los pecados de los condenados.

La historia de la Iglesia católica guarda más episodios insólitos. Celestino V era un ermitaño llamado Pietro de Morrone que vivía en una cueva cuando los soldados llegaron a anunciarle que había sido elegido papa; renunció en menos de un año y su sucesor, Bonifacio VIII, lo encerró en un castillo. Julio II, conocido como el papa guerrero, se colocaba una coraza dorada y peleaba en primera línea de batalla al frente de sus propias tropas. 

También exploramos el cisma con la iglesia ortodoxa, desde Silvestre I hasta el saqueo de Constantinopla de 1204, que Inocencio III condenó pero no pudo impedir, y el misterio de Juan XX, el número papal que el Vaticano decidió saltarse sin explicación: entre Juan XIX y Juan XXI simplemente no hubo nadie. Cerramos con el destino del primer papa, Simón bar Jona, San Pedro, crucificado cabeza abajo por orden del emperador Nerón alrededor del año 64, porque se consideraba indigno de morir igual que Jesús.

Si te apasionan los misterios del Vaticano y la historia oculta de la religión, suscríbete al canal para no perderte los próximos documentales de misterio en español.

#Vaticano #Papas #HistoriaOculta","el doqmentalista, el documentalista, documentales de misterio en español, secretos del vaticano, lado oscuro de los papas, papa clemente vi, celestino v, julio ii papa guerrero, el papa que nunca existió, san pedro crucificado, historia de la iglesia católica, cisma iglesia ortodoxa, misterios del vaticano, historia oculta, secretos de la iglesia, papas de roma, historia de los papas, documental en español"
02whgxxl6X0,1318643,"POR QUÉ MATARON A JESÚS, 6 Razones por las que ATENTARON contra el Mesías, ¿qué harías tú?",Muerte de Jesús: sabían que sus milagros eran reales y aun así lo condenaron,Muerte de Jesús: sabían que sus milagros eran reales y aun así lo condenaron,Crucifixión de Jesús: la historia completa de los 6 motivos reales,"Por qué mataron a Jesús es una pregunta que la iglesia suele responder solo desde lo espiritual: murió por nuestros pecados. Pero detrás de esa respuesta hay una historia de odio, envidia y poder que casi nunca se cuenta completa.

En este documental dejamos a un lado los motivos místicos y nos centramos en los hechos históricos que registra el propio Nuevo Testamento. Los líderes religiosos de Jerusalén odiaban a Jesús de Nazaret al punto de provocar su arresto, juzgarlo y llevarlo ante Poncio Pilato para exigir su crucifixión. Aquí analizamos las seis razones concretas de ese odio. Primero, sus afirmaciones: al declararse el Mesías, su autoridad quedaba por encima de la de los fariseos, y eso despertó celos que no pudieron soportar. Segundo, sus actos: los milagros eran innegables, como la sanación de un hombre ciego, mudo y poseído, así que la explicación oficial de los líderes fue atribuir su poder a Belcebú, el jefe de los demonios.

Tercero, Jesús era una amenaza religiosa: entró dos veces al recinto del templo, volcó las mesas de los cambistas y expulsó a los vendedores de bueyes, ovejas y palomas, condenando el negocio montado en la casa de su Padre. Cuarto, era una amenaza política: en plena tensión entre judíos y romanos, un Mesías capaz de liderar un levantamiento contra Roma era un peligro que había que apagar. Quinto, sus amistades: comía con recaudadores y pecadores, permitió que una mujer señalada le lavara los pies, y eso ofendía el orgullo de los fariseos. Y sexto, no respetaba sus tradiciones: curó a un hombre en sábado frente a ellos, y esa misma tarde los fariseos se aliaron con los herodianos para planear cómo destruirlo. No hubo ningún motivo piadoso ni justo: fue hipocresía, arrogancia, codicia y miedo a perder el poder.

Si te apasionan los misterios de la Biblia y la historia que hay detrás de la fe, suscríbete al canal y activa la campanita para no perderte los próximos documentales.

Yo soy El DoQmentalista, y esta es la historia de por qué mataron a Jesús.

#Jesus #HistoriaBiblica #MisteriosDeLaBiblia","el doqmentalista, documentales de misterio en espanol, por que mataron a jesus, muerte de jesus, crucifixion de jesus, quien mato a jesus, jesus de nazaret, fariseos, poncio pilato, templo de jerusalen, milagros de jesus, lideres religiosos, misterios de la biblia, secretos de la biblia, historia biblica, documental de la biblia, nuevo testamento, enigmas religiosos, historia de jesus"
2jqE3lOsAcM,1307396,"¿Quién Creó a Dios?, Respuesta Filosófica, El DoQmentalista",¿Quién Creó a Dios? La Respuesta Que Nadie Se Atreve a Dar,¿Quién Creó a Dios? El Enigma Que la Ciencia No Ha Resuelto,¿Quién Creó a Dios? Los Filósofos Ya Conocían la Respuesta,"¿Quién creó a Dios? Es la pregunta que ha incomodado a creyentes y ateos por igual durante miles de años, y en este documental la enfrentamos de verdad, sin evasivas.

Si algo o alguien creó a Dios, entonces hubo un tiempo en que Dios no existía y existe un ser más poderoso que él, lo cual destruye la definición misma de Dios como creador eterno y todopoderoso. Pero el problema es más profundo: si respondemos que un ser superior lo creó, la pregunta simplemente se traslada a quién creó a ese ser, y así hasta el infinito. Es la famosa regresión infinita, ilustrada por la anécdota del filósofo y la anciana que insistía en que el mundo descansa sobre una tortuga, y esa tortuga sobre otra, y así son tortugas hasta el infinito.

Eliminar a Dios de la ecuación tampoco resuelve nada. Las preguntas siguen ahí: qué causó el Big Bang, qué existía antes, cómo comenzaron el tiempo y el espacio. La clave está en distinguir entre seres contingentes, como nosotros, que dependemos del aire, del alimento y de nuestros padres para existir, y un ser necesario, cuya existencia no depende de nada más. La lógica indica que si la cadena de causas fuera infinita, jamás habríamos llegado al momento presente. Debe existir un ser autoexistente, libre de lo que un filósofo llamó la enfermedad de la contingencia, un argumento tan sólido que incluso pensadores ateos preeminentes han reconocido su fuerza. Es la misma idea que el apóstol Pablo expuso ante una multitud griega: el Dios que hizo el mundo no vive en templos construidos por manos humanas, porque él mismo da a todos la vida y el aliento.

Este es el argumento cosmológico llevado a su límite: Dios no fue creado porque es la fuente de toda la creación, el origen de la existencia misma. Si ese ser necesario es el Dios de la Biblia o de otra escritura sagrada es otra discusión, pero la pregunta ya no queda sin respuesta.

Si te apasionan los grandes enigmas de la existencia, la filosofía y los misterios de la fe, suscríbete a El DoQmentalista para más documentales en español.

#Dios #Filosofia #Misterio","el doqmentalista, documentales de misterio en español, quien creo a dios, existencia de dios, argumento cosmologico, ser necesario, regresion infinita, origen del universo, big bang, apostol pablo, filosofia de la religion, dios existe, tortugas hasta el infinito, preguntas sin respuesta, misterios de la biblia, teologia, filosofia en español, documental religioso"
l-wXs57irF0,1297368,"AZTECAS VS INCAS, Comparando 2 de las grandes civilizaciones mesoamericanas ✅ El DoQmentalista",Civilizaciones Perdidas: Lo que Olvidamos de los Aztecas y los Incas,Sacrificios Humanos en América: La Historia Completa de Aztecas e Incas,Civilizaciones Perdidas: Lo que Olvidamos de los Aztecas y los Incas,"Aztecas vs Incas: dos de los imperios más poderosos de América crecieron sin conocerse jamás, y ambos cayeron ante el mismo enemigo. Esta es la comparación definitiva entre las dos civilizaciones que marcaron para siempre la historia del continente.

Los aztecas dominaron el centro de México entre los siglos XV y XVI desde su capital Tenochtitlán, hoy Ciudad de México, donde levantaron templos piramidales y una de las áreas de mercado más grandes del mundo de su época. Hablaban náhuatl, una lengua que todavía viven más de un millón de mexicanos, y estaban formados por siete tribus que nunca se percibieron como un solo pueblo. Eran una cultura guerrera hasta la médula: adoraban a Huitzilopochtli, el dios de la guerra, realizaban sacrificios humanos diarios porque creían que sin ellos el sol no volvería a salir, y hasta su juego de pelota terminaba con los perdedores ofrecidos a los dioses. Pero también fueron ingenieros brillantes que inventaron las chinampas, jardines flotantes que alimentaban a toda una capital.

Los incas, en cambio, construyeron el imperio más grande de América desde Cusco: diez millones de personas y hasta setecientas lenguas distintas bajo un solo emperador. No tenían escritura, pero registraban todo con quipus, cuerdas anudadas que guardaban información de todo el imperio, y una red de caminos con mensajeros profesionales que cruzaban montañas enteras. Deformaban el cráneo de los recién nacidos de la nobleza para irradiar poder, cultivaban en terrazas excavadas en las laderas y sacrificaban a los niños más sanos y hermosos como el regalo más preciado para sus dioses. Al final, Hernán Cortés acabó con los aztecas y Francisco Pizarro traicionó al último rey inca, cerrando de golpe la historia de las dos grandes civilizaciones del Nuevo Mundo.

En este documental comparamos su religión, su agricultura, sus sistemas de comunicación, sus ejércitos y sus rituales más oscuros, para que al final tú decidas cuál de las dos culturas prehispánicas fue realmente la más grande.

Suscríbete al canal de El DoQmentalista para más documentales de historia y misterio en español, y deja en los comentarios cuál imperio crees que era superior.

#Aztecas #Incas #Historia","el doqmentalista, documentales de misterio en español, aztecas vs incas, imperio azteca, imperio inca, tenochtitlan, cusco, sacrificios humanos aztecas, quipus incas, hernan cortes, francisco pizarro, huitzilopochtli, chinampas, culturas prehispanicas, civilizaciones antiguas de america, historia de mexico, historia del peru, civilizaciones perdidas, documental en español"
xjlWq7CzFb4,1294077,"El Último Pago, Historias De Terror Reales, Advertencia esta historia es Real",Historia de terror real: el trabajador que llevaba dos años muerto,Fantasmas en Guatemala: el empleado perfecto ya estaba muerto,El fantasma que comía veladoras: la historia completa del último pago,"Esta historia de terror real ocurrió en una finca de la costa sur de Guatemala, y quienes la vivieron juran que el hombre del último pago todavía regresa.

Todo comenzó a finales de octubre, pocos días antes de la celebración del Día de los Fieles Difuntos. En una finca ganadera, los trabajadores intentaban subir vacas y toros a los camiones para una entrega urgente, pero los animales se negaban: retrocedían, se alzaban en sus patas y llegaron a herir a varios empleados. No lograron subir ni una sola bestia. Justo entonces apareció un extraño vestido de vaquero pidiendo trabajo para mantener a su familia. Sin mayor esfuerzo, subió uno por uno todos los animales, ya mansos, hasta llenar los camiones él solo.

El patrón, agradecido, le ofreció pagarle el doble y quedarse en la ganadería, pero el hombre rechazó hasta la cena: pidió únicamente unas veladoras y, el día del pago, no quiso tomar su dinero. Rogó que se lo entregaran personalmente a su esposa, porque debía viajar lejos muy pronto. Esa misma noche, el patrón y sus trabajadores lo siguieron hasta una choza y, mirando por un pequeño agujero, presenciaron algo fuera de lo normal: el extraño se comía las veladoras encendidas, una por una. Al día siguiente había desaparecido y nadie volvió a encontrarlo.

Cuando el patrón llegó a la dirección que el hombre le dejó, una señora le confesó entre lágrimas que su esposo había fallecido dos años atrás, golpeado en el pecho por un animal en una finca de ganado. La fotografía del altar, rodeada de veladoras, era la del trabajador misterioso. Este relato paranormal, contado por el señor Gabino Pío García, se suma a las leyendas de Guatemala que hablan de aparecidos y ánimas que regresan a saldar cuentas pendientes. Y cuentan que, cuando el ganado de las fincas de la costa se niega a subir, aquel hombre todavía llega a ayudar, con la misma facilidad que cuando estaba vivo.

Si te apasionan las historias de fantasmas reales y los relatos de misterio en español, suscríbete al canal para no perderte los próximos documentales.

#HistoriasDeTerror #LeyendasDeGuatemala #Paranormal","el doqmentalista, documentales de misterio en español, historias de terror reales, el último pago, fantasma de Guatemala, leyendas de Guatemala, hombre que comía veladoras, día de los fieles difuntos, aparecidos, relatos paranormales, historias de fantasmas reales, leyendas latinoamericanas, terror real, misterio en español, casos paranormales, relatos de terror en español, ánimas en pena, leyendas rurales"
-eXCO9axALs,1284624,El Sagrado sello del Rey Salomón El significado del Sagrado Sello de Salomón y sus símbolos,Sello de Salomón: los nombres que es peligroso pronunciar,Sello de Salomón: el texto prohibido que nombra a cada demonio,Sello de Salomón: los nombres que es peligroso pronunciar,"El Sello de Salomón no era un simple símbolo: según el Testamento de Salomón, era un anillo entregado por Dios con el poder de encerrar a todos los demonios de la tierra. Este documental recorre la historia completa de esa reliquia y de los seres que, se dice, fueron obligados a obedecerla.

Todo comienza durante la construcción del templo de Jerusalén. El hijo del maestro obrero adelgazaba cada día: un demonio lo asaltaba tras la puesta del sol, le robaba la mitad de su paga y de su comida, y le chupaba el pulgar mientras oprimía su alma. Salomón oró pidiendo ayuda, y el arcángel Miguel le trajo un anillo de sello con una piedra grabada. Con él, el rey de Israel sometió a Ornias, interrogó a los demonios para conocer sus nombres y sus debilidades, y forzó a Asmodeo a pisar la arcilla para levantar el templo. Terminada la obra, encerró a esos espíritus en botellas selladas y las enterró bajo el monumento, hasta que los soldados de Nabucodonosor, creyendo que contenían oro, las abrieron y los liberaron. Un eco de esa historia sobrevive en Las Mil y Una Noches, donde un pescador encuentra un recipiente de cobre cerrado con plomo: el sello de Salomón, con el gran nombre de Dios grabado.

Pero el sello también guarda un significado más profundo: su base toca el suelo y su punta alcanza el cielo, simbolizando la armonía de los opuestos, el vínculo entre la ciencia, la belleza y la metafísica, la medicina y la magia, la astronomía y la astrología. Los escritos atribuidos al rey describen además a los príncipes del ocultismo, Lucifer, Belcebú y Astarot, y advierten que invocar a un demonio sin conocer su nombre y su figura solo trae problemas. Hay poderes que este canal ha decidido no mostrar, porque cierta información es demasiado peligrosa en las manos equivocadas.

Si te apasionan los misterios del ocultismo, la demonología y los textos antiguos, suscríbete al canal y activa la campana para no perderte los próximos documentales.

#SelloDeSalomon #Demonologia #Ocultismo","el doqmentalista, documentales de misterio en espanol, sello de salomon, anillo de salomon, testamento de salomon, clavículas de salomon, rey salomon y los demonios, asmodeo, arcangel miguel, demonologia, templo de jerusalen, las mil y una noches genio, lucifer belcebu astarot, ocultismo, simbolos magicos, libros prohibidos, magia antigua, misterios biblicos, historia oculta, paranormal en espanol"
UvbE_fFEjhE,1281449,Como Murieron Los 12 Apóstoles De Jesús / El DoQmentalista,Los 12 Apóstoles de Jesús: Lo Que la Iglesia Calla de Sus Muertes,Los 12 Apóstoles de Jesús: Lo Que la Iglesia Calla de Sus Muertes,Cómo Murió Cada Apóstol de Jesús: La Historia Completa del Martirio,"Cómo murieron los 12 apóstoles de Jesús es una de las preguntas más incómodas del cristianismo, porque la verdad es que casi todos los relatos que conocemos llegaron siglos después y ni siquiera los primeros historiadores cristianos confiaban del todo en ellos.

La fuente principal es Eusebio de Cesarea, historiador griego que vivió entre los años 260 y 340 después de Cristo. Su Historia Eclesiástica es la primera narración completa de la iglesia temprana, y fue él quien afirmó que todos los apóstoles, excepto Juan, murieron como mártires. Pero el propio Eusebio advirtió que varios de esos relatos, como el martirio de Pedro, Andrés y Tomás, provenían de fuentes espurias o apócrifas. Textos como los Hechos de Pedro, los Hechos de Andrés y los Hechos de Felipe son considerados dudosos por la mayoría de los eruditos bíblicos.

Aun así, la tradición conserva versiones estremecedoras. Santiago fue el primer apóstol asesinado. Simón Pedro fue crucificado boca abajo en tiempos del emperador Nerón, porque no se sentía digno de morir igual que Jesús; por eso la cruz invertida no nació como símbolo satánico. Pablo fue decapitado en Roma. Andrés murió en una cruz en forma de X, quizás en Grecia o en tierras que hoy son Escocia o Rusia. Tomás habría llegado hasta la India antes de ser martirizado. Bartolomé, según la versión, fue crucificado en Armenia, decapitado en la India o desollado vivo. Y Felipe fue crucificado en Hierápolis, donde en julio de 2011 el arqueólogo italiano Francesco D'Andria anunció el descubrimiento de una tumba que sería la del apóstol. Solo Juan habría escapado del martirio, aunque la tradición dice que sobrevivió incluso al aceite hirviendo.

En este documental separamos lo que la historia puede sostener de lo que la tradición repitió durante siglos, con las versiones más aceptadas y también las más polémicas sobre el destino final de cada apóstol.

Si te apasionan los misterios de la Biblia y la historia oculta del cristianismo, suscríbete a El DoQmentalista para no perderte los próximos documentales.

#apostoles #biblia #cristianismo","el doqmentalista, documentales de misterio en espanol, como murieron los 12 apostoles, apostoles de jesus, muerte de los apostoles, martirio de los apostoles, eusebio de cesarea, pedro crucificado boca abajo, tumba del apostol felipe, pablo decapitado neron, tomas en la india, cruz invertida significado, misterios de la biblia, historia del cristianismo, secretos del vaticano, biblia documental, historia oculta de la iglesia"
mja58OQsDOE,1280669,"""Tocar A Los Muertos: Cadáveres Astrales y Almas En Pena Que No Descansan""",Cadáveres Astrales: Nunca Toques A Un Muerto Sin Saber Esto,Por Qué Vestimos De Negro En Los Funerales: El Ritual Que Olvidamos,Almas En Pena: La Verdad De Los Muertos Que Roban Tu Energía,"Los cadáveres astrales, según la tradición esotérica, existen — y quienes la siguen aseguran que la Biblia lo advirtió hace miles de años: tocar a los muertos tiene un precio que casi nadie comprende. En Números 19:13 se ordena que quien toque un cadáver y no se purifique será cortado de Israel. Pero la advertencia no habla del cuerpo físico, sino de algo mucho más inquietante: el alma que aún no se ha ido.

En este documental analizamos qué son los cadáveres astrales, esas almas en pena que quedan atrapadas entre nuestro mundo y su destino final. Algunas permanecen ancladas por asuntos inconclusos o lazos emocionales, y se aferran a casas, objetos y espejos, dando origen a las casas embrujadas y los objetos encantados. Otras, las de quienes fueron malhechores sin nadie que los llore, deambulan buscando robar la energía vital de las personas vulnerables: cuando alguien vive con depresión, celos, odio o rencor, queda abierto a estos entes. Ahí cobra sentido la vieja expresión de que a alguien se le subió el muerto, y también los pactos oscuros que brujos, chamanes y paleros hacen con estas almas para atacar a sus víctimas.

También exploramos el origen que esta tradición esotérica le atribuye al luto funerario. En el plano de oscuridad, estos entes no pueden ver el color negro: por eso los deudos visten de negro en el velorio y el entierro, por eso los ataúdes eran negros y se colgaban telas negras en las ventanas de la casa del difunto, para que el alma no intentara volver ni viera su reflejo en los espejos. El luto debía durar nueve días, el tiempo que el alma necesita para comprender su situación y cruzar al otro lado, y de ahí nacen los novenarios y las letanías de responso que aún se rezan en toda Latinoamérica.

Un recorrido serio y documentado por la frontera entre la vida y la muerte, donde la tradición, la Biblia y lo paranormal cuentan la misma historia.

Si te apasionan los misterios que nadie más se atreve a documentar, suscríbete al canal y activa la campana para no perderte el próximo caso.

#CadaveresAstrales #AlmasEnPena #Paranormal","el doqmentalista, documentales de misterio en español, cadáveres astrales, almas en pena, tocar a los muertos, luto funerario, por qué se viste de negro en los funerales, novenario de difuntos, números 19 13, se le subió el muerto, robo de energía espiritual, espíritus inmundos, casas embrujadas, objetos encantados, misterios de la biblia, ocultismo, brujería, paranormal en español, fantasmas reales, vida después de la muerte"
Esa9Nr955OE,1280257,Leyenda de El Silbón: Terror de Venezuela,El Silbón: mató a su padre y fue condenado a cargar sus huesos,"El Silbón: si su silbido suena lejos, ya lo tienes encima",El Silbón: la historia completa del espanto de los Llanos,"El Silbón no es un cuento para asustar niños: es la condena de un hijo que mató a su propio padre y fue sentenciado a cargar sus huesos por toda la eternidad. Esta es la leyenda completa del espanto más temido de los Llanos de Venezuela y Colombia.

Todo comenzó con un joven llamado Juan, caprichoso y de carácter violento, que exigió a su padre un venado para comer. Cuando el hombre regresó con las manos vacías, Juan lo mató en un arrebato de ira. Según algunas versiones, despedazó el cuerpo y se lo sirvió a su madre en la cena; según otras, fue su abuelo quien descubrió el crimen. La maldición fue implacable: azotado con un látigo, Juan quedó condenado a vagar por los Llanos con un saco de huesos a la espalda, silbando una melodía que anuncia su presencia.

Y ahí está el detalle más aterrador de esta leyenda venezolana: el silbido engaña. Cuando se escucha fuerte y claro, El Silbón está lejos; cuando suena suave y distante, lo tienes al lado. Se le describe como un hombre esquelético de más de dos metros, con sombrero de ala ancha que oculta su rostro, ropas de campesino desgastadas y los pies descalzos. Persigue sobre todo a los hombres mujeriegos y a los borrachos, en las noches oscuras y de lluvia, hasta paralizarlos de terror.

La tradición oral llanera también dejó pistas para protegerse de este espíritu errante: alejarse apenas se escuche el silbido, un crucifijo en la entrada de la casa o un rosario cerca de la cama, los ladridos de los perros que perciben su presencia, el canto del gallo que marca el fin de su ronda nocturna, e incluso ofrecerle tabaco para calmarlo y poder escapar. Pero la mejor defensa, dice la leyenda, es una vida recta: El Silbón es, ante todo, una entidad de castigo.

En este documental recorremos el origen, las variantes, el aspecto y los rituales de protección de una de las leyendas de terror más respetadas del folclore latinoamericano.

Si te apasionan los misterios, las leyendas y lo paranormal contado con seriedad y documentación, suscríbete al canal de El DoQmentalista y activa la campana.

#ElSilbon #LeyendasVenezolanas #Terror","el silbon, leyenda del silbon, el silbon leyenda venezolana, leyendas de venezuela, leyendas de los llanos, espantos de los llanos, el silbon historia real, silbido del silbon, como protegerse del silbon, leyendas colombianas, mitos y leyendas latinoamericanas, leyendas de terror, historias de terror reales, folclore venezolano, espiritus y aparecidos, documentales de misterio en espanol, el doqmentalista, misterio y paranormal"
uj_dSpnexEw,1263440,"Cómo Hacer Pacto Con Un Ángel Para Ser Dichoso, Ángeles Y Arcángeles, Cómo Ser Feliz Y Estar En Paz",Pacto Con Un Ángel: La Advertencia Que Debes Oír Antes De Invocarlo,Ángeles Y Arcángeles No Pueden Ayudarte: La Verdad Del Permiso,Cómo Invocar A Tus Ángeles: El Método Completo En 7 Pasos,"Hacer pacto con un ángel es posible, pero hay una advertencia que casi nadie escucha antes de invocarlo: un ángel jamás se meterá en tu vida a menos que tú se lo pidas, y un espíritu de luz nunca puede ayudarte en algo negativo.

En este documental te explico cómo funcionan realmente los ángeles guardianes y los arcángeles. Cada persona tiene su propio equipo de protección: un ángel de la guarda primario que te acompaña toda la vida, y otros que van y vienen según lo que estés atravesando. Los arcángeles son una elevación más alta de energía, existen cientos de ellos y cada uno trabaja con un propósito particular, pero todos respetan tu libre albedrío y solo actúan cuando les das permiso o cuando tu vida corre peligro antes de tiempo. Por eso, antes de pedir riqueza, conviene preguntarte si lo que de verdad necesitas es ser feliz y estar en paz.

Vas a conocer la declaración ""estoy listo"", el poderoso dúo de palabras que abre la puerta a la manifestación, junto con frases de invocación concretas: cómo pedirle al Arcángel Miguel que traiga a tu vida las personas y los recursos que necesitas, cómo solicitar ideas e inspiración para tu propósito de vida, y por qué la rendición no es abandonar, sino un acto de fe en tu ser superior. Al final te comparto el método completo de siete pasos para invocar a tus ángeles: la visualización de la luz divina, la activación del chakra del corazón, la elevación de tu vibración y la invocación en voz alta, además de cómo reconocer las señales de los ángeles y cómo descubrir intuitivamente el nombre de tu ángel de la guarda.

Los ángeles se comunican de maneras que no esperas: a través de sentimientos sutiles, de la clarividencia y de la clara audiencia. Si prestas atención después de pedir su guía, la respuesta llega.

Suscríbete a El DoQmentalista para más documentales de misterio y espiritualidad en español, y activa la campana para no perderte ningún episodio.

#Angeles #Arcangeles #Espiritualidad","el doqmentalista, documentales de misterio en espanol, pacto con un angel, como invocar a un angel, angeles y arcangeles, angel de la guarda, arcangel miguel, señales de los angeles, invocacion de angeles, como ser feliz y estar en paz, chakra del corazon, elevar la vibracion, angeles guardianes, seres de luz, espiritualidad en español, manifestacion y fe, ser superior, misterio y ocultismo, mundo espiritual"
zV9vSPkYbes,1257711,"""El Cronovisor: El Misterioso Dispositivo Del Vaticano Para Viajar En El Tiempo""",El Sacerdote Que Vio el Pasado y Murió Sin Revelar el Secreto,El Secreto del Vaticano: La Máquina Que Fotografió a Cristo en la Cruz,El Sacerdote Que Vio el Pasado y Murió Sin Revelar el Secreto,"El Vaticano castiga con excomunión a quien use una máquina como el cronovisor, un dispositivo que supuestamente permite observar el pasado. Pero si esa máquina del tiempo nunca existió, ¿por qué prohibirla con un decreto oficial?

Todo comenzó el 2 de mayo de 1972, cuando un periódico italiano publicó un titular imposible: una máquina que fotografía el pasado finalmente se ha inventado. Detrás del proyecto estaba el padre Pellegrino María Ernetti, un físico convertido en sacerdote que habría dirigido en los años cincuenta a un equipo de científicos con la ayuda del premio Nobel Enrico Fermi y del ingeniero de cohetes Wernher von Braun. Según Ernetti, el cronovisor funcionaba como un televisor, pero en lugar de sintonizar estaciones locales captaba la radiación electromagnética residual que dejan los acontecimientos, permitiendo ver y oír sucesos ocurridos siglos atrás.

Con este aparato, el sacerdote afirmó haber presenciado la destrucción de Sodoma y Gomorra, la fundación de Roma en el 753 antes de Cristo, discursos de Cicerón, escenas de Napoleón e incluso la crucifixión de Jesucristo, de la que aseguró tener una fotografía real. Los críticos respondieron que esa imagen era idéntica a la estatua de una iglesia en Perú, y que una tragedia romana perdida que Ernetti dijo haber recuperado contenía palabras latinas que no existían en su época. Aun así, el padre François Brune, quien conoció a Ernetti navegando por el gran canal de Venecia en los años sesenta, sostuvo que el sacerdote le describió la máquina como algo capaz de responder todas las preguntas sobre la Biblia.

Antes de morir en abril de 1994, Ernetti escribió una carta insistiendo en que el artefacto era real y confesó que el padre Pío les había prohibido revelar cualquier detalle, porque la máquina podía acabar con la libertad del hombre. El proyecto fue cancelado, pero según los informes el dispositivo nunca fue destruido: unos creen que sigue oculto en las cámaras secretas del Vaticano; otros, que fue desmontado para evitar la dictadura más espantosa de la historia. Y en 1988 llegó el detalle más inquietante: el decreto que amenaza con excomulgar a quien use un instrumento semejante.

Suscríbete a El DoQmentalista y activa las notificaciones para no perderte los próximos expedientes del misterio.

#Cronovisor #Vaticano #ViajeEnElTiempo","el doqmentalista, documentales de misterio en español, cronovisor, secretos del vaticano, máquina del tiempo, viaje en el tiempo, padre pellegrino ernetti, padre pío, enrico fermi, wernher von braun, crucifixión de cristo, sodoma y gomorra, archivos secretos del vaticano, misterios sin resolver, enigmas de la historia, casos paranormales, documental de misterio, misterios del mundo"
a51Y4toRF9o,1254414,"3 Pactos reales con el diablo, Como vender tu alma al Diablo",Pactos con el Diablo: 3 casos que quedaron documentados,Vender tu alma al Diablo: la verdad detrás de 3 pactos reales,Pacto con el Diablo: la advertencia que un Papa ignoró,"¿Se puede vender el alma? Estos tres pactos con el diablo no son cuentos de fogata: quedaron registrados en crónicas, actas de juicios y archivos de una abadía, y sus protagonistas pagaron el precio hasta el último día de sus vidas.

El primero es Gerberto de Aurillac, mejor conocido como el Papa Silvestre II. Nacido en el año 946, fue un genio adelantado a su época: introdujo el ábaco en Europa y construyó un órgano hidráulico de metal que superaba a todos los instrumentos de su tiempo. Su intelecto era tan grande que despertó sospechas de hechicería. El monje inglés William de Malmesbury escribió que, durante su estancia en Al-Ándalus, Gerberto adquirió un libro de hechizos de un filósofo árabe y con él selló un pacto para obtener el trono papal. El trato tenía una advertencia: si alguna vez escuchaba misa en Jerusalén, el diablo vendría a cobrar. Un día, en una iglesia de Roma, descubrió demasiado tarde que aquella celebración se llamaba la Santa Cruz de Jerusalén.

El segundo caso nos lleva a Escocia, a los juicios de brujas de North Berwick de 1590, donde más de setenta personas fueron implicadas. Entre ellas, el doctor John Fian, quien resistió la tortura de las botas, descrita por el propio rey Jacobo como el dolor más severo y cruel, hasta que le retiraron dos agujas de pino escondidas bajo su lengua. Entonces confesó: su alma pertenecía al diablo desde hacía mucho tiempo.

El tercero es Christoph Haizmann, un pintor empobrecido hallado en 1667 convulsionando en un castillo de Austria. Declaró haber firmado dos contratos con el diablo, uno con tinta y otro con sangre, entregando cuerpo y alma en un plazo de nueve años. Los monjes de la abadía de Mariazell realizaron exorcismos y atestiguaron la noche en que Haizmann regresó con un trozo de papel que, según él, arrebató de las garras del diablo en forma de dragón.

Si te apasionan los documentales de misterio, el ocultismo y los casos reales que la historia prefirió susurrar, suscríbete al canal y acompáñame en la próxima investigación.

#PactosConElDiablo #Ocultismo #Misterio","el doqmentalista, documentales de misterio en español, pactos con el diablo, vender tu alma al diablo, papa silvestre ii, juicios de brujas de north berwick, christoph haizmann, john fian, pacto de sangre, exorcismo, brujería, casos reales documentados, misterios sin resolver, historias de terror reales, ocultismo, leyendas oscuras, demonios, historia oculta"
5XRc1b56PQY,1249760,"Conoce Estos SECRETOS que el diablo no quiere que sepan sus enemigos. CUIDADO,  ES REAL Y VERIDICO",Secretos del Diablo: 5 cosas que Satanás oculta a los creyentes,El Diablo es el dios de este mundo y la mayoría se niega a verlo,Cuidado con invocar ángeles: el Diablo se disfraza de luz,"Los secretos del diablo que Satanás ha ocultado durante siglos quedan al descubierto en este documental. Son cinco verdades que el adversario no quiere que los creyentes conozcan, y cada una está respaldada por los propios textos bíblicos.

El primer secreto es el más inquietante: su existencia. Una encuesta realizada entre cristianos reveló que la mayoría ya no cree que Satanás sea real, sino apenas un símbolo del mal. Sin embargo, la Biblia lo presenta como un ser concreto que incluso compareció entre los ángeles ante Dios, según el libro de Job. El segundo secreto desmonta la imagen del monstruo rojo con cuernos: antes de su caída fue un querubín perfecto que cubría el trono de Dios, como describe Ezequiel 28, y hoy puede presentarse como un ángel de luz según 2 Corintios 11:14. Por eso invocar ángeles es tan peligroso: nadie puede saber si responde un mensajero divino o un demonio disfrazado.

El tercer secreto explica el caos que nos rodea. De acuerdo con 2 Corintios 4:4 y 1 Juan 5:19, Satanás es el dios de este mundo, y por eso pudo ofrecerle los reinos de la tierra a Jesucristo durante la tentación que narra Mateo 4. Pero los últimos dos secretos son los que más le incomodan: es completamente impotente frente a Dios, como demostró Jesús al liberar a la mujer atormentada en Lucas 13 y al expulsar espíritus malignos con una sola orden, y su destino final ya está escrito. El Apocalipsis anuncia que será atado durante mil años y arrojado al lago de fuego, y que después de su derrota Dios enjugará toda lágrima y no habrá más muerte ni llanto ni dolor.

Este documental de misterio bíblico reúne las citas, los pasajes y las profecías para que saques tus propias conclusiones sobre la guerra espiritual que, según las Escrituras, se libra en silencio a nuestro alrededor.

Si te apasionan los misterios bíblicos, el mundo espiritual y los enigmas que pocos se atreven a investigar, suscríbete a El DoQmentalista y activa la campana para no perderte ningún documental.

#Satanas #MisteriosBiblicos #GuerraEspiritual","el doqmentalista, documentales de misterio en español, secretos del diablo, satanás en la biblia, quién es satanás, ángel de luz, el dios de este mundo, la existencia del diablo, apocalipsis 20, lago de fuego, tentación de jesús, guerra espiritual, misterios bíblicos, ángeles y demonios, profecías bíblicas, demonios reales, lucifer, documental bíblico"
u7qJnty1FHY,1213322,Científicos Logran Grabar sonidos del Infierno En un pozo de Siberia,La Grabación del Infierno: El Archivo que Nadie Pudo Rastrear,El Pozo al Infierno: La Historia Completa del Engaño que Aterró al Mundo,La Grabación del Infierno: El Archivo que Nadie Pudo Rastrear,"Los sonidos del infierno grabados en un pozo de Siberia aterraron al mundo durante décadas. Diecisiete segundos de gritos, un micrófono derretido a 1100 grados y científicos huyendo del lugar. Pero cuando seguimos el rastro de esta historia hasta su origen, lo que encontramos es todavía más inquietante que la leyenda misma.

Todo comenzó en 1989, cuando la cadena cristiana Trinity Broadcasting Network publicó que científicos rusos habían perforado 14.5 kilómetros en la corteza terrestre y habían irrumpido en una cavidad de la que salían los gritos de los condenados. Poco después, la versión creció: una columna de gas luminoso con forma de demonio y las palabras ""he vencido"" ardiendo en el cielo. Boletines evangélicos como Alabanza al Señor y Grito de Medianoche repitieron el relato, y así nació una de las leyendas urbanas más persistentes de la historia moderna. El detalle incómodo: en Siberia no existía tal perforación. El único pozo superprofundo real era el de la península de Kola, en el noroeste de Rusia, a 16 kilómetros de Noruega, un proyecto geológico documentado por la revista Science ese mismo año.

En este documental seguimos la investigación que desmontó el mito pieza por pieza: el artículo de Christianity Today de 1990 que rastreó la fuente hasta una pequeña revista luterana finlandesa, un boletín paranormal y un misterioso panfleto de California que nadie pudo comprobar que existiera. Y analizamos el famoso audio del infierno, que apareció recién en 2002 en el programa de radio de Art Bell, enviado por un oyente anónimo que decía haberlo heredado de su tío. El análisis es contundente: la grabación fue creada digitalmente, con gritos procesados y repetidos en bucle. El único archivo de sonido que existe de esta historia es un engaño, y aun así millones siguen creyendo que el infierno fue grabado.

Si te apasionan los misterios documentados, las leyendas urbanas y los expedientes que la mayoría repite sin verificar, suscríbete a El DoQmentalista para más documentales de misterio en español.

#PozoAlInfierno #LeyendasUrbanas #Misterio","el doqmentalista, documentales de misterio en espanol, pozo al infierno, sonidos del infierno, pozo de kola, pozo superprofundo de kola, gritos del infierno grabados, leyenda urbana del pozo al infierno, siberia 1989, audio del infierno, art bell, trinity broadcasting network, leyendas urbanas, misterios sin resolver, casos paranormales reales, el infierno existe, documental paranormal, misterios del mundo"
zj7gNzr0ToQ,1212725,"La Mal Llamada Santa Muerte - NO es Santa, Es Muerte",La Santa Muerte NO Es Santa: Es un Demonio con Otro Nombre,Santa Muerte: La Advertencia del Exorcista Que Millones Ignoran,Santa Muerte: La Inquisición Ya Había Destruido Su Altar,"La Santa Muerte no es una santa. Detrás del nombre piadoso y la figura esquelética se esconde algo que el propio Vaticano condenó en 2003, cuando uno de sus funcionarios comparó esta devoción con una celebración de la devastación y del infierno. Y sin embargo, hoy es el movimiento religioso de más rápido crecimiento en las Américas.

Antes del año 2000, el 99% de los mexicanos ni siquiera la conocía. Hoy se estima que tiene entre 10 y 12 millones de devotos, la mayoría en México, pero con presencia creciente en Centroamérica y Estados Unidos. En este documental rastreamos sus raíces reales: las figuras femeninas de la Parca que trajeron los colonizadores españoles, las deidades de la muerte de mayas y aztecas que se fusionaron con ellas, y los registros de la Inquisición, que ya en la época colonial encontró y destruyó un santuario de la Santa Muerte en el centro de México. Después desapareció más de un siglo, resurgió en los años cuarenta como un culto de milagros de amor, y volvió con fuerza cuando la guerra contra el narcotráfico, con sus más de 60.000 muertos, la convirtió en la protectora de narcos, criminales y marginados.

Pero el verdadero peligro no está en los criminales, sino en los católicos culturales que le rezan sin saber a qué le están abriendo la puerta. El padre Gary Thomas, exorcista entrenado por el Vaticano para la diócesis de San José, afirma haber atendido a devotos que terminaron atados a un demonio o a una tribu demoníaca. Sacerdotes como el padre Gutiérrez y el padre Ryan explican por qué este culto es una perversión de la intercesión de los santos: una imagen glorificada de la muerte vestida con oraciones católicas como el Padrenuestro y el Avemaría. Dios es un Dios de los vivos, no de los muertos, y por eso la Santa Muerte es, en sí misma, una contradicción.

Si te interesan los documentales de misterio, ocultismo y fe contados con seriedad y fuentes reales, suscríbete a El DoQmentalista y activa la campanita para no perderte el próximo caso.

#SantaMuerte #Ocultismo #Documental","el doqmentalista, documentales de misterio en español, santa muerte, la santa muerte no es santa, culto a la santa muerte, santa muerte demonio, vaticano condena santa muerte, origen de la santa muerte, exorcista gary thomas, santa muerte mexico, santos populares, guerra contra el narcotrafico, ocultismo, exorcismo, documental paranormal, misterios de la iglesia catolica, religiosidad popular, advertencia espiritual"
iKFy-iQHoM8,1210007,Misterios: ¿Qué Dicen los Científicos sobre su Diálogo con DIOS?,El Experimento Secreto para Hablar con Dios: Terminó en Horror,Le Quitaron los 5 Sentidos y Empezó a Escuchar a los Muertos,La Ciencia No Explica su Muerte: El Hombre que Buscó a Dios,"El experimento secreto para hablar con Dios comenzó en 1983, cuando un grupo de científicos profundamente religiosos se encerró en una instalación oculta con una teoría aterradora: si un ser humano pierde sus cinco sentidos, su conciencia podría abrirse a la eternidad y establecer contacto directo con Dios.

El voluntario fue un hombre de edad avanzada que afirmaba no tener nada por lo que vivir. En una compleja operación, los científicos seccionaron quirúrgicamente cada conexión nerviosa sensorial con su cerebro. No podía ver, oír, saborear, oler ni sentir. Quedó literalmente solo con sus pensamientos, sin ninguna forma de percibir el mundo exterior. Al cuarto día del experimento de privación sensorial, el sujeto reportó voces calladas e ininteligibles dentro de su cabeza. Los científicos lo atribuyeron a un inicio de psicosis, hasta que dos días después gritó que podía escuchar a su esposa muerta. Luego empezó a nombrar a los parientes fallecidos de los propios investigadores y a repetir información personal que solo los muertos podían conocer. Una parte del equipo abandonó el estudio en ese momento.

Lo que siguió es una de las historias de terror más perturbadoras que existen sobre el contacto con el más allá. Las voces se volvieron cientos, abrumadoras y hostiles. El hombre hablaba del infierno y del fin del mundo, rogaba sedantes para escapar durmiendo, sufría terrores nocturnos donde veía a los muertos, y llegó a gritar durante cinco horas seguidas que no había cielo ni perdón. Tras semanas de agonía, giró la cabeza, hizo contacto visual pese a su ceguera y susurró sus últimas palabras antes de que sus signos vitales se detuvieran sin causa aparente. Este relato, conocido como El Portal de la Mente, plantea la pregunta que la ciencia todavía no quiere responder: ¿qué hay al otro lado del silencio absoluto de la mente humana?

Si te apasionan los misterios, lo paranormal y los experimentos que cruzaron todos los límites, suscríbete al canal y activa la campana para no perderte el próximo documental.

#Misterio #Paranormal #ExperimentoSecreto","el doqmentalista, documentales de misterio en español, experimento para hablar con dios, el portal de la mente, privación sensorial, experimento de 1983, voces de los muertos, contacto con el más allá, experimentos secretos, experimentos humanos, terror psicológico, historias de terror en español, misterios sin resolver, casos paranormales, ciencia y dios, relatos de misterio, creepypasta en español, fenómenos paranormales"
oqPPg4c0tDw,1209780,¿El Anticristo esta entre nosotros? Profecías del apocalipsis,El 666 es un error: el verdadero número de la bestia,El Anticristo: las señales que Jesús advirtió antes del fin,La marca de la bestia: la profecía olvidada del último papa,"El número de la bestia que todos conocemos podría estar equivocado. Los papiros de Oxirrinco, una de las colecciones de manuscritos más importantes del mundo y resguardados en el Ashmolean Museum de Oxford, sugieren que el texto original del Apocalipsis de Juan no decía 666, sino 616. Y ese detalle cambia por completo la búsqueda del Anticristo.

En este documental recorremos el origen de la marca de la bestia según Apocalipsis 13:18, donde se advierte que el 666 no es la marca en sí, sino el número del nombre de la bestia: quien descifre el nombre, descifra la marca. Analizamos por qué la palabra Anticristo solo aparece de forma explícita en las cartas de san Juan, y no en singular sino en plural: ""muchos son los anticristos que han surgido ya"". También seguimos el rastro de la bestia de siete cabezas y diez cuernos hasta el libro de Daniel capítulo 7, con su monstruo que surge del mar, y examinamos la teoría del acrónimo en numeración romana que señalaría a Domiciano César como el enemigo que los primeros cristianos no podían nombrar, una variante que ya conocía san Ireneo.

El recorrido continúa con las advertencias del propio Jesús sobre los falsos profetas en el sermón del monte y el discurso del monte de los Olivos: lobos con piel de oveja que harán grandes señales y engañarán a muchos. Y cruzamos fronteras: en el islam, el impostor conocido como el Dajjal perseguirá a los creyentes y devastará todo dominio excepto La Meca y Medina, hasta ser derrotado por el Mahdi junto al mesías Isa. Sumamos la mirada de Nietzsche en su obra El Anticristo, los dos anticristos que describió Rudolf Steiner, fundador de la antroposofía, y las profecías de san Malaquías, esa lista de papas que se cierra con un enigmático Pedro el Romano y la persecución final de la Iglesia.

¿Las profecías del apocalipsis describen un imperio, un sistema de poder o un hombre concreto? El lenguaje simbólico del libro de las revelaciones ha alimentado siglos de interpretaciones, y algunas apuntan a instituciones que siguen en pie hoy. Los datos están sobre la mesa; la conclusión te corresponde a ti.

Suscríbete a El DoQmentalista para más documentales de misterio en español, donde los enigmas se investigan con fuentes y sin sensacionalismo.

#Anticristo #Apocalipsis #MarcaDeLaBestia","el doqmentalista, documentales de misterio en español, marca de la bestia, numero 666, anticristo, profecias del apocalipsis, papiros de oxirrinco, falsos profetas, profecias de san malaquias, ultimo papa, libro de daniel, numero 616, apocalipsis explicado, misterios de la biblia, fin de los tiempos, profecias biblicas, documental religioso, enigmas sin resolver"
7Xvx5pDLrdo,1181632,"Poderes Mentales asombrosos Poderes Kineticos, pirocinesis, Aerokinesis, telequinesis, essokinesis","Poderes mentales que la ciencia rechaza: telequinesis, pirocinesis y más",Telequinesis y poderes kinéticos: la historia completa de la mente sobre la materia,Poderes kinéticos: la verdad incómoda detrás de la telequinesis y la pirocinesis,"Poderes mentales que la ciencia rechaza: la telequinesis, la pirocinesis y los llamados poderes kinéticos han fascinado a la humanidad durante siglos, aunque ningún instrumento científico haya logrado medirlos. En este documental recorremos el catálogo completo de estas supuestas habilidades de la mente, con una advertencia honesta desde el inicio: no existe evidencia concreta de que sean reales, y aun así, sabemos tan poco del cerebro humano que la puerta sigue abierta.

Comenzamos con la aerokinesis, el dominio del viento que la tradición atribuye a figuras como Moisés, Zeus y Thor, y que exige controlar la mente antes de pretender controlar el aire. Seguimos con la pirocinesis, el poder sobre el fuego, y con la telequinesis o psicokinesis, la más famosa de todas las habilidades psíquicas: la mente sobre la materia, base de casi todos los demás poderes kinéticos. También exploramos la tikokinesis, que doblaría la probabilidad y la suerte a voluntad del usuario, y la essokinesis, la manipulación de la realidad misma, un poder tan inmenso que convertiría a quien lo domine en una especie de dios capaz de romper las leyes de la física.

El recorrido continúa con la vitakinesis o poder de curación, la tecnokinesis sobre los dispositivos electrónicos, la osteogénesis o control de los huesos, la hipnokinesis que manipula el sueño y las pesadillas de cualquier persona, la audiokinesis sobre las ondas sonoras, la hemokinesis o control de la sangre, y el omnilingüismo, la capacidad de entender y hablar cualquier idioma del mundo, incluso el lenguaje no verbal. Doce habilidades que la cultura popular, la mitología y ciertos videos en internet insisten en mantener vivas, analizadas aquí con seriedad documental y sin promesas falsas.

Si te apasionan el misterio, lo paranormal y los enigmas de la mente humana, suscríbete al canal El DoQmentalista para no perderte los próximos documentales.

#PoderesMentales #Telequinesis #Paranormal","el doqmentalista, documentales de misterio en español, poderes mentales, telequinesis, pirocinesis, aerokinesis, poderes kineticos, essokinesis, psicokinesis, poderes psiquicos, mente sobre la materia, habilidades mentales ocultas, manipulacion de la realidad, hipnokinesis, control mental, fenomenos paranormales, misterios de la mente humana, documental paranormal en español, enigmas sin resolver"
2Gjxx5UhDB4,1175929,"EL FIN DEL MUNDO, Horribles Historias Del Apocalipsis El DoQ",El Apocalipsis: lo que sabían sus lectores y nosotros olvidamos,Apocalipsis: la historia completa del libro más aterrador de la Biblia,El Apocalipsis: lo que sabían sus lectores y nosotros olvidamos,"El fin del mundo ya está escrito. El libro del Apocalipsis, el texto más aterrador de la Biblia, describe con detalle escalofriante cómo terminará todo: cielos que llueven fuego, mares convertidos en sangre y una humanidad obligada a esconderse en cuevas.

En este documental recorremos las visiones más perturbadoras del Apocalipsis. Las siete trompetas que anuncian calamidades: granizo mezclado con sangre, una montaña ardiente que cae al mar, la estrella Ajenjo que envenena un tercio de los ríos, y una plaga de langostas con rostro humano, coronas de oro y dientes de león, enviadas a atormentar durante cinco meses a quienes no lleven el sello de Dios. Después llegan las siete copas de la ira, de las que ya no hay retorno: llagas supurantes, oscuridad total, el río Éufrates secándose para abrir paso a los reyes de la tierra y un terremoto como jamás se ha visto desde que la humanidad existe.

También examinamos al dragón rojo de siete cabezas que acecha a la mujer vestida de blanco, a la bestia que emerge del mar y al falso profeta que obligará a todos a recibir la marca de la bestia, el temido 666. Y abrimos el sexto sello, cuando el sol se vuelve negro, la luna se tiñe de sangre y las estrellas caen del cielo.

Pero hay otra capa en esta historia. El Apocalipsis fue escrito cuando los cristianos sufrían la persecución del Imperio Romano, y ni siquiera hay pruebas definitivas de que su autor fuera Juan el apóstol. Muchos estudiosos creen que buena parte de su simbolismo funcionaba como propaganda contra Roma, un lenguaje en clave que los lectores antiguos entendían de una forma muy distinta a la nuestra. La pregunta incómoda es inevitable: ¿profecía del fin de los tiempos o herramienta política que la historia decidió conservar?

Si te apasionan los misterios de la Biblia, las profecías del fin del mundo y los documentales de misterio en español, suscríbete al canal y activa la campana para no perderte ningún episodio.

#Apocalipsis #FinDelMundo #MisteriosDeLaBiblia","el doqmentalista, el doq, documentales de misterio en español, libro del apocalipsis, fin del mundo, siete trompetas del apocalipsis, marca de la bestia, 666, falso profeta, estrella ajenjo, profecías bíblicas, señales del fin del mundo, misterios de la biblia, apocalipsis explicado, dragón de siete cabezas, historias bíblicas aterradoras, documental en español, ocultismo y misterio"
WYfrJqsqvxs,1153214,"Las Criaturas Mas Poderosas Y Horribles de la Biblia. DOCUMENTAL, Video exclusivo",Los Monstruos de la Biblia Son Peores de lo Que Te Contaron,Criaturas de la Biblia: los versículos que casi nadie se atreve a leer,"Monstruos Bíblicos: la historia completa, del Leviatán a los Nefilim","Las criaturas más poderosas y horribles de la Biblia no son cuentos para niños: son bestias de siete cabezas, gigantes de carne y hueso y serpientes marinas que el mismo Dios tuvo que enfrentar. En este documental recorremos, versículo por versículo, los monstruos bíblicos que casi nadie se atreve a leer completos.

El viaje comienza con las cuatro bestias del profeta Daniel: un león con alas de águila, un oso al que se le ordena devorar mucha carne, un leopardo de cuatro cabezas y un destructor con diez cuernos y dientes de hierro, símbolos de imperios que se levantan del mar y caen ante el reino de los cielos. Seguimos con las dos bestias del Apocalipsis: la primera, de siete cabezas y diez coronas, que varias denominaciones identifican con el anticristo, y la segunda, que habla como dragón, hace descender fuego del cielo y sella a la humanidad con la marca de la bestia. También aparece el Leviatán, la serpiente retorcida del caos que según Isaías será castigada por la espada de Dios, y el Behemot de Job, esa mole primitiva de huesos como tubos de bronce que algunos historiadores comparan con un elefante o un hipopótamo.

Pero el archivo no termina ahí. Están las langostas del pozo de Apocalipsis 9, con rostro humano, corona de oro y aguijón de escorpión, que atormentan a los hombres durante cinco meses; los querubines de Ezequiel, que no son bebés regordetes sino seres de cuatro caras envueltos en humo y fuego; los nefilim, gigantes nacidos de los hijos de Dios y las hijas de los hombres; Goliat y los amorreos, altos como cedros según los eruditos; y los rastros de vampiros, hombres lobo y unicornios escondidos entre Proverbios, Daniel y Deuteronomio. La locura de Nabucodonosor, que comió hierba como un buey y dejó crecer sus uñas como garras, cierra este recorrido por los seres sobrenaturales que siguen alimentando pesadillas veinte siglos después.

Si te apasionan los misterios de la Biblia, lo paranormal y los documentales serios en español, suscríbete a El DoQmentalista y activa la campana para no perderte el próximo archivo.

#MonstruosBiblicos #MisteriosDeLaBiblia #Apocalipsis","el doqmentalista, documentales de misterio en espanol, criaturas de la biblia, monstruos biblicos, leviatan, nefilim, behemot, bestias del apocalipsis, marca de la bestia, querubines de ezequiel, gigantes en la biblia, goliat, misterios de la biblia, documental biblico, seres sobrenaturales, apocalipsis explicado, mitologia biblica, secretos de la biblia"
eo98Khhs-N0,1148542,La Guía Definitiva de 5 SEÑALES de que HAY ÁNGELES en tu casa ✅ El DoQmentalista,Ángeles en tu Casa: 5 Señales de que No Estás Solo,Señales de Ángeles: lo que el Salmo 91 Reveló y Casi Nadie Nota,"Señales de Ángeles en tu Hogar: No las Ignores, Guárdalas","¿Hay ángeles en tu casa? Existen señales de ángeles muy concretas que la mayoría de las personas pasa por alto todos los días, y en este documental te explico las cinco más importantes para que aprendas a reconocer la presencia angelical en tu hogar.

La primera señal son los orbes de luz: esferas luminosas que aparecen en fotografías o a simple vista, y que según los estudiosos de la angelología serían campos de energía que los seres de luz utilizan para viajar a nuestro mundo, vibrando a una frecuencia más alta de la que el ojo humano percibe. La segunda son las plumas en lugares inesperados: en tu cama, en tu bolso o en la entrada de tu casa, sin que haya aves cerca. El propio Salmo 91 lo anuncia: ""te cubrirá con sus plumas y bajo sus alas encontrarás refugio"", y más adelante promete que Dios mandará a sus ángeles para guardarte en todos tus caminos. Por eso, si encuentras una pluma sin explicación, la tradición dice que debes guardarla como señal de que aceptaste a tu ángel de la guarda.

La tercera señal son los aromas: mientras la demonología asocia al diablo con el olor a azufre, los ángeles emanan fragancias agradables como flores, café, vainilla o incienso que no pertenecen al ambiente. La cuarta es el comportamiento de los animales y los niños: mascotas que juegan con alguien invisible sin mostrar miedo, o bebés que hablan, ríen y hasta parecen protegidos por una presencia que no vemos. Y la quinta es la paz: ese silencio inexplicable cuando varias personas callan al mismo tiempo, o esa sensación de descanso que sienten tus invitados apenas cruzan la puerta de tu hogar. El documental cierra con la clave para entrar en sintonía con estos seres celestiales: humildad, amor, serenidad y oración.

Si te apasionan el misterio, lo espiritual y lo paranormal explicado con seriedad, suscríbete al canal de El DoQmentalista para no perderte los próximos documentales.

#Angeles #SeñalesDeAngeles #Espiritualidad","el doqmentalista, documentales de misterio en español, señales de ángeles, ángeles en tu casa, ángel de la guarda, orbes de luz, plumas de ángeles, salmo 91, presencia angelical, seres de luz, angelología, señales espirituales, cómo saber si hay ángeles cerca, mensajes de los ángeles, espiritualidad, misterios de la biblia, mundo espiritual, paranormal en español"
cjRHsJ6E1sI,1141656,"La Atlántida, La ciudad perdida, destruida, sumergida en el mar, descubre sus secretos","La Atlántida sí existió, pero no era lo que te contaron","La Atlántida sí existió, pero no era lo que te contaron",La Atlántida y el diluvio que borró la historia de la humanidad,"La Atlántida no es solo un mito: un estudio de cuatro años asegura haber encontrado la isla sumergida que coincide, punto por punto, con la que Platón describió hace más de dos mil años. Y no está donde la mayoría la buscaba.

Todo comienza con los diálogos Timeo y Critias, escritos por Platón alrededor del año 360 antes de Cristo. Allí se cuenta que el legislador griego Solón escuchó la historia de boca de sacerdotes egipcios, quienes afirmaban que los atenienses habían olvidado su verdadera historia porque sus civilizaciones fueron destruidas varias veces por calamidades naturales. Según ese relato, la caída de la Atlántida ocurrió tras una guerra entre los pueblos de dentro y fuera de los Pilares de Heracles, unos once mil quinientos años atrás.

En este documental analizamos la investigación que, tras revisar los errores de los primeros traductores de Platón, sitúa la ciudad perdida en el mar Mediterráneo: la meseta de las Cícladas, un terreno hoy hundido a 400 pies bajo el nivel del mar que hacia el 9600 antes de Cristo formaba una enorme isla, con la isla circular de Santorini a pocos kilómetros, tal como aparece en la descripción original. La topografía, la geología volcánica, la cronología y hasta la evidencia de ADN parecen coincidir con el relato del filósofo griego.

También veremos cómo el desagüe del gigantesco lago glaciar Agassiz, en Norteamérica, elevó los océanos del mundo al final de la última edad de hielo, un cataclismo que pudo borrar nuestra historia temprana y que quizás recordamos como el gran diluvio. Y exploraremos el enigma del haplogrupo X, un rastro genético mediterráneo que aparece alrededor de los Grandes Lagos de Norteamérica y que sugiere cruces trasatlánticos prehistóricos que la historia oficial todavía no explica del todo.

Si te apasionan las civilizaciones antiguas, las ciudades perdidas y los misterios que la historia dejó bajo el agua, suscríbete al canal y activa la campana para no perderte ningún documental.

#Atlantida #CiudadesPerdidas #MisteriosDeLaHistoria","el doqmentalista, el documentalista, documentales de misterio en español, la atlántida, atlántida ciudad perdida, platón atlántida, timeo y critias, santorini atlántida, meseta de las cícladas, pilares de heracles, gran diluvio universal, haplogrupo x, lago agassiz, civilizaciones antiguas, ciudades perdidas bajo el mar, misterios de la historia, enigmas sin resolver, arqueología submarina"
qtiOu48m7BQ,1131163,"Las 12 Verdades De Dios, Las 12 Verdades Del Mundo",Las 12 Verdades del Mundo: fallar una te cuesta el alma,Las 12 Verdades del Mundo: el examen del Diablo al morir,Las 12 Verdades del Mundo: el conjuro secreto contra brujas,"Las 12 Verdades del Mundo son la oración que, según la tradición católica, decide el destino de tu alma: cuando mueras, el Diablo te hará doce preguntas y una sola respuesta equivocada bastaría para perderte en el infierno.

En este documental recorremos el origen de este antiguo rezo, conocido también como las 12 Palabras de Dios o las 12 Verdades de la Fe. Su rastro conduce a un poema judío recitado durante la cena pascual, que llegó a España, recibió modificaciones cristianas y cruzó el océano con los misioneros españoles del siglo XVI. Hoy sobrevive en pequeños pueblos de España y en amplias zonas del norte de México, donde se reza como oración de protección contra brujas, malos espíritus y energías malignas.

La tradición popular le atribuye poderes muy concretos: quien recita las 12 verdades mientras teje nudos en un hilo negro bendito puede atrapar a una bruja, y al recitarlas en orden inverso, deshaciendo los nudos, completa el conjuro. En Zapotitlán se rezan al sepultar a una persona para que el difunto las escuche desde el más allá y sepa responderle al Diablo; hay incluso quienes las escriben en un papel y lo colocan en el bolsillo del muerto para ayudarlo en su paso al otro mundo. También se usan para expulsar demonios, curar el mal de ojo y, según la creencia, librar de la muerte a quien no la merece.

Además de su historia, escucharás las doce verdades completas, una por una: desde la santa casa de Jerusalén hasta los doce apóstoles, pasando por las tablas de Moisés, las cinco llagas de Cristo, las siete palabras de la cruz y las once mil vírgenes. Un recorrido por la memoria religiosa de México y del mundo cristiano, entre la fe, el misterio y la superstición.

Si te apasionan los documentales de misterio, el ocultismo y las tradiciones antiguas, suscríbete a El DoQmentalista y activa la campana para no perderte ningún archivo.

#12VerdadesDelMundo #Oraciones #Misterio","el doqmentalista, documentales de misterio en español, las 12 verdades del mundo, 12 verdades de dios, 12 palabras de dios, oración contra brujas, conjuro contra el mal, oraciones poderosas, tradiciones de mexico, el diablo, brujeria, protección espiritual, misterio y ocultismo, leyendas de mexico, rezos antiguos, mal de ojo, documental paranormal"
MC-h9cdsnyM,1117521,"Mastemah, El Castigador De Dios, ADVERTENCIA: Ten la Biblia a la mano","Satanás no era enemigo de Dios: era su verdugo, según el libro prohibido",El libro prohibido que la Biblia dejó fuera: el verdugo de Dios,Lo sabían y lo callaron: Dios tenía un ángel para castigar,"Satanás no siempre fue el enemigo de Dios. Según el Libro de los Jubileos, un texto apócrifo que quedó fuera de la Biblia, existió un príncipe llamado Mastemah, cuyo nombre en hebreo significa odio, hostilidad y adversidad, y que no se rebeló contra el cielo: trabajaba directamente bajo las órdenes divinas como jefe y comandante de los espíritus.

En este documental recorremos los pasajes donde Mastemah aparece actuando con permiso de Dios. Fue él quien sugirió poner a prueba la lealtad de Abraham pidiéndole ofrecer en sacrificio a su hijo Isaac, según Jubileos 17:16. Fue él quien pidió conservar una décima parte de los espíritus para poder ejercer autoridad sobre los hijos de los hombres, y Dios aceptó su propuesta. Y fue él quien ayudó a los hechiceros egipcios a resistir frente a Moisés, mientras que, según Jubileos 49:2, sus fuerzas fueron las enviadas a matar a todos los primogénitos de Egipto, desde el hijo del faraón hasta el de la esclava cautiva del molino.

La palabra hebrea mastema se conecta además con satán, el adversario, y eso abre una pregunta incómoda: ¿son Mastemah y Satanás el mismo personaje? Los textos antiguos no lo retratan como un rebelde, sino como el brazo ejecutor de Dios, el que se ensucia las manos con los castigos, las plagas y la destrucción de quienes desobedecen. Lo que Mastemah es para Dios, dice el documental, es lo que un ejército es para un dictador. Y quizás esa percepción fue manipulada después, para que el castigador pareciera un enemigo y la imagen de Dios quedara como la de un ser todo amoroso.

Este es uno de esos casos en los que el Antiguo Testamento y los textos apócrifos retratan una realidad incómoda que la religión encuentra difícil de explicar. Como siempre, este documental es para entretener y para despertar dudas: seas creyente o no, tu opinión tiene lugar en los comentarios.

Suscríbete al canal para más documentales de misterio, textos apócrifos y enigmas de la Biblia que casi nadie se atreve a contar.

#Mastemah #LibroDeLosJubileos #MisteriosDeLaBiblia","el doqmentalista, documentales de misterio en español, documentales bíblicos, mastemah, el castigador de dios, libro de los jubileos, textos apócrifos, satanás en la biblia, sacrificio de isaac, plagas de egipto, príncipe de los espíritus, quién es satanás, historia del diablo, ángeles caídos, misterios de la biblia, antiguo testamento, enigmas bíblicos, ocultismo y religión"
gqn2HgadOYk,1115168,"Los Dioses De Egipto, Documental de la Cultura Egipcia y Deidades De Los Egipcios",Dioses de Egipto: lo que el mundo olvidó de su culto a la muerte,Dioses de Egipto: la historia completa del panteón de 1400 deidades,Dioses de Egipto: lo que el mundo olvidó de su culto a la muerte,"Los dioses de Egipto gobernaron cada instante de la vida y de la muerte en el valle del Nilo, y su culto esconde una verdad que pocos conocen: los mismos animales que eran sagrados terminaban sacrificados por cientos de miles. En este documental recorremos el panteón del antiguo Egipto, una religión con más de 1400 deidades que estaban presentes en los templos, en los hogares y en las tumbas.

Conocerás a Amón, el oculto, que al fusionarse con Ra se convirtió en Amón-Ra, rey de los dioses y señor de Tebas. A Anubis, el señor de la tierra sagrada, el dios con cabeza de chacal que protegía las tumbas y castigaba a quienes las profanaban, cuyas estatuas custodiaban incluso la tumba de Tutankamón. A Bastet, la diosa gata patrona de Bubastis, en cuyo honor se estrangularon y momificaron gatos en masa: cientos de miles de momias felinas han sido excavadas de las necrópolis egipcias. Y a Horus, dios de la realeza, cuyo ojo era el símbolo supremo de protección y poder.

La mitología egipcia también revela su lado más oscuro y fascinante. Osiris, dios del renacimiento, era honrado con momias de maíz cuyas semillas de cebada y trigo sobreviven hasta hoy. Set, señor de las tormentas y del caos, asesinó a su propio hermano. Sekhmet, la leona feroz, unía la destrucción con la sanación. Sobek, el cocodrilo del Nilo, era invocado para sobrevivir al río. Tueris, la hipopótamo, protegía a las mujeres en el parto, y Thot, escriba de los dioses, recibió ofrendas inimaginables: se calcula medio millón de ibis momificados solo en Saqqara y unos cuatro millones de enterramientos en las catacumbas de Tuna el-Gebel.

Este es un viaje documentado por la religión del antiguo Egipto, donde la fertilidad, la muerte y el renacimiento se entrelazan en una de las civilizaciones más enigmáticas de la historia.

Si te apasionan los misterios de las civilizaciones antiguas, suscríbete a El DoQmentalista para no perderte los próximos documentales.

#DiosesDeEgipto #AntiguoEgipto #MitologiaEgipcia","el doqmentalista, documentales de misterio en español, dioses de egipto, mitología egipcia, antiguo egipto, anubis, osiris, amon ra, horus, bastet, sekhmet, momias de animales, panteón egipcio, documental de egipto, cultura egipcia, religión egipcia, civilizaciones antiguas, historia antigua, documentales en español"
VGL5Xu_DF0U,1111805,Las Profecias De Nostradamus Para El 2020,Nostradamus Predijo Una Enfermedad Mortal En Europa y Nadie Escuchó,Nostradamus: La Advertencia Que El Mundo Decidió Ignorar,Nostradamus Escribió Sus Profecías En Código: Esto Es Lo Que Ocultan,"Las profecías de Nostradamus llevan casi cinco siglos inquietando al mundo. Entre sus cuartetas hay una que anuncia el brote de una enfermedad mortal en la Toscana, Italia, destinada a extenderse por todo el continente europeo.

Michel de Nostradamus fue médico y astrólogo, y se llamaba a sí mismo el amigo de las estrellas. En 1550 publicó una serie de predicciones que, según los estudiosos, alcanzan hasta el año 3797, la fecha en la que situó el fin del mundo. Escribió cada visión en forma de cuartetas poéticas, y no fue casualidad: en su época, hablar abiertamente de esas cosas era demasiado peligroso, así que disfrazó sus profecías de simples poemas para que pasaran como obras del pensamiento poético de su tiempo. Sus seguidores aseguran que en esas visiones, recibidas a través de la meditación, anticipó la Revolución Francesa, el asesinato de John F. Kennedy, el bombardeo atómico de Hiroshima e incluso el ataque terrorista del 11 de septiembre de 2001 en Estados Unidos.

En este documental analizamos las predicciones de Nostradamus que más inquietan a quienes las han decodificado: cuarenta años de sequía seguidos de inundaciones catastróficas, huracanes devastadores y el continuo deshielo de los casquetes polares; una tragedia ambiental que comenzaría en Borgoña, Francia, y se extendería hacia Alemania, Suiza y los países vecinos; la aparición de tres anticristos; y una tercera guerra mundial en la que las superpotencias se dividirían y China reemplazaría a Estados Unidos como la nueva potencia dominante. También enfrentamos la pregunta incómoda: ¿debemos tomarnos en serio al profeta más famoso de la humanidad? Porque es cierto que muchas de sus cuartetas presentan coincidencias extrañas con hechos reales, pero también lo es que otras jamás se cumplieron, o no fueron tan exactas como se dice. Quizá solo sean poemas que, de alguna forma inexplicable, acertaron demasiadas veces.

Si te apasionan los profetas de la historia, los misterios sin resolver y los enigmas que la razón no termina de cerrar, suscríbete a El DoQmentalista y activa la campana para no perderte ningún documental.

#Nostradamus #Profecias #Misterio","el doqmentalista, documentales de misterio en español, nostradamus, profecías de nostradamus, predicciones de nostradamus, cuartetas de nostradamus, michel de nostradamus, tercera guerra mundial, fin del mundo, anticristo, profecías cumplidas, videntes famosos, profetas de la historia, misterios sin resolver, documental paranormal, enigmas y misterios, ocultismo"
W27cackk3pE,1095968,"5 Personas Que Escaparon Del infierno (Documentales,  Entretenimiento, El DoQmentalista)",El Infierno Existe: 5 Casos Que La Ciencia No Puede Explicar,Volvieron Del Infierno: 5 Testigos Que Ya Estaban Muertos,El Infierno Tiene Puertas: 5 Personas Lograron Escapar,"¿Se puede escapar del infierno? La Biblia dice que es imposible, pero estas cinco personas aseguran que estuvieron ahí y lograron regresar para contarlo.

En este documental analizamos algunos de los testimonios del infierno más impactantes que se han registrado. El pastor John W. Price, de Houston, estudia experiencias cercanas a la muerte desde 1969: de más de 300 personas entrevistadas, alrededor de 21 describieron un lugar de tormento. Uno de esos casos fue el de un traficante de drogas que intentó quitarse la vida en prisión y relató criaturas monstruosas que lo despedazaban en un ciclo interminable, hasta que un grito pidiendo ayuda a Dios lo sacó de aquel lugar.

También conocerás el caso del padre Joseph Maniyangat, sacerdote nacido en Kerala, India, que el 14 de abril de 1985 murió tras un accidente de motocicleta cuando iba a celebrar misa. Según su testimonio, su ángel de la guarda lo llevó a recorrer el infierno, el purgatorio y el cielo, donde vio siete niveles de sufrimiento y hasta sacerdotes y obispos condenados, antes de recibir la misión de volver a la tierra. Y el doctor Rajiv Parti, un anestesiólogo que se burlaba de quienes hablaban de la vida después de la muerte, cambió para siempre cuando, durante una cirugía de cáncer, descendió a un lugar de gritos y oscuridad del que asegura haber sido rescatado por sus familiares fallecidos y el arcángel Rafael.

Desde el descenso de Jesús a las partes bajas de la tierra durante tres días, hasta la mujer francesa que reconoció entre las llamas al joven que la acompañaba en su accidente de auto, cada relato apunta a la misma pregunta: si el infierno tiene puertas, como menciona Mateo 16:18, ¿quién puede abrirlas? Experiencias cercanas a la muerte, misterios de la Biblia y fenómenos paranormales se cruzan en una investigación que te hará replantear todo lo que creías saber sobre la vida después de la muerte.

Suscríbete a El DoQmentalista para más documentales de misterio en español: cada semana un nuevo caso investigado a fondo.

#Infierno #ExperienciasCercanasALaMuerte #Misterio","el doqmentalista, documentales de misterio en español, escaparon del infierno, testimonios del infierno, experiencias cercanas a la muerte, vida después de la muerte, padre joseph maniyangat, rajiv parti, pastor john price, el infierno existe, que hay después de la muerte, misterios de la biblia, el purgatorio, viaje al infierno, casos paranormales reales, documentales en español, historias reales de terror, documental paranormal"
rwmFNLAqOx4,1092534,"Velkorck Lafarc, El Primer Ángel Caído",El Primer Ángel Caído No Fue Lucifer: Se Arrancó Sus Propias Alas,El Ángel Caído que Roba Rostros Podría Ser Alguien de Tu Familia,Textos Apócrifos: el Ángel que Renegó del Cielo y Odia a Satanás,"El primer ángel caído no fue Lucifer. Según un relato que circula en internet atribuido a antiguos textos, hubo un ángel que cayó antes que todos los demás, y no fue expulsado: él mismo se arrancó las alas y se arrojó a la tierra. Su nombre es Velkorck Lafarc, el demonio de las mil formas.

En este documental analizamos la historia de este ser según ese relato y las mitologías universales que evoca. Velkorck Lafarc fue creado con tres dones: la dominación, la retención y el ingenio. En el cielo era un protector y consejero al que los demás ángeles acudían en busca de ayuda. Todo cambió cuando falló en una misión encomendada por Dios: guiar a un grupo de almas a través del desierto. El relato atribuye a un supuesto libro de los amonitas la escena en la que en la duna más alta apareció la serpiente roja, atacó al cambiaformas y lo derrotó. Dios lo perdonó, pero él no aceptó esa misericordia. Escritos asirios en su versión del arameo cuentan que, cegado por la culpa, tomó una espada, cortó sus alas frente a sus hermanos, usurpó la forma de un ángel protector para cruzar las puertas del cielo y se lanzó desde lo alto hasta la tierra.

Desde entonces, este ángel renegado no pertenece a ningún bando: es enemigo de Satanás y de los ángeles caídos, pero tampoco forma parte del ejército de Dios. Vaga por el mundo adoptando el rostro, las memorias y la esencia de personas vivas para camuflarse y evitar ser llevado de vuelta ante su creador. Se dice que es capaz de secuestrar a alguien, mantenerlo cautivo y hacerse pasar por él, aunque siempre conserva rasgos que lo delatan: el aislamiento social, la tristeza, el misterio y una inteligencia fuera de lo común. Si un conocido tuyo desaparece un tiempo y regresa actuando de manera extraña, esta historia de demonología y ocultismo te va a interesar más de lo que crees.

Suscríbete al canal para más documentales de misterio en español y activa la campana para no perderte los próximos casos.

#AngelCaido #Demonologia #Misterio","el doqmentalista, documentales de misterio en español, velkorck lafarc, el primer ángel caído, demonio de las mil formas, cambiaformas, textos apócrifos, libro de los amonitas, ángeles caídos, demonología, ángel renegado, la serpiente roja, lucifer, satanás, misterio y ocultismo, seres malignos, historias bíblicas ocultas, paranormal"
HG-2wSreULw,1090275,"Tipos De Cruces Y Sus Verdaderos Significados, El DoQmentalista",La Cruz Invertida No Es Satánica: Verdaderos Significados De Las Cruces,La Cruz Fue Un Símbolo Pagano Y Lo Olvidamos: Esto Significa Cada Una,Tipos De Cruces: La Historia Completa De Sus Verdaderos Significados,"La cruz invertida no es un símbolo satánico, y ese es apenas el primero de los verdaderos significados de las cruces que la mayoría desconoce. Antes de ser adoptada por la iglesia cristiana, la cruz latina sirvió como símbolo pagano durante miles de años, y cada variante que hoy vemos en templos, lápidas y joyas guarda una historia propia que casi nadie se detiene a leer.

En este documental recorremos los tipos de cruces y su origen real. La cruz de San Pedro, esa cruz al revés que muchos señalan como satanismo encubierto, es en realidad un símbolo católico: los escritos del año 325 después de Cristo cuentan que Pedro pidió ser crucificado cabeza abajo por no sentirse digno de morir como Jesucristo. La cruz de Caravaca, nacida en Caravaca de la Cruz, en Murcia, España, llegó a México envuelta en la leyenda de un sacerdote prisionero de los moros que fue salvado por dos ángeles que trajeron una cruz para su misa. Y la cruz de la peste marcaba con tinta roja o negra las puertas de los enfermos de peste bubónica en Europa, mientras cruces de piedra señalaban las zonas seguras para comerciar.

También descubrirás la cruz de Constantino o crismón, que según la leyenda apareció en un sueño del emperador antes de la batalla; el anj copto, heredado del antiguo Egipto y del dios sol Ra; la cruz celta de Irlanda y Escocia con su círculo de eternidad; la cruz de Malta y las ocho obligaciones de sus caballeros; la cruz papal de tres barras; la cruz ortodoxa rusa con su reposapiés inclinado; e incluso la cruz de la cienciología, creada en 1955 por Ronald Hubbard, la única religión no cristiana que usa este símbolo. Simbología religiosa, historia del cristianismo y significados ocultos que cambiarán tu forma de mirar cada cruz que te encuentres.

Si te apasionan los documentales de misterio en español, los símbolos religiosos y las historias que la mayoría ignora, suscríbete a El DoQmentalista y activa la campana para no perderte ningún archivo.

#Cruces #Simbolos #Cristianismo","el doqmentalista, documentales de misterio en español, tipos de cruces, significado de las cruces, cruz invertida, cruz de san pedro, cruz de caravaca, cruz celta, cruz de malta, cruz de la peste, cruz de constantino, simbolos religiosos, simbologia oculta, historia del cristianismo, simbolos paganos, misterios de la iglesia, curiosidades religiosas, documental en español"
B7wQJ_P7gtQ,1082710,Documental: Viajero del Futuro: Año 2336 - Documentales Interesantes,Viajero del tiempo del año 2336: la policía lo vio desaparecer,Viajero del futuro desapareció de un hospital y las cámaras no vieron nada,Viajero del tiempo reveló lo que le espera a la humanidad y se esfumó,"Un viajero del tiempo apareció tendido en un parque de Lander, Wyoming, y horas después se esfumó dentro de un hospital sin que una sola cámara registrara su salida. Este es el caso de Lamael, el hombre que aseguró venir del año 2336.

Todo comenzó el 7 de mayo de 2022, cuando un grupo de adolescentes que cruzaba un campo encontró a un hombre inconsciente en medio del pasto. No era un vagabundo: vestía una túnica blanca que le cubría del torso a las pantorrillas, un calzado de goma que envolvía dedos y tobillos, y un anillo de un metal que nadie pudo identificar. Su entrenador de béisbol logró despertarlo con alcohol, pero el desconocido hablaba un idioma que ninguno reconoció. Ya en el Lander Medical Clinic, frente a una oficial de policía y el médico de turno, ocurrió lo más extraño: el hombre cerró los ojos, entró en una especie de meditación durante treinta segundos y, al abrirlos, hablaba un inglés británico perfecto.

Lo que contó después dejó a todos sin palabras. Dijo llamarse Lamael y haber llegado por accidente a través de un portal experimental. Describió un futuro sin guerras porque ya no existen países, enfermedades erradicadas por la nanotecnología, hospitales que teletransportan pacientes, vehículos que no tocan el suelo y una humanidad capaz de comunicarse a la velocidad del pensamiento. Aseguró incluso que la materia oscura será la prueba de la existencia del mundo espiritual. Antes de encerrarse en un baño sin seguro, se despidió con una frase inquietante: agradeció que no le hicieran lo que a Jesús. Cuando abrieron la puerta, ya no había nadie. El personal de seguridad revisó el edificio completo y las cámaras jamás mostraron su salida.

¿Fue un auténtico viajero del futuro, un charlatán extraordinario o algo que todavía no sabemos nombrar? En este documental de misterio analizamos el caso paso a paso: los testigos, las predicciones del futuro que dejó y la desaparición que nadie ha podido explicar. Un enigma que se suma a los casos paranormales más comentados de los últimos años.

Suscríbete a El DoQmentalista para más documentales de misterio en español y casos que desafían toda explicación.

#ViajeroDelTiempo #Misterio #Paranormal","el doqmentalista, documentales de misterio en español, documentales interesantes, viajero del tiempo, viajero del futuro, año 2336, lamael, caso lamael, viajeros del tiempo reales, hombre del futuro, predicciones del futuro, lander wyoming, misterios sin resolver, casos paranormales, fenómenos inexplicables, historias de misterio, documental de misterio, enigmas sin respuesta"
6C5ICPgC7l4,1080852,"Mitos y Mentiras sobre los Ángeles, ¿qué dice la Biblia?","Ángeles con alas, halos y bebés: el engaño que todos creímos","Ángeles con alas, halos y bebés: el engaño que todos creímos",Ángeles en la Biblia: la historia completa que nadie te contó,"Los ángeles que imaginas no existen en la Biblia. Las alas, los halos y los bebés con arco y flecha son inventos del arte, no verdades bíblicas, y en este documental te muestro de dónde salió cada mito.

Empezamos con los querubines: Ezequiel los describe como seres temibles de cuatro caras, cuatro alas y pies como pezuñas de ternero que brillan como bronce bruñido. Nada que ver con los bebés regordetes que decoran las iglesias. Esa imagen viene de Cupido, el dios romano del amor, transformado en infante por los artistas del Renacimiento. Lo mismo pasa con las alas, que los pintores añadieron en el siglo IV para distinguir a los mensajeros celestiales, y con los halos, una corona de luz que primero usaron los emperadores y dioses romanos en el arte pagano antes de pasar a Cristo y luego a los ángeles durante la Edad Media.

También revisamos lo que la Biblia sí dice: en Génesis, tres hombres de apariencia normal visitan a Abraham y Sara antes de la destrucción de Sodoma y Gomorra, y Hebreos advierte que algunos hospedaron ángeles sin saberlo. En Apocalipsis, un ángel le prohíbe a Juan adorarlo, un principio que el gnosticismo ignoró al tratarlos como intermediarios divinos. Analizamos el mito de los ángeles guardianes a partir de Mateo 18:10, la idea de que los muertos se convierten en ángeles, el debate sobre su género, el ángel que acabó con 185 mil hombres en Segunda de Reyes, la figura judía del ángel de la muerte y el verdadero rango de los arcángeles Miguel y Gabriel según Daniel. Al final entenderás por qué los ángeles bíblicos son espíritus al servicio de Dios, seres muy distintos a las figuras dulces que heredamos del arte.

Si te apasionan los misterios bíblicos y los enigmas que la historia dejó enterrados, suscríbete al canal y activa la campana para no perderte los próximos documentales.

Yo soy El DoQmentalista, y esto es Mitos y Mentiras sobre los Ángeles.

#Angeles #MisteriosBiblicos #Biblia","el doqmentalista, documentales de misterio en español, angeles en la biblia, mitos sobre los angeles, querubines en la biblia, angeles guardianes, arcangel miguel, arcangel gabriel, angel de la muerte, que dice la biblia sobre los angeles, seres celestiales, angelologia, misterios biblicos, secretos de la biblia, documental biblico, ezequiel querubines, historia del cristianismo, misterio y ocultismo"
-u7YO4GcP-A,1063486,"Las 2 Caras De La Biblia 😱, Dios Es Malo o Bueno, El Antiguo testamento vs El Nuevo😮 etimología",La Biblia Tiene Dos Caras: El Dios Que Mató a 25 Millones,La Biblia Católica Está Incompleta: Los Libros Que Le Faltan,El Dios Del Antiguo Testamento No Es El Que Te Enseñaron,"La Biblia tiene dos caras, y cuando las pones frente a frente el resultado incomoda: el mismo libro describe a un Dios de amor y a un Dios que, según sus propios textos, aniquiló a millones de personas.

En este documental recorremos las dos partes del libro más vendido de la historia. Primero, el Antiguo Testamento: la colección que los judíos llaman Tanaj y que cada iglesia arma a su manera. La Iglesia católica sigue la Vulgata, la traducción latina de San Jerónimo, mientras que la Iglesia ortodoxa oriental usa la Septuaginta griega, que contiene más libros. Dicho de otro modo: la Biblia católica está incompleta frente al canon ortodoxo, y las biblias protestantes son una mezcla de ambos criterios. Ni siquiera el Nuevo Testamento, con sus 27 textos escritos en griego koiné, escapa al problema: las iglesias siríacas excluyen cartas como Segunda de Pedro y el Apocalipsis, y las iglesias etíopes ni siquiera tienen un canon común.

Después llega la parte que causa temor y sobresalto. El Nuevo Testamento muestra a un Dios bondadoso: Romanos 12:9, Primera de Juan 4:8, el mandamiento del amor. Pero el Antiguo Testamento registra al otro rostro: el diluvio de los días de Noé, la destrucción de Sodoma y Gomorra, el millón de etíopes muertos en Segunda de Crónicas 14 y los 500.000 soldados israelitas caídos en Segunda de Crónicas 13. Según el polémico recuento del libro Drunk with Blood, las muertes atribuidas a Dios en el Antiguo Testamento llegarían a 25 millones, de las cuales unos 2,8 millones aparecen citadas literalmente en los textos sagrados. Cifras que, leídas al pie de la letra, superan a los peores tiranos de la historia.

¿A cuál de las dos caras hay que hacerle caso? ¿Al Dios castigador o al Dios de amor? ¿O acaso mucho se perdió en las traducciones de las lenguas antiguas, escritas por hombres que no tenían palabras para describir lo que presenciaban? Aquí te presento los textos, los números y mi verdad. La conclusión, como siempre, es tuya.

Si te apasionan los misterios de la Biblia y los documentales serios en español, suscríbete al canal y activa la campana: el archivo apenas comienza.

#Biblia #AntiguoTestamento #Misterio","el doqmentalista, documentales de misterio en español, las dos caras de la biblia, antiguo testamento vs nuevo testamento, dios del antiguo testamento, cuantas personas mato dios en la biblia, libros excluidos de la biblia, vulgata de san jeronimo, septuaginta, tanaj, sodoma y gomorra, diluvio universal, misterios de la biblia, secretos de la biblia, historia de la biblia, textos sagrados antiguos, documental biblia, religion y misterio"
oKpGW0o5Ilk,1058075,Que pasó con María y José después de que Jesús Murió? / El DoQmentalista,María y José desaparecen de la Biblia y nadie explica por qué,El final de María y José: lo que revelan los textos apócrifos,La muerte de José y el destino de María: la historia completa,"María y José desaparecen de la Biblia sin explicación: José no vuelve a mencionarse después de que Jesús cumple 12 años, y María se desvanece del relato poco después de que el libro de los Hechos comienza a describir la iglesia primitiva. ¿Qué les pasó realmente a los padres terrenales de Jesús?

En este documental seguimos el rastro que dejaron las escrituras, las tradiciones y los textos apócrifos. El evangelio de Marcos, el primero en escribirse, ni siquiera menciona a José; Mateo y Lucas solo lo nombran en los relatos del nacimiento. Las epístolas de Pablo hablan de Santiago como el hermano del Señor, pero callan sobre María y José. Y en Juan 19:26-27 encontramos la pista más reveladora: Jesús, desde la cruz, entrega el cuidado de su madre al apóstol Juan, señal de que María ya era una viuda sin quien la protegiera.

La tradición sostiene que José murió antes de que Jesús comenzara a predicar. Algunos escritos antiguos van más lejos: relatan que murió cuando Jesús tenía 14 años, en un accidente de construcción mientras trabajaba para el hijo del rey Herodes, y que falleció en brazos de su hijo. Por eso José es venerado como el santo patrono de la buena muerte. Los textos apócrifos agregan otros datos: tras la muerte de Herodes, la familia regresó a Nazaret, donde habrían nacido al menos seis hijos más, entre ellos Santiago, Simón, José y Judas. Sobre María, la evidencia apunta a que terminó sus días en Éfeso, en la actual Turquía, bajo el cuidado de Juan, y que su casa todavía existe en ese lugar. La tradición afirma que murió anciana y fue llevada en cuerpo y alma al cielo, aunque su muerte nunca quedó registrada. También exploramos la versión de los expertos que ven en estos relatos alegorías escritas décadas después, inspiradas en historias del Antiguo Testamento.

Si te apasionan los misterios de la Biblia y la historia oculta del cristianismo, suscríbete a El DoQmentalista para no perderte los próximos documentales.

#MariaYJose #MisteriosDeLaBiblia #HistoriaDelCristianismo","el doqmentalista, documentales de misterio en espanol, que paso con maria y jose, muerte de san jose, virgen maria historia, casa de maria en efeso, textos apocrifos, hermanos de jesus, jesus en la cruz juan 19, san jose patrono de la buena muerte, misterios de la biblia, secretos del nuevo testamento, historia del cristianismo, personajes biblicos, biblia explicada, enigmas religiosos, documental biblico en espanol"
F9TxhyXykJ8,1056280,El Cadejo: La Bestia Maldita Que Acecha en la Oscuridad - Historias de Terror Reales,"El Cadejo: Si Ves un Perro Negro de Ojos Rojos en la Noche, Huye",El Cadejo: La Verdad del Perro Que Decide Quién Vuelve a Casa,El Cadejo: La Historia Completa de la Bestia Que Ronda tus Noches,"El Cadejo es la criatura más temida de las noches latinoamericanas: un perro enorme que puede salvarte la vida o arrebatártela, según el color de su pelaje. El cadejo negro, de ojos rojos como brasas, acecha a quienes caminan solos de madrugada; el cadejo blanco, de ojos azules, aparece para defenderlos. Y cuando ambos se encuentran, se desata una pelea a muerte de la que depende el destino de un ser humano.

En este documental recorremos las versiones de esta leyenda latinoamericana país por país. En Honduras, el perro negro se aparece a la medianoche y solo un perro blanco puede detenerlo. En El Salvador se cuenta que Dios creó a esta figura para proteger al pueblo, y que el demonio, furioso, formó una copia oscura e idéntica. En Costa Rica, el cadejos habría sido un sacerdote castigado por deformar la fe, condenado a vagar cargado de cadenas, con patas de cabra y dientes de jaguar, hasta arrojarse al cráter del volcán Poás. En Guatemala protege a los que se embriagan y deambulan de noche, e incluso se ha enfrentado a la Llorona y a la Siguanaba. En Nicaragua, los indios de Monimbó aseguran que sus ojos brillan como candelas y que camina sin descanso hasta el amanecer.

Pero el origen de esta historia de terror es aún más profundo. La leyenda del Cadejo nace de la fusión entre la mitología mesoamericana y las creencias europeas: los nahuales que protegían a cada persona desde su nacimiento, los xoloitzcuintles que guiaban a las almas por el Mictlán, los perros fantasmas del folclore español y la lucha cristiana entre ángeles guardianes y demonios. Por eso el cadejo blanco y el negro pelean sin fin, como Quetzalcóatl y Tezcatlipoca, como la luz contra la oscuridad.

Si te apasionan los misterios, las leyendas y lo paranormal contado con seriedad y documentación, suscríbete al canal para no perderte los próximos documentales.

#ElCadejo #LeyendasLatinoamericanas #Paranormal","el doqmentalista, documentales de misterio en español, el cadejo, cadejo negro, cadejo blanco, leyenda del cadejo, leyendas de latinoamerica, leyendas de guatemala, leyendas de el salvador, perro negro leyenda, nahual, mitologia mesoamericana, folclore latinoamericano, historias de terror reales, leyendas de terror, criaturas sobrenaturales, misterios y leyendas"
kS3qzjmT7HQ,1028457,"Qué oculta el vaticano, donde y porque lo esconde ✅ El DoQmentalista",Archivos Secretos del Vaticano: lo que nadie puede ver,Secretos del Vaticano: la verdad que la Iglesia jamás confesará,El Vaticano lo sabía: del cronovisor a los cráneos de 1998,"Los secretos del Vaticano descansan en una bóveda oculta a la que ninguna persona común ha podido entrar jamás. Solo los más allegados al Papa conocen lo que guardan sus paredes, y en este documental recorremos las teorías y los objetos confirmados que la Santa Sede prefiere no comentar.

Exploramos los rumores más inquietantes del archivo secreto del Vaticano: los supuestos papeles de Jesús, registros de su vida desde la tumba hasta la resurrección; el cronovisor, un dispositivo que permitiría observar y hasta fotografiar el pasado; y los mensajes que, según los teóricos de la conspiración, los illuminati esconden sobre eventos futuros. También analizamos el hallazgo de extraños cráneos durante una excavación en 1998 y la versión de que Juan Pablo II habría participado en un encubrimiento sobre vida extraterrestre.

Pero no todo son teorías. El martillo de plata existe: el camarlengo lo usa en el ritual que confirma la muerte de un Papa, golpeando tres veces su frente mientras lo llama por su nombre. La Imagen de Edesa, el paño que según los relatos curó al rey Abgar, se cuenta entre las reliquias que mostrarían el rostro real de Jesús. Bajo la basílica de San Pedro se extiende una necrópolis redescubierta en la década de 1940, donde algunos creen que descansan los restos del propio San Pedro. Y los documentos del juicio a Galileo, condenado en 1633 por afirmar que la Tierra gira alrededor del Sol, siguen en poder de la Iglesia, que no limpió su nombre hasta 1992. Cerramos con los tres secretos de Fátima, las visiones que la Virgen María habría concedido a tres niños y que, según muchos, nunca se revelaron por completo.

Si te apasionan los documentales de misterio, los enigmas de la Iglesia católica y la historia oculta, suscríbete a El DoQmentalista y activa la campana para no perderte ningún episodio.

#Vaticano #Misterio #Documental","el doqmentalista, documentales de misterio en español, secretos del vaticano, archivo secreto del vaticano, que oculta el vaticano, cronovisor, papeles de jesus, secretos de fatima, martillo de plata del papa, necropolis del vaticano, juicio de galileo, imagen de edesa, misterios de la iglesia catolica, teorias de conspiracion, historia oculta, enigmas sin resolver, ocultismo, misterios del mundo"
L2S_io7DBOM,1027869,Historia: La enigmática influencia del Arcángel Gabriel en la fe,Arcángel Gabriel: el día en que Dios castigó a su mensajero,Arcángel Gabriel: el día en que Dios castigó a su mensajero,Arcángel Gabriel: el testigo que juró verlo y lo dejó escrito,"El Arcángel Gabriel es el único mensajero reconocido por el judaísmo, el cristianismo y el islam, y su historia guarda episodios que casi nadie se atreve a contar completos. Este documental reúne lo que las tres grandes tradiciones dijeron de él durante siglos.

Su nombre hebreo se ha interpretado como fortaleza de Dios u hombre de Dios, y en el islam se le conoce como Gibril, el espíritu fiel. Fue el ángel que anunció el nacimiento de Jesucristo y de Juan el Bautista, el que explicó al profeta Daniel el significado de sus visiones y el que, según la fe musulmana, reveló el Corán a Mahoma. La Iglesia Católica lo admite como uno de los tres arcángeles oficiales por su presencia en los evangelios de Lucas y Mateo y en el libro de Daniel, y lo proclamó patrono de los comunicadores.

La tradición judía le atribuye un poder inquietante: se sienta a la izquierda de Dios, gobierna el Edén, custodia el tesoro celestial y, según el Talmud, destruyó las huestes de Senaquerib con una hoz lista desde la creación. Se dice que enseñó a José setenta lenguas en una sola noche y que llevó la destrucción a Sodoma y Gomorra. Pero no todo son méritos: el Talmud también revela que Gabriel fue castigado veintiún días por no obedecer una orden tal como le fue dada, y que un ángel guardián de Persia ocupó su lugar. La cábala lo presenta como el ángel del amanecer, el que difunde una chispa de fuego divino cuando cantan los gallos y el poder de los demonios se derrumba.

Hay además testimonios que desafían toda explicación. En 1862, en Nueva Zelanda, el profeta maorí Te Ua Haumene aseguró que Gabriel lo liberó de sus ataduras. El pintor y poeta William Blake anotó en su diario que una voz le dijo haber posado para Miguel Ángel, y que al pedirle una prueba aparecieron dos grandes alas de luz. Mahoma lo describió como un ser de seiscientas alas que llenaban el firmamento, mientras el sufí Ruzbihan Baqli lo vio con rostro de doncella, bello como una rosa roja.

Si te apasionan los misterios de la fe y la angelología, suscríbete al canal de El DoQmentalista para más documentales de misterio en español.

#ArcangelGabriel #MisteriosDeLaBiblia #Angelologia","el doqmentalista, documentales de misterio en español, arcángel gabriel, ángel gabriel, quién es el arcángel gabriel, gabriel en la biblia, gabriel en el islam, la anunciación, mensajero de dios, william blake ángel, libro de enoc, arcángeles de la biblia, angelología, misterios de la biblia, ángeles y arcángeles, seres celestiales, documental de ángeles, historia de las religiones"
JDVQOZ9gL_8,993986,"El Paso Dyatlov, 9 jóvenes fueron victimas de una fuerza desconocida, solo uno vivió 2017",Paso Dyatlov: el expediente que la URSS mantuvo en secreto por décadas,Paso Dyatlov: 9 muertes que la ciencia todavía no puede explicar,Paso Dyatlov: el único sobreviviente murió sin saber qué mató a sus amigos,"El Paso Dyatlov es uno de los misterios sin resolver más inquietantes del siglo XX: nueve excursionistas muertos en los montes Urales y una investigación oficial que concluyó, literalmente, que fallecieron a causa de una poderosa fuerza desconocida.

El 25 de enero de 1959, un grupo de diez jóvenes soviéticos, casi todos estudiantes menores de 25 años y liderados por Igor Dyatlov, partió en tren rumbo a los Urales para una travesía de esquí de categoría 3, la más difícil. Uno de ellos, Yuri Yudin, tuvo que retirarse por enfermedad. Esa decisión le salvó la vida. Los nueve restantes acamparon el 1 de febrero en la ladera de Kholat Syakhl, conocida como la montaña de la muerte, y jamás regresaron.

Cuando los equipos de rescate encontraron el campamento el 26 de febrero, la escena desafiaba toda lógica: la tienda estaba cortada desde el interior, los cuerpos aparecieron descalzos y semidesnudos a temperaturas de entre 15 y 30 grados bajo cero, y los últimos cuatro cadáveres, hallados en mayo, presentaban lesiones internas mortales sin señales de pelea. A una de las jóvenes le faltaba la lengua y tenía varias costillas fracturadas, y su ropa registraba altos índices de radioactividad. El expediente se archivó en absoluto secreto hasta la década de los 90, y cuando por fin se hizo público, faltaban páginas. Desde entonces las teorías se multiplicaron: una avalancha, la hipotermia y el desnudo paradójico, el ataque del pueblo mansi, infrasonidos, esferas anaranjadas en el cielo e incluso el yeti. El propio Yudin sospechó siempre de los militares soviéticos tras encontrar ropa de apariencia castrense que no pertenecía al grupo, y murió en 2013 sin respuestas, diciendo que si pudiera hacerle una sola pregunta a Dios sería qué les pasó realmente a sus amigos esa noche.

En este documental repasamos la expedición completa, el hallazgo de los cuerpos, la investigación judicial soviética y cada una de las teorías del incidente Dyatlov, separando los hechos documentados de la leyenda urbana.

Si te apasionan los casos sin resolver y los misterios documentados con seriedad, suscríbete a El DoQmentalista y activa la campana para no perderte los próximos episodios.

#PasoDyatlov #MisteriosSinResolver #Documentales","el doqmentalista, documentales de misterio en espanol, paso dyatlov, incidente dyatlov, igor dyatlov, yuri yudin, montes urales, kholat syakhl, montaña de la muerte, fuerza desconocida, expediente secreto sovietico, misterios sin resolver, casos sin resolver reales, muertes inexplicables, misterios de rusia, teorias de conspiracion, documental de misterio, enigmas de la historia"
HZhaL5vnwnc,981103,Nefilim encontrados: Gilgamesh El Poderoso gigante en la biblia,Nefilim: el rollo del Mar Muerto que nombra a un gigante real,Gigantes en la Biblia: los sumerios los describieron primero,Gilgamesh no era humano: hijo de un demonio según Sumeria,"Los Nefilim no son solo una leyenda del Génesis: un rollo hallado junto al Mar Muerto nombra a uno de estos gigantes con nombre y apellido, y ese nombre es Gilgamesh.

El capítulo seis del Génesis cuenta que los hijos de Dios tomaron mujeres humanas y engendraron a los Nefilim, los gigantes y hombres poderosos de la antigüedad. La palabra hebrea deriva de nafal, que significa caer, y la Septuaginta, la traducción griega de la Biblia hebrea, identificó a esos padres como ángeles. Los Nefilim vuelven a aparecer en el libro de Números, cuando los exploradores israelitas ven en Canaán a los descendientes de Anac y se sienten como saltamontes frente a ellos. Pero el dato que cambia todo está en el Libro de los Gigantes, uno de los pergaminos descubiertos en Qumrán, cerca del Mar Muerto: allí la tradición hebrea posterior señala a Gilgamesh, el rey de Uruk, como uno de los gigantes Nefilim.

Y los textos sumerios, mucho más antiguos que la Biblia, cuentan la misma historia desde el otro lado. Gilgamesh era hijo de Lugalbanda y la diosa Ninsun, pero otra tradición afirma que su verdadero padre fue Lilu, un espíritu demoníaco que actuaba a través del sumo sacerdote de Kulaba en un ritual con la suma sacerdotisa, probablemente la hija del rey Enmerkar. Siglos después, Claudio Eliano recogió la versión del niño arrojado desde una ciudadela y salvado por un águila, engendrado por un hombre oscuro. La epopeya de Gilgamesh lo describe como un gigante de siete codos, unos tres metros y medio, un héroe poderoso y famoso en la antigüedad: exactamente el retrato que el Génesis hace de los Nefilim. Todo indica que la tradición bíblica de los gigantes nació en Sumeria, y que Gilgamesh es su arquetipo.

Si te apasionan los misterios de la Biblia y las civilizaciones antiguas, suscríbete a El DoQmentalista para no perderte los próximos documentales.

#Nefilim #Gilgamesh #MisteriosDeLaBiblia","el doqmentalista, documentales de misterio en espanol, nefilim, gilgamesh, gigantes en la biblia, hijos de dios genesis 6, libro de los gigantes qumran, rollos del mar muerto, epopeya de gilgamesh, anunnaki, sumeria, angeles caidos, gigantes de la antiguedad, misterios biblicos, textos sumerios, rey de uruk, canaan anac, civilizaciones antiguas, misterio y ocultismo"
bHyhpZnQT1k,976368,Ángel Caído Encontrado en Iglesia de Londres: La Oscura Verdad Detrás de los Seres Celestiales,Ángel oculto por siglos: lo hallaron tras un muro en Belén,Una cámara térmica reveló al ángel escondido donde nació Jesús,El secreto tras el yeso: el séptimo ángel del templo más antiguo,"Un ángel oculto permaneció escondido durante siglos tras una pared de yeso en la Iglesia de la Natividad, en Belén, el templo erigido sobre el lugar donde se cree que nació Jesús.

Durante los trabajos de restauración iniciados en 2013, la especialista italiana Silvia Starinieri detectó una irregularidad en el muro gracias a una cámara termográfica. Al retirar la capa de yeso apareció un mosaico de 2.5 metros de altura: el séptimo ángel del templo, con alas doradas y azules y túnica blanca. Los restauradores lo describieron como un pequeño milagro.

Estas obras, firmadas por el artista Basilius, fueron encargadas por Amalarico I de Jerusalén y el emperador bizantino Manuel I Comneno, y decoran uno de los templos más antiguos del cristianismo, con 1700 años de historia.

Suscríbete al canal para más documentales de misterio y hallazgos que desafían la historia oficial.

#IglesiaDeLaNatividad #AngelOculto #Belen","el doqmentalista, documentales de misterio en español, ángel oculto, iglesia de la natividad, belén, mosaico bizantino, séptimo ángel, cámara termográfica, restauración de iglesias, hallazgos arqueológicos, ángeles en la biblia, misterios del cristianismo, arqueología bíblica, lugares sagrados, descubrimientos misteriosos, historia oculta"
I12jZI-_3nc,971695,"Ángeles Antiguos, que son, cómo son y de dónde vienen Parte 1",Ángeles reales de la Biblia: no son como te los imaginas,Querubines: los antiguos sabían que no eran bebés con alas,Ángeles antiguos: la historia completa según los textos hebreos,"¿Cómo son realmente los ángeles según la Biblia? Olvida las pinturas renacentistas: los textos hebreos más antiguos describen seres celestiales que poco tienen que ver con la imagen dulce que heredamos, y en este documental vamos directo a las fuentes para descubrirlos.

Partimos de un dato revelador: una encuesta de 2011 mostró que casi 8 de cada 10 estadounidenses creen en los ángeles, incluyendo a más de 4 de cada 10 personas que jamás pisan un servicio religioso. Pero ¿en qué creen exactamente? La palabra ángel viene del griego angelos, mensajero, y en hebreo significa lo mismo, al punto de que en libros como Malaquías el término puede referirse a un simple mensajero humano. Recorremos las apariciones del ángel del Señor en el Génesis ante Agar y Abraham, en el Éxodo ante Moisés en la llama ardiente, y en Números frente al profeta Balaam, pasajes donde la figura del mensajero y la voz de Yahvé se entrelazan de forma desconcertante.

Después entramos al terreno que casi nadie explora: la apariencia real de estas criaturas. Los serafines, mencionados una sola vez por el profeta Isaías en el siglo VIII antes de Cristo, tienen seis alas y voces que hacen temblar los umbrales del templo. Los querubines custodian el Edén con una espada encendida en Génesis, coronan el arca de la alianza en oro martillado según el Éxodo, y alcanzan su retrato más perturbador en la visión de Ezequiel: cuatro criaturas con cuatro rostros cada una, de hombre, de león, de buey y de águila, con patas de becerro que brillan como bronce fundido, envueltas en fuego y relámpagos. Seres más cercanos a una esfinge que a un niño alado. También examinamos cuándo fueron creados: el libro de Job sugiere que los hijos de Dios ya gritaban de gozo mientras Yahvé ponía los cimientos de la tierra, es decir, que existían antes que el universo mismo.

Este es el primer capítulo de una investigación seria sobre la naturaleza de los ángeles, sin dogmas y con los textos bíblicos y apócrifos sobre la mesa.

Si te apasionan los misterios documentados con fuentes reales, suscríbete al canal y activa la campana para no perderte la segunda parte.

#AngelesAntiguos #MisteriosDeLaBiblia #Querubines","el doqmentalista, el documentalista, documentales de misterio en español, ángeles antiguos, ángeles de la biblia, qué son los ángeles, querubines, serafines, ezequiel 1, arca de la alianza, ángel del señor, seres celestiales, textos hebreos antiguos, textos apócrifos, misterios de la biblia, documental bíblico, ángeles reales, ocultismo, paranormal"
qSJR3s4Zp6k,957923,"TIPOS DE BRUJAS - Blanca, Negra, Espiritista, Videntes, Curanderas, Wiccas, Roja",TIPOS DE BRUJAS: la más peligrosa hizo un pacto con el diablo,Tipos de brujas: cómo reconocer a la que sana y a la que daña,"Tipos de brujas: el archivo completo, de la curandera a la bruja roja","Tipos de brujas hay muchos más de los que imaginas, y no todas son iguales: algunas dedican su vida a sanar, mientras otras sellaron un pacto con el diablo y su magia se alimenta de sangre.

En este documental recorremos la clasificación completa de la brujería. Comenzamos con la bruja espiritista, una figura relativamente moderna surgida a mediados del siglo XIX, capaz de prestar su cuerpo como vehículo para que las almas de los muertos hablen con los vivos. Seguimos con las videntes, que cultivan la videncia sin hacer hechizos, y con las alcahuetas o comadres, casamenteras y plañideras cuyo retrato más famoso es la Celestina de Fernando de Rojas: una vieja que vendía hierbas y pócimas de amor a la puerta de su casa. También conocerás a las curanderas, sanadoras tradicionales que nacen con un don heredado de generación en generación y que curan hablando con los espíritus para devolver a la persona su equilibrio con el universo.

Después entramos en terreno más oscuro. Explicamos la verdadera diferencia entre magia blanca y magia negra, porque la magia no tiene color: es la intención en el corazón de la bruja la que decide si sana o destruye. Verás cómo detectar a una bruja negra que solo quiere tu dinero y se aprovecha de tus problemas, qué es realmente la wicca, una religión de apenas sesenta años que no adora al demonio porque ni siquiera cree en él y se rige por la rede wicca y la ley del tres, y cómo funcionan las tríadas de brujas unidas por sangre: la virgen, la madre y la vieja. Al final llegamos a la más temida de todas, la bruja roja: la que pactó con el diablo, usa sangre en sus rituales, lanza maldiciones, no envejece y cambia de residencia cuando alguien empieza a sospechar de ella.

Si te apasionan el misterio y el ocultismo documentado, suscríbete al canal de El DoQmentalista para no perderte los próximos archivos.

#Brujas #Ocultismo #Misterio","el doqmentalista, documentales de misterio en espanol, tipos de brujas, bruja blanca, bruja negra, bruja roja, brujas espiritistas, curanderas, videntes, wicca, aquelarre, magia negra, magia blanca, pacto con el diablo, brujeria, ocultismo, paranormal, misterios sin resolver, leyendas y misterios"
pMMKJ6KCATk,950603,Misterios: El Ojo Que Todo lo Ve y los Secretos del Vaticano,El Ojo Que Todo lo Ve: Egipto lo Conocía Antes que los Masones,El Ojo Que Todo lo Ve: Egipto lo Conocía Antes que los Masones,Ojo de la Providencia: La Historia Completa del Símbolo Que Nos Vigila,"El ojo que todo lo ve nos observa desde el billete de un dólar, desde los vitrales de las iglesias y desde documentos que cambiaron la historia. ¿Es el ojo de Dios que guía a la humanidad, o el ojo de Lucifer, como aseguran algunos?

En este documental seguimos el rastro del ojo de la providencia: un ojo humano encerrado en un triángulo que representa la Santísima Trinidad, rodeado de nubes y ráfagas de luz que simbolizan la gloria divina y la iluminación espiritual. Lo encontramos en el Gran Sello de los Estados Unidos, adoptado en 1782, flotando sobre una pirámide inacabada junto a los lemas Annuit Coeptis y Novus Ordo Seclorum, el anuncio de una nueva era americana. También aparece en la Declaración de los Derechos del Hombre y del Ciudadano de 1789, en vísperas de la Revolución Francesa, como señal de aprobación divina.

Pero aquí viene lo que pocos saben. Los teóricos de la conspiración insisten en que este símbolo prueba la influencia masónica en la fundación del gobierno americano. Los documentos cuentan otra historia: los masones comenzaron a usar públicamente el ojo en 1797, más de una década después de que apareciera en el Gran Sello, y el único masón involucrado en el proyecto, Benjamin Franklin, vio su diseño rechazado.

El rastro nos lleva mucho más atrás, hasta el antiguo Egipto. Allí encontramos el ojo de Horus, perdido en batalla contra Set y restaurado por la diosa Hathor, convertido en amuleto de curación, vida y resurrección que se sigue usando hoy. Y a su gemelo oscuro, el ojo de Ra: la diosa enviada a la tierra para castigar a la humanidad, una matanza que solo se detuvo con siete mil jarras de cerveza teñida de rojo que la diosa bebió creyendo que era sangre.

Un mismo símbolo, miles de años de historia, y una pregunta que sigue abierta: ¿quién nos está mirando realmente?

Si te apasionan los misterios documentados, el ocultismo y los símbolos que nos rodean sin que lo notemos, suscríbete a El DoQmentalista y activa la campana para no perderte los próximos documentales.

#OjoQueTodoLoVe #Misterio #Simbolos","el doqmentalista, documentales de misterio en español, ojo que todo lo ve, ojo de la providencia, ojo de horus, ojo de ra, gran sello de estados unidos, billete de un dolar, masones, mitologia egipcia, simbolos ocultos, sociedades secretas, ocultismo, misterios sin resolver, enigmas historicos, simbologia, documental en español"
ZsPy_Jo9UFg,927112,Los Mineros Que Encontraron Al Diablo - Historias De Terror,El Diablo Apareció En Una Mina De Oro Y Hubo Testigos,Nunca Aceptes Oro Del Diablo: La Advertencia De Los Mineros,El Oro Maldito Del Diablo: La Historia Completa De Los Mineros,"El diablo apareció en una mina de oro y los hombres que lo vieron juraron hasta el final que era real. Esta es la historia de terror que salió de las profundidades de Nueva Zelanda durante su fiebre del oro, cuando miles de hombres desesperados bajaron al subsuelo sin saber lo que les esperaba.

En el siglo XIX, la fiebre del oro neozelandesa atrajo a hombres pobres que no tenían acceso a equipos ni técnicas de minería adecuadas. Se calcula que unos seis mil mineros murieron en aquella época por gases tóxicos, derrumbes y aguas venenosas. Pero un grupo de ellos se enfrentó a algo mucho peor. Tras horas de buscar sin resultados, una roca se desprendió de la pared y reveló una recámara repleta de oro: pepitas de todos los tamaños, rocas imposibles de cargar y hasta un piso dorado. Al fondo, sobre un trono de oro, los esperaba una criatura de piel roja cubierta de pelo, con un taparrabos, una pipa y un enorme martillo en la mano. Los registros dicen que les advirtió que todo el oro de esa montaña le pertenecía y que los condenaría a las llamas si volvían.

Casi todos huyeron, pero dos de los líderes regresaron a tratar con el diablo. Prometieron abandonar la zona a cambio de recuperar sus cosas, y la entidad les entregó un saco de oro con una condición: no volver jamás. Al salir, la mina se derrumbó sobre sí misma. Cuando intentaron vender su tesoro en la civilización, descubrieron la verdad más cruel de este encuentro paranormal: el oro del diablo no era más que piedras negras con algo de hierro, un metal sin valor. Esta leyenda de mineros quedó como advertencia de que ciertas riquezas tienen dueño, y de que en las historias de terror reales el precio siempre lo pone la oscuridad.

Suscríbete a El DoQmentalista para más documentales de misterio, leyendas oscuras y relatos de terror en español que la historia prefirió enterrar.

#HistoriasDeTerror #ElDiablo #Misterio","el doqmentalista, documentales de misterio en espanol, el documentalista, mineros que encontraron al diablo, el diablo en la mina, fiebre del oro nueva zelanda, leyendas de mineros, oro maldito, encuentros con el diablo, trono de oro, historias de terror reales, relatos de terror en espanol, leyendas oscuras, misterio y paranormal, casos paranormales, historias de miedo, leyendas del siglo XIX"
DU0YWfvohU4,925959,"LOS 4 JINETES DEL APOCALIPSIS, El DoQmentalista",Los 4 Jinetes del Apocalipsis: la advertencia que ya se cumple,4 Jinetes del Apocalipsis: el caballo blanco no es lo que crees,Los 7 sellos del Apocalipsis: la historia completa de los 4 jinetes,"Los 4 Jinetes del Apocalipsis no son una simple leyenda: son la advertencia más inquietante de toda la Biblia y, según el propio texto, ya se está cumpliendo.

En este documental analizamos el libro del Apocalipsis, también llamado libro de las Revelaciones, el último volumen del Nuevo Testamento, atribuido al apóstol Juan y escrito supuestamente entre el año 90 y el 100 después de Cristo. En su visión del salón del trono celestial aparece un pergamino cerrado con siete sellos que solo el Cordero de Dios puede abrir, y con los primeros cuatro sellos llegan los protagonistas más temidos de las profecías bíblicas: la peste, la guerra, el hambre y la muerte.

Recorremos uno por uno los símbolos de cada jinete. El caballo blanco, con su arco y su corona, es el más polémico de todos: algunos eruditos lo identifican con la peste, otros con un conquistador justo, e incluso hay quienes ven en él al propio Jesucristo, porque en la Biblia el blanco siempre es símbolo de pureza. El caballo rojo trae la guerra y una gran espada, con el poder de quitar la paz de la tierra. El caballo negro carga una balanza que anuncia el hambre: dos libras de trigo por un centavo, mientras el aceite y el vino quedan a salvo para los ricos. Y el caballo verdoso, del griego que también puede traducirse como pálido, lleva por nombre Muerte, con el infierno siguiéndole y autoridad sobre una cuarta parte de la tierra.

Al final queda la pregunta que sigue incomodando después de casi dos mil años: si las guerras, las plagas y las hambrunas nunca han dejado de suceder, ¿el fin del mundo es una profecía por venir o una advertencia que la humanidad se niega a escuchar? Quizás, como sugiere el propio libro, estos eventos solo dejarán de ocurrir cuando el hombre sea capaz de derrotar a sus propios jinetes.

Si te apasionan los misterios de la Biblia y los documentales de misterio en español, suscríbete al canal y activa la campana para no perderte los próximos episodios de El DoQmentalista.

#Apocalipsis #JinetesDelApocalipsis #ProfeciasBiblicas","el doqmentalista, doqmentalista, documentales de misterio en español, los 4 jinetes del apocalipsis, jinetes del apocalipsis, libro del apocalipsis, libro de las revelaciones, apocalipsis de san juan, siete sellos del apocalipsis, caballo blanco del apocalipsis, profecias biblicas, fin del mundo, señales del fin de los tiempos, misterios de la biblia, nuevo testamento, profecias del fin del mundo"
cJQDc7sa664,922836,¿Que Se Siente Al Morir? - DOCUMENTAL - El DoQmentalista,Experiencias Cercanas A La Muerte Que La Ciencia No Logra Explicar,Experiencias Cercanas A La Muerte Que La Ciencia No Logra Explicar,"Estuvo Muerto, Vio Lo Imposible Y Dejó Pálido A Su Propio Cirujano","¿Qué se siente al morir? No es una pregunta retórica: hay personas que cruzaron esa frontera, fueron declaradas clínicamente muertas y regresaron para contar, con detalle escalofriante, cada sensación del camino. Este documental reúne sus testimonios reales.

Grover Allen cayó al agua helada mientras patinaba y quedó atrapado bajo el hielo. Tragó agua, sintió sus pulmones llenarse y, según sus propias palabras, murió. Su conclusión desafía todo lo que creemos: morir en sí mismo es indoloro, tan indoloro como quedarse dormido; lo terrible es la lucha anterior. En el extremo opuesto está Kassem Eid, sobreviviente del ataque con gas sarín en Siria: perdió la capacidad de respirar en segundos, sintió el pecho en llamas, vio morir a cientos de personas y despertó entre los cadáveres, de donde lo rescataron cuando logró dar una señal de vida.

Pero las experiencias cercanas a la muerte no terminan en el cuerpo. Anita Moorjani, desahuciada por un cáncer terminal, cayó en coma y asegura haber pasado al otro lado: una dimensión de amor y paz absoluta donde su conciencia se expandió. Al despertar, el setenta por ciento de su cáncer desapareció en cuatro días. Matthew Botsford, en cambio, recibió un disparo en la cabeza y pasó veintisiete días en coma convencido de estar atrapado en el infierno, rodeado de una presencia demoníaca y un frío que penetraba hasta los huesos. Y el caso más inquietante: Jean Morzelle, un soldado herido de bala en 1949, salió de su cuerpo durante la operación, recorrió el hospital atravesando paredes y describió una placa de metal oculta bajo la mesa de operaciones. Meses después, el cirujano fue a verificarlo y regresó blanco como un papel: la placa existía. Según varios estudios, un cuatro por ciento de la población vive una experiencia así, con el túnel, los seres de luz y el reencuentro con familiares fallecidos.

Si te apasionan los misterios de la vida después de la muerte y los documentales en español que investigan lo inexplicable, suscríbete a El DoQmentalista y activa la campanita para no perderte el próximo caso.

#ExperienciasCercanasALaMuerte #VidaDespuesDeLaMuerte #Documental","el doqmentalista, documentales de misterio en espanol, que se siente al morir, experiencias cercanas a la muerte, vida despues de la muerte, testimonios de personas que murieron, anita moorjani, experiencias fuera del cuerpo, muerte clinica, visiones del cielo y el infierno, el tunel de luz, que pasa cuando morimos, casos reales de misterio, documental paranormal, misterios sin resolver, lo inexplicable, el mas alla, muerte y resurreccion"
ekSmmax-2_A,918069,Los Descendientes De Satanás,Los Descendientes de Satanás: Lo Que la Biblia No Te Enseñó,Satanás Tuvo Hijos: La Verdad Que Esconde el Jardín del Edén,Los Hijos del Diablo Caminan Entre Nosotros y Jesús Lo Advirtió,"Los descendientes de Satanás existen, y la propia Biblia deja rastros de ellos que casi nadie se atreve a leer con cuidado. En este documental seguimos esa línea de sangre desde el Jardín del Edén hasta el juicio de Jesús, usando únicamente los textos bíblicos.

Todo comienza con una doctrina que el catecismo jamás menciona: la idea de que Caín no fue hijo de Adán, sino fruto de la seducción de Eva por la serpiente. Caín fue el primer asesino y el primer mentiroso, y en Juan 8:44 el propio Jesús le dice a ciertos hombres que su padre es el diablo, homicida desde el principio y padre de la mentira. De ahí nace la pregunta que atraviesa todo el video: cuando Jesús habla de los hijos del diablo, ¿está describiendo una descendencia literal o algo mucho más inquietante?

El recorrido pasa por la sinagoga de Satanás que aparece en Apocalipsis 2:9 y 3:9, por las iglesias de Esmirna y Filadelfia, las únicas dos en las que Jesús no encontró falla, y por la parábola del trigo y la cizaña de Mateo 13, donde el enemigo siembra a sus propios hijos en medio del mundo sin que nadie note la diferencia hasta la cosecha. También examinamos Génesis 6: los hijos de Dios que tomaron a las hijas de los hombres, los nefilim que habitaron la tierra, los poderosos de la antigüedad y el diluvio que borró a esa descendencia mientras Noé sobrevivía en el arca. Si los hijos literales de Satanás murieron ahogados, ¿por qué siglos después Jesús seguía señalando a los hijos del maligno entre la multitud que gritaba crucifícalo?

La respuesta que dejan los textos es más perturbadora que cualquier leyenda: el linaje del diablo no se hereda por la sangre, se hereda por las obras. Los que mienten, asesinan y practican el mal sin arrepentirse comparten el mismo padre y el mismo destino final que Satanás.

Yo soy El DoQmentalista. Si te apasionan los misterios de la Biblia y lo que los textos antiguos callan, suscríbete al canal para no perderte los próximos documentales.

#Satanás #MisteriosDeLaBiblia #Documental","el doqmentalista, documentales de misterio en español, descendientes de satanás, linaje de satanás, hijos del diablo, caín hijo de la serpiente, sinagoga de satanás, nefilim, ángeles caídos, semilla de la serpiente, génesis 6, misterios de la biblia, secretos de la biblia, apocalipsis explicado, textos prohibidos, documental biblico, ocultismo, el diluvio y los gigantes"
gOE-JV2TwkY,916442,"Crean Ángeles En un laboratorio Secreto, El Proyecto Hombre Ángel, (Creepypasta)",Laboratorio Secreto en Rusia: La Carta que Reveló el Proyecto Hombre Ángel,"Si Escuchas Risas Que Nadie Más Oye, Corre: El Síndrome del Ángel Feliz",Crearon Niños Que Solo Sentían Felicidad y el Experimento Acabó en Horror,"Un laboratorio secreto escondido en un bosque de Rusia guardaba una carta que nadie debió leer: la confesión de un científico que intentó crear ángeles y terminó abriendo una puerta que jamás pudo cerrar.

En este relato, conocido como el Proyecto Hombre Ángel, un grupo de jóvenes psiquiatras se obsesiona con una pregunta imposible: ¿se puede encerrar la mente humana en un solo estado de euforia permanente? Manipulando células madre y alterando la genética de los fetos, buscaban un ser que solo sintiera felicidad. La mitad de los sujetos murió sin causa aparente; de los sobrevivientes, solo tres niños nacieron aparentemente perfectos. Hasta los 18 meses todo parecía normal. Después llegaron los síntomas: pérdida de equilibrio, retraso severo y una risa constante que los propios investigadores bautizaron como el síndrome del ángel feliz.

Lo que sigue es una de las creepypastas más perturbadoras narradas en español. Los niños nunca hablaron, solo reían, incluso bajo el dolor de los experimentos, como si compartieran una broma que los científicos no podían entender. Cuando el equipo decidió eliminarlos con comida envenenada, las risas se detuvieron, las luces se apagaron y el laboratorio se convirtió en escena de una masacre imposible de explicar: colegas con los cuellos quebrados, cuerpos retorcidos y una sonrisa congelada en un rostro sin pulso. El único testigo dejó por escrito tres advertencias, y la última es la más inquietante: incluso los ángeles pueden ser demonios disfrazados. Años después, las autoridades hallarían el laboratorio incendiado, dos esqueletos sin identificar y la puerta de la sala de contención violada desde adentro.

Un relato de terror sobre experimentos genéticos prohibidos, ciencia sin límites y aquello que nos observa cuando creemos estar solos. Porque hay preguntas que no deberían responderse en un laboratorio, y esta historia explica por qué.

Si te apasionan los misterios, los relatos perturbadores y los documentales de lo inexplicable, suscríbete al canal y activa la campana: aquí abrimos los archivos que otros prefieren mantener cerrados.

#Creepypasta #Misterio #Terror","el doqmentalista, documentales de misterio en español, el documentalista, proyecto hombre ángel, síndrome del ángel feliz, creepypasta en español, laboratorio secreto en rusia, experimentos genéticos prohibidos, niños que solo reían, carta de advertencia, relatos de terror narrados, historias de terror en español, creepypastas perturbadoras, experimentos con humanos, misterios sin resolver, casos perturbadores, terror y misterio, paranormal en español"
SvU4bEebXYg,915289,"El Hada De Los Dientes no es como la imaginabas, ADVERTENCIA Podrías destruir tu infancia",El Hada de los Dientes era un demonio que mataba niños,El Hada de los Dientes: nuestros abuelos le temían y olvidamos por qué,El Hada de los Dientes aparece en un texto antiguo y no es un cuento,"El hada de los dientes no nació como un cuento tierno: nació como un demonio al que los padres le temían cada vez que a un niño se le caía un diente. Antes de las monedas bajo la almohada, esta historia hablaba de muerte, y quedó registrada por escrito hace siglos.

Su nombre original es Abyzou, un demonio de origen sirio con rasgos femeninos, rostro verde y cabellos despeinados como serpientes, con el resto del cuerpo cubierto de absoluta oscuridad. Según la tradición, era estéril y actuaba movida por la envidia: se le atribuían los abortos espontáneos y la muerte de cuna de los recién nacidos, a los que buscaba para estrangularlos mientras vagaba por el mundo sin dormir jamás. También se le relacionaba con la sordera y el dolor corporal. La leyenda cuenta que se aprovechaba de la herida que deja un diente de leche al caer para succionar la fuerza de los niños y ganar poder, y por eso, en el pasado, la caída de un diente no era motivo de fiesta sino de miedo en las familias.

La fuente principal de todo esto es el Testamento de Salomón, el texto donde el rey de Israel narra cómo Dios le dio poder para dominar demonios. Ahí aparece la historia de un niño trabajador que enflaquecía sin razón: un demonio lo visitaba de noche y le robaba la mitad de su salario, de su comida y de sus fuerzas. Salomón le entregó un anillo con poder divino, el niño lo lanzó al pecho de la criatura y así fue capturada Abyzou, que terminó atada con su propio cabello y colgada en el templo para ser exhibida. Pero el texto nunca afirma que haya muerto. Con los siglos, aquella figura aterradora se fue suavizando hasta convertirse en el hada de los dientes que hoy conocemos, una versión bonita que esconde un origen donde los niños eran las víctimas.

Si te apasionan los misterios, las leyendas con origen oscuro y los textos antiguos que la historia dejó en la sombra, suscríbete al canal y activa las notificaciones para no perderte los próximos documentales.

#HadaDeLosDientes #Abyzou #Leyendas","el doqmentalista, documentales de misterio en espanol, hada de los dientes, origen del hada de los dientes, abyzou, testamento de salomon, rey salomon, demonios de la biblia, anillo de salomon, leyendas de terror, demonologia, textos antiguos, misterios sin resolver, ocultismo, historias de miedo reales, leyendas urbanas, cuentos infantiles con origen oscuro, misterio y terror"
OEh5r4SgshA,910873,El Arcángel Rafael - La Cura de Dios Sanación milagrosa,Arcángel Rafael: el libro que borraron de la Biblia lo revela,Arcángel Rafael: el libro que borraron de la Biblia lo revela,Arcángel Rafael: los antiguos sabían cómo pedirle sanación,"El Arcángel Rafael es conocido como la Medicina de Dios, el médico del cielo encargado de la sanación física, emocional, mental y espiritual. Pero su historia guarda mucho más que milagros de curación: un demonio vencido, un anillo mágico y un libro que buena parte del cristianismo dejó fuera de su Biblia.

En este documental recorremos la figura completa del Arcángel Rafael a través del Libro de Tobías, donde se hace pasar por humano para acompañar al hijo de Tobías en su viaje, le entrega la receta que devuelve la vista a su padre y lo ayuda a casarse con Sara, la mujer cuyos siete pretendientes anteriores habían muerto a manos del demonio Asmodeo. Rafael no solo hace huir a ese demonio: según el relato, lo ata en Egipto. Por este libro, excluido del canon protestante, la Iglesia católica y la ortodoxa lo reconocen oficialmente como arcángel sanador, protector de los viajeros, del noviazgo y del matrimonio.

Exploramos también su rastro en el Libro de Enoc, donde figura entre los cuatro arcángeles sentados junto a Dios; en la tradición judía, que le atribuye haber aliviado el dolor de Abraham y curado el muslo herido de Jacob; y en la cábala, donde se asocia al sexto sefirot del árbol de la vida y aparece en la leyenda del anillo de Salomón, el sello con el que el rey habría sometido demonios para construir el templo. Veremos por qué muchos comentaristas creen que era Rafael quien agitaba las aguas de la piscina en el Evangelio de Juan, por qué en el islam se le conoce como Israfel, el ángel que anunciará el juicio final, y qué significan sus símbolos: las ropas de peregrino, el pez, el bastón, el color verde y la vara de las dos serpientes que aún hoy identifica a los médicos.

Un recorrido serio y documentado por los ángeles y arcángeles de la Biblia, sus funciones, virtudes y dones, y por lo que distintas tradiciones enseñan sobre cómo invocar la sanación divina.

Si te apasionan los misterios de la Biblia, el mundo espiritual y lo oculto, suscríbete a El DoQmentalista para no perderte los próximos documentales.

#ArcangelRafael #Arcangeles #SanacionEspiritual","el doqmentalista, documentales de misterio en espanol, arcangel rafael, arcangel rafael sanacion, libro de tobias, medicina de dios, demonio asmodeo, libro de enoc, anillo de salomon, angeles y arcangeles, arcangeles de la biblia, oracion de sanacion, sanacion espiritual, angeles de la biblia, misterios de la biblia, cabala arbol de la vida, san rafael arcangel, documental biblico"
