PRIORIDAD,VISTAS,ID,TITULO ACTUAL,TITULO REPETIDO,FECHA,DURACION,TIPO,SAGA,TEMAS,VER EN YOUTUBE,PAGINA EN LA WEB,NUEVO TITULO,NUEVA DESCRIPCION
1,10892395,wQzkvT8fxmU,Paranormal: Gárgolas vivientes encontradas en una cueva desconocida,,29 de mayo de 2017,11:43,documental,Documentales Completos,Paranormal / Ocultismo y esoterismo / Misterios de la Biblia,https://www.youtube.com/watch?v=wQzkvT8fxmU,https://eldoqmentalista.github.io/v/paranormal-gargolas-vivientes-encontradas-en-una-cueva-desconocida/,,
2,5864509,A5YeT2n5dKs,"Las Cosas Más Aterradoras Del Libro Del Apocalipsis, Secretos De La Biblia",,8 de septiembre de 2019,22:17,documental,,Misterios de la Biblia / Paranormal / Ocultismo y esoterismo,https://www.youtube.com/watch?v=A5YeT2n5dKs,https://eldoqmentalista.github.io/v/las-cosas-mas-aterradoras-del-libro-del-apocalipsis-secretos-de-la-bib/,,
3,5678869,fGW8YTv6MCk,"Los Ángeles Caídos, Todavía Están Vivos y están en la Antártida",,17 de diciembre de 2017,15:54,documental,Misterios y Enigmas,Ángeles y demonios / Paranormal / Ocultismo y esoterismo,https://www.youtube.com/watch?v=fGW8YTv6MCk,https://eldoqmentalista.github.io/v/los-angeles-caidos-todavia-estan-vivos-y-estan-en-la-antartida/,,
4,4298116,oL3KOYZsm-c,Historia: 5 Impactos del Evangelio de Jesús en la Religión Moderna,,22 de marzo de 2020,21:24,documental,,Paranormal / Misterios de la Biblia / Ángeles y demonios,https://www.youtube.com/watch?v=oL3KOYZsm-c,https://eldoqmentalista.github.io/v/historia-5-impactos-del-evangelio-de-jesus-en-la-religion-moderna/,,
5,4226433,ySa6epoj-l8,El Demonio Enamorado - El DoQmentalista,,27 de marzo de 2022,31:31,documental,,Paranormal / Ángeles y demonios / Ocultismo y esoterismo,https://www.youtube.com/watch?v=ySa6epoj-l8,https://eldoqmentalista.github.io/v/el-demonio-enamorado-el-doqmentalista/,,
6,4113132,zEqqlxa5K4o,Los 72 Demonios Capturados Por El Rey Salomón - El Ars Goetia,,19 de febrero de 2018,17:52,documental,,Paranormal / Ángeles y demonios / Ocultismo y esoterismo,https://www.youtube.com/watch?v=zEqqlxa5K4o,https://eldoqmentalista.github.io/v/los-72-demonios-capturados-por-el-rey-salomon-el-ars-goetia/,,
7,4015160,CyCPZXyB-Yc,10 ángeles caídos Más Importantes y sus nombres,,27 de febrero de 2019,11:32,documental,,Ángeles y demonios / Paranormal / Ocultismo y esoterismo,https://www.youtube.com/watch?v=CyCPZXyB-Yc,https://eldoqmentalista.github.io/v/10-angeles-caidos-mas-importantes-y-sus-nombres/,,
8,3960726,_RJJOQnCuvs,"Misterios: Adrammelech, el demonio que desafía la autoridad de Satanás",,7 de febrero de 2018,11:06,documental,,Ángeles y demonios / Paranormal / Ocultismo y esoterismo,https://www.youtube.com/watch?v=_RJJOQnCuvs,https://eldoqmentalista.github.io/v/misterios-adrammelech-el-demonio-que-desafia-la-autoridad-de-satanas/,,
9,3745014,ZA3psx38Xfc,"Mitos y Mentiras sobre el infierno, ¿Qué dice la Biblia?",,18 de marzo de 2020,19:55,documental,,Paranormal / Misterios de la Biblia / Ocultismo y esoterismo,https://www.youtube.com/watch?v=ZA3psx38Xfc,https://eldoqmentalista.github.io/v/mitos-y-mentiras-sobre-el-infierno-que-dice-la-biblia/,,
10,3663652,h9BWLLEKVM0,Las CASAS Más EMBRUJADAS Del Mundo: Relatos REALES Que Te Helarán La Sangre 🎥👻,,4 de agosto de 2016,9:06,documental,,Paranormal / Ocultismo y esoterismo / Misterios de la Biblia,https://www.youtube.com/watch?v=h9BWLLEKVM0,https://eldoqmentalista.github.io/v/las-casas-mas-embrujadas-del-mundo-relatos-reales-que-te-helaran-la-sa/,,
11,3388602,6bQ7s4j16O4,¿Tienes esta X en la mano? Descubre su SIGNIFICADO ✋🔮 | Quiromancia y Lectura de Manos,,12 de julio de 2017,3:52,documental,,Paranormal / Ocultismo y esoterismo / Misterios de la Biblia,https://www.youtube.com/watch?v=6bQ7s4j16O4,https://eldoqmentalista.github.io/v/tienes-esta-x-en-la-mano-descubre-su-significado-quiromancia-y-lectura/,,
12,3378228,3F8-bs389Ws,"ATERRADORES Arcangeles de la Biblia, seres LETALES, servidores, mensajeros y El libro de Enoc",,3 de abril de 2020,17:42,documental,,Paranormal / Misterios de la Biblia / Ángeles y demonios,https://www.youtube.com/watch?v=3F8-bs389Ws,https://eldoqmentalista.github.io/v/aterradores-arcangeles-de-la-biblia-seres-letales-servidores-mensajero/,,
13,3306327,HmZixkFiqB0,Hombre Encuentra Una Sirena En La Playa Y Habla Con Ella - El DoQmentalista,,13 de mayo de 2018,10:13,documental,,Paranormal / Ocultismo y esoterismo / Misterios de la Biblia,https://www.youtube.com/watch?v=HmZixkFiqB0,https://eldoqmentalista.github.io/v/hombre-encuentra-una-sirena-en-la-playa-y-habla-con-ella-el-doqmentali/,,
14,3248183,3hLMK1FAlxI,"""El Verdadero PADRE NUESTRO En Arameo: ¡La Oración Secreta De JESÚS Revelada!"" 🙏📜",,22 de mayo de 2018,3:21,documental,Misterios y Enigmas,Paranormal / Ocultismo y esoterismo / Misterios de la Biblia,https://www.youtube.com/watch?v=3hLMK1FAlxI,https://eldoqmentalista.github.io/v/el-verdadero-padre-nuestro-en-arameo-la-oracion-secreta-de-jesus-revel/,,
15,2951912,BG39AH29Xkk,"El Ascenso de Enoch, El Humano Que Se Volvió Ángel",,13 de julio de 2020,15:39,documental,,Paranormal / Ángeles y demonios / Ocultismo y esoterismo,https://www.youtube.com/watch?v=BG39AH29Xkk,https://eldoqmentalista.github.io/v/el-ascenso-de-enoch-el-humano-que-se-volvio-angel/,,
16,2818207,tDEgeNDUUBw,LEVIATÁN: El Monstruo Marino Más Temido De La Biblia Que Aún Aterroriza Al Mundo,,15 de agosto de 2016,11:49,documental,,Misterios de la Biblia / Ocultismo y esoterismo / Paranormal,https://www.youtube.com/watch?v=tDEgeNDUUBw,https://eldoqmentalista.github.io/v/leviatan-el-monstruo-marino-mas-temido-de-la-biblia-que-aun-aterroriza/,,
17,2769805,ylsGI73OeV4,"¿A dónde fue Jesús después de morir?, El DoQmentalista, Secretos de la Biblia, Dios, Evangelio",,18 de junio de 2018,12:19,documental,,Misterios de la Biblia / Paranormal / Ángeles y demonios,https://www.youtube.com/watch?v=ylsGI73OeV4,https://eldoqmentalista.github.io/v/a-donde-fue-jesus-despues-de-morir-el-doqmentalista-secretos-de-la-bib/,,
18,2600155,oU1CcNixvUI,"La Torre De Babel No es Un Mito, Existió, Descubre el Origen de Las Lenguas",,26 de noviembre de 2017,18:59,documental,,Paranormal / Ocultismo y esoterismo / Misterios de la Biblia,https://www.youtube.com/watch?v=oU1CcNixvUI,https://eldoqmentalista.github.io/v/la-torre-de-babel-no-es-un-mito-existio-descubre-el-origen-de-las-leng/,,
19,2581453,AKmUJYAInaY,"""La Verdad Que La Iglesia Oculta: ¡Los Humanos Somos Dioses!""",,8 de septiembre de 2021,12:31,documental,,Ocultismo y esoterismo / Vaticano e Iglesia / Paranormal,https://www.youtube.com/watch?v=AKmUJYAInaY,https://eldoqmentalista.github.io/v/la-verdad-que-la-iglesia-oculta-los-humanos-somos-dioses/,,
20,2552145,qrzXNEifE4Q,Los DEMONIOS Más Poderosos Y Temidos De La Biblia Y Del Mundo: ¡Seres De Oscuridad!,,19 de noviembre de 2016,17:35,documental,,Ángeles y demonios / Misterios de la Biblia / Ocultismo y esoterismo,https://www.youtube.com/watch?v=qrzXNEifE4Q,https://eldoqmentalista.github.io/v/los-demonios-mas-poderosos-y-temidos-de-la-biblia-y-del-mundo-seres-de/,,
21,2546843,Rvo4W41pGwo,Los Ángeles Mas Poderosos de la Biblia - contra los demonios ✅ El DoQmentalista,,1 de agosto de 2016,10:59,documental,,Ángeles y demonios / Misterios de la Biblia / Ocultismo y esoterismo,https://www.youtube.com/watch?v=Rvo4W41pGwo,https://eldoqmentalista.github.io/v/los-angeles-mas-poderosos-de-la-biblia-contra-los-demonios-el-doqmenta/,,
22,2359694,dYRwDAjO5sw,Verdad Oculta: Los Secretos Impactantes de Judas Iscariote y la Biblia,,8 de noviembre de 2017,21:29,documental,,Paranormal / Misterios de la Biblia / Ocultismo y esoterismo,https://www.youtube.com/watch?v=dYRwDAjO5sw,https://eldoqmentalista.github.io/v/verdad-oculta-los-secretos-impactantes-de-judas-iscariote-y-la-biblia/,,
23,2238592,3ME4AWr8GHc,El Guerrero Azteca Que Derrotó a Hernán Cortés Tzilacatzin El Imparable,,8 de abril de 2018,10:07,documental,,Paranormal / Ocultismo y esoterismo / Misterios de la Biblia,https://www.youtube.com/watch?v=3ME4AWr8GHc,https://eldoqmentalista.github.io/v/el-guerrero-azteca-que-derroto-a-hernan-cortes-tzilacatzin-el-imparabl/,,
24,2160375,qZUVnnHyL8M,Hombre lleva un demonio sin saberlo hasta que una bruja se lo dice,,4 de febrero de 2018,18:44,documental,,Paranormal / Ángeles y demonios / Ocultismo y esoterismo,https://www.youtube.com/watch?v=qZUVnnHyL8M,https://eldoqmentalista.github.io/v/hombre-lleva-un-demonio-sin-saberlo-hasta-que-una-bruja-se-lo-dice/,,
25,2151070,7BS4wUcgwpc,Historia de Metatrón: El Arcángel Escriba y sus Mitos en la Biblia,,31 de enero de 2019,13:19,documental,,Paranormal / Misterios de la Biblia / Ángeles y demonios,https://www.youtube.com/watch?v=7BS4wUcgwpc,https://eldoqmentalista.github.io/v/historia-de-metatron-el-arcangel-escriba-y-sus-mitos-en-la-biblia/,,
26,2093370,ZVRIL2mJfOY,¿Adán No Fue el Primero? ¡Verdad Oculta!,,6 de junio de 2022,18:13,documental,,Paranormal / Ocultismo y esoterismo / Misterios de la Biblia,https://www.youtube.com/watch?v=ZVRIL2mJfOY,https://eldoqmentalista.github.io/v/adan-no-fue-el-primero-verdad-oculta/,,
27,2080415,2s3-Js_DU98,Historia: Misterios del Judio Errante y su Castigo Divino en la Biblia,,1 de marzo de 2018,10:55,documental,,Paranormal / Misterios de la Biblia / Ocultismo y esoterismo,https://www.youtube.com/watch?v=2s3-Js_DU98,https://eldoqmentalista.github.io/v/historia-misterios-del-judio-errante-y-su-castigo-divino-en-la-biblia/,,
28,1975881,gyPACC031Fs,"La Historia De Job, El Hombre Torturado Por El Diablo, El DoQmentalista",,13 de abril de 2019,13:11,documental,,Paranormal / Ocultismo y esoterismo / Misterios de la Biblia,https://www.youtube.com/watch?v=gyPACC031Fs,https://eldoqmentalista.github.io/v/la-historia-de-job-el-hombre-torturado-por-el-diablo-el-doqmentalista/,,
29,1954500,dZVGJgc_Dfw,¡Nunca Pactes con Estos 10 Demonios!,,12 de abril de 2021,12:37,documental,,Paranormal / Ángeles y demonios / Ocultismo y esoterismo,https://www.youtube.com/watch?v=dZVGJgc_Dfw,https://eldoqmentalista.github.io/v/nunca-pactes-con-estos-10-demonios/,,
30,1937224,nzWdIDSnLDE,Encuentran A Una Bestia Que Llora Como Bebé Y Come Personas,,19 de enero de 2018,12:50,documental,,Paranormal / Ocultismo y esoterismo / Misterios de la Biblia,https://www.youtube.com/watch?v=nzWdIDSnLDE,https://eldoqmentalista.github.io/v/encuentran-a-una-bestia-que-llora-como-bebe-y-come-personas/,,
31,1870002,5k6PMjkpJKo,El Diablo De La Guarda - Satanás no es quien creías,,30 de marzo de 2018,12:34,documental,,Paranormal / Ángeles y demonios / Ocultismo y esoterismo,https://www.youtube.com/watch?v=5k6PMjkpJKo,https://eldoqmentalista.github.io/v/el-diablo-de-la-guarda-satanas-no-es-quien-creias/,,
32,1845971,2GWcOxDPrxQ,"10 Personas que vendieron su alma al diablo, No Hagas un pacto Con El Diablo",,31 de marzo de 2020,19:20,documental,,Paranormal / Ocultismo y esoterismo / Misterios de la Biblia,https://www.youtube.com/watch?v=2GWcOxDPrxQ,https://eldoqmentalista.github.io/v/10-personas-que-vendieron-su-alma-al-diablo-no-hagas-un-pacto-con-el-d/,,
33,1833385,vLgx1pQL-6o,Cuando El Diablo Tentó A Jesús,,27 de febrero de 2018,13:51,documental,,Paranormal / Ocultismo y esoterismo / Misterios de la Biblia,https://www.youtube.com/watch?v=vLgx1pQL-6o,https://eldoqmentalista.github.io/v/cuando-el-diablo-tento-a-jesus/,,
34,1828190,F0nWzlonup4,Historia de Terror - Anciana invoca al diablo y venga la muerte de su esposo,,8 de junio de 2017,11:36,documental,,Paranormal / Ocultismo y esoterismo / Misterios de la Biblia,https://www.youtube.com/watch?v=F0nWzlonup4,https://eldoqmentalista.github.io/v/historia-de-terror-anciana-invoca-al-diablo-y-venga-la-muerte-de-su-es/,,
35,1758383,Wz9WrQVB4s8,"PROFECÍAS PARA EL 2020, Nostradamus, Baba Vanga y mas, Predicciones 2020",,17 de diciembre de 2019,12:09,documental,,Profecías / Paranormal / Ocultismo y esoterismo,https://www.youtube.com/watch?v=Wz9WrQVB4s8,https://eldoqmentalista.github.io/v/profecias-para-el-2020-nostradamus-baba-vanga-y-mas-predicciones-2020/,,
36,1709664,g8dsmrFbskA,"Yo Soy El DoQmentalista, Y Esto Es MI HISTORIA",,17 de julio de 2019,1:00:09,documental,,Paranormal / Ocultismo y esoterismo / Misterios de la Biblia,https://www.youtube.com/watch?v=g8dsmrFbskA,https://eldoqmentalista.github.io/v/yo-soy-el-doqmentalista-y-esto-es-mi-historia/,,
37,1690828,Ebuoxx6TblY,"La Poderosa Medalla De San Benito, Hasta El Diablo Le Tiene Miedo",,20 de diciembre de 2020,15:09,documental,,Paranormal / Ocultismo y esoterismo / Misterios de la Biblia,https://www.youtube.com/watch?v=Ebuoxx6TblY,https://eldoqmentalista.github.io/v/la-poderosa-medalla-de-san-benito-hasta-el-diablo-le-tiene-miedo/,,
38,1661905,R79eNciPRSc,"El Hombre Lobo: Terror Real Captado en Video, La Bestia que Aterroriza en la Oscuridad",,4 de julio de 2016,15:42,documental,,Paranormal / Ocultismo y esoterismo / Misterios de la Biblia,https://www.youtube.com/watch?v=R79eNciPRSc,https://eldoqmentalista.github.io/v/el-hombre-lobo-terror-real-captado-en-video-la-bestia-que-aterroriza-e/,,
39,1659622,J1z9IpArpQs,7 Antiguos Libros que Enseñan SUPERPODERES reales,,23 de abril de 2021,13:33,documental,,Paranormal / Ocultismo y esoterismo / Misterios de la Biblia,https://www.youtube.com/watch?v=J1z9IpArpQs,https://eldoqmentalista.github.io/v/7-antiguos-libros-que-ensenan-superpoderes-reales/,,
40,1642282,211opKv5AXY,"3 REFLEXIONES DE VIDA PARA SER MEJOR, superación personal motivación liderazgo autoayuda depresión",,11 de julio de 2018,11:28,documental,,Paranormal / Ocultismo y esoterismo / Misterios de la Biblia,https://www.youtube.com/watch?v=211opKv5AXY,https://eldoqmentalista.github.io/v/3-reflexiones-de-vida-para-ser-mejor-superacion-personal-motivacion-li/,,
41,1627649,huQqc9lGpek,"Por Qué El Diablo Le Teme a La Virgen María, Documentales interesantes para ver en YouTube.",,26 de marzo de 2021,11:47,documental,,Paranormal / Ocultismo y esoterismo / Misterios de la Biblia,https://www.youtube.com/watch?v=huQqc9lGpek,https://eldoqmentalista.github.io/v/por-que-el-diablo-le-teme-a-la-virgen-maria-documentales-interesantes-/,,
42,1604622,ep3Z_yJvQqQ,"Documental: La Verdadera Historia De Mammon, El Demonio De La Codicia",,5 de septiembre de 2019,15:38,documental,,Paranormal / Ángeles y demonios / Ocultismo y esoterismo,https://www.youtube.com/watch?v=ep3Z_yJvQqQ,https://eldoqmentalista.github.io/v/documental-la-verdadera-historia-de-mammon-el-demonio-de-la-codicia/,,
43,1570544,ftSuD0SJnMI,Biblia: 5 Versiones que NADIE Debe Conocer sobre el Evangelio,,13 de agosto de 2020,16:46,documental,,Misterios de la Biblia / Paranormal / Ángeles y demonios,https://www.youtube.com/watch?v=ftSuD0SJnMI,https://eldoqmentalista.github.io/v/biblia-5-versiones-que-nadie-debe-conocer-sobre-el-evangelio/,,
44,1560099,baDdDZaXjnw,Biblia: Los Nefilim y la Verdadera Historia de los Gigantes en la Fe,,14 de agosto de 2017,7:25,documental,,Paranormal / Misterios de la Biblia / Ocultismo y esoterismo,https://www.youtube.com/watch?v=baDdDZaXjnw,https://eldoqmentalista.github.io/v/biblia-los-nefilim-y-la-verdadera-historia-de-los-gigantes-en-la-fe/,,
45,1549809,31lJDpNq0Bs,"Video SECRETO, SAN CIPRIANO, El Poderoso Mago, Descubre La Magia Que Hay En Ti",,5 de julio de 2020,12:34,documental,,Ocultismo y esoterismo / Paranormal / Misterios de la Biblia,https://www.youtube.com/watch?v=31lJDpNq0Bs,https://eldoqmentalista.github.io/v/video-secreto-san-cipriano-el-poderoso-mago-descubre-la-magia-que-hay-/,,
46,1541374,f18kW5zRPKA,"Enigma: La Historia Oculta de Sara, la Hija Perdida de Jesús y la Biblia",,2 de julio de 2017,5:46,documental,Documentales Completos,Paranormal / Misterios de la Biblia / Ocultismo y esoterismo,https://www.youtube.com/watch?v=f18kW5zRPKA,https://eldoqmentalista.github.io/v/enigma-la-historia-oculta-de-sara-la-hija-perdida-de-jesus-y-la-biblia/,,
47,1531515,eZIjIWbEZdk,"Los Libros Secretos Mas Peligrosos de la historia, Libros Gratis",,20 de noviembre de 2019,13:59,documental,,Paranormal / Ocultismo y esoterismo / Misterios de la Biblia,https://www.youtube.com/watch?v=eZIjIWbEZdk,https://eldoqmentalista.github.io/v/los-libros-secretos-mas-peligrosos-de-la-historia-libros-gratis/,,
48,1528633,8IYwmzf1rbI,"YAHVÉ vs JEHOVÁ, El verdadero nombre de Dios, YHWH",,5 de febrero de 2020,16:04,documental,,Paranormal / Ocultismo y esoterismo / Misterios de la Biblia,https://www.youtube.com/watch?v=8IYwmzf1rbI,https://eldoqmentalista.github.io/v/yahve-vs-jehova-el-verdadero-nombre-de-dios-yhwh/,,
49,1522234,5bIxGzaUc9I,Brujería y Misterios: Encuentran a la Bruja Guajolote en Historias Reales,,17 de noviembre de 2017,10:52,documental,Misterios y Enigmas,Paranormal / Ocultismo y esoterismo / Misterios de la Biblia,https://www.youtube.com/watch?v=5bIxGzaUc9I,https://eldoqmentalista.github.io/v/brujeria-y-misterios-encuentran-a-la-bruja-guajolote-en-historias-real/,,
50,1482656,PXMyB6zSTzc,"La Música De El Diablo, La Triada Perversa, El Efecto Shepard, Música Del Abismo",,21 de abril de 2020,15:17,documental,,Paranormal / Ocultismo y esoterismo / Misterios de la Biblia,https://www.youtube.com/watch?v=PXMyB6zSTzc,https://eldoqmentalista.github.io/v/la-musica-de-el-diablo-la-triada-perversa-el-efecto-shepard-musica-del/,,
51,1472307,gZbxGY6uC8o,"Los 12 TITANES de la Mitología Griega, Dioses griegos, La Edad Dorada",,13 de abril de 2020,15:59,documental,,Ocultismo y esoterismo / Paranormal / Misterios de la Biblia,https://www.youtube.com/watch?v=gZbxGY6uC8o,https://eldoqmentalista.github.io/v/los-12-titanes-de-la-mitologia-griega-dioses-griegos-la-edad-dorada/,,
52,1427926,8oSvYezr-RA,Vampiros Reales: Secretos Oscuros de Criaturas que Viven Entre Nosotros,,11 de julio de 2016,22:31,documental,,Paranormal / Ocultismo y esoterismo / Misterios de la Biblia,https://www.youtube.com/watch?v=8oSvYezr-RA,https://eldoqmentalista.github.io/v/vampiros-reales-secretos-oscuros-de-criaturas-que-viven-entre-nosotros/,,
53,1402095,G0NrtOxUwbw,"Biblia: Dimas y Gestas, los misteriosos crucificados al lado de Jesús",,24 de mayo de 2019,16:10,documental,,Paranormal / Misterios de la Biblia / Ocultismo y esoterismo,https://www.youtube.com/watch?v=G0NrtOxUwbw,https://eldoqmentalista.github.io/v/biblia-dimas-y-gestas-los-misteriosos-crucificados-al-lado-de-jesus/,,
54,1401387,3W-qxjLrLz0,Azrael El Arcángel de la Muerte - Documental Completo,,12 de junio de 2017,19:10,documental,,Paranormal / Ángeles y demonios / Ocultismo y esoterismo,https://www.youtube.com/watch?v=3W-qxjLrLz0,https://eldoqmentalista.github.io/v/azrael-el-arcangel-de-la-muerte-documental-completo/,,
55,1394136,3p4qISwmX7g,"Documental: Samael, el Arcángel de la Muerte y sus secretos ocultos en la Biblia",,8 de septiembre de 2019,17:02,documental,,Paranormal / Misterios de la Biblia / Ángeles y demonios,https://www.youtube.com/watch?v=3p4qISwmX7g,https://eldoqmentalista.github.io/v/documental-samael-el-arcangel-de-la-muerte-y-sus-secretos-ocultos-en-l/,,
56,1393652,RRp7hbDJ3oU,Criaturas Más Extrañas De La Biblia - Documentales interesantes ✅ El DoQmentalista,,2 de agosto de 2021,10:42,documental,,Misterios de la Biblia / Ocultismo y esoterismo / Paranormal,https://www.youtube.com/watch?v=RRp7hbDJ3oU,https://eldoqmentalista.github.io/v/criaturas-mas-extranas-de-la-biblia-documentales-interesantes-el-doqme/,,
57,1385349,SAzN4EpRVLk,"Melquisedec, El Sacerdote De Dios, Documental end times bible study catholic",,24 de abril de 2019,12:07,documental,,Paranormal / Ocultismo y esoterismo / Misterios de la Biblia,https://www.youtube.com/watch?v=SAzN4EpRVLk,https://eldoqmentalista.github.io/v/melquisedec-el-sacerdote-de-dios-documental-end-times-bible-study-cath/,,
58,1379398,DyviWLTyMY8,El Anticristo No Es Lo Que Parece  la marca de la bestia,,16 de agosto de 2020,12:59,documental,,Paranormal / Ocultismo y esoterismo / Misterios de la Biblia,https://www.youtube.com/watch?v=DyviWLTyMY8,https://eldoqmentalista.github.io/v/el-anticristo-no-es-lo-que-parece-la-marca-de-la-bestia/,,
59,1374925,lv0TZy6Z6aM,El Experimento Filadelfia: Teletransportación y los Secretos Ocultos del Proyecto Prohibido,,18 de julio de 2016,10:44,documental,,Paranormal / Ocultismo y esoterismo / Misterios de la Biblia,https://www.youtube.com/watch?v=lv0TZy6Z6aM,https://eldoqmentalista.github.io/v/el-experimento-filadelfia-teletransportacion-y-los-secretos-ocultos-de/,,
60,1349828,VY5DfJeT1_4,"El Lenguaje De Los Pajaros, El niño que habló con los pájaros, Historia De Rusia",,31 de mayo de 2018,12:16,documental,,Paranormal / Ocultismo y esoterismo / Misterios de la Biblia,https://www.youtube.com/watch?v=VY5DfJeT1_4,https://eldoqmentalista.github.io/v/el-lenguaje-de-los-pajaros-el-nino-que-hablo-con-los-pajaros-historia-/,,
61,1348666,vv4i_sQxBJE,"Encuentran Un Hombre Inmortal en México, no necesita comer, se alimenta como los Dioses",,18 de septiembre de 2018,12:45,documental,,Paranormal / Ocultismo y esoterismo / Misterios de la Biblia,https://www.youtube.com/watch?v=vv4i_sQxBJE,https://eldoqmentalista.github.io/v/encuentran-un-hombre-inmortal-en-mexico-no-necesita-comer-se-alimenta-/,,
62,1339935,FZ4DVj_fByc,El Lado Oscuro de los Papas - El Documentalista,,28 de julio de 2020,12:00,documental,,Paranormal / Ocultismo y esoterismo / Misterios de la Biblia,https://www.youtube.com/watch?v=FZ4DVj_fByc,https://eldoqmentalista.github.io/v/el-lado-oscuro-de-los-papas-el-documentalista/,,
63,1318643,02whgxxl6X0,"POR QUÉ MATARON A JESÚS, 6 Razones por las que ATENTARON contra el Mesías, ¿qué harías tú?",,26 de enero de 2021,14:26,documental,,Paranormal / Ocultismo y esoterismo / Misterios de la Biblia,https://www.youtube.com/watch?v=02whgxxl6X0,https://eldoqmentalista.github.io/v/por-que-mataron-a-jesus-6-razones-por-las-que-atentaron-contra-el-mesi/,,
64,1307396,2jqE3lOsAcM,"¿Quién Creó a Dios?, Respuesta Filosófica, El DoQmentalista",,1 de abril de 2019,10:08,documental,,Paranormal / Ocultismo y esoterismo / Misterios de la Biblia,https://www.youtube.com/watch?v=2jqE3lOsAcM,https://eldoqmentalista.github.io/v/quien-creo-a-dios-respuesta-filosofica-el-doqmentalista/,,
65,1297368,l-wXs57irF0,"AZTECAS VS INCAS, Comparando 2 de las grandes civilizaciones mesoamericanas ✅ El DoQmentalista",,18 de mayo de 2021,10:41,documental,,Paranormal / Ocultismo y esoterismo / Misterios de la Biblia,https://www.youtube.com/watch?v=l-wXs57irF0,https://eldoqmentalista.github.io/v/aztecas-vs-incas-comparando-2-de-las-grandes-civilizaciones-mesoameric/,,
66,1294077,xjlWq7CzFb4,"El Último Pago, Historias De Terror Reales, Advertencia esta historia es Real",,11 de noviembre de 2018,11:40,documental,,Paranormal / Ocultismo y esoterismo / Misterios de la Biblia,https://www.youtube.com/watch?v=xjlWq7CzFb4,https://eldoqmentalista.github.io/v/el-ultimo-pago-historias-de-terror-reales-advertencia-esta-historia-es/,,
67,1284624,-eXCO9axALs,El Sagrado sello del Rey Salomón El significado del Sagrado Sello de Salomón y sus símbolos,,28 de agosto de 2018,16:58,documental,,Paranormal / Ocultismo y esoterismo / Misterios de la Biblia,https://www.youtube.com/watch?v=-eXCO9axALs,https://eldoqmentalista.github.io/v/el-sagrado-sello-del-rey-salomon-el-significado-del-sagrado-sello-de-s/,,
68,1281449,UvbE_fFEjhE,Como Murieron Los 12 Apóstoles De Jesús / El DoQmentalista,,31 de diciembre de 2018,11:12,documental,,Paranormal / Ocultismo y esoterismo / Misterios de la Biblia,https://www.youtube.com/watch?v=UvbE_fFEjhE,https://eldoqmentalista.github.io/v/como-murieron-los-12-apostoles-de-jesus-el-doqmentalista/,,
69,1280669,mja58OQsDOE,"""Tocar A Los Muertos: Cadáveres Astrales y Almas En Pena Que No Descansan""",,25 de abril de 2019,16:49,documental,,Paranormal / Ocultismo y esoterismo / Misterios de la Biblia,https://www.youtube.com/watch?v=mja58OQsDOE,https://eldoqmentalista.github.io/v/tocar-a-los-muertos-cadaveres-astrales-y-almas-en-pena-que-no-descansa/,,
70,1280257,Esa9Nr955OE,Leyenda de El Silbón: Terror de Venezuela,,26 de junio de 2023,11:57,documental,Documentales Completos,Paranormal / Ocultismo y esoterismo / Misterios de la Biblia,https://www.youtube.com/watch?v=Esa9Nr955OE,https://eldoqmentalista.github.io/v/leyenda-de-el-silbon-terror-de-venezuela/,,
71,1263440,uj_dSpnexEw,"Cómo Hacer Pacto Con Un Ángel Para Ser Dichoso, Ángeles Y Arcángeles, Cómo Ser Feliz Y Estar En Paz",,6 de septiembre de 2019,15:06,documental,,Ángeles y demonios / Paranormal / Ocultismo y esoterismo,https://www.youtube.com/watch?v=uj_dSpnexEw,https://eldoqmentalista.github.io/v/como-hacer-pacto-con-un-angel-para-ser-dichoso-angeles-y-arcangeles-co/,,
72,1257711,zV9vSPkYbes,"""El Cronovisor: El Misterioso Dispositivo Del Vaticano Para Viajar En El Tiempo""",,31 de agosto de 2017,10:20,documental,,Paranormal / Ocultismo y esoterismo / Vaticano e Iglesia,https://www.youtube.com/watch?v=zV9vSPkYbes,https://eldoqmentalista.github.io/v/el-cronovisor-el-misterioso-dispositivo-del-vaticano-para-viajar-en-el/,,
73,1254414,a51Y4toRF9o,"3 Pactos reales con el diablo, Como vender tu alma al Diablo",,28 de noviembre de 2019,13:27,documental,,Paranormal / Ocultismo y esoterismo / Misterios de la Biblia,https://www.youtube.com/watch?v=a51Y4toRF9o,https://eldoqmentalista.github.io/v/3-pactos-reales-con-el-diablo-como-vender-tu-alma-al-diablo/,,
74,1249760,5XRc1b56PQY,"Conoce Estos SECRETOS que el diablo no quiere que sepan sus enemigos. CUIDADO,  ES REAL Y VERIDICO",,9 de junio de 2021,8:22,documental,,Paranormal / Ocultismo y esoterismo / Misterios de la Biblia,https://www.youtube.com/watch?v=5XRc1b56PQY,https://eldoqmentalista.github.io/v/conoce-estos-secretos-que-el-diablo-no-quiere-que-sepan-sus-enemigos-c/,,
75,1213322,u7qJnty1FHY,Científicos Logran Grabar sonidos del Infierno En un pozo de Siberia,,19 de mayo de 2018,16:22,documental,,Paranormal / Ocultismo y esoterismo / Misterios de la Biblia,https://www.youtube.com/watch?v=u7qJnty1FHY,https://eldoqmentalista.github.io/v/cientificos-logran-grabar-sonidos-del-infierno-en-un-pozo-de-siberia/,,
76,1212725,zj7gNzr0ToQ,"La Mal Llamada Santa Muerte - NO es Santa, Es Muerte",,25 de septiembre de 2018,14:02,documental,Misterios y Enigmas,Paranormal / Ocultismo y esoterismo / Misterios de la Biblia,https://www.youtube.com/watch?v=zj7gNzr0ToQ,https://eldoqmentalista.github.io/v/la-mal-llamada-santa-muerte-no-es-santa-es-muerte/,,
77,1210007,iKFy-iQHoM8,Misterios: ¿Qué Dicen los Científicos sobre su Diálogo con DIOS?,,12 de marzo de 2018,7:21,documental,,Paranormal / Ocultismo y esoterismo / Misterios de la Biblia,https://www.youtube.com/watch?v=iKFy-iQHoM8,https://eldoqmentalista.github.io/v/misterios-que-dicen-los-cientificos-sobre-su-dialogo-con-dios/,,
78,1209780,oqPPg4c0tDw,¿El Anticristo esta entre nosotros? Profecías del apocalipsis,,18 de septiembre de 2017,16:00,documental,,Paranormal / Misterios de la Biblia / Ocultismo y esoterismo,https://www.youtube.com/watch?v=oqPPg4c0tDw,https://eldoqmentalista.github.io/v/el-anticristo-esta-entre-nosotros-profecias-del-apocalipsis/,,
79,1181632,7Xvx5pDLrdo,"Poderes Mentales asombrosos Poderes Kineticos, pirocinesis, Aerokinesis, telequinesis, essokinesis",,5 de septiembre de 2018,28:48,documental,,Paranormal / Ocultismo y esoterismo / Misterios de la Biblia,https://www.youtube.com/watch?v=7Xvx5pDLrdo,https://eldoqmentalista.github.io/v/poderes-mentales-asombrosos-poderes-kineticos-pirocinesis-aerokinesis-/,,
80,1175929,2Gjxx5UhDB4,"EL FIN DEL MUNDO, Horribles Historias Del Apocalipsis El DoQ",,26 de agosto de 2020,16:31,documental,,Paranormal / Misterios de la Biblia / Fin del mundo,https://www.youtube.com/watch?v=2Gjxx5UhDB4,https://eldoqmentalista.github.io/v/el-fin-del-mundo-horribles-historias-del-apocalipsis-el-doq/,,
81,1153214,WYfrJqsqvxs,"Las Criaturas Mas Poderosas Y Horribles de la Biblia. DOCUMENTAL, Video exclusivo",,31 de agosto de 2019,23:02,documental,,Paranormal / Misterios de la Biblia / Ocultismo y esoterismo,https://www.youtube.com/watch?v=WYfrJqsqvxs,https://eldoqmentalista.github.io/v/las-criaturas-mas-poderosas-y-horribles-de-la-biblia-documental-video-/,,
82,1148542,eo98Khhs-N0,La Guía Definitiva de 5 SEÑALES de que HAY ÁNGELES en tu casa ✅ El DoQmentalista,,19 de octubre de 2021,11:17,documental,,Paranormal / Ángeles y demonios / Ocultismo y esoterismo,https://www.youtube.com/watch?v=eo98Khhs-N0,https://eldoqmentalista.github.io/v/la-guia-definitiva-de-5-senales-de-que-hay-angeles-en-tu-casa-el-doqme/,,
83,1141656,cjRHsJ6E1sI,"La Atlántida, La ciudad perdida, destruida, sumergida en el mar, descubre sus secretos",,3 de noviembre de 2018,16:01,documental,,Paranormal / Ocultismo y esoterismo / Misterios de la Biblia,https://www.youtube.com/watch?v=cjRHsJ6E1sI,https://eldoqmentalista.github.io/v/la-atlantida-la-ciudad-perdida-destruida-sumergida-en-el-mar-descubre-/,,
84,1131163,qtiOu48m7BQ,"Las 12 Verdades De Dios, Las 12 Verdades Del Mundo",,10 de mayo de 2020,13:09,documental,,Paranormal / Ocultismo y esoterismo / Misterios de la Biblia,https://www.youtube.com/watch?v=qtiOu48m7BQ,https://eldoqmentalista.github.io/v/las-12-verdades-de-dios-las-12-verdades-del-mundo/,,
85,1117521,MC-h9cdsnyM,"Mastemah, El Castigador De Dios, ADVERTENCIA: Ten la Biblia a la mano",,13 de diciembre de 2017,11:15,documental,,Paranormal / Misterios de la Biblia / Ocultismo y esoterismo,https://www.youtube.com/watch?v=MC-h9cdsnyM,https://eldoqmentalista.github.io/v/mastemah-el-castigador-de-dios-advertencia-ten-la-biblia-a-la-mano/,,
86,1115168,gqn2HgadOYk,"Los Dioses De Egipto, Documental de la Cultura Egipcia y Deidades De Los Egipcios",,16 de septiembre de 2019,22:55,documental,,Paranormal / Ocultismo y esoterismo / Misterios de la Biblia,https://www.youtube.com/watch?v=gqn2HgadOYk,https://eldoqmentalista.github.io/v/los-dioses-de-egipto-documental-de-la-cultura-egipcia-y-deidades-de-lo/,,
87,1111805,VGL5Xu_DF0U,Las Profecias De Nostradamus Para El 2020,,27 de diciembre de 2017,10:08,documental,,Paranormal / Ocultismo y esoterismo / Profecías,https://www.youtube.com/watch?v=VGL5Xu_DF0U,https://eldoqmentalista.github.io/v/las-profecias-de-nostradamus-para-el-2020/,,
88,1095968,W27cackk3pE,"5 Personas Que Escaparon Del infierno (Documentales,  Entretenimiento, El DoQmentalista)",,25 de noviembre de 2020,21:51,documental,,Paranormal / Ocultismo y esoterismo / Misterios de la Biblia,https://www.youtube.com/watch?v=W27cackk3pE,https://eldoqmentalista.github.io/v/5-personas-que-escaparon-del-infierno-documentales-entretenimiento-el-/,,
89,1092534,rwmFNLAqOx4,"Velkorck Lafarc, El Primer Ángel Caído",,24 de abril de 2018,12:42,documental,Misterios y Enigmas,Paranormal / Ángeles y demonios / Ocultismo y esoterismo,https://www.youtube.com/watch?v=rwmFNLAqOx4,https://eldoqmentalista.github.io/v/velkorck-lafarc-el-primer-angel-caido/,,
90,1090275,HG-2wSreULw,"Tipos De Cruces Y Sus Verdaderos Significados, El DoQmentalista",,9 de febrero de 2020,21:40,documental,,Paranormal / Ocultismo y esoterismo / Misterios de la Biblia,https://www.youtube.com/watch?v=HG-2wSreULw,https://eldoqmentalista.github.io/v/tipos-de-cruces-y-sus-verdaderos-significados-el-doqmentalista/,,
91,1082710,B7wQJ_P7gtQ,Documental: Viajero del Futuro: Año 2336 - Documentales Interesantes,,13 de mayo de 2022,12:03,documental,,Paranormal / Ocultismo y esoterismo / Misterios de la Biblia,https://www.youtube.com/watch?v=B7wQJ_P7gtQ,https://eldoqmentalista.github.io/v/documental-viajero-del-futuro-ano-2336-documentales-interesantes/,,
92,1080852,6C5ICPgC7l4,"Mitos y Mentiras sobre los Ángeles, ¿qué dice la Biblia?",,23 de marzo de 2020,22:03,documental,,Paranormal / Misterios de la Biblia / Ángeles y demonios,https://www.youtube.com/watch?v=6C5ICPgC7l4,https://eldoqmentalista.github.io/v/mitos-y-mentiras-sobre-los-angeles-que-dice-la-biblia/,,
93,1063486,-u7YO4GcP-A,"Las 2 Caras De La Biblia 😱, Dios Es Malo o Bueno, El Antiguo testamento vs El Nuevo😮 etimología",,2 de febrero de 2019,13:45,documental,,Misterios de la Biblia / Ocultismo y esoterismo / Paranormal,https://www.youtube.com/watch?v=-u7YO4GcP-A,https://eldoqmentalista.github.io/v/las-2-caras-de-la-biblia-dios-es-malo-o-bueno-el-antiguo-testamento-vs/,,
94,1058075,oKpGW0o5Ilk,Que pasó con María y José después de que Jesús Murió? / El DoQmentalista,,1 de enero de 2019,10:42,documental,,Paranormal / Ocultismo y esoterismo / Jesús y María,https://www.youtube.com/watch?v=oKpGW0o5Ilk,https://eldoqmentalista.github.io/v/que-paso-con-maria-y-jose-despues-de-que-jesus-murio-el-doqmentalista/,,
95,1056280,F9TxhyXykJ8,El Cadejo: La Bestia Maldita Que Acecha en la Oscuridad - Historias de Terror Reales,,6 de agosto de 2016,11:49,documental,,Paranormal / Ocultismo y esoterismo / Misterios de la Biblia,https://www.youtube.com/watch?v=F9TxhyXykJ8,https://eldoqmentalista.github.io/v/el-cadejo-la-bestia-maldita-que-acecha-en-la-oscuridad-historias-de-te/,,
96,1028457,kS3qzjmT7HQ,"Qué oculta el vaticano, donde y porque lo esconde ✅ El DoQmentalista",,13 de mayo de 2021,12:38,documental,,Paranormal / Ocultismo y esoterismo / Vaticano e Iglesia,https://www.youtube.com/watch?v=kS3qzjmT7HQ,https://eldoqmentalista.github.io/v/que-oculta-el-vaticano-donde-y-porque-lo-esconde-el-doqmentalista/,,
97,1027869,L2S_io7DBOM,Historia: La enigmática influencia del Arcángel Gabriel en la fe,,21 de junio de 2017,15:31,documental,,Paranormal / Ángeles y demonios / Ocultismo y esoterismo,https://www.youtube.com/watch?v=L2S_io7DBOM,https://eldoqmentalista.github.io/v/historia-la-enigmatica-influencia-del-arcangel-gabriel-en-la-fe/,,
98,993986,JDVQOZ9gL_8,"El Paso Dyatlov, 9 jóvenes fueron victimas de una fuerza desconocida, solo uno vivió 2017",,23 de agosto de 2017,17:12,documental,,Paranormal / Ocultismo y esoterismo / Misterios de la Biblia,https://www.youtube.com/watch?v=JDVQOZ9gL_8,https://eldoqmentalista.github.io/v/el-paso-dyatlov-9-jovenes-fueron-victimas-de-una-fuerza-desconocida-so/,,
99,981103,HZhaL5vnwnc,Nefilim encontrados: Gilgamesh El Poderoso gigante en la biblia,,19 de enero de 2021,14:50,documental,,Paranormal / Misterios de la Biblia / Ocultismo y esoterismo,https://www.youtube.com/watch?v=HZhaL5vnwnc,https://eldoqmentalista.github.io/v/nefilim-encontrados-gilgamesh-el-poderoso-gigante-en-la-biblia/,,
100,976368,bHyhpZnQT1k,Ángel Caído Encontrado en Iglesia de Londres: La Oscura Verdad Detrás de los Seres Celestiales,,18 de julio de 2016,3:00,short,,Paranormal / Ángeles y demonios / Ocultismo y esoterismo,https://www.youtube.com/watch?v=bHyhpZnQT1k,https://eldoqmentalista.github.io/v/angel-caido-encontrado-en-iglesia-de-londres-la-oscura-verdad-detras-d/,,
101,971695,I12jZI-_3nc,"Ángeles Antiguos, que son, cómo son y de dónde vienen Parte 1",,3 de septiembre de 2018,19:17,documental,,Paranormal / Ángeles y demonios / Ocultismo y esoterismo,https://www.youtube.com/watch?v=I12jZI-_3nc,https://eldoqmentalista.github.io/v/angeles-antiguos-que-son-como-son-y-de-donde-vienen-parte-1/,,
102,957923,qSJR3s4Zp6k,"TIPOS DE BRUJAS - Blanca, Negra, Espiritista, Videntes, Curanderas, Wiccas, Roja",,7 de octubre de 2017,13:10,documental,,Paranormal / Ocultismo y esoterismo / Misterios de la Biblia,https://www.youtube.com/watch?v=qSJR3s4Zp6k,https://eldoqmentalista.github.io/v/tipos-de-brujas-blanca-negra-espiritista-videntes-curanderas-wiccas-ro/,,
103,950603,pMMKJ6KCATk,Misterios: El Ojo Que Todo lo Ve y los Secretos del Vaticano,,16 de febrero de 2020,10:48,documental,,Paranormal / Ocultismo y esoterismo / Vaticano e Iglesia,https://www.youtube.com/watch?v=pMMKJ6KCATk,https://eldoqmentalista.github.io/v/misterios-el-ojo-que-todo-lo-ve-y-los-secretos-del-vaticano/,,
104,927112,ZsPy_Jo9UFg,Los Mineros Que Encontraron Al Diablo - Historias De Terror,,30 de agosto de 2022,11:29,documental,,Paranormal / Ocultismo y esoterismo / Misterios de la Biblia,https://www.youtube.com/watch?v=ZsPy_Jo9UFg,https://eldoqmentalista.github.io/v/los-mineros-que-encontraron-al-diablo-historias-de-terror/,,
105,925959,DU0YWfvohU4,"LOS 4 JINETES DEL APOCALIPSIS, El DoQmentalista",,13 de mayo de 2020,12:37,documental,,Paranormal / Misterios de la Biblia / Ocultismo y esoterismo,https://www.youtube.com/watch?v=DU0YWfvohU4,https://eldoqmentalista.github.io/v/los-4-jinetes-del-apocalipsis-el-doqmentalista/,,
106,922836,cJQDc7sa664,¿Que Se Siente Al Morir? - DOCUMENTAL - El DoQmentalista,,28 de junio de 2017,10:55,documental,,Paranormal / Ocultismo y esoterismo / Misterios de la Biblia,https://www.youtube.com/watch?v=cJQDc7sa664,https://eldoqmentalista.github.io/v/que-se-siente-al-morir-documental-el-doqmentalista/,,
107,918069,ekSmmax-2_A,Los Descendientes De Satanás,,25 de agosto de 2019,12:16,documental,,Paranormal / Ángeles y demonios / Ocultismo y esoterismo,https://www.youtube.com/watch?v=ekSmmax-2_A,https://eldoqmentalista.github.io/v/los-descendientes-de-satanas/,,
108,916442,gOE-JV2TwkY,"Crean Ángeles En un laboratorio Secreto, El Proyecto Hombre Ángel, (Creepypasta)",,9 de abril de 2018,12:42,documental,,Ángeles y demonios / Paranormal / Ocultismo y esoterismo,https://www.youtube.com/watch?v=gOE-JV2TwkY,https://eldoqmentalista.github.io/v/crean-angeles-en-un-laboratorio-secreto-el-proyecto-hombre-angel-creep/,,
109,915289,SvU4bEebXYg,"El Hada De Los Dientes no es como la imaginabas, ADVERTENCIA Podrías destruir tu infancia",,29 de noviembre de 2017,10:18,documental,,Paranormal / Ocultismo y esoterismo / Conspiraciones,https://www.youtube.com/watch?v=SvU4bEebXYg,https://eldoqmentalista.github.io/v/el-hada-de-los-dientes-no-es-como-la-imaginabas-advertencia-podrias-de/,,
110,910873,OEh5r4SgshA,El Arcángel Rafael - La Cura de Dios Sanación milagrosa,,15 de junio de 2017,13:01,documental,,Paranormal / Ángeles y demonios / Ocultismo y esoterismo,https://www.youtube.com/watch?v=OEh5r4SgshA,https://eldoqmentalista.github.io/v/el-arcangel-rafael-la-cura-de-dios-sanacion-milagrosa/,,
111,887902,IiVBeMC2wPc,"Aterradoras Historias de LOS PUENTES DEL DIABLO, creepypasta",,14 de julio de 2020,19:27,documental,,Paranormal / Ocultismo y esoterismo / Misterios de la Biblia,https://www.youtube.com/watch?v=IiVBeMC2wPc,https://eldoqmentalista.github.io/v/aterradoras-historias-de-los-puentes-del-diablo-creepypasta/,,
112,877562,WrUiIXmGk0k,"El legendario Mago Merlín no es quien tú creias y te lo muestro, evidencia histórica.",,19 de junio de 2019,,documental,,Paranormal / Ocultismo y esoterismo / Misterios de la Biblia,https://www.youtube.com/watch?v=WrUiIXmGk0k,https://eldoqmentalista.github.io/v/el-legendario-mago-merlin-no-es-quien-tu-creias-y-te-lo-muestro-eviden/,,
113,877027,CA1qHyUwA3o,7 Predicciones Que Ocurrirán Después De La Pandemia,,6 de enero de 2021,15:54,documental,,Paranormal / Ocultismo y esoterismo / Misterios de la Biblia,https://www.youtube.com/watch?v=CA1qHyUwA3o,https://eldoqmentalista.github.io/v/7-predicciones-que-ocurriran-despues-de-la-pandemia/,,
114,873953,CtvQKBUuZKU,¿Por Qué Dios Abandonó A Jesús Cuando Estaba En La Cruz? La Pasión De Cristo - Secretos De La Biblia,,22 de febrero de 2018,10:30,documental,,Paranormal / Misterios de la Biblia / Ocultismo y esoterismo,https://www.youtube.com/watch?v=CtvQKBUuZKU,https://eldoqmentalista.github.io/v/por-que-dios-abandono-a-jesus-cuando-estaba-en-la-cruz-la-pasion-de-cr/,,
115,869484,y46t4g7BO7Y,"Los Versículos más RETORCIDOS del Antiguo Testamento, (VER CON BIBLIA EN MANO)",,19 de marzo de 2020,14:16,documental,,Misterios de la Biblia / Paranormal / Ocultismo y esoterismo,https://www.youtube.com/watch?v=y46t4g7BO7Y,https://eldoqmentalista.github.io/v/los-versiculos-mas-retorcidos-del-antiguo-testamento-ver-con-biblia-en/,,
116,868636,AEuipu5jqqo,"El Libro Perdido De Enoc, Los Hijos De Dios Y El Templo Más Antiguo Del Mundo",,23 de febrero de 2021,16:02,documental,,Paranormal / Ocultismo y esoterismo / Misterios de la Biblia,https://www.youtube.com/watch?v=AEuipu5jqqo,https://eldoqmentalista.github.io/v/el-libro-perdido-de-enoc-los-hijos-de-dios-y-el-templo-mas-antiguo-del/,,
117,844139,BRmdhvtM8D4,El Demonio Belcebú – El Señor De Las Moscas,,15 de junio de 2017,13:01,documental,,Paranormal / Ángeles y demonios / Ocultismo y esoterismo,https://www.youtube.com/watch?v=BRmdhvtM8D4,https://eldoqmentalista.github.io/v/el-demonio-belcebu-el-senor-de-las-moscas/,,
118,835628,OM5FJuTYnZY,"Tú Ángel De La Guarda, Increíble, Descubre Porque No es Seguro Conocer su Nombre",,28 de septiembre de 2018,14:12,documental,,Paranormal / Ángeles y demonios / Ocultismo y esoterismo,https://www.youtube.com/watch?v=OM5FJuTYnZY,https://eldoqmentalista.github.io/v/tu-angel-de-la-guarda-increible-descubre-porque-no-es-seguro-conocer-s/,,
119,832574,00uVXGSXESQ,"La Leyenda De EL LUISÓN, El Hombre Lobo Sudamericano. El DoQmentalista",,9 de diciembre de 2017,11:57,documental,,Paranormal / Ocultismo y esoterismo / Misterios de la Biblia,https://www.youtube.com/watch?v=00uVXGSXESQ,https://eldoqmentalista.github.io/v/la-leyenda-de-el-luison-el-hombre-lobo-sudamericano-el-doqmentalista/,,
120,828502,7NQJhbnAzYU,Ella Es Baba Yaga / La Bruja Que Lo Sabe Todo / EL DOQMENTALISTA,,16 de mayo de 2018,10:12,documental,,Paranormal / Ocultismo y esoterismo / Misterios de la Biblia,https://www.youtube.com/watch?v=7NQJhbnAzYU,https://eldoqmentalista.github.io/v/ella-es-baba-yaga-la-bruja-que-lo-sabe-todo-el-doqmentalista/,,
121,807664,gPg6Pl3pOhw,"En busca del Primer vampiro, Mas Poderoso Que Drácula",,1 de noviembre de 2018,12:30,documental,,Paranormal / Ocultismo y esoterismo / Misterios de la Biblia,https://www.youtube.com/watch?v=gPg6Pl3pOhw,https://eldoqmentalista.github.io/v/en-busca-del-primer-vampiro-mas-poderoso-que-dracula/,,
122,797412,-r_95mLRXp0,¿Qué pasó con la Verdadera Cruz de Cristo?,,12 de octubre de 2018,12:34,documental,,Paranormal / Ocultismo y esoterismo / Misterios de la Biblia,https://www.youtube.com/watch?v=-r_95mLRXp0,https://eldoqmentalista.github.io/v/que-paso-con-la-verdadera-cruz-de-cristo/,,
123,793547,yfiUDk3v5io,Documental: ESCAPE INFERNAL: LA HISTORIA DE HARALD LARSEN - Documentales Interesantes,,26 de agosto de 2022,14:10,documental,,Paranormal / Ocultismo y esoterismo / Misterios de la Biblia,https://www.youtube.com/watch?v=yfiUDk3v5io,https://eldoqmentalista.github.io/v/documental-escape-infernal-la-historia-de-harald-larsen-documentales-i/,,
124,787155,VOeJfWJvRdE,5 Formas de PROTEGERSE de los ataques psiquicos autodefensa psiquica y energía sutil,,20 de enero de 2022,9:42,documental,,Paranormal / Ocultismo y esoterismo / Misterios de la Biblia,https://www.youtube.com/watch?v=VOeJfWJvRdE,https://eldoqmentalista.github.io/v/5-formas-de-protegerse-de-los-ataques-psiquicos-autodefensa-psiquica-y/,,
125,785449,2DW2UtOlLBw,Top 10 Misterios de Nahuales: Licantropía y Metamorfosis en la Brujería,,21 de agosto de 2018,11:12,documental,,Paranormal / Ocultismo y esoterismo / Misterios de la Biblia,https://www.youtube.com/watch?v=2DW2UtOlLBw,https://eldoqmentalista.github.io/v/top-10-misterios-de-nahuales-licantropia-y-metamorfosis-en-la-brujeria/,,
126,776066,MbO0AxbdTVs,Enigma Documental: Los Secretos Ocultos de la Biblia,,15 de septiembre de 2022,14:22,documental,,Paranormal / Misterios de la Biblia / Ocultismo y esoterismo,https://www.youtube.com/watch?v=MbO0AxbdTVs,https://eldoqmentalista.github.io/v/enigma-documental-los-secretos-ocultos-de-la-biblia/,,
127,765012,iTuSNxrgntE,Baba Yaga y La muñeca Mágica De Vasilisa / EL DOQMENTALISTA,,16 de mayo de 2018,18:05,documental,,Paranormal / Ocultismo y esoterismo / Misterios de la Biblia,https://www.youtube.com/watch?v=iTuSNxrgntE,https://eldoqmentalista.github.io/v/baba-yaga-y-la-muneca-magica-de-vasilisa-el-doqmentalista/,,
128,763454,K5EyFHA_A-k,¿Qué Sucederá en 2023? Los Profecías Más Siniestras Reveladas - Documental Inquietante,,30 de diciembre de 2022,11:14,documental,,Paranormal / Ocultismo y esoterismo / Misterios de la Biblia,https://www.youtube.com/watch?v=K5EyFHA_A-k,https://eldoqmentalista.github.io/v/que-sucedera-en-2023-los-profecias-mas-siniestras-reveladas-documental/,,
129,751709,_LxofHbGKyo,"La historia de Caín y Abel, El Hombre Del Pecado, La Marca De Cain / El DoQmentalista",,8 de enero de 2019,11:06,documental,,Paranormal / Ocultismo y esoterismo / Misterios de la Biblia,https://www.youtube.com/watch?v=_LxofHbGKyo,https://eldoqmentalista.github.io/v/la-historia-de-cain-y-abel-el-hombre-del-pecado-la-marca-de-cain-el-do/,,
130,745681,34OSdECH5q0,Historia de los Gitanos: El Orígen y Los Secretos de la Cultura Gitana,,16 de octubre de 2017,14:22,documental,,Paranormal / Ocultismo y esoterismo / Misterios de la Biblia,https://www.youtube.com/watch?v=34OSdECH5q0,https://eldoqmentalista.github.io/v/historia-de-los-gitanos-el-origen-y-los-secretos-de-la-cultura-gitana/,,
131,745643,_4rgABacLZE,7 Cosas Que No Sabias Sobre Las Brujas - El DoQmentalista,,6 de octubre de 2017,12:43,documental,,Paranormal / Ocultismo y esoterismo / Misterios de la Biblia,https://www.youtube.com/watch?v=_4rgABacLZE,https://eldoqmentalista.github.io/v/7-cosas-que-no-sabias-sobre-las-brujas-el-doqmentalista/,,
132,738686,G7E_pWkQ_zg,Historia: Las Sorprendentes Revelaciones de la Semana Santa a través del Tiempo,,27 de marzo de 2021,2:02:31,documental,,Paranormal / Ocultismo y esoterismo / Misterios de la Biblia,https://www.youtube.com/watch?v=G7E_pWkQ_zg,https://eldoqmentalista.github.io/v/historia-las-sorprendentes-revelaciones-de-la-semana-santa-a-traves-de/,,
133,720202,xW4dbXblGZw,Historias De la Biblia: El Cielo Oscureció Cuando Murió Jesús,,17 de junio de 2021,10:54,documental,Documentales Completos,Paranormal / Misterios de la Biblia / Ocultismo y esoterismo,https://www.youtube.com/watch?v=xW4dbXblGZw,https://eldoqmentalista.github.io/v/historias-de-la-biblia-el-cielo-oscurecio-cuando-murio-jesus/,,
134,706786,6ATRD6egGjw,5 Legendarias Ciudades Perdidas Que Nunca Han Sido Encontradas,,26 de mayo de 2018,13:25,documental,,Paranormal / Ocultismo y esoterismo / Misterios de la Biblia,https://www.youtube.com/watch?v=6ATRD6egGjw,https://eldoqmentalista.github.io/v/5-legendarias-ciudades-perdidas-que-nunca-han-sido-encontradas/,,
135,700143,Glb4-J7OCAQ,"""ASHERAH: La Desconocida Esposa De Dios Que La Biblia Ocultó"" ✅ Documental Impactante",,13 de julio de 2021,11:20,documental,,Misterios de la Biblia / Ocultismo y esoterismo / Paranormal,https://www.youtube.com/watch?v=Glb4-J7OCAQ,https://eldoqmentalista.github.io/v/asherah-la-desconocida-esposa-de-dios-que-la-biblia-oculto-documental-/,,
136,699426,NxWPsaVxE3Q,"Cenizas De Ángel, El legado prohibido, ¿ Aún Existen los Nephilims ? El libro De Enoch",,19 de marzo de 2021,14:19,documental,,Paranormal / Ángeles y demonios / Ocultismo y esoterismo,https://www.youtube.com/watch?v=NxWPsaVxE3Q,https://eldoqmentalista.github.io/v/cenizas-de-angel-el-legado-prohibido-aun-existen-los-nephilims-el-libr/,,
137,698902,uVFoW7GSuwc,"Los 10 monstruos más aterradores que podrían existir, El Doqmentalista",,25 de enero de 2021,16:06,documental,,Paranormal / Ocultismo y esoterismo / Misterios de la Biblia,https://www.youtube.com/watch?v=uVFoW7GSuwc,https://eldoqmentalista.github.io/v/los-10-monstruos-mas-aterradores-que-podrian-existir-el-doqmentalista/,,
138,698108,Q51ZlMeII7w,Top 5 Juegos Prohibidos: Experiencias Peligrosas Que Nadie Debería Atreverse a Jugar,,21 de julio de 2016,12:42,documental,,Paranormal / Ocultismo y esoterismo / Misterios de la Biblia,https://www.youtube.com/watch?v=Q51ZlMeII7w,https://eldoqmentalista.github.io/v/top-5-juegos-prohibidos-experiencias-peligrosas-que-nadie-deberia-atre/,,
139,695869,J_hlf0j9OQE,"Reviven A Una Bruja En México, su hija la desentierra en el panteón, toman venganza contra el pueblo",,16 de octubre de 2018,14:09,documental,,Paranormal / Ocultismo y esoterismo / Misterios de la Biblia,https://www.youtube.com/watch?v=J_hlf0j9OQE,https://eldoqmentalista.github.io/v/reviven-a-una-bruja-en-mexico-su-hija-la-desentierra-en-el-panteon-tom/,,
140,691823,N3scyXNsGzg,"""Los Textos Gnósticos Que La Iglesia Católica Prohibió: Secretos De Los Evangelios Apócrifos""",,16 de marzo de 2021,12:15,documental,,Misterios de la Biblia / Paranormal / Vaticano e Iglesia,https://www.youtube.com/watch?v=N3scyXNsGzg,https://eldoqmentalista.github.io/v/los-textos-gnosticos-que-la-iglesia-catolica-prohibio-secretos-de-los-/,,
141,672928,PQ3gdJsPXGA,"El Pozo más profundo en la Tierra, El Misterio del Agujero de Kola el mas Grande Del Planeta",,6 de noviembre de 2017,12:53,documental,Misterios y Enigmas,Paranormal / Ocultismo y esoterismo / Misterios de la Biblia,https://www.youtube.com/watch?v=PQ3gdJsPXGA,https://eldoqmentalista.github.io/v/el-pozo-mas-profundo-en-la-tierra-el-misterio-del-agujero-de-kola-el-m/,,
142,666531,lJWk1hpXqdw,"Biblia: Descubre el enigma de Sansón y Dalila, historias que impactan hoy",,25 de marzo de 2020,16:34,documental,,Paranormal / Misterios de la Biblia / Ocultismo y esoterismo,https://www.youtube.com/watch?v=lJWk1hpXqdw,https://eldoqmentalista.github.io/v/biblia-descubre-el-enigma-de-sanson-y-dalila-historias-que-impactan-ho/,,
143,666476,qLYcbcBJU2c,"""¿Qué Es El Purgatorio? Misterios Revelados Sobre Este Enigmático Lugar"" - Mundo Católico Audiobook",,5 de septiembre de 2017,17:19,documental,,Paranormal / Ocultismo y esoterismo / Vaticano e Iglesia,https://www.youtube.com/watch?v=qLYcbcBJU2c,https://eldoqmentalista.github.io/v/que-es-el-purgatorio-misterios-revelados-sobre-este-enigmatico-lugar-m/,,
144,666392,1c1mfRdwx94,La Misteriosa Leyenda Del Zodiaco Chino: Secretos Ocultos De La Mitología China,,5 de febrero de 2017,,documental,,Paranormal / Ocultismo y esoterismo / Misterios de la Biblia,https://www.youtube.com/watch?v=1c1mfRdwx94,https://eldoqmentalista.github.io/v/la-misteriosa-leyenda-del-zodiaco-chino-secretos-ocultos-de-la-mitolog/,,
145,665398,VFxW-Iumb5s,"""5 Historias Aterradoras De La Biblia Que Te Helarán La Sangre - Relatos De Horror 2022""",,10 de enero de 2022,16:31,documental,,Paranormal / Misterios de la Biblia / Ocultismo y esoterismo,https://www.youtube.com/watch?v=VFxW-Iumb5s,https://eldoqmentalista.github.io/v/5-historias-aterradoras-de-la-biblia-que-te-helaran-la-sangre-relatos-/,,
146,664438,27fdwtXOO4s,¿Por qué antes vivían mas los humanos? FUIMOS CASTIGADOS,,4 de julio de 2017,13:05,documental,,Paranormal / Ocultismo y esoterismo / Misterios de la Biblia,https://www.youtube.com/watch?v=27fdwtXOO4s,https://eldoqmentalista.github.io/v/por-que-antes-vivian-mas-los-humanos-fuimos-castigados/,,
147,664318,9j5aIo-Afxg,"""SATANÁS En La Edad Media: El Verdadero Rostro Del Mal En La Historia Oculta""",,12 de junio de 2022,16:47,documental,,Paranormal / Ángeles y demonios / Ocultismo y esoterismo,https://www.youtube.com/watch?v=9j5aIo-Afxg,https://eldoqmentalista.github.io/v/satanas-en-la-edad-media-el-verdadero-rostro-del-mal-en-la-historia-oc/,,
148,647812,R0A4_YIgvQw,"CÓMO SON LOS ÁNGELES, Documentales Prohibidos, La vida secreta de un ángel custodio",,14 de febrero de 2021,11:31,documental,,Ángeles y demonios / Paranormal / Ocultismo y esoterismo,https://www.youtube.com/watch?v=R0A4_YIgvQw,https://eldoqmentalista.github.io/v/como-son-los-angeles-documentales-prohibidos-la-vida-secreta-de-un-ang/,,
149,639309,Oua-dtxfet8,"El Ángel de Dios que Mató a 185,000 Humanos En Una Sola Noche",,31 de diciembre de 2019,15:04,documental,,Paranormal / Ángeles y demonios / Ocultismo y esoterismo,https://www.youtube.com/watch?v=Oua-dtxfet8,https://eldoqmentalista.github.io/v/el-angel-de-dios-que-mato-a-185-000-humanos-en-una-sola-noche/,,
150,637620,JmOo3MUwF7I,"""El Verdadero Rostro De Jesús: ¿Cómo Era Realmente El Hijo De Dios?""",,31 de marzo de 2018,10:05,documental,,Paranormal / Ocultismo y esoterismo / Misterios de la Biblia,https://www.youtube.com/watch?v=JmOo3MUwF7I,https://eldoqmentalista.github.io/v/el-verdadero-rostro-de-jesus-como-era-realmente-el-hijo-de-dios/,,
151,634619,qI5z_ZUEHzg,Porqué las personas mas inteligentes son tan solitarias desarrollo personal,,14 de septiembre de 2020,16:08,documental,,Paranormal / Ocultismo y esoterismo / Misterios de la Biblia,https://www.youtube.com/watch?v=qI5z_ZUEHzg,https://eldoqmentalista.github.io/v/porque-las-personas-mas-inteligentes-son-tan-solitarias-desarrollo-per/,,
152,634296,7qWBchZ_yvU,Documental: ¿ENSEÑA LA BIBLIA LA BRUJERÍA? - Documentales interesantes,,3 de abril de 2022,15:00,documental,,Paranormal / Misterios de la Biblia / Ocultismo y esoterismo,https://www.youtube.com/watch?v=7qWBchZ_yvU,https://eldoqmentalista.github.io/v/documental-ensena-la-biblia-la-brujeria-documentales-interesantes/,,
153,632428,G_sTqsd02Eo,La Biblia y el Apocalipsis: ¿Predicción o Profecía?,,13 de enero de 2019,10:49,documental,,Misterios de la Biblia / Paranormal / Ocultismo y esoterismo,https://www.youtube.com/watch?v=G_sTqsd02Eo,https://eldoqmentalista.github.io/v/la-biblia-y-el-apocalipsis-prediccion-o-profecia/,,
154,631788,TK9KGgHEBh8,Encuentran un misterioso mensaje del futuro en una botella en él triángulo de las bermudas,,7 de marzo de 2018,11:44,documental,Misterios y Enigmas,Paranormal / Ocultismo y esoterismo / Misterios de la Biblia,https://www.youtube.com/watch?v=TK9KGgHEBh8,https://eldoqmentalista.github.io/v/encuentran-un-misterioso-mensaje-del-futuro-en-una-botella-en-el-trian/,,
155,631085,bHeRkk9ix6M,"La Magia de Los Antiguos, 5 Increíbles libros de Hechizos, Maldiciones y Encantamientos",,10 de agosto de 2018,16:55,documental,,Ocultismo y esoterismo / Paranormal / Misterios de la Biblia,https://www.youtube.com/watch?v=bHeRkk9ix6M,https://eldoqmentalista.github.io/v/la-magia-de-los-antiguos-5-increibles-libros-de-hechizos-maldiciones-y/,,
156,630239,ValpFgFH0GM,"Ofiuco El Nuevo Signo Del Zodiaco, EXPLICACIÓN La Nueva Astrologia, Nuevos signos, horoscopos, Tarot",,26 de febrero de 2019,12:49,documental,,Ocultismo y esoterismo / Paranormal / Misterios de la Biblia,https://www.youtube.com/watch?v=ValpFgFH0GM,https://eldoqmentalista.github.io/v/ofiuco-el-nuevo-signo-del-zodiaco-explicacion-la-nueva-astrologia-nuev/,,
157,629998,vBDmrf9shF0,Misterios del Mundo: La verdad oculta de la Bruja Caníbal y su leyenda,,18 de abril de 2019,13:03,documental,,Paranormal / Ocultismo y esoterismo / Misterios de la Biblia,https://www.youtube.com/watch?v=vBDmrf9shF0,https://eldoqmentalista.github.io/v/misterios-del-mundo-la-verdad-oculta-de-la-bruja-canibal-y-su-leyenda/,,
158,626380,Vbsw99qVX3Q,"Yo Soy, El DoQmentalista y esto es, COSAS QUE LA IGLESIA NO QUIERE QUE SEPAS",,14 de octubre de 2019,13:13,documental,,Paranormal / Ocultismo y esoterismo / Vaticano e Iglesia,https://www.youtube.com/watch?v=Vbsw99qVX3Q,https://eldoqmentalista.github.io/v/yo-soy-el-doqmentalista-y-esto-es-cosas-que-la-iglesia-no-quiere-que-s/,,
159,626137,SArPY7KQalM,"EL BÁCULO DE MOISÉS, El DoQmentalista, Historias De La Biblia",,31 de mayo de 2019,11:49,documental,,Paranormal / Misterios de la Biblia / Ocultismo y esoterismo,https://www.youtube.com/watch?v=SArPY7KQalM,https://eldoqmentalista.github.io/v/el-baculo-de-moises-el-doqmentalista-historias-de-la-biblia/,,
160,625691,oB8qmbSF1vQ,Encuentran Bruja real malvada en Venezuela brujas captadas en la vida real,,11 de marzo de 2019,18:00,documental,,Paranormal / Ocultismo y esoterismo / Misterios de la Biblia,https://www.youtube.com/watch?v=oB8qmbSF1vQ,https://eldoqmentalista.github.io/v/encuentran-bruja-real-malvada-en-venezuela-brujas-captadas-en-la-vida-/,,
161,619754,yQwlgGNIXzs,Cómo Murieron Adán Y Eva - El Final Oculto - El DoQmentalista,,22 de octubre de 2023,25:08,documental,Misterios y Enigmas,Paranormal / Ocultismo y esoterismo / Misterios de la Biblia,https://www.youtube.com/watch?v=yQwlgGNIXzs,https://eldoqmentalista.github.io/v/como-murieron-adan-y-eva-el-final-oculto-el-doqmentalista/,,
162,619128,ExE197EXMns,Documental: Los Salmos Malditos de la Biblia y sus Secretos Ocultos,,31 de marzo de 2019,14:13,documental,,Paranormal / Misterios de la Biblia / Ocultismo y esoterismo,https://www.youtube.com/watch?v=ExE197EXMns,https://eldoqmentalista.github.io/v/documental-los-salmos-malditos-de-la-biblia-y-sus-secretos-ocultos/,,
163,614145,OXEtNtvUxS4,Chica vuelve de la muerte y se venga de sus asesinos ROSMERI,,16 de septiembre de 2020,11:20,documental,,Paranormal / Ocultismo y esoterismo / Misterios de la Biblia,https://www.youtube.com/watch?v=OXEtNtvUxS4,https://eldoqmentalista.github.io/v/chica-vuelve-de-la-muerte-y-se-venga-de-sus-asesinos-rosmeri/,,
164,612748,eaZbBUXnrXI,¿Por Qué Los Menonitas o Amish Rechazan la Tecnologia? - Documentales Completos en Español,,13 de octubre de 2017,14:30,documental,,Ocultismo y esoterismo / Paranormal / Misterios de la Biblia,https://www.youtube.com/watch?v=eaZbBUXnrXI,https://eldoqmentalista.github.io/v/por-que-los-menonitas-o-amish-rechazan-la-tecnologia-documentales-comp/,,
165,612519,icCTFBlou3w,Cómo Contactar Con Tu ángel de la guarda,,30 de septiembre de 2018,11:46,documental,,Paranormal / Ángeles y demonios / Ocultismo y esoterismo,https://www.youtube.com/watch?v=icCTFBlou3w,https://eldoqmentalista.github.io/v/como-contactar-con-tu-angel-de-la-guarda/,,
166,607178,TDG67OdFSac,Historia De Terror - EL PERRO PERDIDO - horror cuentos reales leyenda,,19 de agosto de 2018,14:08,documental,,Paranormal / Ocultismo y esoterismo / Misterios de la Biblia,https://www.youtube.com/watch?v=TDG67OdFSac,https://eldoqmentalista.github.io/v/historia-de-terror-el-perro-perdido-horror-cuentos-reales-leyenda/,,
167,601577,5BiCIPr-WTk,Misterios: La Marca De Caín y su Impacto en la Religión y la Historia,,14 de enero de 2019,12:49,documental,,Paranormal / Ocultismo y esoterismo / Misterios de la Biblia,https://www.youtube.com/watch?v=5BiCIPr-WTk,https://eldoqmentalista.github.io/v/misterios-la-marca-de-cain-y-su-impacto-en-la-religion-y-la-historia/,,
168,600875,EtZoeooW1qw,¿ Jesús Es Lucifer Y Lucifer No Es Satanás ? El Portador De La Luz el documentalista,,6 de abril de 2021,15:48,documental,,Ángeles y demonios / Paranormal / Ocultismo y esoterismo,https://www.youtube.com/watch?v=EtZoeooW1qw,https://eldoqmentalista.github.io/v/jesus-es-lucifer-y-lucifer-no-es-satanas-el-portador-de-la-luz-el-docu/,,
169,597235,8uVvzOc7LRs,"MAGIA PODEROSA, El Nudo De Las Brujas, Amuletos, Hechizos y rituales para el amor, magia y brujería",,24 de septiembre de 2018,12:58,documental,,Ocultismo y esoterismo / Paranormal / Misterios de la Biblia,https://www.youtube.com/watch?v=8uVvzOc7LRs,https://eldoqmentalista.github.io/v/magia-poderosa-el-nudo-de-las-brujas-amuletos-hechizos-y-rituales-para/,,
170,594792,Yzzw4MmKtf4,EL ARCANGEL URIEL - El Fuego De Dios - Angeologia,,22 de julio de 2017,16:13,documental,,Ocultismo y esoterismo / Paranormal / Ángeles y demonios,https://www.youtube.com/watch?v=Yzzw4MmKtf4,https://eldoqmentalista.github.io/v/el-arcangel-uriel-el-fuego-de-dios-angeologia/,,
171,593038,K7qFnUJT8KQ,Cárcel Vaticana: Papa León XIV Caín y criaturas del subsuelo,,13 de mayo de 2025,34:08,documental,Misterios y Enigmas,Ocultismo y esoterismo / Misterios de la Biblia / Paranormal,https://www.youtube.com/watch?v=K7qFnUJT8KQ,https://eldoqmentalista.github.io/v/carcel-vaticana-papa-leon-xiv-cain-y-criaturas-del-subsuelo/,,
172,592815,FbkOdL3CmPA,Top 5 Misterios del Tercer Ojo: El Ojo de Dios y el Conocimiento Final,,30 de marzo de 2019,12:53,documental,,Paranormal / Ocultismo y esoterismo / Misterios de la Biblia,https://www.youtube.com/watch?v=FbkOdL3CmPA,https://eldoqmentalista.github.io/v/top-5-misterios-del-tercer-ojo-el-ojo-de-dios-y-el-conocimiento-final/,,
173,591436,6-v1SBb2e3E,"12 Veces Que El Diablo Se Aparece En La Biblia, El DoQmentalista",,23 de marzo de 2021,17:38,documental,,Paranormal / Misterios de la Biblia / Ocultismo y esoterismo,https://www.youtube.com/watch?v=6-v1SBb2e3E,https://eldoqmentalista.github.io/v/12-veces-que-el-diablo-se-aparece-en-la-biblia-el-doqmentalista/,,
174,589865,qANEOezPSZg,¿QUE SON LOS DUENDES? ¿SON REALES? videos de terror 2018,,21 de agosto de 2018,12:19,documental,,Paranormal / Ocultismo y esoterismo / Misterios de la Biblia,https://www.youtube.com/watch?v=qANEOezPSZg,https://eldoqmentalista.github.io/v/que-son-los-duendes-son-reales-videos-de-terror-2018/,,
175,587327,ORyrwIQH-l0,Documental: El legado prohibido de los ángeles y su historia oculta,,2 de octubre de 2020,19:34,documental,,Paranormal / Ángeles y demonios / Ocultismo y esoterismo,https://www.youtube.com/watch?v=ORyrwIQH-l0,https://eldoqmentalista.github.io/v/documental-el-legado-prohibido-de-los-angeles-y-su-historia-oculta/,,
176,584566,9rxX9eOueLE,"7 PROFECIAS De Nostradamus Para El 2021, El DoQmentalista",,31 de diciembre de 2020,13:08,documental,,Paranormal / Ocultismo y esoterismo / Profecías,https://www.youtube.com/watch?v=9rxX9eOueLE,https://eldoqmentalista.github.io/v/7-profecias-de-nostradamus-para-el-2021-el-doqmentalista/,,
177,582880,Ww3Ac6wlbaI,La Puerta del Infierno: El Misterio Ardiente del Cráter de Darvaza en el Desierto de Turkmenistán,,2 de agosto de 2016,3:55,documental,,Paranormal / Ocultismo y esoterismo / Misterios de la Biblia,https://www.youtube.com/watch?v=Ww3Ac6wlbaI,https://eldoqmentalista.github.io/v/la-puerta-del-infierno-el-misterio-ardiente-del-crater-de-darvaza-en-e/,,
178,580442,TEMtk0AwXTA,"El Tercer CIelo y sus 7 Esferas Espirituales, El Reino De Dios la biblia The Third Heaven  jmj",,3 de febrero de 2019,13:21,documental,,Ocultismo y esoterismo / Paranormal / Misterios de la Biblia,https://www.youtube.com/watch?v=TEMtk0AwXTA,https://eldoqmentalista.github.io/v/el-tercer-cielo-y-sus-7-esferas-espirituales-el-reino-de-dios-la-bibli/,,
179,576356,XVJq0PqcImI,El Oscurantismo De La Iglesia Católica - Documentales en Español,,17 de noviembre de 2022,13:32,documental,Misterios y Enigmas,Paranormal / Vaticano e Iglesia / Ocultismo y esoterismo,https://www.youtube.com/watch?v=XVJq0PqcImI,https://eldoqmentalista.github.io/v/el-oscurantismo-de-la-iglesia-catolica-documentales-en-espanol/,,
180,575313,jBxKiZBrnUE,"¿Como salir del infierno?, La Mina De Carbón / El DoQmentalista",,2 de enero de 2019,18:52,documental,,Paranormal / Ocultismo y esoterismo / Misterios de la Biblia,https://www.youtube.com/watch?v=jBxKiZBrnUE,https://eldoqmentalista.github.io/v/como-salir-del-infierno-la-mina-de-carbon-el-doqmentalista/,,
181,574977,y5zo_TPaj3o,"DINOSAURIOS EN LA BIBLIA, Evangelio habla de Dragones en el mundo pre-adamico, respuestas en genesis",,20 de junio de 2018,10:30,documental,,Misterios de la Biblia / Paranormal / Ángeles y demonios,https://www.youtube.com/watch?v=y5zo_TPaj3o,https://eldoqmentalista.github.io/v/dinosaurios-en-la-biblia-evangelio-habla-de-dragones-en-el-mundo-pre-a/,,
182,570688,qgepZQ7SY0k,"""La Tierra De Los Demonios: Arqueólogos Desentierran Una Estatua Maldita"" ✅ El DoQmentalista",,12 de mayo de 2021,10:38,documental,,Paranormal / Ángeles y demonios / Ocultismo y esoterismo,https://www.youtube.com/watch?v=qgepZQ7SY0k,https://eldoqmentalista.github.io/v/la-tierra-de-los-demonios-arqueologos-desentierran-una-estatua-maldita/,,
183,569769,rmv90BbZzvI,Las verdades ocultas de Pachita La Chamána Mexicana,,14 de junio de 2023,23:01,documental,Misterios y Enigmas,Paranormal / Ocultismo y esoterismo / Misterios de la Biblia,https://www.youtube.com/watch?v=rmv90BbZzvI,https://eldoqmentalista.github.io/v/las-verdades-ocultas-de-pachita-la-chamana-mexicana/,,
184,568816,LozGTCJLnTU,"Aquiles, El Legendario Guerrero De Troya, Mitologia Griega",,1 de octubre de 2019,13:15,documental,,Ocultismo y esoterismo / Paranormal / Misterios de la Biblia,https://www.youtube.com/watch?v=LozGTCJLnTU,https://eldoqmentalista.github.io/v/aquiles-el-legendario-guerrero-de-troya-mitologia-griega/,,
185,561779,oEieQXvXFCg,Descubre el Misterio Detrás del Símbolo Sagrado de Dios - Documentales en Español,,9 de marzo de 2023,16:10,documental,,Paranormal / Ocultismo y esoterismo / Misterios de la Biblia,https://www.youtube.com/watch?v=oEieQXvXFCg,https://eldoqmentalista.github.io/v/descubre-el-misterio-detras-del-simbolo-sagrado-de-dios-documentales-e/,,
186,557607,G_ERhjdlsRo,"""Las Riquezas Del VATICANO Pueden Borrar La Pobreza Mundial: ¿Por Qué No Lo Hacen?""",,8 de julio de 2017,6:57,documental,,Paranormal / Ocultismo y esoterismo / Vaticano e Iglesia,https://www.youtube.com/watch?v=G_ERhjdlsRo,https://eldoqmentalista.github.io/v/las-riquezas-del-vaticano-pueden-borrar-la-pobreza-mundial-por-que-no-/,,
187,554935,9_Olfw2BLlg,Documental: La Espada Flameante y su Misterioso Papel en el Edén,,30 de marzo de 2018,10:45,documental,,Paranormal / Ocultismo y esoterismo / Misterios de la Biblia,https://www.youtube.com/watch?v=9_Olfw2BLlg,https://eldoqmentalista.github.io/v/documental-la-espada-flameante-y-su-misterioso-papel-en-el-eden/,,
188,551098,wK7vplwv0fk,"EL FRUTO PROHIBIDO DEL EDÉN, El Origen Del Mal,  adam and eve El DoQmentalista",,19 de mayo de 2019,14:24,documental,,Paranormal / Ocultismo y esoterismo / Misterios de la Biblia,https://www.youtube.com/watch?v=wK7vplwv0fk,https://eldoqmentalista.github.io/v/el-fruto-prohibido-del-eden-el-origen-del-mal-adam-and-eve-el-doqmenta/,,
189,551048,qEbEsy7W00U,"Las Demonias Del Infierno, Las Reinas Del Inframundo",,9 de diciembre de 2019,19:01,documental,,Paranormal / Ocultismo y esoterismo / Misterios de la Biblia,https://www.youtube.com/watch?v=qEbEsy7W00U,https://eldoqmentalista.github.io/v/las-demonias-del-infierno-las-reinas-del-inframundo/,,
190,548113,BKQDQs0czSE,Documental: El Peligroso Encuentro con un Demonio en Redes Sociales,,30 de agosto de 2018,14:07,documental,,Paranormal / Ángeles y demonios / Ocultismo y esoterismo,https://www.youtube.com/watch?v=BKQDQs0czSE,https://eldoqmentalista.github.io/v/documental-el-peligroso-encuentro-con-un-demonio-en-redes-sociales/,,
191,547458,W5s2q8GdyHc,"Los 10 Mandamientos, No Son lo Que Creías - Documentales Interesantes",,1 de abril de 2018,7:20,documental,,Paranormal / Ocultismo y esoterismo / Misterios de la Biblia,https://www.youtube.com/watch?v=W5s2q8GdyHc,https://eldoqmentalista.github.io/v/los-10-mandamientos-no-son-lo-que-creias-documentales-interesantes/,,
192,546335,Y56AwdOWKY0,¿Qué dice la Biblia sobre los Tatuajes? - Documentales Interesantes,,30 de mayo de 2022,13:20,documental,,Paranormal / Misterios de la Biblia / Ocultismo y esoterismo,https://www.youtube.com/watch?v=Y56AwdOWKY0,https://eldoqmentalista.github.io/v/que-dice-la-biblia-sobre-los-tatuajes-documentales-interesantes/,,
193,546216,TaPsmuD1s78,7 SEÑALES de que estás SIENDO ATACADO por FUERZAS OSCURAS ¡No lo Ignorés!,,6 de febrero de 2018,16:41,documental,,Paranormal / Ocultismo y esoterismo / Misterios de la Biblia,https://www.youtube.com/watch?v=TaPsmuD1s78,https://eldoqmentalista.github.io/v/7-senales-de-que-estas-siendo-atacado-por-fuerzas-oscuras-no-lo-ignore/,,
194,545445,tpF5rBuSGCY,"8 DEMONIOS QUE APARECEN EN TUS SUEÑOS, Relatos de Terror, historias del mas alla",,15 de julio de 2020,15:27,documental,,Paranormal / Ángeles y demonios / Ocultismo y esoterismo,https://www.youtube.com/watch?v=tpF5rBuSGCY,https://eldoqmentalista.github.io/v/8-demonios-que-aparecen-en-tus-suenos-relatos-de-terror-historias-del-/,,
195,545170,HDOkBp5Ilyw,"Cómo convertirse en mago, la alquimia espiritual, una ciencia secreta y mucho más.",,26 de marzo de 2019,19:34,documental,,Ocultismo y esoterismo / Paranormal / Misterios de la Biblia,https://www.youtube.com/watch?v=HDOkBp5Ilyw,https://eldoqmentalista.github.io/v/como-convertirse-en-mago-la-alquimia-espiritual-una-ciencia-secreta-y-/,,
196,544862,X_UAsyEc_-E,"Experiencias cercanas a la muerte, near death experience, El DoQmentalista",,14 de abril de 2019,31:58,documental,,Paranormal / Ocultismo y esoterismo / Misterios de la Biblia,https://www.youtube.com/watch?v=X_UAsyEc_-E,https://eldoqmentalista.github.io/v/experiencias-cercanas-a-la-muerte-near-death-experience-el-doqmentalis/,,
197,539453,gkpOqR_61ec,Documental: ¿Qué dice la Biblia sobre la Cremación? - Documentales Interesantes,,19 de mayo de 2022,12:06,documental,,Paranormal / Misterios de la Biblia / Ocultismo y esoterismo,https://www.youtube.com/watch?v=gkpOqR_61ec,https://eldoqmentalista.github.io/v/documental-que-dice-la-biblia-sobre-la-cremacion-documentales-interesa/,,
198,536374,1zwQEnQUdco,Terror: El Campamento Maldito y sus 5 Historias de Miedo y Fantasmas,,7 de julio de 2018,26:20,documental,Misterios y Enigmas,Paranormal / Ocultismo y esoterismo / Misterios de la Biblia,https://www.youtube.com/watch?v=1zwQEnQUdco,https://eldoqmentalista.github.io/v/terror-el-campamento-maldito-y-sus-5-historias-de-miedo-y-fantasmas/,,
199,536236,iH1i2PObBvk,El Kraken: La Verdad Oculta de los Monstruos Marinos Más Temidos de la Mitología,,19 de julio de 2016,8:07,documental,,Ocultismo y esoterismo / Paranormal / Misterios de la Biblia,https://www.youtube.com/watch?v=iH1i2PObBvk,https://eldoqmentalista.github.io/v/el-kraken-la-verdad-oculta-de-los-monstruos-marinos-mas-temidos-de-la-/,,
200,532397,eUeORI7XYTM,"La Leyenda del Holandés Errante, el barco fantasma que atemoriza a los navegantes",,11 de diciembre de 2018,10:26,documental,,Paranormal / Ocultismo y esoterismo / Misterios de la Biblia,https://www.youtube.com/watch?v=eUeORI7XYTM,https://eldoqmentalista.github.io/v/la-leyenda-del-holandes-errante-el-barco-fantasma-que-atemoriza-a-los-/,,
201,531449,TbKhPID5N14,"El Trino del Diablo, La Verdadera Historia de Giuseppe Tartini",,19 de abril de 2018,11:41,documental,,Paranormal / Ocultismo y esoterismo / Misterios de la Biblia,https://www.youtube.com/watch?v=TbKhPID5N14,https://eldoqmentalista.github.io/v/el-trino-del-diablo-la-verdadera-historia-de-giuseppe-tartini/,,
202,524537,m_c5UYSJB2M,"DESAPARECE UN PUEBLO ENTERO de la noche a la mañana, con todo y muertos en Canadá",,4 de agosto de 2017,6:07,documental,,Paranormal / Ocultismo y esoterismo / Misterios de la Biblia,https://www.youtube.com/watch?v=m_c5UYSJB2M,https://eldoqmentalista.github.io/v/desaparece-un-pueblo-entero-de-la-noche-a-la-manana-con-todo-y-muertos/,,
203,506898,C_DBmEqhPTA,Nahual: ¿Cómo Capturarlo? ¡Descúbrelo!,,31 de diciembre de 2022,13:54,documental,Misterios y Enigmas,Paranormal / Ocultismo y esoterismo / Misterios de la Biblia,https://www.youtube.com/watch?v=C_DBmEqhPTA,https://eldoqmentalista.github.io/v/nahual-como-capturarlo-descubrelo/,,
204,506277,GaR6Q-DI_Cs,Documental: ¿DIOS ES PEOR QUE SATANÁS? ANALIZANDO LA BIBLIA - Documentales interesantes,,1 de marzo de 2022,12:07,documental,,Paranormal / Misterios de la Biblia / Ángeles y demonios,https://www.youtube.com/watch?v=GaR6Q-DI_Cs,https://eldoqmentalista.github.io/v/documental-dios-es-peor-que-satanas-analizando-la-biblia-documentales-/,,
205,504334,P4Bs5nFQSgM,Documental: ¿QUÉ DICE LA BIBLIA DE LA BRUJERÍA? - Documentales interesantes,,29 de marzo de 2022,14:21,documental,,Paranormal / Misterios de la Biblia / Ocultismo y esoterismo,https://www.youtube.com/watch?v=P4Bs5nFQSgM,https://eldoqmentalista.github.io/v/documental-que-dice-la-biblia-de-la-brujeria-documentales-interesantes/,,
206,500914,QcqQRxU8ZDI,Que Significa Soñar Con AGUA - El Significado de los sueños,,12 de agosto de 2017,3:54,documental,,Paranormal / Ocultismo y esoterismo / Misterios de la Biblia,https://www.youtube.com/watch?v=QcqQRxU8ZDI,https://eldoqmentalista.github.io/v/que-significa-sonar-con-agua-el-significado-de-los-suenos/,,
207,498924,uh50AvYdA08,La Historia de EL ANILLO Del Rey SALOMÓN - Documentales en Español,,22 de septiembre de 2022,11:14,documental,,Paranormal / Ocultismo y esoterismo / Misterios de la Biblia,https://www.youtube.com/watch?v=uh50AvYdA08,https://eldoqmentalista.github.io/v/la-historia-de-el-anillo-del-rey-salomon-documentales-en-espanol/,,
208,496564,9CvlOizSWhU,"Los ARCHIDEMONIOS La contra parte de los Arcángeles, Son Ángeles Caídos",,18 de febrero de 2018,15:24,documental,,Ángeles y demonios / Paranormal / Ocultismo y esoterismo,https://www.youtube.com/watch?v=9CvlOizSWhU,https://eldoqmentalista.github.io/v/los-archidemonios-la-contra-parte-de-los-arcangeles-son-angeles-caidos/,,
209,493494,sOilOsK0tbc,"Secretos Del Vaticano, Armas Mágicas y Espirituales, El Cordón De San Francisco y El Orarium Mágico",,1 de mayo de 2019,18:03,documental,,Ocultismo y esoterismo / Paranormal / Vaticano e Iglesia,https://www.youtube.com/watch?v=sOilOsK0tbc,https://eldoqmentalista.github.io/v/secretos-del-vaticano-armas-magicas-y-espirituales-el-cordon-de-san-fr/,,
210,492740,9EPA4RZZAG8,Que Significa La Palabra Lucifer? La historia de satanás según la biblia,,24 de abril de 2018,10:23,documental,,Ángeles y demonios / Paranormal / Misterios de la Biblia,https://www.youtube.com/watch?v=9EPA4RZZAG8,https://eldoqmentalista.github.io/v/que-significa-la-palabra-lucifer-la-historia-de-satanas-segun-la-bibli/,,
211,492147,HApnSSP7FX8,"¿Que Es? El Palo Mayombe, Religión, Rituales, Muertos y Oscuridad",,24 de abril de 2020,13:37,documental,,Ocultismo y esoterismo / Paranormal / Misterios de la Biblia,https://www.youtube.com/watch?v=HApnSSP7FX8,https://eldoqmentalista.github.io/v/que-es-el-palo-mayombe-religion-rituales-muertos-y-oscuridad/,,
212,491565,O5qfQ-JZ1YM,Profecías Para El 2024 - ALERTA - Predicciones y Visiones Proféticas - El DoQmentalista,,31 de diciembre de 2023,22:52,documental,Documentales Completos,Paranormal / Ocultismo y esoterismo / Profecías,https://www.youtube.com/watch?v=O5qfQ-JZ1YM,https://eldoqmentalista.github.io/v/profecias-para-el-2024-alerta-predicciones-y-visiones-profeticas-el-do/,,
213,490809,58EK8SfPFFs,"LA SERPIENTE DEL EDÉN, Quién era REALMENTE, documentales interesantes ✅ El DoQmentalista",,18 de noviembre de 2021,11:13,documental,,Paranormal / Ocultismo y esoterismo / Misterios de la Biblia,https://www.youtube.com/watch?v=58EK8SfPFFs,https://eldoqmentalista.github.io/v/la-serpiente-del-eden-quien-era-realmente-documentales-interesantes-el/,,
214,490144,-st9gdp3CpQ,"El Evangelio De Satanás, El Gran Grimorio Escondido En El Vaticano",,17 de agosto de 2018,10:06,documental,,Ángeles y demonios / Paranormal / Misterios de la Biblia,https://www.youtube.com/watch?v=-st9gdp3CpQ,https://eldoqmentalista.github.io/v/el-evangelio-de-satanas-el-gran-grimorio-escondido-en-el-vaticano/,,
215,487124,-7ynkG6J-ug,"La Torá, El Libro Que Jesús Estudiaba - Documentales en Español",,10 de noviembre de 2022,17:07,documental,Misterios y Enigmas,Paranormal / Ocultismo y esoterismo / Misterios de la Biblia,https://www.youtube.com/watch?v=-7ynkG6J-ug,https://eldoqmentalista.github.io/v/la-tora-el-libro-que-jesus-estudiaba-documentales-en-espanol/,,
216,483454,a5BDuGl7uSU,"LOS PREADAMITAS, Los Primeros Seres Humanos ANTES de Adán y Eva / El DoQmentalista",,31 de octubre de 2019,10:29,documental,,Paranormal / Ocultismo y esoterismo / Misterios de la Biblia,https://www.youtube.com/watch?v=a5BDuGl7uSU,https://eldoqmentalista.github.io/v/los-preadamitas-los-primeros-seres-humanos-antes-de-adan-y-eva-el-doqm/,,
217,481812,_ua25lfbxBA,Misterio ¿De Donde Vienen Los Mormones? / Nefitas y Lamanitas / Jesús Cristo En América,,15 de octubre de 2017,16:13,documental,Misterios y Enigmas,Paranormal / Ocultismo y esoterismo / Jesús y María,https://www.youtube.com/watch?v=_ua25lfbxBA,https://eldoqmentalista.github.io/v/misterio-de-donde-vienen-los-mormones-nefitas-y-lamanitas-jesus-cristo/,,
218,478445,gWohSNGSdQ0,"MENTIRA, Jesús no nació él 25 de diciembre ADVERTENCIA podrías destruir tu navidad",,14 de diciembre de 2017,10:27,documental,,Paranormal / Ocultismo y esoterismo / Misterios de la Biblia,https://www.youtube.com/watch?v=gWohSNGSdQ0,https://eldoqmentalista.github.io/v/mentira-jesus-no-nacio-el-25-de-diciembre-advertencia-podrias-destruir/,,
219,478309,WElKf6XDVfU,Mensajes Divinos: Simbolismo del Número 444,,20 de diciembre de 2018,10:47,documental,Documentales Completos,Paranormal / Ocultismo y esoterismo / Misterios de la Biblia,https://www.youtube.com/watch?v=WElKf6XDVfU,https://eldoqmentalista.github.io/v/mensajes-divinos-simbolismo-del-numero-444/,,
220,475121,xiZ9sjrcaAw,Hoia Baciu - El Bosque mas PELIGROSO del MUNDO el doqmentalista,,14 de junio de 2017,11:34,documental,,Paranormal / Ocultismo y esoterismo / Misterios de la Biblia,https://www.youtube.com/watch?v=xiZ9sjrcaAw,https://eldoqmentalista.github.io/v/hoia-baciu-el-bosque-mas-peligroso-del-mundo-el-doqmentalista/,,
221,474954,56Jpqa1UuHM,Que Significa Soñar Con Una SERPIENTE Significado de los sueños,,13 de agosto de 2017,2:40,short,,Paranormal / Ocultismo y esoterismo / Misterios de la Biblia,https://www.youtube.com/watch?v=56Jpqa1UuHM,https://eldoqmentalista.github.io/v/que-significa-sonar-con-una-serpiente-significado-de-los-suenos/,,
222,474909,eQ8rZLe3XpE,8 secretos de la biblia que casi nadie sabe ✅ El DoQmentalista,,10 de junio de 2021,10:09,documental,,Paranormal / Misterios de la Biblia / Ocultismo y esoterismo,https://www.youtube.com/watch?v=eQ8rZLe3XpE,https://eldoqmentalista.github.io/v/8-secretos-de-la-biblia-que-casi-nadie-sabe-el-doqmentalista/,,
223,473086,55bCmlTOUAY,"¿Dios es Malo? ¿Qué dice la Biblia al respecto?  (Documentales, El DoQmentalista, Entretenimiento)",,1 de diciembre de 2020,13:14,documental,,Paranormal / Misterios de la Biblia / Ocultismo y esoterismo,https://www.youtube.com/watch?v=55bCmlTOUAY,https://eldoqmentalista.github.io/v/dios-es-malo-que-dice-la-biblia-al-respecto-documentales-el-doqmentali/,,
224,470333,cYfCjxeWcEQ,"El Tártaro, La antigua prisión griega de los condenados, El DoQmentalista urano hermes",,14 de abril de 2019,10:22,documental,,Paranormal / Ocultismo y esoterismo / Misterios de la Biblia,https://www.youtube.com/watch?v=cYfCjxeWcEQ,https://eldoqmentalista.github.io/v/el-tartaro-la-antigua-prision-griega-de-los-condenados-el-doqmentalist/,,
225,470237,GCBwCO68OWk,Documental: El Enigma de las Reliquias de Jesús y su Significado Espiritual,,24 de enero de 2021,15:55,documental,,Ocultismo y esoterismo / Paranormal / Misterios de la Biblia,https://www.youtube.com/watch?v=GCBwCO68OWk,https://eldoqmentalista.github.io/v/documental-el-enigma-de-las-reliquias-de-jesus-y-su-significado-espiri/,,
226,465641,5HMmu9Lksfc,"El Misterio De Los 9 Hombres Desconocidos De Ashoka, Misterios Del Mundo",,5 de junio de 2020,12:59,documental,Misterios y Enigmas,Paranormal / Ocultismo y esoterismo / Misterios de la Biblia,https://www.youtube.com/watch?v=5HMmu9Lksfc,https://eldoqmentalista.github.io/v/el-misterio-de-los-9-hombres-desconocidos-de-ashoka-misterios-del-mund/,,
227,462057,qdWSSdVGATs,Misterios: La inquietante verdad sobre la inexistencia del alma humana,,6 de abril de 2018,8:52,documental,,Paranormal / Ocultismo y esoterismo / Misterios de la Biblia,https://www.youtube.com/watch?v=qdWSSdVGATs,https://eldoqmentalista.github.io/v/misterios-la-inquietante-verdad-sobre-la-inexistencia-del-alma-humana/,,
228,461788,ihBQCEyxstc,"""Profecía Oscura: Los Tres Días De Terror Que Cambiarán Al Mundo - Advertencias Del Cielo""",,17 de noviembre de 2023,25:10,documental,Misterios y Enigmas,Paranormal / Ocultismo y esoterismo / Misterios de la Biblia,https://www.youtube.com/watch?v=ihBQCEyxstc,https://eldoqmentalista.github.io/v/profecia-oscura-los-tres-dias-de-terror-que-cambiaran-al-mundo-adverte/,,
229,460988,ENti5hHCmNg,Don de Sanación: Secretos Ancestrales,,8 de agosto de 2023,15:53,documental,Documentales Completos,Paranormal / Ocultismo y esoterismo / Misterios de la Biblia,https://www.youtube.com/watch?v=ENti5hHCmNg,https://eldoqmentalista.github.io/v/don-de-sanacion-secretos-ancestrales/,,
230,457400,6PKRylRNouI,BABA VANGA: Las Profecias Del Terror - Documentales en Español,,8 de septiembre de 2022,13:35,documental,,Paranormal / Ocultismo y esoterismo / Profecías,https://www.youtube.com/watch?v=6PKRylRNouI,https://eldoqmentalista.github.io/v/baba-vanga-las-profecias-del-terror-documentales-en-espanol/,,
231,455377,_Ihgq7O8Chg,"Ángeles Encarnados, Hay Ángeles En la Tierra, Espiritualidad",,17 de agosto de 2020,11:50,documental,,Ángeles y demonios / Ocultismo y esoterismo / Paranormal,https://www.youtube.com/watch?v=_Ihgq7O8Chg,https://eldoqmentalista.github.io/v/angeles-encarnados-hay-angeles-en-la-tierra-espiritualidad/,,
232,454728,urB5RvI0a5A,"El poder mágico de los ESPEJOS, El DoQmentalista entretenimiento",,12 de junio de 2020,13:45,documental,,Paranormal / Ocultismo y esoterismo / Misterios de la Biblia,https://www.youtube.com/watch?v=urB5RvI0a5A,https://eldoqmentalista.github.io/v/el-poder-magico-de-los-espejos-el-doqmentalista-entretenimiento/,,
233,452132,GI62hYx7wBQ,"La Casa En El Bosque, Historia Real Que Le Pasó A Un Suscriptor, Historias De Terror",,13 de noviembre de 2018,22:24,documental,,Paranormal / Ocultismo y esoterismo / Misterios de la Biblia,https://www.youtube.com/watch?v=GI62hYx7wBQ,https://eldoqmentalista.github.io/v/la-casa-en-el-bosque-historia-real-que-le-paso-a-un-suscriptor-histori/,,
234,451981,Kmp9Zh4OazA,Los Caballeros templarios Quienes fueron y por qué los llamaban así documentales interesantes,,1 de febrero de 2019,12:03,documental,,Paranormal / Ocultismo y esoterismo / Misterios de la Biblia,https://www.youtube.com/watch?v=Kmp9Zh4OazA,https://eldoqmentalista.github.io/v/los-caballeros-templarios-quienes-fueron-y-por-que-los-llamaban-asi-do/,,
235,449933,jzvQV-ddL5o,El Oscuro Y Tenebroso Origen Del Dia De San Valentín (Dia Del Amor Y La Amistad),,13 de febrero de 2020,12:08,documental,,Paranormal / Ocultismo y esoterismo / Misterios de la Biblia,https://www.youtube.com/watch?v=jzvQV-ddL5o,https://eldoqmentalista.github.io/v/el-oscuro-y-tenebroso-origen-del-dia-de-san-valentin-dia-del-amor-y-la/,,
236,439548,a8JlLHGW2gA,"MOLOCH, El Devora Niños - ADVERTENCIA Podrías tener pesadillas",,11 de diciembre de 2017,12:20,documental,,Paranormal / Ocultismo y esoterismo / Misterios de la Biblia,https://www.youtube.com/watch?v=a8JlLHGW2gA,https://eldoqmentalista.github.io/v/moloch-el-devora-ninos-advertencia-podrias-tener-pesadillas/,,
237,436032,YMVzh_G0KsM,"EL CUSTOS VATICANI, El Protector Oculto Del Vaticano - Documentales en Español",,30 de marzo de 2023,14:25,documental,Misterios y Enigmas,Paranormal / Ocultismo y esoterismo / Vaticano e Iglesia,https://www.youtube.com/watch?v=YMVzh_G0KsM,https://eldoqmentalista.github.io/v/el-custos-vaticani-el-protector-oculto-del-vaticano-documentales-en-es/,,
238,433940,KqATCoVNO5A,"Que Es Brujeria Y Santeria: ifa, wicca, olodumare, occult, historias del mas allá, relatos de terror",,2 de marzo de 2021,11:59,documental,,Paranormal / Ocultismo y esoterismo / Misterios de la Biblia,https://www.youtube.com/watch?v=KqATCoVNO5A,https://eldoqmentalista.github.io/v/que-es-brujeria-y-santeria-ifa-wicca-olodumare-occult-historias-del-ma/,,
239,422029,hw71HRt6-NI,"¿Quién era Jesús?, ¿quien fue jesus? documentales interesantes",,22 de marzo de 2021,12:12,documental,,Paranormal / Ocultismo y esoterismo / Jesús y María,https://www.youtube.com/watch?v=hw71HRt6-NI,https://eldoqmentalista.github.io/v/quien-era-jesus-quien-fue-jesus-documentales-interesantes/,,
240,417613,MladleVnHCA,"¿QUÉ ES EL OCULTISMO? Libros, Peligros y Alta Magia, El DoQmentalista",,3 de noviembre de 2019,12:09,documental,,Ocultismo y esoterismo / Paranormal / Misterios de la Biblia,https://www.youtube.com/watch?v=MladleVnHCA,https://eldoqmentalista.github.io/v/que-es-el-ocultismo-libros-peligros-y-alta-magia-el-doqmentalista/,,
241,413778,ymLqCL_yTBg,"EL CAZADOR DE BRUJAS, El DoQmentalista, Brujas Reales, Historias De Terror",,11 de junio de 2018,8:38,documental,,Paranormal / Ocultismo y esoterismo / Misterios de la Biblia,https://www.youtube.com/watch?v=ymLqCL_yTBg,https://eldoqmentalista.github.io/v/el-cazador-de-brujas-el-doqmentalista-brujas-reales-historias-de-terro/,,
242,409760,Rar3vNrA9MA,"La Misión de los doce, ¿por qué debemos conocer al mal? Jesús ordenó expulsar demonios",,13 de abril de 2021,13:18,documental,,Paranormal / Ángeles y demonios / Ocultismo y esoterismo,https://www.youtube.com/watch?v=Rar3vNrA9MA,https://eldoqmentalista.github.io/v/la-mision-de-los-doce-por-que-debemos-conocer-al-mal-jesus-ordeno-expu/,,
243,405565,1QKnhcpgb38,Cómo los Ángeles Caídos se convirtieron en Demonios,,15 de diciembre de 2018,14:45,documental,,Ángeles y demonios / Paranormal / Ocultismo y esoterismo,https://www.youtube.com/watch?v=1QKnhcpgb38,https://eldoqmentalista.github.io/v/como-los-angeles-caidos-se-convirtieron-en-demonios/,,
244,403832,6D9Z_Kx7KHw,Halloween: Secretos y Horrores Revelados,,30 de octubre de 2020,26:20,documental,,Paranormal / Ocultismo y esoterismo / Misterios de la Biblia,https://www.youtube.com/watch?v=6D9Z_Kx7KHw,https://eldoqmentalista.github.io/v/halloween-secretos-y-horrores-revelados/,,
245,403164,HW9DSxDGD9s,David Y Goliat Historia Bíblica,,12 de mayo de 2018,12:35,documental,,Paranormal / Misterios de la Biblia / Ocultismo y esoterismo,https://www.youtube.com/watch?v=HW9DSxDGD9s,https://eldoqmentalista.github.io/v/david-y-goliat-historia-biblica/,,
246,399834,MpExzGymy2Q,¿Como será el FIN DEL MUNDO? - un Mundo Sin Humanos,,10 de julio de 2017,22:52,documental,,Paranormal / Ocultismo y esoterismo / Misterios de la Biblia,https://www.youtube.com/watch?v=MpExzGymy2Q,https://eldoqmentalista.github.io/v/como-sera-el-fin-del-mundo-un-mundo-sin-humanos/,,
247,395029,NNhu5BnHrsA,Titanoboa: La Serpiente Monstruosa del Paleoceno fósil Descubierto en Colombia Sudamérica,,29 de abril de 2018,9:09,documental,,Paranormal / Ocultismo y esoterismo / Misterios de la Biblia,https://www.youtube.com/watch?v=NNhu5BnHrsA,https://eldoqmentalista.github.io/v/titanoboa-la-serpiente-monstruosa-del-paleoceno-fosil-descubierto-en-c/,,
248,393637,bNbFPgy7WDo,"LA AMADA DEL DIABLO - Videos De Terror Real, Relatos e Historias videos de terror extremo 2022",,1 de febrero de 2022,14:57,documental,,Paranormal / Ocultismo y esoterismo / Misterios de la Biblia,https://www.youtube.com/watch?v=bNbFPgy7WDo,https://eldoqmentalista.github.io/v/la-amada-del-diablo-videos-de-terror-real-relatos-e-historias-videos-d/,,
249,390907,ilvZP4z90Lo,Los Oscuros SECRETOS del Vaticano ¿Los Falsos Seguidores de Dios?  documental,,11 de marzo de 2019,15:48,documental,,Paranormal / Ocultismo y esoterismo / Vaticano e Iglesia,https://www.youtube.com/watch?v=ilvZP4z90Lo,https://eldoqmentalista.github.io/v/los-oscuros-secretos-del-vaticano-los-falsos-seguidores-de-dios-docume/,,
250,390761,KtNYjRnJW94,"Las Hermanas Caníbales, Se Comieron a Sus Vecinos, EL DOQMENTALISTA, Vídeos De Terror y miedo",,7 de junio de 2018,11:46,documental,,Paranormal / Ocultismo y esoterismo / Misterios de la Biblia,https://www.youtube.com/watch?v=KtNYjRnJW94,https://eldoqmentalista.github.io/v/las-hermanas-canibales-se-comieron-a-sus-vecinos-el-doqmentalista-vide/,,
251,386490,Rku63EmNP6A,Misterios: El Temor de Dios y lo que No Quieren que sepas de la Biblia,,5 de abril de 2020,15:59,documental,,Paranormal / Misterios de la Biblia / Ocultismo y esoterismo,https://www.youtube.com/watch?v=Rku63EmNP6A,https://eldoqmentalista.github.io/v/misterios-el-temor-de-dios-y-lo-que-no-quieren-que-sepas-de-la-biblia/,,
252,382222,fFsD1Tpqk7s,Documental: Los secretos oscuros de los Súcubos en la demonología,,6 de junio de 2017,11:29,documental,,Ocultismo y esoterismo / Paranormal / Misterios de la Biblia,https://www.youtube.com/watch?v=fFsD1Tpqk7s,https://eldoqmentalista.github.io/v/documental-los-secretos-oscuros-de-los-sucubos-en-la-demonologia/,,
253,378815,UHbPzwSLXyM,Documental: Universos Paralelos y los Misterios que Nunca Entendimos,,13 de junio de 2019,13:09,documental,Misterios y Enigmas,Paranormal / Ocultismo y esoterismo / Misterios de la Biblia,https://www.youtube.com/watch?v=UHbPzwSLXyM,https://eldoqmentalista.github.io/v/documental-universos-paralelos-y-los-misterios-que-nunca-entendimos/,,
254,378770,7gBS9Opt43w,7 Preguntas Que La Ciencia Todavía No Puede Responder ✅ El DoQmentalista,,20 de junio de 2021,10:33,documental,,Paranormal / Ocultismo y esoterismo / Misterios de la Biblia,https://www.youtube.com/watch?v=7gBS9Opt43w,https://eldoqmentalista.github.io/v/7-preguntas-que-la-ciencia-todavia-no-puede-responder-el-doqmentalista/,,
255,378525,Ow5S7x7cALA,Historias Reales: La Brujería en la Santería y sus Secretos Ocultos,,19 de abril de 2019,15:27,documental,,Paranormal / Ocultismo y esoterismo / Misterios de la Biblia,https://www.youtube.com/watch?v=Ow5S7x7cALA,https://eldoqmentalista.github.io/v/historias-reales-la-brujeria-en-la-santeria-y-sus-secretos-ocultos/,,
256,376823,X_aJTY1OwSg,La Bruja de Endor - ¡Secretos Bíblicos!,,13 de enero de 2023,12:35,documental,,Paranormal / Misterios de la Biblia / Ocultismo y esoterismo,https://www.youtube.com/watch?v=X_aJTY1OwSg,https://eldoqmentalista.github.io/v/la-bruja-de-endor-secretos-biblicos/,,
257,376732,21S60C2d_g8,"¿Que son los demonios? - Ángeles Caídos, Entidades siniestras de Satanás",,14 de junio de 2017,14:33,documental,,Ángeles y demonios / Paranormal / Ocultismo y esoterismo,https://www.youtube.com/watch?v=21S60C2d_g8,https://eldoqmentalista.github.io/v/que-son-los-demonios-angeles-caidos-entidades-siniestras-de-satanas/,,
258,375270,B687CqrjW2U,"Cómo Romper Una Maldición, Quitar Brujería, Romper Hechizo",,10 de febrero de 2020,14:22,documental,,Paranormal / Ocultismo y esoterismo / Misterios de la Biblia,https://www.youtube.com/watch?v=B687CqrjW2U,https://eldoqmentalista.github.io/v/como-romper-una-maldicion-quitar-brujeria-romper-hechizo/,,
259,373427,S9vT9ndVowE,"La poderosa y legendaria Espada Del Augurio, El DoQmentalista",,20 de septiembre de 2020,11:18,documental,,Paranormal / Ocultismo y esoterismo / Misterios de la Biblia,https://www.youtube.com/watch?v=S9vT9ndVowE,https://eldoqmentalista.github.io/v/la-poderosa-y-legendaria-espada-del-augurio-el-doqmentalista/,,
260,373312,imB7GgzqBkc,CONSTANTINE: El Hechicero que DESAFIÓ al INFIERNO | Historias de terror - El DoQmentalista,,23 de noviembre de 2023,25:36,documental,Documentales Completos,Paranormal / Ocultismo y esoterismo / Misterios de la Biblia,https://www.youtube.com/watch?v=imB7GgzqBkc,https://eldoqmentalista.github.io/v/constantine-el-hechicero-que-desafio-al-infierno-historias-de-terror-e/,,
261,369339,FA-Lnj0xTyo,"EL ARREBATAMIENTO, Profecias De La biblia para el final de los tiempos, eventos finales",,20 de julio de 2020,11:34,documental,,Paranormal / Misterios de la Biblia / Ocultismo y esoterismo,https://www.youtube.com/watch?v=FA-Lnj0xTyo,https://eldoqmentalista.github.io/v/el-arrebatamiento-profecias-de-la-biblia-para-el-final-de-los-tiempos-/,,
262,368343,XcwcTUqDgMI,"Lilith, El Origen Del Mal, La Palabra de Dios, El Pecado Divino",,13 de agosto de 2019,12:34,documental,,Paranormal / Ocultismo y esoterismo / Misterios de la Biblia,https://www.youtube.com/watch?v=XcwcTUqDgMI,https://eldoqmentalista.github.io/v/lilith-el-origen-del-mal-la-palabra-de-dios-el-pecado-divino/,,
263,367686,hpiGuz1yHug,El Increíble Origen de los Testigos de Jehová - El DoQmentalista,,12 de diciembre de 2023,19:49,documental,Documentales Completos,Paranormal / Ocultismo y esoterismo / Misterios de la Biblia,https://www.youtube.com/watch?v=hpiGuz1yHug,https://eldoqmentalista.github.io/v/el-increible-origen-de-los-testigos-de-jehova-el-doqmentalista/,,
264,363256,VH8412ImqKI,"Objetos Mágicos según tu signo del zodiaco, horoscopo",,10 de marzo de 2020,12:32,documental,,Paranormal / Ocultismo y esoterismo / Misterios de la Biblia,https://www.youtube.com/watch?v=VH8412ImqKI,https://eldoqmentalista.github.io/v/objetos-magicos-segun-tu-signo-del-zodiaco-horoscopo/,,
265,361072,XGweZ9hPq1A,Revelado: Cronovisor del Vaticano. El Papa visita a Jesús. La máquina del tiempo existe.,,30 de marzo de 2025,26:47,documental,Misterios y Enigmas,Ocultismo y esoterismo / Misterios de la Biblia / Vaticano e Iglesia,https://www.youtube.com/watch?v=XGweZ9hPq1A,https://eldoqmentalista.github.io/v/revelado-cronovisor-del-vaticano-el-papa-visita-a-jesus-la-maquina-del/,,
266,359603,Q-mdj-mNL3I,La Verdadera Historia de los Tres Reyes Magos,,5 de diciembre de 2018,11:46,documental,,Paranormal / Ocultismo y esoterismo / Misterios de la Biblia,https://www.youtube.com/watch?v=Q-mdj-mNL3I,https://eldoqmentalista.github.io/v/la-verdadera-historia-de-los-tres-reyes-magos/,,
267,359122,U5eLvDXqMEc,REENCARNACIÓN: El Misterio de la Vida Después de Morir | Un Documental del Más Allá,,6 de marzo de 2023,17:54,documental,,Paranormal / Ocultismo y esoterismo / Misterios de la Biblia,https://www.youtube.com/watch?v=U5eLvDXqMEc,https://eldoqmentalista.github.io/v/reencarnacion-el-misterio-de-la-vida-despues-de-morir-un-documental-de/,,
268,356007,6WXkSNpE14Y,¿Qué es la Esquizofrenia? trastornos mentales,,26 de julio de 2017,7:18,documental,,Paranormal / Ocultismo y esoterismo / Misterios de la Biblia,https://www.youtube.com/watch?v=6WXkSNpE14Y,https://eldoqmentalista.github.io/v/que-es-la-esquizofrenia-trastornos-mentales/,,
269,353608,_B8mqZOHYko,"La leyenda de Gilgamesh, El Inmortal hijo de los Dioses Rey Uruk, Amigo de Enkidu",,1 de noviembre de 2018,12:50,documental,,Paranormal / Ocultismo y esoterismo / Misterios de la Biblia,https://www.youtube.com/watch?v=_B8mqZOHYko,https://eldoqmentalista.github.io/v/la-leyenda-de-gilgamesh-el-inmortal-hijo-de-los-dioses-rey-uruk-amigo-/,,
270,350345,HsRDz40pF_U,Los Símbolos Cristianos Más Poderosos - Documental del Cristianismo ✅ El DoQmentalista,,5 de septiembre de 2021,14:17,documental,,Ocultismo y esoterismo / Paranormal / Misterios de la Biblia,https://www.youtube.com/watch?v=HsRDz40pF_U,https://eldoqmentalista.github.io/v/los-simbolos-cristianos-mas-poderosos-documental-del-cristianismo-el-d/,,
271,348176,vH9tuIQqorE,"De Humano A Arcángel, Nathaniel el Don de Dios, El Ángel De Fuego",,2 de agosto de 2019,12:37,documental,,Ángeles y demonios / Paranormal / Ocultismo y esoterismo,https://www.youtube.com/watch?v=vH9tuIQqorE,https://eldoqmentalista.github.io/v/de-humano-a-arcangel-nathaniel-el-don-de-dios-el-angel-de-fuego/,,
272,346313,qTMwtmnWnuw,"Como Ser Inmortal, La Muerte De La Muerte, Vivir Para Siempre / El DoQmentalista",,6 de enero de 2019,12:27,documental,,Paranormal / Ocultismo y esoterismo / Misterios de la Biblia,https://www.youtube.com/watch?v=qTMwtmnWnuw,https://eldoqmentalista.github.io/v/como-ser-inmortal-la-muerte-de-la-muerte-vivir-para-siempre-el-doqment/,,
273,345638,KUDSzWQHYO0,La Verdadera Historia de Conor Mc Gregor,,16 de julio de 2017,11:46,documental,,Paranormal / Ocultismo y esoterismo / Misterios de la Biblia,https://www.youtube.com/watch?v=KUDSzWQHYO0,https://eldoqmentalista.github.io/v/la-verdadera-historia-de-conor-mc-gregor/,,
274,343589,1Hw-tVDwqzE,"Agua Bendita, Para qué sirve, como usarla y porque el diablo le teme ✅ El DoQmentalista",,3 de junio de 2021,13:56,documental,,Paranormal / Ocultismo y esoterismo / Misterios de la Biblia,https://www.youtube.com/watch?v=1Hw-tVDwqzE,https://eldoqmentalista.github.io/v/agua-bendita-para-que-sirve-como-usarla-y-porque-el-diablo-le-teme-el-/,,
275,342259,tmTfYWts6-o,"El Día De Muertos, 10 Cosas Que Hay Que Saber Sobre El Dia De los Muertos En México 2 de Noviembre",,31 de octubre de 2018,17:43,documental,,Paranormal / Ocultismo y esoterismo / Misterios de la Biblia,https://www.youtube.com/watch?v=tmTfYWts6-o,https://eldoqmentalista.github.io/v/el-dia-de-muertos-10-cosas-que-hay-que-saber-sobre-el-dia-de-los-muert/,,
276,337604,WTwdddiV7Kw,El Significado De Los Sueños (SERIE),,12 de junio de 2017,14:41,documental,,Paranormal / Ocultismo y esoterismo / Misterios de la Biblia,https://www.youtube.com/watch?v=WTwdddiV7Kw,https://eldoqmentalista.github.io/v/el-significado-de-los-suenos-serie/,,
277,337000,sVZvPH_nmNE,Sobrenatural: Revelaciones impactantes de una Entrevista con El Diablo,,9 de mayo de 2023,39:37,documental,El DoQmentalista Podcast,Paranormal / Ocultismo y esoterismo / Misterios de la Biblia,https://www.youtube.com/watch?v=sVZvPH_nmNE,https://eldoqmentalista.github.io/v/sobrenatural-revelaciones-impactantes-de-una-entrevista-con-el-diablo/,,
278,336820,FNhLhk6j7VE,"La Terrorífica Historia de Ramón, vídeo de terror",,16 de octubre de 2018,20:15,documental,,Paranormal / Ocultismo y esoterismo / Misterios de la Biblia,https://www.youtube.com/watch?v=FNhLhk6j7VE,https://eldoqmentalista.github.io/v/la-terrorifica-historia-de-ramon-video-de-terror/,,
279,334267,szspQGNgyjQ,"Ángeles, OVNIs y Secretos Paranormales: En Profundidad con FEPO - Documentales en Español",,24 de marzo de 2023,1:36:35,documental,Misterios y Enigmas,Paranormal / Ángeles y demonios / Ocultismo y esoterismo,https://www.youtube.com/watch?v=szspQGNgyjQ,https://eldoqmentalista.github.io/v/angeles-ovnis-y-secretos-paranormales-en-profundidad-con-fepo-document/,,
280,334220,XmXur5m3504,"Las Horas Espejo - Qué Significan, Numerología ✅ El DoQmentalista numero angelical 44",,7 de julio de 2021,11:35,documental,,Ocultismo y esoterismo / Ángeles y demonios / Paranormal,https://www.youtube.com/watch?v=XmXur5m3504,https://eldoqmentalista.github.io/v/las-horas-espejo-que-significan-numerologia-el-doqmentalista-numero-an/,,
281,333715,Oh-k_hzT0Ok,Qué dice la Biblia sobre el infierno?,,14 de diciembre de 2018,13:03,documental,,Paranormal / Misterios de la Biblia / Ocultismo y esoterismo,https://www.youtube.com/watch?v=Oh-k_hzT0Ok,https://eldoqmentalista.github.io/v/que-dice-la-biblia-sobre-el-infierno/,,
282,333163,-w3FWqH-2II,"Los 10 Símbolos Vikingos Más Poderos, Significados nórdicos",,26 de noviembre de 2019,15:16,documental,,Paranormal / Ocultismo y esoterismo / Misterios de la Biblia,https://www.youtube.com/watch?v=-w3FWqH-2II,https://eldoqmentalista.github.io/v/los-10-simbolos-vikingos-mas-poderos-significados-nordicos/,,
283,332480,P_u04Vke7ek,Demonología: 5 Claves para Protegerte de Incubos y Hechicería Maligna,,23 de junio de 2020,29:08,documental,,Ocultismo y esoterismo / Paranormal / Misterios de la Biblia,https://www.youtube.com/watch?v=P_u04Vke7ek,https://eldoqmentalista.github.io/v/demonologia-5-claves-para-protegerte-de-incubos-y-hechiceria-maligna/,,
284,330342,6vsPgnKcZAI,Casos Reales De Personas Que Jugaron Con Demonios Y Pagaron Las Consecuencias,,10 de septiembre de 2019,15:07,documental,,Paranormal / Ángeles y demonios / Ocultismo y esoterismo,https://www.youtube.com/watch?v=6vsPgnKcZAI,https://eldoqmentalista.github.io/v/casos-reales-de-personas-que-jugaron-con-demonios-y-pagaron-las-consec/,,
285,326803,zsKbFIMacXU,"ABRACADABRA, EL PODER DE LOS HECHIZOS",,25 de octubre de 2019,10:36,documental,,Paranormal / Ocultismo y esoterismo / Misterios de la Biblia,https://www.youtube.com/watch?v=zsKbFIMacXU,https://eldoqmentalista.github.io/v/abracadabra-el-poder-de-los-hechizos/,,
286,325906,tFetfOkHDVE,La Historia de Terror Mas triste del Mundo / En su sexto cumpleaños / El DoQmentalista,,9 de marzo de 2018,14:50,documental,,Paranormal / Ocultismo y esoterismo / Misterios de la Biblia,https://www.youtube.com/watch?v=tFetfOkHDVE,https://eldoqmentalista.github.io/v/la-historia-de-terror-mas-triste-del-mundo-en-su-sexto-cumpleanos-el-d/,,
287,324474,Liuc4n7IxeU,"ASOMBROSAS Historias de Duendes Reales, ¿Qué OCULTAN? - Documentales en Español",,20 de julio de 2023,17:24,documental,Documentales Completos,Paranormal / Ocultismo y esoterismo / Misterios de la Biblia,https://www.youtube.com/watch?v=Liuc4n7IxeU,https://eldoqmentalista.github.io/v/asombrosas-historias-de-duendes-reales-que-ocultan-documentales-en-esp/,,
288,322187,1wDwTJGOW54,Entrevista: SECRETOS DE UNA BRUJA NEGRA: LA CONFESIÓN DE ASTERIUM RENNETI,,3 de febrero de 2022,48:02,documental,El DoQmentalista Podcast,Paranormal / Ocultismo y esoterismo / Misterios de la Biblia,https://www.youtube.com/watch?v=1wDwTJGOW54,https://eldoqmentalista.github.io/v/entrevista-secretos-de-una-bruja-negra-la-confesion-de-asterium-rennet/,,
289,321314,l3F68UyP7mk,"El Cerbero, El Legendario Perro Guardián Del Infierno",,4 de octubre de 2019,12:04,documental,,Paranormal / Ocultismo y esoterismo / Misterios de la Biblia,https://www.youtube.com/watch?v=l3F68UyP7mk,https://eldoqmentalista.github.io/v/el-cerbero-el-legendario-perro-guardian-del-infierno/,,
290,319817,7sVhvwQMPoM,¡REVELADO por Brujo Maya! Los Secretos Ocultos de los X-Men - Entrevista Exclusiva,,3 de julio de 2023,1:03:26,documental,Documentales Completos,Paranormal / Ocultismo y esoterismo / Misterios de la Biblia,https://www.youtube.com/watch?v=7sVhvwQMPoM,https://eldoqmentalista.github.io/v/revelado-por-brujo-maya-los-secretos-ocultos-de-los-x-men-entrevista-e/,,
291,319367,TYObGmauzj0,Enigma en la Historia: Cristóbal Colón y el Oscuro Secreto Revelado,,1 de julio de 2016,10:32,documental,,Paranormal / Ocultismo y esoterismo / Misterios de la Biblia,https://www.youtube.com/watch?v=TYObGmauzj0,https://eldoqmentalista.github.io/v/enigma-en-la-historia-cristobal-colon-y-el-oscuro-secreto-revelado/,,
292,318545,5d4rJBL-uZ0,"Demonios Guardiánes, Los 72 Espiritus, Como Invocarlos",,1 de septiembre de 2019,14:10,documental,,Paranormal / Ángeles y demonios / Ocultismo y esoterismo,https://www.youtube.com/watch?v=5d4rJBL-uZ0,https://eldoqmentalista.github.io/v/demonios-guardianes-los-72-espiritus-como-invocarlos/,,
293,316525,_6XCpOtO_pg,Por Qué El Diablo Quiere Tu Alma | Video Prohibido - El DoQmentalista,,21 de octubre de 2023,23:42,documental,Misterios y Enigmas,Paranormal / Ocultismo y esoterismo / Misterios de la Biblia,https://www.youtube.com/watch?v=_6XCpOtO_pg,https://eldoqmentalista.github.io/v/por-que-el-diablo-quiere-tu-alma-video-prohibido-el-doqmentalista/,,
294,312542,LdwwT1mM6MM,Qué Dice Dios Acerca Del Dinero - Documentales en Español,,14 de noviembre de 2022,14:25,documental,,Paranormal / Ocultismo y esoterismo / Misterios de la Biblia,https://www.youtube.com/watch?v=LdwwT1mM6MM,https://eldoqmentalista.github.io/v/que-dice-dios-acerca-del-dinero-documentales-en-espanol/,,
295,311905,wyXGNX1lwUU,Paranormal: Revelaciones escalofriantes sobre demonios en el Vaticano,,21 de junio de 2017,12:43,documental,,Paranormal / Ángeles y demonios / Ocultismo y esoterismo,https://www.youtube.com/watch?v=wyXGNX1lwUU,https://eldoqmentalista.github.io/v/paranormal-revelaciones-escalofriantes-sobre-demonios-en-el-vaticano/,,
296,311685,SUwJBE72zr4,5 Cosas Aterradoras Que Aparecen En La Biblia - Documentales en Español,,11 de septiembre de 2022,10:41,documental,,Paranormal / Misterios de la Biblia / Ocultismo y esoterismo,https://www.youtube.com/watch?v=SUwJBE72zr4,https://eldoqmentalista.github.io/v/5-cosas-aterradoras-que-aparecen-en-la-biblia-documentales-en-espanol/,,
297,311010,PdPMN3-udmQ,Documental: El Fin del Mundo según la Biblia - Documentales Interesantes,,14 de junio de 2022,14:02,documental,,Paranormal / Misterios de la Biblia / Ocultismo y esoterismo,https://www.youtube.com/watch?v=PdPMN3-udmQ,https://eldoqmentalista.github.io/v/documental-el-fin-del-mundo-segun-la-biblia-documentales-interesantes/,,
298,306990,OefiJVBhYHc,El ABORRECIBLE Libro De Mormón: Secretos De La Iglesia De Los Santos De Los Últimos Días,,7 de diciembre de 2023,17:00,documental,Documentales Completos,Paranormal / Ocultismo y esoterismo / Vaticano e Iglesia,https://www.youtube.com/watch?v=OefiJVBhYHc,https://eldoqmentalista.github.io/v/el-aborrecible-libro-de-mormon-secretos-de-la-iglesia-de-los-santos-de/,,
299,303491,2vFe7fZ_v4I,"Que significa SOÑAR con un familiar muerto, soñar funeral",,8 de marzo de 2020,11:10,documental,,Paranormal / Ocultismo y esoterismo / Misterios de la Biblia,https://www.youtube.com/watch?v=2vFe7fZ_v4I,https://eldoqmentalista.github.io/v/que-significa-sonar-con-un-familiar-muerto-sonar-funeral/,,
300,303048,AlGLITG9qnE,"¿DÓNDE ESTA EL EDÉN? PARAÍSO PERDIDO, En Busca Del Edén, Libro De Génesis",,5 de agosto de 2018,16:28,documental,,Paranormal / Misterios de la Biblia / Ocultismo y esoterismo,https://www.youtube.com/watch?v=AlGLITG9qnE,https://eldoqmentalista.github.io/v/donde-esta-el-eden-paraiso-perdido-en-busca-del-eden-libro-de-genesis/,,
301,301270,VX7YToghnDI,La Bruja Muki,,22 de diciembre de 2018,18:32,documental,,Paranormal / Ocultismo y esoterismo / Misterios de la Biblia,https://www.youtube.com/watch?v=VX7YToghnDI,https://eldoqmentalista.github.io/v/la-bruja-muki/,,
302,300801,5ukiLBP02Pg,Documental: ¿JESÚS ERA UN CAMBIAFORMAS? - Documentales interesantes,,9 de abril de 2022,8:16,documental,,Paranormal / Ocultismo y esoterismo / Misterios de la Biblia,https://www.youtube.com/watch?v=5ukiLBP02Pg,https://eldoqmentalista.github.io/v/documental-jesus-era-un-cambiaformas-documentales-interesantes/,,
303,300099,pxcVzEGOzes,"Espíritu Nocturno, Esto Es Lo Que Pasa Mientras Duermes, Parálisis Del Sueño o Realidad, Demonios",,19 de septiembre de 2018,17:43,documental,,Paranormal / Ángeles y demonios / Ocultismo y esoterismo,https://www.youtube.com/watch?v=pxcVzEGOzes,https://eldoqmentalista.github.io/v/espiritu-nocturno-esto-es-lo-que-pasa-mientras-duermes-paralisis-del-s/,,
304,300008,9cqrkGlB8x0,"La Gran Tribulación, LA SEGUNDA VENIDA DE CRISTO, ¿Quienes Serán Los Elegidos? evangelio del día",,28 de enero de 2019,11:23,documental,,Paranormal / Misterios de la Biblia / Ángeles y demonios,https://www.youtube.com/watch?v=9cqrkGlB8x0,https://eldoqmentalista.github.io/v/la-gran-tribulacion-la-segunda-venida-de-cristo-quienes-seran-los-eleg/,,
305,298813,C-b5rpEgwzg,¿Qué pasaría si Jesús no hubiese muerto? ✅ El DoQmentalista,,2 de junio de 2021,17:59,documental,,Paranormal / Ocultismo y esoterismo / Misterios de la Biblia,https://www.youtube.com/watch?v=C-b5rpEgwzg,https://eldoqmentalista.github.io/v/que-pasaria-si-jesus-no-hubiese-muerto-el-doqmentalista/,,
306,298113,F9dH37HipRw,"Los tipos de magia que existen, Magia Negra, Magia Blanca, Magia Roja...",,27 de febrero de 2019,16:00,documental,,Ocultismo y esoterismo / Paranormal / Misterios de la Biblia,https://www.youtube.com/watch?v=F9dH37HipRw,https://eldoqmentalista.github.io/v/los-tipos-de-magia-que-existen-magia-negra-magia-blanca-magia-roja/,,
307,297612,Xl6iU5XsA3w,La Leyenda de La Llorona | Se les aparece a media noche - Historias de terror,,19 de agosto de 2017,10:32,documental,,Paranormal / Ocultismo y esoterismo / Misterios de la Biblia,https://www.youtube.com/watch?v=Xl6iU5XsA3w,https://eldoqmentalista.github.io/v/la-leyenda-de-la-llorona-se-les-aparece-a-media-noche-historias-de-ter/,,
308,296083,0ModMIfjGHo,10 Animales con presagios poderosos y su interpretación,,14 de enero de 2021,13:51,documental,,Paranormal / Ocultismo y esoterismo / Misterios de la Biblia,https://www.youtube.com/watch?v=0ModMIfjGHo,https://eldoqmentalista.github.io/v/10-animales-con-presagios-poderosos-y-su-interpretacion/,,
309,295717,iUQWUE1l2a4,Misterios: La Serpiente del Diablo y su Maldita Historia en la Biblia,,5 de julio de 2017,10:38,documental,Misterios y Enigmas,Paranormal / Misterios de la Biblia / Ocultismo y esoterismo,https://www.youtube.com/watch?v=iUQWUE1l2a4,https://eldoqmentalista.github.io/v/misterios-la-serpiente-del-diablo-y-su-maldita-historia-en-la-biblia/,,
310,295692,7cLY-A6L1Us,La Bruja de Coyoacán Pánico Nocturno Parte 7 historias de terror relatos de miedo,,14 de septiembre de 2017,14:42,documental,,Paranormal / Ocultismo y esoterismo / Misterios de la Biblia,https://www.youtube.com/watch?v=7cLY-A6L1Us,https://eldoqmentalista.github.io/v/la-bruja-de-coyoacan-panico-nocturno-parte-7-historias-de-terror-relat/,,
311,295669,wLSqYhlv4j0,Historia: Mictlantecuhtli y su oscuro legado en la mitología azteca,,4 de marzo de 2020,10:23,documental,,Ocultismo y esoterismo / Paranormal / Misterios de la Biblia,https://www.youtube.com/watch?v=wLSqYhlv4j0,https://eldoqmentalista.github.io/v/historia-mictlantecuhtli-y-su-oscuro-legado-en-la-mitologia-azteca/,,
312,293123,F6OwLDo11cw,LOS ANUNNAKI,,28 de abril de 2020,12:21,documental,,Paranormal / Ocultismo y esoterismo / Misterios de la Biblia,https://www.youtube.com/watch?v=F6OwLDo11cw,https://eldoqmentalista.github.io/v/los-anunnaki/,,
313,292316,0xfZ_yCD-_I,3 Historias de Pánico Nocturno Parte 6 Enfermera del Hospital de Mexico relatos de terror,,13 de septiembre de 2017,13:58,documental,,Paranormal / Ocultismo y esoterismo / Misterios de la Biblia,https://www.youtube.com/watch?v=0xfZ_yCD-_I,https://eldoqmentalista.github.io/v/3-historias-de-panico-nocturno-parte-6-enfermera-del-hospital-de-mexic/,,
314,291585,4YLaITwSFL0,"Asombroso, MIRA el video de Cleopatra, la última reina de Egipto, EXCLUSIVO, Solo Para INTELIGENTES",,2 de julio de 2020,14:57,documental,,Paranormal / Ocultismo y esoterismo / Misterios de la Biblia,https://www.youtube.com/watch?v=4YLaITwSFL0,https://eldoqmentalista.github.io/v/asombroso-mira-el-video-de-cleopatra-la-ultima-reina-de-egipto-exclusi/,,
315,291383,U2ASH4PUJ1Q,Historia: Revelando el misterio del día que Jesús caminó sobre el agua,,8 de marzo de 2021,11:12,documental,,Paranormal / Ocultismo y esoterismo / Misterios de la Biblia,https://www.youtube.com/watch?v=U2ASH4PUJ1Q,https://eldoqmentalista.github.io/v/historia-revelando-el-misterio-del-dia-que-jesus-camino-sobre-el-agua/,,
316,290773,mXrDtUCbnxs,"Quien fue MAHOMA (Muhammad), el profeta del islam, la historia del islam iqra musulmana",,13 de enero de 2022,14:56,documental,,Paranormal / Ocultismo y esoterismo / Misterios de la Biblia,https://www.youtube.com/watch?v=mXrDtUCbnxs,https://eldoqmentalista.github.io/v/quien-fue-mahoma-muhammad-el-profeta-del-islam-la-historia-del-islam-i/,,
317,290163,1KAzHBx5RkE,Demonología: 6 Demonios Sexuales Que Te Sorprenderán en la Oscuridad,,27 de noviembre de 2022,11:22,documental,,Ocultismo y esoterismo / Paranormal / Ángeles y demonios,https://www.youtube.com/watch?v=1KAzHBx5RkE,https://eldoqmentalista.github.io/v/demonologia-6-demonios-sexuales-que-te-sorprenderan-en-la-oscuridad/,,
318,287619,rw9zCmvKCyg,El Evangelio Maldito de Felipe: El texto prohibido que la Iglesia teme,,15 de abril de 2025,27:54,documental,Misterios y Enigmas,Misterios de la Biblia / Ocultismo y esoterismo / Ángeles y demonios,https://www.youtube.com/watch?v=rw9zCmvKCyg,https://eldoqmentalista.github.io/v/el-evangelio-maldito-de-felipe-el-texto-prohibido-que-la-iglesia-teme/,,
319,283620,0SEgBN2JusI,"DOS HISTORIAS DE TERROR 2018, El DoQmentalista, Clap, Clap & Escape",,14 de junio de 2018,12:37,documental,,Paranormal / Ocultismo y esoterismo / Misterios de la Biblia,https://www.youtube.com/watch?v=0SEgBN2JusI,https://eldoqmentalista.github.io/v/dos-historias-de-terror-2018-el-doqmentalista-clap-clap-escape/,,
320,282367,_eoOWvyY9m0,Rey Salomón y su Ejército Demoníaco - El DoQmentalista,,29 de septiembre de 2023,18:41,documental,Documentales Completos,Paranormal / Ocultismo y esoterismo / Misterios de la Biblia,https://www.youtube.com/watch?v=_eoOWvyY9m0,https://eldoqmentalista.github.io/v/rey-salomon-y-su-ejercito-demoniaco-el-doqmentalista/,,
321,281848,I6x7yum_slY,Documentales Paranormales: Descubre la Tumba del Nefilim Gigante,,11 de mayo de 2021,10:22,documental,,Paranormal / Ocultismo y esoterismo / Misterios de la Biblia,https://www.youtube.com/watch?v=I6x7yum_slY,https://eldoqmentalista.github.io/v/documentales-paranormales-descubre-la-tumba-del-nefilim-gigante/,,
322,280816,lt4YK3y-mTI,"¿Sabías Que... SOÑAR CON SERPIENTES Tiene un GRAN Significado, VÍDEO RECOMENDADO",,7 de julio de 2020,11:30,documental,,Paranormal / Ocultismo y esoterismo / Misterios de la Biblia,https://www.youtube.com/watch?v=lt4YK3y-mTI,https://eldoqmentalista.github.io/v/sabias-que-sonar-con-serpientes-tiene-un-gran-significado-video-recome/,,
323,280356,2xiiKWm7tes,Revelaciones Sorprendentes Sobre Textos Sagrados - Misterios de la fe - El DoQmentalista,,24 de diciembre de 2023,1:38:02,documental,,Paranormal / Ocultismo y esoterismo / Misterios de la Biblia,https://www.youtube.com/watch?v=2xiiKWm7tes,https://eldoqmentalista.github.io/v/revelaciones-sorprendentes-sobre-textos-sagrados-misterios-de-la-fe-el/,,
324,279304,AkKlAiNog54,¿Por qué existe el mal? El DoQmentalista,,6 de septiembre de 2017,17:27,documental,,Paranormal / Ocultismo y esoterismo / Misterios de la Biblia,https://www.youtube.com/watch?v=AkKlAiNog54,https://eldoqmentalista.github.io/v/por-que-existe-el-mal-el-doqmentalista/,,
325,279241,dCpzGLQE4RA,El Libro de Constantine: ¿Verdad o Leyenda?,,2 de marzo de 2023,14:27,documental,Misterios y Enigmas,Paranormal / Ocultismo y esoterismo / Misterios de la Biblia,https://www.youtube.com/watch?v=dCpzGLQE4RA,https://eldoqmentalista.github.io/v/el-libro-de-constantine-verdad-o-leyenda/,,
326,278608,3hxJdjqWtYs,Magia Heka: El Poder Usado por Jesús - El DoQmentalista,,10 de septiembre de 2023,19:08,documental,Misterios y Enigmas,Ocultismo y esoterismo / Paranormal / Misterios de la Biblia,https://www.youtube.com/watch?v=3hxJdjqWtYs,https://eldoqmentalista.github.io/v/magia-heka-el-poder-usado-por-jesus-el-doqmentalista/,,
327,278422,-Wv0taingGE,Historia: El misterioso legado de María Magdalena y su conexión con Jesús,,25 de febrero de 2020,13:27,documental,,Paranormal / Ocultismo y esoterismo / Jesús y María,https://www.youtube.com/watch?v=-Wv0taingGE,https://eldoqmentalista.github.io/v/historia-el-misterioso-legado-de-maria-magdalena-y-su-conexion-con-jes/,,
328,278314,i1odhdZPMFE,Misterios Revelados: ¿Quién Realmente Escribió la Biblia? - Una Investigación de El DoQmentalista,,12 de mayo de 2021,17:02,documental,,Paranormal / Misterios de la Biblia / Ocultismo y esoterismo,https://www.youtube.com/watch?v=i1odhdZPMFE,https://eldoqmentalista.github.io/v/misterios-revelados-quien-realmente-escribio-la-biblia-una-investigaci/,,
329,277626,GtFUQdc6bUQ,Los siete PECADOS capitales de los ANTIPAPAS católicos - El DoQmentalista,,1 de octubre de 2023,20:32,documental,,Paranormal / Ocultismo y esoterismo / Vaticano e Iglesia,https://www.youtube.com/watch?v=GtFUQdc6bUQ,https://eldoqmentalista.github.io/v/los-siete-pecados-capitales-de-los-antipapas-catolicos-el-doqmentalist/,,
330,276309,GdkZF1T23V0,10 Secretos De El Infierno Que El Diablo Me Contó - Documentales Prohibidos,,27 de enero de 2022,11:51,documental,,Paranormal / Ocultismo y esoterismo / Misterios de la Biblia,https://www.youtube.com/watch?v=GdkZF1T23V0,https://eldoqmentalista.github.io/v/10-secretos-de-el-infierno-que-el-diablo-me-conto-documentales-prohibi/,,
331,275534,XHQD1uUXYe0,Misterios del Huevo: Magia y Poderes Secretos,,22 de febrero de 2023,17:23,documental,Misterios y Enigmas,Ocultismo y esoterismo / Paranormal / Misterios de la Biblia,https://www.youtube.com/watch?v=XHQD1uUXYe0,https://eldoqmentalista.github.io/v/misterios-del-huevo-magia-y-poderes-secretos/,,
332,273283,3RV89p3Bpf8,La Guadaña De La Muerte o La Oz De La Santa Muerte,,22 de septiembre de 2017,10:29,documental,,Paranormal / Ocultismo y esoterismo / Misterios de la Biblia,https://www.youtube.com/watch?v=3RV89p3Bpf8,https://eldoqmentalista.github.io/v/la-guadana-de-la-muerte-o-la-oz-de-la-santa-muerte/,,
333,272184,jFitpPvVRVI,¡Los 72 Demonios de Salomón: La Verdad Oculta!,,12 de enero de 2023,10:12,documental,Misterios y Enigmas,Paranormal / Ángeles y demonios / Ocultismo y esoterismo,https://www.youtube.com/watch?v=jFitpPvVRVI,https://eldoqmentalista.github.io/v/los-72-demonios-de-salomon-la-verdad-oculta/,,
334,271250,Xq0El0eGDl8,¿Qué Sucede el Día Que Jesús Regresa? - La Segunda Venida - Documentales en Español,,22 de diciembre de 2022,11:50,documental,,Paranormal / Ocultismo y esoterismo / Misterios de la Biblia,https://www.youtube.com/watch?v=Xq0El0eGDl8,https://eldoqmentalista.github.io/v/que-sucede-el-dia-que-jesus-regresa-la-segunda-venida-documentales-en-/,,
335,271130,TZ5iBTg-lQQ,"Anubis, El Dios egipcio de los muertos y el inframundo",,18 de septiembre de 2019,10:30,documental,,Paranormal / Ocultismo y esoterismo / Misterios de la Biblia,https://www.youtube.com/watch?v=TZ5iBTg-lQQ,https://eldoqmentalista.github.io/v/anubis-el-dios-egipcio-de-los-muertos-y-el-inframundo/,,
336,271026,ZNPP8S_VKyk,El HOMBRE Nunca fué a la LUNA - Conspiración,,11 de julio de 2017,13:53,documental,,Paranormal / Ocultismo y esoterismo / Misterios de la Biblia,https://www.youtube.com/watch?v=ZNPP8S_VKyk,https://eldoqmentalista.github.io/v/el-hombre-nunca-fue-a-la-luna-conspiracion/,,
337,269299,vJ-Ud03lrIA,"El Cubo De Metatrón, La Geometría Sagrada, Flor De La Vida",,4 de diciembre de 2019,10:22,documental,,Paranormal / Ocultismo y esoterismo / Misterios de la Biblia,https://www.youtube.com/watch?v=vJ-Ud03lrIA,https://eldoqmentalista.github.io/v/el-cubo-de-metatron-la-geometria-sagrada-flor-de-la-vida/,,
338,269255,ploJQlQqj-g,Historias Reales: La Cárcel Submarina Secreta de la CIA. Bin Laden está allí.,,11 de junio de 2025,24:16,documental,Misterios y Enigmas,Ocultismo y esoterismo / Misterios de la Biblia / Paranormal,https://www.youtube.com/watch?v=ploJQlQqj-g,https://eldoqmentalista.github.io/v/historias-reales-la-carcel-submarina-secreta-de-la-cia-bin-laden-esta-/,,
339,268262,IFSicup2ZuQ,Baal vs Dios BATALLA ÉPICA DE LA ANTIGUEDAD,,5 de agosto de 2019,11:16,documental,,Paranormal / Ocultismo y esoterismo / Misterios de la Biblia,https://www.youtube.com/watch?v=IFSicup2ZuQ,https://eldoqmentalista.github.io/v/baal-vs-dios-batalla-epica-de-la-antiguedad/,,
340,267256,ZmiM-AeCs1U,LOS REPTILIANOS,,26 de abril de 2020,14:24,documental,,Paranormal / Ocultismo y esoterismo / Misterios de la Biblia,https://www.youtube.com/watch?v=ZmiM-AeCs1U,https://eldoqmentalista.github.io/v/los-reptilianos/,,
341,266212,OzQ7sWKVplY,"La Creación Del Mundo - Mitologia Azteca, documentales interesantes ✅ El DoQmentalista",,6 de julio de 2021,16:52,documental,,Ocultismo y esoterismo / Paranormal / Misterios de la Biblia,https://www.youtube.com/watch?v=OzQ7sWKVplY,https://eldoqmentalista.github.io/v/la-creacion-del-mundo-mitologia-azteca-documentales-interesantes-el-do/,,
342,264288,vOAyJmkDpPA,Frases Poderosas de JESÚS - Mensajes Inspiradores - Documental,,28 de junio de 2023,22:23,documental,Documentales Completos,Paranormal / Ocultismo y esoterismo / Misterios de la Biblia,https://www.youtube.com/watch?v=vOAyJmkDpPA,https://eldoqmentalista.github.io/v/frases-poderosas-de-jesus-mensajes-inspiradores-documental/,,
343,264006,bblvlprFinw,Documental: 5 CARAS DEL DIABLO QUE TE HORRORIZARÁN - Documentales Interesantes,,29 de agosto de 2022,12:41,documental,,Paranormal / Ocultismo y esoterismo / Misterios de la Biblia,https://www.youtube.com/watch?v=bblvlprFinw,https://eldoqmentalista.github.io/v/documental-5-caras-del-diablo-que-te-horrorizaran-documentales-interes/,,
344,263280,pCLXM7mcXJU,"El PELIGROSO Reino De Los Sueños de Morfeo, Sisig, Bakú y Njorun - Documental en Español",,12 de octubre de 2022,10:25,documental,,Paranormal / Ocultismo y esoterismo / Misterios de la Biblia,https://www.youtube.com/watch?v=pCLXM7mcXJU,https://eldoqmentalista.github.io/v/el-peligroso-reino-de-los-suenos-de-morfeo-sisig-baku-y-njorun-documen/,,
345,262528,XNbDA2Tx80g,La Misteriosa SERPIENTE DE BRONCE de Moisés - Documentales en Español,,11 de junio de 2023,9:40,documental,Misterios y Enigmas,Paranormal / Ocultismo y esoterismo / Misterios de la Biblia,https://www.youtube.com/watch?v=XNbDA2Tx80g,https://eldoqmentalista.github.io/v/la-misteriosa-serpiente-de-bronce-de-moises-documentales-en-espanol/,,
346,262009,D_Zqip70ng4,"Anillos Con Poderes Mágicos, documentales interesantes ✅ El DoQmentalista",,9 de diciembre de 2021,9:52,documental,,Paranormal / Ocultismo y esoterismo / Misterios de la Biblia,https://www.youtube.com/watch?v=D_Zqip70ng4,https://eldoqmentalista.github.io/v/anillos-con-poderes-magicos-documentales-interesantes-el-doqmentalista/,,
347,259534,DSq8AcCSTUY,Por qué DESAPARECIERON los Mayas - documentales interesantes ✅ El DoQmentalista,,13 de septiembre de 2021,8:13,documental,,Ocultismo y esoterismo / Paranormal / Misterios de la Biblia,https://www.youtube.com/watch?v=DSq8AcCSTUY,https://eldoqmentalista.github.io/v/por-que-desaparecieron-los-mayas-documentales-interesantes-el-doqmenta/,,
348,259126,1U7X6HykWII,Las 7 Cosas Más Extrañas y Aterradoras #short #paranormal #misterios,SI (x4),30 de agosto de 2025,0:57,short,,Paranormal / Misterios de la Biblia / Ángeles y demonios,https://www.youtube.com/watch?v=1U7X6HykWII,https://eldoqmentalista.github.io/v/las-7-cosas-mas-extranas-y-aterradoras-short-paranormal-misterios-2/,,
349,258900,Lm-i8Qd1HHs,Personas INMORTALES La Fuente de La Juventud,,22 de septiembre de 2017,15:50,documental,,Paranormal / Ocultismo y esoterismo / Misterios de la Biblia,https://www.youtube.com/watch?v=Lm-i8Qd1HHs,https://eldoqmentalista.github.io/v/personas-inmortales-la-fuente-de-la-juventud/,,
350,258780,OMEPcz8PhGA,Misterios: Explorando la tumba y el esqueleto de un demonio aterrador,,9 de agosto de 2020,12:27,documental,,Paranormal / Ángeles y demonios / Ocultismo y esoterismo,https://www.youtube.com/watch?v=OMEPcz8PhGA,https://eldoqmentalista.github.io/v/misterios-explorando-la-tumba-y-el-esqueleto-de-un-demonio-aterrador/,,
351,258401,Y8KNhL1csT0,Documental: Invocación Demoníaca: ¿Real o Falso? - Documentales Interesantes,,26 de abril de 2022,21:08,documental,,Paranormal / Ocultismo y esoterismo / Misterios de la Biblia,https://www.youtube.com/watch?v=Y8KNhL1csT0,https://eldoqmentalista.github.io/v/documental-invocacion-demoniaca-real-o-falso-documentales-interesantes/,,
352,258223,PqSexmEEpY4,Documental: EL SECRETO ATERRADOR DE JESÚS - Documentales interesantes,,11 de abril de 2022,12:21,documental,,Paranormal / Ocultismo y esoterismo / Misterios de la Biblia,https://www.youtube.com/watch?v=PqSexmEEpY4,https://eldoqmentalista.github.io/v/documental-el-secreto-aterrador-de-jesus-documentales-interesantes/,,
353,257986,Ls85j306fRc,Exorcista: La Historia de Gabriele Amorth - El DoQmentalista,,19 de octubre de 2023,15:54,documental,Misterios y Enigmas,Paranormal / Ocultismo y esoterismo / Misterios de la Biblia,https://www.youtube.com/watch?v=Ls85j306fRc,https://eldoqmentalista.github.io/v/exorcista-la-historia-de-gabriele-amorth-el-doqmentalista/,,
354,257562,GfTOSPnPvLQ,"El Significado de El Ying Y El Yang / El Bien y El Mal, El Caos y El Orden, El Blanco y El Negro",,14 de octubre de 2017,11:37,documental,,Paranormal / Ocultismo y esoterismo / Misterios de la Biblia,https://www.youtube.com/watch?v=GfTOSPnPvLQ,https://eldoqmentalista.github.io/v/el-significado-de-el-ying-y-el-yang-el-bien-y-el-mal-el-caos-y-el-orde/,,
355,255797,rSjZFch1L_o,"4 Extrañas Historias De Sirenas Reales, Documentales gratis ✅ El DoQmentalista",,30 de junio de 2021,9:23,documental,,Ocultismo y esoterismo / Paranormal / Misterios de la Biblia,https://www.youtube.com/watch?v=rSjZFch1L_o,https://eldoqmentalista.github.io/v/4-extranas-historias-de-sirenas-reales-documentales-gratis-el-doqmenta/,,
356,254038,n2E6DiduTKA,Historia: Los Cwezi y su legado en las pirámides: mitos y realidades ocultas,,13 de diciembre de 2019,14:59,documental,,Paranormal / Ocultismo y esoterismo / Misterios de la Biblia,https://www.youtube.com/watch?v=n2E6DiduTKA,https://eldoqmentalista.github.io/v/historia-los-cwezi-y-su-legado-en-las-piramides-mitos-y-realidades-ocu/,,
357,253755,x60op17vZuc,Historias de terror Sawney Beane y su clan de caníbales,,26 de septiembre de 2017,10:10,documental,,Paranormal / Ocultismo y esoterismo / Misterios de la Biblia,https://www.youtube.com/watch?v=x60op17vZuc,https://eldoqmentalista.github.io/v/historias-de-terror-sawney-beane-y-su-clan-de-canibales/,,
358,253743,uWQi4-tBIfw,Historias De Terror: LOS HIJOS DE LA LLORONA - ¿Dónde Están Ahora? - Documentales Interesantes,,6 de octubre de 2023,13:10,documental,Misterios y Enigmas,Paranormal / Ocultismo y esoterismo / Misterios de la Biblia,https://www.youtube.com/watch?v=uWQi4-tBIfw,https://eldoqmentalista.github.io/v/historias-de-terror-los-hijos-de-la-llorona-donde-estan-ahora-document/,,
359,253110,luxrEId1uL8,Documental: El aterrador relato de Héctor y los demonios en su vida,,26 de noviembre de 2019,15:05,documental,,Paranormal / Ángeles y demonios / Ocultismo y esoterismo,https://www.youtube.com/watch?v=luxrEId1uL8,https://eldoqmentalista.github.io/v/documental-el-aterrador-relato-de-hector-y-los-demonios-en-su-vida/,,
360,252530,svsUQhSsxo8,"Los Siete Pecados Capitales, LA AVARICIA, El DoQmentalista",,23 de agosto de 2020,17:13,documental,,Paranormal / Ocultismo y esoterismo / Misterios de la Biblia,https://www.youtube.com/watch?v=svsUQhSsxo8,https://eldoqmentalista.github.io/v/los-siete-pecados-capitales-la-avaricia-el-doqmentalista/,,
361,251930,tZ6SDtBwGLo,Lugares Satánicos dónde se aparece el diablo,,1 de abril de 2020,13:02,documental,,Paranormal / Ángeles y demonios / Ocultismo y esoterismo,https://www.youtube.com/watch?v=tZ6SDtBwGLo,https://eldoqmentalista.github.io/v/lugares-satanicos-donde-se-aparece-el-diablo/,,
362,251096,ze5jF4hEq9g,"ANIMALES ESPIRITUALES, Descubre Cual es el tuyo, El DoQ",,11 de septiembre de 2020,11:20,documental,,Ocultismo y esoterismo / Paranormal / Misterios de la Biblia,https://www.youtube.com/watch?v=ze5jF4hEq9g,https://eldoqmentalista.github.io/v/animales-espirituales-descubre-cual-es-el-tuyo-el-doq/,,
363,250272,ByTH4au9sEI,Chamuel - El arcángel del amor - Angeología,,23 de julio de 2017,19:17,documental,,Ocultismo y esoterismo / Paranormal / Ángeles y demonios,https://www.youtube.com/watch?v=ByTH4au9sEI,https://eldoqmentalista.github.io/v/chamuel-el-arcangel-del-amor-angeologia/,,
364,250242,9ZWDfnsvwnI,"Qué Es El Cielo: Dónde esta, Cómo Es el cielo y que significa, definición cristiana.el doqmentalista",,10 de febrero de 2021,13:20,documental,,Paranormal / Ocultismo y esoterismo / Misterios de la Biblia,https://www.youtube.com/watch?v=9ZWDfnsvwnI,https://eldoqmentalista.github.io/v/que-es-el-cielo-donde-esta-como-es-el-cielo-y-que-significa-definicion/,,
365,248878,lkGHB5bXUT4,"Menelik: El Hijo Del Rey Salomón y Sheba: Su hermosa Esposa Negra, el doqmentalista",,22 de febrero de 2021,10:18,documental,,Paranormal / Ocultismo y esoterismo / Misterios de la Biblia,https://www.youtube.com/watch?v=lkGHB5bXUT4,https://eldoqmentalista.github.io/v/menelik-el-hijo-del-rey-salomon-y-sheba-su-hermosa-esposa-negra-el-doq/,,
366,248830,lK8UlUmSCi8,"¿Qué son los Arcontes y cuál es su propósito?, Ángeles o Demonios - Documentales Prohibidos",,15 de diciembre de 2020,12:08,documental,,Ángeles y demonios / Paranormal / Ocultismo y esoterismo,https://www.youtube.com/watch?v=lK8UlUmSCi8,https://eldoqmentalista.github.io/v/que-son-los-arcontes-y-cual-es-su-proposito-angeles-o-demonios-documen/,,
367,247366,iBWNaof3wCE,La Quemaron Viva: El Horror de la Cacería de Brujas y los Juicios de la Inquisición,,28 de julio de 2016,18:41,documental,,Paranormal / Ocultismo y esoterismo / Misterios de la Biblia,https://www.youtube.com/watch?v=iBWNaof3wCE,https://eldoqmentalista.github.io/v/la-quemaron-viva-el-horror-de-la-caceria-de-brujas-y-los-juicios-de-la/,,
368,247339,BCAeugPDwBs,¿QUÉ QUIERE DIOS? / El DoQmentalista,,5 de marzo de 2018,10:12,documental,,Paranormal / Ocultismo y esoterismo / Misterios de la Biblia,https://www.youtube.com/watch?v=BCAeugPDwBs,https://eldoqmentalista.github.io/v/que-quiere-dios-el-doqmentalista/,,
369,244965,T-opS9J-9PU,"El ESPEJO DE LILITH, videos de terror 2019, historias de miedo para contar en la oscuridad",,24 de noviembre de 2019,12:43,documental,,Paranormal / Ocultismo y esoterismo / Misterios de la Biblia,https://www.youtube.com/watch?v=T-opS9J-9PU,https://eldoqmentalista.github.io/v/el-espejo-de-lilith-videos-de-terror-2019-historias-de-miedo-para-cont/,,
370,242122,vboTAnM2tvI,Documental: Pablo Barrera: Magia Negra y Brujería - Documentales Interesantes,,27 de abril de 2022,1:18:31,documental,,Ocultismo y esoterismo / Paranormal / Misterios de la Biblia,https://www.youtube.com/watch?v=vboTAnM2tvI,https://eldoqmentalista.github.io/v/documental-pablo-barrera-magia-negra-y-brujeria-documentales-interesan/,,
371,241890,QKsrE8ZBF9s,EL DRAGÓN DEL DIABLO - El DoQmentalista - El Gigante Piers Shonks vs Satanás,,9 de junio de 2018,11:15,documental,,Paranormal / Ángeles y demonios / Ocultismo y esoterismo,https://www.youtube.com/watch?v=QKsrE8ZBF9s,https://eldoqmentalista.github.io/v/el-dragon-del-diablo-el-doqmentalista-el-gigante-piers-shonks-vs-satan/,,
372,241405,X6R4wqchMh4,¿Descubriremos los 7 Textos Sagrados Ocultos? - Documentales en Español,,19 de marzo de 2023,12:50,documental,Misterios y Enigmas,Paranormal / Ocultismo y esoterismo / Misterios de la Biblia,https://www.youtube.com/watch?v=X6R4wqchMh4,https://eldoqmentalista.github.io/v/descubriremos-los-7-textos-sagrados-ocultos-documentales-en-espanol/,,
373,240517,38Os2FN3UVo,7 SECRETOS OCULTOS DE LA SEMANA SANTA - Documentales en Español,,5 de abril de 2023,12:00,documental,,Paranormal / Ocultismo y esoterismo / Misterios de la Biblia,https://www.youtube.com/watch?v=38Os2FN3UVo,https://eldoqmentalista.github.io/v/7-secretos-ocultos-de-la-semana-santa-documentales-en-espanol/,,
374,239903,esI6LOGkx5s,10 Misterios Ocultos en la BIBLIA Que La Iglesia NUNCA Te Va A Contar - El DoQmentalista,,7 de diciembre de 2023,18:34,documental,Documentales Completos,Paranormal / Misterios de la Biblia / Ocultismo y esoterismo,https://www.youtube.com/watch?v=esI6LOGkx5s,https://eldoqmentalista.github.io/v/10-misterios-ocultos-en-la-biblia-que-la-iglesia-nunca-te-va-a-contar-/,,
375,237497,0R3zAc3muj0,10 SECRETOS QUE LA NASA NOS ESTÁ OCULTANDO ✅ El DoQmentalista,,27 de junio de 2021,12:04,documental,,Paranormal / Ocultismo y esoterismo / Misterios de la Biblia,https://www.youtube.com/watch?v=0R3zAc3muj0,https://eldoqmentalista.github.io/v/10-secretos-que-la-nasa-nos-esta-ocultando-el-doqmentalista/,,
376,235502,ctvStmWPiU8,"Demonología: Los Misterios de Abezethibou, El Demonio Perdido en la Biblia",,19 de abril de 2020,13:14,documental,,Ocultismo y esoterismo / Paranormal / Misterios de la Biblia,https://www.youtube.com/watch?v=ctvStmWPiU8,https://eldoqmentalista.github.io/v/demonologia-los-misterios-de-abezethibou-el-demonio-perdido-en-la-bibl/,,
377,234935,e74XiKBXX9o,"Los Cementerios Mas Tenebrosos Del Mundo, Panteón Del Terror",,10 de octubre de 2018,20:07,documental,,Paranormal / Ocultismo y esoterismo / Misterios de la Biblia,https://www.youtube.com/watch?v=e74XiKBXX9o,https://eldoqmentalista.github.io/v/los-cementerios-mas-tenebrosos-del-mundo-panteon-del-terror/,,
378,234925,2spxNo1ebzw,"3 Jóvenes avistan extraña criatura, 1 de ellos se volvió loco, Videos de terror real Lago Vermilion",,27 de junio de 2018,14:46,documental,,Paranormal / Ocultismo y esoterismo / Misterios de la Biblia,https://www.youtube.com/watch?v=2spxNo1ebzw,https://eldoqmentalista.github.io/v/3-jovenes-avistan-extrana-criatura-1-de-ellos-se-volvio-loco-videos-de/,,
379,234865,-0Sj2bYCB58,"Misterios: La Biblia Está Mal, ¿Qué Dijo Jesús Realmente Sobre Esto?",,10 de diciembre de 2023,20:54,documental,Documentales Completos,Paranormal / Misterios de la Biblia / Ocultismo y esoterismo,https://www.youtube.com/watch?v=-0Sj2bYCB58,https://eldoqmentalista.github.io/v/misterios-la-biblia-esta-mal-que-dijo-jesus-realmente-sobre-esto/,,
380,234283,V4FH8aP0gfU,"Los Cinco libros Mágicos MAS PELIGROSOS que existen, hechizos y encantamientos",,11 de noviembre de 2021,12:06,documental,,Paranormal / Ocultismo y esoterismo / Misterios de la Biblia,https://www.youtube.com/watch?v=V4FH8aP0gfU,https://eldoqmentalista.github.io/v/los-cinco-libros-magicos-mas-peligrosos-que-existen-hechizos-y-encanta/,,
381,233502,x4cQKZ_jVBM,Documental: 7 LUGARES MALDITOS MÁS TERRORÍFICOS DEL MUNDO - Documentales en Español,,21 de marzo de 2023,18:49,documental,Misterios y Enigmas,Paranormal / Ocultismo y esoterismo / Misterios de la Biblia,https://www.youtube.com/watch?v=x4cQKZ_jVBM,https://eldoqmentalista.github.io/v/documental-7-lugares-malditos-mas-terrorificos-del-mundo-documentales-/,,
382,233387,olT8-AfjLeg,Lucifer y Satanás: Dos Entidades Distintas - Documentales Interesantes - El DoQmentalista,,24 de octubre de 2023,19:03,documental,Misterios y Enigmas,Ángeles y demonios / Paranormal / Ocultismo y esoterismo,https://www.youtube.com/watch?v=olT8-AfjLeg,https://eldoqmentalista.github.io/v/lucifer-y-satanas-dos-entidades-distintas-documentales-interesantes-el/,,
383,232965,sPBNpmPfzYo,"La escalofriante historia de Peter Stumpp, Un Hombre Lobo En Alemania, El DoQmentalista",,11 de febrero de 2018,12:01,documental,,Paranormal / Ocultismo y esoterismo / Misterios de la Biblia,https://www.youtube.com/watch?v=sPBNpmPfzYo,https://eldoqmentalista.github.io/v/la-escalofriante-historia-de-peter-stumpp-un-hombre-lobo-en-alemania-e/,,
384,230194,4us_deK6ldE,Entrevista: MAGIA Y VELAS: UN OCULTISTA REVELA SUS SECRETOS - Documentales interesantes,,16 de marzo de 2022,45:52,documental,El DoQmentalista Podcast,Ocultismo y esoterismo / Paranormal / Misterios de la Biblia,https://www.youtube.com/watch?v=4us_deK6ldE,https://eldoqmentalista.github.io/v/entrevista-magia-y-velas-un-ocultista-revela-sus-secretos-documentales/,,
385,225222,djL7pvH82qo,LOS SECRETOS De La Última Cena De Jesús - Documentales en Español,,4 de abril de 2023,13:51,documental,,Paranormal / Ocultismo y esoterismo / Misterios de la Biblia,https://www.youtube.com/watch?v=djL7pvH82qo,https://eldoqmentalista.github.io/v/los-secretos-de-la-ultima-cena-de-jesus-documentales-en-espanol/,,
386,224278,ApIMPpcfphQ,"Evidencias Físicas De La Biblia: Jesucristo, El gran Diluvio y el Rey Salomón ¿Existieron?",,16 de febrero de 2021,13:17,documental,,Paranormal / Misterios de la Biblia / Ocultismo y esoterismo,https://www.youtube.com/watch?v=ApIMPpcfphQ,https://eldoqmentalista.github.io/v/evidencias-fisicas-de-la-biblia-jesucristo-el-gran-diluvio-y-el-rey-sa/,,
387,224193,l7eqjVfRIZ8,La leyenda de Cantona y el diablo - Documentales en Español,,23 de noviembre de 2022,8:45,documental,,Paranormal / Ocultismo y esoterismo / Misterios de la Biblia,https://www.youtube.com/watch?v=l7eqjVfRIZ8,https://eldoqmentalista.github.io/v/la-leyenda-de-cantona-y-el-diablo-documentales-en-espanol/,,
388,222598,kH_sBmkxowk,"Guerreros Aztecas, VIDEOS DE MITOLOGÍA",,26 de mayo de 2019,12:43,documental,,Ocultismo y esoterismo / Paranormal / Misterios de la Biblia,https://www.youtube.com/watch?v=kH_sBmkxowk,https://eldoqmentalista.github.io/v/guerreros-aztecas-videos-de-mitologia/,,
389,221680,IlvcGojx56c,Religión: 7 misterios oscuros sobre la relación entre Jehová y Satanás,,27 de noviembre de 2023,22:48,documental,Documentales Completos,Paranormal / Ángeles y demonios / Ocultismo y esoterismo,https://www.youtube.com/watch?v=IlvcGojx56c,https://eldoqmentalista.github.io/v/religion-7-misterios-oscuros-sobre-la-relacion-entre-jehova-y-satanas/,,
390,221579,GDoJx2J1aa0,Sobrenatural: Explorando los secretos del demonio más malvado de todos,,20 de febrero de 2018,11:27,documental,,Paranormal / Ángeles y demonios / Ocultismo y esoterismo,https://www.youtube.com/watch?v=GDoJx2J1aa0,https://eldoqmentalista.github.io/v/sobrenatural-explorando-los-secretos-del-demonio-mas-malvado-de-todos/,,
391,221103,ZwfKHfwYZGo,Brujería en México: Magia Oscura y Prohibida - El DoQmentalista,,19 de septiembre de 2023,14:33,documental,Misterios y Enigmas,Ocultismo y esoterismo / Paranormal / Misterios de la Biblia,https://www.youtube.com/watch?v=ZwfKHfwYZGo,https://eldoqmentalista.github.io/v/brujeria-en-mexico-magia-oscura-y-prohibida-el-doqmentalista/,,
392,220847,2gywAZWjw64,El Castillo Houska Una puerta al infierno - El DoQmentalista,,12 de febrero de 2018,10:03,documental,,Paranormal / Ocultismo y esoterismo / Misterios de la Biblia,https://www.youtube.com/watch?v=2gywAZWjw64,https://eldoqmentalista.github.io/v/el-castillo-houska-una-puerta-al-infierno-el-doqmentalista/,,
393,218036,ZhphSfx1hy8,Descubriendo el Misterio de las 3 Brujas Más Poderosas de la Biblia - Documentales en Español,,21 de mayo de 2023,15:27,documental,,Paranormal / Misterios de la Biblia / Ocultismo y esoterismo,https://www.youtube.com/watch?v=ZhphSfx1hy8,https://eldoqmentalista.github.io/v/descubriendo-el-misterio-de-las-3-brujas-mas-poderosas-de-la-biblia-do/,,
394,217141,H3K4Uwjnowg,EL LIBRO PROHIBIDO: Explorando los Capítulos Ocultos de la Biblia | Revelaciones Impactantes,,24 de mayo de 2023,15:37,documental,,Paranormal / Misterios de la Biblia / Ocultismo y esoterismo,https://www.youtube.com/watch?v=H3K4Uwjnowg,https://eldoqmentalista.github.io/v/el-libro-prohibido-explorando-los-capitulos-ocultos-de-la-biblia-revel/,,
395,215361,aomTcyAiKCE,"Historia: Abaddon, El Sello De Dios y El Impacto en la Humanidad",,15 de abril de 2020,16:04,documental,,Paranormal / Ocultismo y esoterismo / Misterios de la Biblia,https://www.youtube.com/watch?v=aomTcyAiKCE,https://eldoqmentalista.github.io/v/historia-abaddon-el-sello-de-dios-y-el-impacto-en-la-humanidad/,,
396,215173,fajYObda5FE,"LOS AÑOS PERDIDOS DE JESÚS, donde pasó su infancia Jesús, la iglesia lo quiere esconder?",,20 de febrero de 2020,12:03,documental,,Paranormal / Ocultismo y esoterismo / Vaticano e Iglesia,https://www.youtube.com/watch?v=fajYObda5FE,https://eldoqmentalista.github.io/v/los-anos-perdidos-de-jesus-donde-paso-su-infancia-jesus-la-iglesia-lo-/,,
397,214871,XuOUpDOW5jE,Extraterrestres y OVNIs en la Biblia: Investigación Histórica - Documentales en Español,,6 de septiembre de 2023,13:46,documental,Documentales Completos,Paranormal / Misterios de la Biblia / Extraterrestres y OVNIs,https://www.youtube.com/watch?v=XuOUpDOW5jE,https://eldoqmentalista.github.io/v/extraterrestres-y-ovnis-en-la-biblia-investigacion-historica-documenta/,,
398,214818,Kj7u_4_29Fw,Misterios del mundo: Los mejores documentales que no puedes perderte,,20 de noviembre de 2023,2:42:53,documental,Documentales Completos,Paranormal / Ocultismo y esoterismo / Misterios de la Biblia,https://www.youtube.com/watch?v=Kj7u_4_29Fw,https://eldoqmentalista.github.io/v/misterios-del-mundo-los-mejores-documentales-que-no-puedes-perderte/,,
399,214647,vgxi0CLs_uY,"Yo Soy, EL DoQmentalista y esto es… UN ALMA VIEJA",,24 de octubre de 2019,11:01,documental,,Paranormal / Ocultismo y esoterismo / Misterios de la Biblia,https://www.youtube.com/watch?v=vgxi0CLs_uY,https://eldoqmentalista.github.io/v/yo-soy-el-doqmentalista-y-esto-es-un-alma-vieja/,,
400,214550,tcNR7j_yraQ,"EL CALLEJÓN DEL DIABLO, Leyendas Mexicanas, historias de terror de saltillo coahuila",,28 de agosto de 2018,14:46,documental,,Paranormal / Ocultismo y esoterismo / Misterios de la Biblia,https://www.youtube.com/watch?v=tcNR7j_yraQ,https://eldoqmentalista.github.io/v/el-callejon-del-diablo-leyendas-mexicanas-historias-de-terror-de-salti/,,
401,212674,Gk6XNullz7A,Documental: LAS 7 COPAS APOCALÍPTICAS: BIBLIA AL DESCUBIERTO - Documentales Interesantes,,25 de agosto de 2022,11:50,documental,,Paranormal / Misterios de la Biblia / Ocultismo y esoterismo,https://www.youtube.com/watch?v=Gk6XNullz7A,https://eldoqmentalista.github.io/v/documental-las-7-copas-apocalipticas-biblia-al-descubierto-documentale/,,
402,212645,2Rf9l0tw_Tk,El Kelpie La Bestia Del Lago Mitología Escocesa,,8 de febrero de 2018,8:32,documental,,Ocultismo y esoterismo / Paranormal / Misterios de la Biblia,https://www.youtube.com/watch?v=2Rf9l0tw_Tk,https://eldoqmentalista.github.io/v/el-kelpie-la-bestia-del-lago-mitologia-escocesa/,,
403,212020,ov6sa0cnmEk,Documental: La Magia del Caos: Sin Reglas - Documentales Interesantes,,22 de junio de 2022,13:34,documental,,Ocultismo y esoterismo / Paranormal / Misterios de la Biblia,https://www.youtube.com/watch?v=ov6sa0cnmEk,https://eldoqmentalista.github.io/v/documental-la-magia-del-caos-sin-reglas-documentales-interesantes/,,
404,211582,vqDfKf_z6XA,Cuando Los Muertos Se Despiden - Historias Reales - El DoQmentalista,,23 de septiembre de 2024,17:40,documental,,Paranormal / Ocultismo y esoterismo / Misterios de la Biblia,https://www.youtube.com/watch?v=vqDfKf_z6XA,https://eldoqmentalista.github.io/v/cuando-los-muertos-se-despiden-historias-reales-el-doqmentalista/,,
405,211453,ODAvJYuilIY,Como Liberarse De Un Ataque Espiritual El DoQmentalista,,6 de febrero de 2018,10:03,documental,,Ocultismo y esoterismo / Paranormal / Misterios de la Biblia,https://www.youtube.com/watch?v=ODAvJYuilIY,https://eldoqmentalista.github.io/v/como-liberarse-de-un-ataque-espiritual-el-doqmentalista/,,
406,211212,RX6fkR-GIc0,"No Invocaras A Los Muertos, El DoQmentalista, No Pactarás Con Satanás",,3 de enero de 2020,12:47,documental,,Paranormal / Ángeles y demonios / Ocultismo y esoterismo,https://www.youtube.com/watch?v=RX6fkR-GIc0,https://eldoqmentalista.github.io/v/no-invocaras-a-los-muertos-el-doqmentalista-no-pactaras-con-satanas/,,
407,209578,BeXx650NYNs,"El Experimento De Slenderman, historias del mas alla, reddit stories",,4 de marzo de 2021,12:41,documental,,Paranormal / Ocultismo y esoterismo / Misterios de la Biblia,https://www.youtube.com/watch?v=BeXx650NYNs,https://eldoqmentalista.github.io/v/el-experimento-de-slenderman-historias-del-mas-alla-reddit-stories/,,
408,208359,W7SOfPTi36c,"Los Siete Pecados Capitales, LA GULA, El DoQmentalista",,10 de agosto de 2020,12:55,documental,,Paranormal / Ocultismo y esoterismo / Misterios de la Biblia,https://www.youtube.com/watch?v=W7SOfPTi36c,https://eldoqmentalista.github.io/v/los-siete-pecados-capitales-la-gula-el-doqmentalista/,,
409,208161,yK37WBtfv-U,6 Cosas que NO SABIAS sobre los ARCÁNGELES - DOCUMENTAL ✅ El DoQmentalista,,27 de septiembre de 2021,13:04,documental,,Misterios de la Biblia / Ocultismo y esoterismo / Paranormal,https://www.youtube.com/watch?v=yK37WBtfv-U,https://eldoqmentalista.github.io/v/6-cosas-que-no-sabias-sobre-los-arcangeles-documental-el-doqmentalista/,,
410,206938,CzQURhZyOzc,EL APOCALIPSIS - El FIN del MUNDO evangelio libro 21 de agosto,,23 de julio de 2017,20:52,documental,,Misterios de la Biblia / Paranormal / Fin del mundo,https://www.youtube.com/watch?v=CzQURhZyOzc,https://eldoqmentalista.github.io/v/el-apocalipsis-el-fin-del-mundo-evangelio-libro-21-de-agosto/,,
411,206090,AGxCOizBlDM,Misterios del mundo: El enigma del Valle de la Muerte en Rusia,,7 de abril de 2019,14:32,documental,,Paranormal / Ocultismo y esoterismo / Misterios de la Biblia,https://www.youtube.com/watch?v=AGxCOizBlDM,https://eldoqmentalista.github.io/v/misterios-del-mundo-el-enigma-del-valle-de-la-muerte-en-rusia/,,
412,205748,1zSpVv-7lZ8,"El priorato De Sion, Los Descendientes De Jesús, ✅ El DoQmentalista",,30 de mayo de 2021,10:41,documental,,Paranormal / Ocultismo y esoterismo / Misterios de la Biblia,https://www.youtube.com/watch?v=1zSpVv-7lZ8,https://eldoqmentalista.github.io/v/el-priorato-de-sion-los-descendientes-de-jesus-el-doqmentalista/,,
413,205713,mVEL07Ujz6o,Salmo 91 La oración más poderosa - El DoQmentalista,,21 de septiembre de 2023,16:51,documental,Misterios y Enigmas,Paranormal / Ocultismo y esoterismo / Protección espiritual,https://www.youtube.com/watch?v=mVEL07Ujz6o,https://eldoqmentalista.github.io/v/salmo-91-la-oracion-mas-poderosa-el-doqmentalista/,,
414,205556,HoV9FXjl618,¿Por Qué Creó Dios A Los Ángeles? El propósito y naturaleza de los ángeles - Documentales en español,,8 de noviembre de 2022,11:55,documental,,Ángeles y demonios / Paranormal / Ocultismo y esoterismo,https://www.youtube.com/watch?v=HoV9FXjl618,https://eldoqmentalista.github.io/v/por-que-creo-dios-a-los-angeles-el-proposito-y-naturaleza-de-los-angel/,,
415,204997,sI9xH4BZliA,"Los Caballeros De La Mesa Redonda, El Rey Arturo, La Leyenda de La Espada, el mago merlín",,23 de octubre de 2017,20:16,documental,,Paranormal / Ocultismo y esoterismo / Misterios de la Biblia,https://www.youtube.com/watch?v=sI9xH4BZliA,https://eldoqmentalista.github.io/v/los-caballeros-de-la-mesa-redonda-el-rey-arturo-la-leyenda-de-la-espad/,,
416,204062,vmP8k-Ec0bw,LA LUJURIA DE LOS ÁNGELES,,27 de mayo de 2020,12:35,documental,,Paranormal / Ángeles y demonios / Ocultismo y esoterismo,https://www.youtube.com/watch?v=vmP8k-Ec0bw,https://eldoqmentalista.github.io/v/la-lujuria-de-los-angeles/,,
417,203457,_JmcUcK26Do,Historia: La Impactante Verdad Detrás de John Titor y Sus Profecías,,1 de marzo de 2021,11:29,documental,,Paranormal / Ocultismo y esoterismo / Misterios de la Biblia,https://www.youtube.com/watch?v=_JmcUcK26Do,https://eldoqmentalista.github.io/v/historia-la-impactante-verdad-detras-de-john-titor-y-sus-profecias/,,
418,202678,DgGCx98pxSA,Cuándo Jesús visitó el infierno ✅ El DoQmentalista,,25 de mayo de 2021,9:27,documental,,Paranormal / Ocultismo y esoterismo / Misterios de la Biblia,https://www.youtube.com/watch?v=DgGCx98pxSA,https://eldoqmentalista.github.io/v/cuando-jesus-visito-el-infierno-el-doqmentalista/,,
419,202607,qonbte3OMOE,Sobrevivir Sin Agua En El Desierto / El DoQmentalista,,17 de agosto de 2017,24:10,documental,,Paranormal / Ocultismo y esoterismo / Misterios de la Biblia,https://www.youtube.com/watch?v=qonbte3OMOE,https://eldoqmentalista.github.io/v/sobrevivir-sin-agua-en-el-desierto-el-doqmentalista/,,
420,202369,pu6z69OfxvE,El Enigma de los Libros Prohibidos - Documentales Interesantes,,22 de julio de 2022,24:02,documental,,Paranormal / Ocultismo y esoterismo / Misterios de la Biblia,https://www.youtube.com/watch?v=pu6z69OfxvE,https://eldoqmentalista.github.io/v/el-enigma-de-los-libros-prohibidos-documentales-interesantes/,,
421,202348,hLplaKePGA4,Que son Los Chakras y Como Activarlos - Yoga y Meditación,,13 de julio de 2017,15:37,documental,,Paranormal / Ocultismo y esoterismo / Misterios de la Biblia,https://www.youtube.com/watch?v=hLplaKePGA4,https://eldoqmentalista.github.io/v/que-son-los-chakras-y-como-activarlos-yoga-y-meditacion/,,
422,202197,P_4Pt1bPJtQ,Antiguas leyendas de árboles que comían humanos,,23 de agosto de 2017,6:24,documental,,Paranormal / Ocultismo y esoterismo / Misterios de la Biblia,https://www.youtube.com/watch?v=P_4Pt1bPJtQ,https://eldoqmentalista.github.io/v/antiguas-leyendas-de-arboles-que-comian-humanos/,,
423,202112,Guqj4c5MKEQ,Documental: Ashor El Caballero negro que venció a la muerte,,4 de julio de 2021,9:09,documental,,Ocultismo y esoterismo / Paranormal / Misterios de la Biblia,https://www.youtube.com/watch?v=Guqj4c5MKEQ,https://eldoqmentalista.github.io/v/documental-ashor-el-caballero-negro-que-vencio-a-la-muerte/,,
424,201947,85a7mXFeRnE,EL REY QUE HABLABA CON DIOS 🤔 El Rey Salomón - Documentales en Español,,3 de mayo de 2023,18:59,documental,Misterios y Enigmas,Paranormal / Ocultismo y esoterismo / Misterios de la Biblia,https://www.youtube.com/watch?v=85a7mXFeRnE,https://eldoqmentalista.github.io/v/el-rey-que-hablaba-con-dios-el-rey-salomon-documentales-en-espanol/,,
425,201315,L4o4TJJfDcM,CUANTOS ARCÁNGELES HAY,,21 de julio de 2020,10:20,documental,,Paranormal / Ángeles y demonios / Ocultismo y esoterismo,https://www.youtube.com/watch?v=L4o4TJJfDcM,https://eldoqmentalista.github.io/v/cuantos-arcangeles-hay/,,
426,201259,Nh_yH0YdAMI,"La maldición de los templarios, El último gran maestre ✅ El DoQmentalista",,22 de junio de 2021,10:45,documental,,Paranormal / Ocultismo y esoterismo / Misterios de la Biblia,https://www.youtube.com/watch?v=Nh_yH0YdAMI,https://eldoqmentalista.github.io/v/la-maldicion-de-los-templarios-el-ultimo-gran-maestre-el-doqmentalista/,,
427,201184,ln1MaJOHAIA,Loterías Una Suerte Maldita - Personas que Ganaron La lotería nacional,,25 de abril de 2018,11:32,documental,,Paranormal / Ocultismo y esoterismo / Misterios de la Biblia,https://www.youtube.com/watch?v=ln1MaJOHAIA,https://eldoqmentalista.github.io/v/loterias-una-suerte-maldita-personas-que-ganaron-la-loteria-nacional/,,
428,201020,-LzOPnyvt6E,"BAPHOMET LA CABRA SABÁTICA, El Demoniaco Espiritu De Los Templarios, El DoQmentalista",,4 de noviembre de 2019,10:17,documental,,Paranormal / Ocultismo y esoterismo / Misterios de la Biblia,https://www.youtube.com/watch?v=-LzOPnyvt6E,https://eldoqmentalista.github.io/v/baphomet-la-cabra-sabatica-el-demoniaco-espiritu-de-los-templarios-el-/,,
429,200425,5Ieku7Ztvco,LA MISTERIOSA ORDEN DE LOS ROSACRUCES.,,3 de mayo de 2020,13:53,documental,Misterios y Enigmas,Paranormal / Ocultismo y esoterismo / Misterios de la Biblia,https://www.youtube.com/watch?v=5Ieku7Ztvco,https://eldoqmentalista.github.io/v/la-misteriosa-orden-de-los-rosacruces/,,
430,200350,RBjm9D3TWzk,Guerreros De Élite: LOS ESPARTANOS guerreros 2020 ÉPICO,,3 de agosto de 2020,13:07,documental,,Paranormal / Ocultismo y esoterismo / Misterios de la Biblia,https://www.youtube.com/watch?v=RBjm9D3TWzk,https://eldoqmentalista.github.io/v/guerreros-de-elite-los-espartanos-guerreros-2020-epico/,,
431,199450,afttFN5Lcbc,Encuentran Un Bosque En La Antártida / QUE HAY EN LA ANTÁRTIDA,,9 de noviembre de 2017,4:42,documental,,Paranormal / Ocultismo y esoterismo / Misterios de la Biblia,https://www.youtube.com/watch?v=afttFN5Lcbc,https://eldoqmentalista.github.io/v/encuentran-un-bosque-en-la-antartida-que-hay-en-la-antartida/,,
432,198202,LhbuRBs9ihk,El Secreto De Los 72 Nombres De Dios - Documentales en Español,,25 de octubre de 2022,11:55,documental,,Paranormal / Ocultismo y esoterismo / Misterios de la Biblia,https://www.youtube.com/watch?v=LhbuRBs9ihk,https://eldoqmentalista.github.io/v/el-secreto-de-los-72-nombres-de-dios-documentales-en-espanol/,,
433,198090,8ylCi2uqszM,Unicornio | El Último Del Mundo - Hermosa Criaturas,,4 de noviembre de 2021,11:10,documental,,Paranormal / Ocultismo y esoterismo / Misterios de la Biblia,https://www.youtube.com/watch?v=8ylCi2uqszM,https://eldoqmentalista.github.io/v/unicornio-el-ultimo-del-mundo-hermosa-criaturas/,,
434,196942,3CuYls9JnKg,"5 Experiencias con la OUIJA, VIDEOS DE TERROR",,21 de junio de 2019,,documental,,Paranormal / Ocultismo y esoterismo / Misterios de la Biblia,https://www.youtube.com/watch?v=3CuYls9JnKg,https://eldoqmentalista.github.io/v/5-experiencias-con-la-ouija-videos-de-terror/,,
435,195802,I97wMcWjNm4,Top 10: Versículos de la Muerte que Desafían la Religión y la Fe,,29 de julio de 2021,10:56,documental,,Misterios de la Biblia / Ocultismo y esoterismo / Paranormal,https://www.youtube.com/watch?v=I97wMcWjNm4,https://eldoqmentalista.github.io/v/top-10-versiculos-de-la-muerte-que-desafian-la-religion-y-la-fe/,,
436,195294,-2E_5_CV_xs,Tipos De Ángeles Más Poderosos y Sus Cualidades,,2 de septiembre de 2019,14:16,documental,,Paranormal / Ángeles y demonios / Ocultismo y esoterismo,https://www.youtube.com/watch?v=-2E_5_CV_xs,https://eldoqmentalista.github.io/v/tipos-de-angeles-mas-poderosos-y-sus-cualidades/,,
437,195209,jfaUVZf91Oo,"Tipos de ángeles y sus características, Jerarquía Celestial, Los Mas Poderosos",,17 de noviembre de 2019,11:24,documental,,Paranormal / Ángeles y demonios / Ocultismo y esoterismo,https://www.youtube.com/watch?v=jfaUVZf91Oo,https://eldoqmentalista.github.io/v/tipos-de-angeles-y-sus-caracteristicas-jerarquia-celestial-los-mas-pod/,,
438,194408,Y31KDMFJh6g,"""La Increíble Historia De Blanche Monnier: 25 Años En Oscuridad Absoluta, ¡Encerrada En Un Cuarto!""",,25 de diciembre de 2017,12:53,documental,,Paranormal / Ocultismo y esoterismo / Misterios de la Biblia,https://www.youtube.com/watch?v=Y31KDMFJh6g,https://eldoqmentalista.github.io/v/la-increible-historia-de-blanche-monnier-25-anos-en-oscuridad-absoluta/,,
439,194288,64_ohIAdGbc,Secretos peligrosos en los Registros Akáshicos: ¿Mito o Realidad?,,29 de septiembre de 2020,10:48,documental,Misterios y Enigmas,Paranormal / Ocultismo y esoterismo / Misterios de la Biblia,https://www.youtube.com/watch?v=64_ohIAdGbc,https://eldoqmentalista.github.io/v/secretos-peligrosos-en-los-registros-akashicos-mito-o-realidad/,,
440,194197,VMQgO35X8bw,Mitóloga Griega - EL MITO DE SÍSIFO - literatura y Cultura Griega,,19 de agosto de 2018,10:59,documental,,Paranormal / Ocultismo y esoterismo / Misterios de la Biblia,https://www.youtube.com/watch?v=VMQgO35X8bw,https://eldoqmentalista.github.io/v/mitologa-griega-el-mito-de-sisifo-literatura-y-cultura-griega/,,
441,194027,Dl89_Fm6ZPc,"AMIGOS IMAGINARIOS PARTE 1, Historias De Terror reales, Historias de miedo",,13 de agosto de 2018,13:21,documental,,Paranormal / Ocultismo y esoterismo / Misterios de la Biblia,https://www.youtube.com/watch?v=Dl89_Fm6ZPc,https://eldoqmentalista.github.io/v/amigos-imaginarios-parte-1-historias-de-terror-reales-historias-de-mie/,,
442,192873,uVaFOCAu0pg,La Escritura Del Diablo EL IDIOMA MAS ANTIGUO hablado en el Edén,,13 de septiembre de 2017,5:12,documental,,Paranormal / Misterios de la Biblia / Ocultismo y esoterismo,https://www.youtube.com/watch?v=uVaFOCAu0pg,https://eldoqmentalista.github.io/v/la-escritura-del-diablo-el-idioma-mas-antiguo-hablado-en-el-eden/,,
443,192613,VEkUQiBqKoA,"BRUJAS, ¿NACEN O SE HACEN?",,28 de octubre de 2019,10:39,documental,,Paranormal / Ocultismo y esoterismo / Misterios de la Biblia,https://www.youtube.com/watch?v=VEkUQiBqKoA,https://eldoqmentalista.github.io/v/brujas-nacen-o-se-hacen/,,
444,192319,LSb7XHg0WZg,"Diferencias Entre Satanás y Lucifer - Ocultismo, Documentales gratis ✅ El DoQmentalista",,18 de julio de 2021,9:42,documental,,Ángeles y demonios / Ocultismo y esoterismo / Paranormal,https://www.youtube.com/watch?v=LSb7XHg0WZg,https://eldoqmentalista.github.io/v/diferencias-entre-satanas-y-lucifer-ocultismo-documentales-gratis-el-d/,,
445,191729,cw21OBxYqEU,Misterios: El enigma del Ángel Raziel y sus revelaciones sobrenaturales,,27 de octubre de 2022,11:45,documental,,Paranormal / Ángeles y demonios / Ocultismo y esoterismo,https://www.youtube.com/watch?v=cw21OBxYqEU,https://eldoqmentalista.github.io/v/misterios-el-enigma-del-angel-raziel-y-sus-revelaciones-sobrenaturales/,,
446,191689,a767iECh8Y8,Los misterios revelados de los Nefilim y Gigantes - Documentales es Español,,19 de diciembre de 2022,16:16,documental,,Paranormal / Ocultismo y esoterismo / Misterios de la Biblia,https://www.youtube.com/watch?v=a767iECh8Y8,https://eldoqmentalista.github.io/v/los-misterios-revelados-de-los-nefilim-y-gigantes-documentales-es-espa/,,
447,190773,9WITed-XVMo,Historia: El Rebelde que Desafió el Poder Divino y Su Impacto,,2 de marzo de 2022,8:31,documental,,Paranormal / Ocultismo y esoterismo / Misterios de la Biblia,https://www.youtube.com/watch?v=9WITed-XVMo,https://eldoqmentalista.github.io/v/historia-el-rebelde-que-desafio-el-poder-divino-y-su-impacto/,,
448,190594,IhBGzJK0t54,5 historias de terror de el Doqmentalista Parte 6,,9 de diciembre de 2019,31:57,documental,,Paranormal / Ocultismo y esoterismo / Misterios de la Biblia,https://www.youtube.com/watch?v=IhBGzJK0t54,https://eldoqmentalista.github.io/v/5-historias-de-terror-de-el-doqmentalista-parte-6/,,
449,188690,uxnLdbrEdDQ,Documental: El Demonio que Conoció el Amor - Documentales Interesantes,,9 de julio de 2022,10:13,documental,,Paranormal / Ángeles y demonios / Ocultismo y esoterismo,https://www.youtube.com/watch?v=uxnLdbrEdDQ,https://eldoqmentalista.github.io/v/documental-el-demonio-que-conocio-el-amor-documentales-interesantes/,,
450,188562,bqmXuQSVaC4,Revelado: Profecía de Nostradamus sobre León XIV. ¿Por qué el Papa dejará de serlo pronto?,,12 de mayo de 2025,18:21,documental,Misterios y Enigmas,Ocultismo y esoterismo / Misterios de la Biblia / Paranormal,https://www.youtube.com/watch?v=bqmXuQSVaC4,https://eldoqmentalista.github.io/v/revelado-profecia-de-nostradamus-sobre-leon-xiv-por-que-el-papa-dejara/,,
451,187444,d7LIu7SxRWo,RAZIEL - El Arcángel De Los Misterios - Angeologia,,21 de julio de 2017,14:40,documental,Misterios y Enigmas,Ocultismo y esoterismo / Paranormal / Ángeles y demonios,https://www.youtube.com/watch?v=d7LIu7SxRWo,https://eldoqmentalista.github.io/v/raziel-el-arcangel-de-los-misterios-angeologia/,,
452,185362,o-qJaGFGmmI,"Como SABER si te hicieron BRUJERIA, síntomas y peligros ✅ El DoQmentalista",,11 de octubre de 2021,10:06,documental,,Ocultismo y esoterismo / Paranormal / Misterios de la Biblia,https://www.youtube.com/watch?v=o-qJaGFGmmI,https://eldoqmentalista.github.io/v/como-saber-si-te-hicieron-brujeria-sintomas-y-peligros-el-doqmentalist/,,
453,184794,94VBeZEcl1o,"Revelado: Catacumbas Vaticanas: El Papa visita a Lázaro, el resucitado por Jesús",,19 de junio de 2025,37:11,documental,Misterios y Enigmas,Vaticano e Iglesia / Ocultismo y esoterismo / Misterios de la Biblia,https://www.youtube.com/watch?v=94VBeZEcl1o,https://eldoqmentalista.github.io/v/revelado-catacumbas-vaticanas-el-papa-visita-a-lazaro-el-resucitado-po/,,
454,183779,ItEuK1gtsaE,Descubre las 7 Maravillas Escondidas del Mundo Antiguo! - Documentales en Español,,23 de abril de 2023,32:03,documental,,Paranormal / Ocultismo y esoterismo / Misterios de la Biblia,https://www.youtube.com/watch?v=ItEuK1gtsaE,https://eldoqmentalista.github.io/v/descubre-las-7-maravillas-escondidas-del-mundo-antiguo-documentales-en/,,
455,183631,Ewc-tYcUL-s,"EL ÁRBOL DE LA VIDA, ¿Qué es?, ¿Para qué sirve?, Qué significado tiene el árbol de la vida",,17 de febrero de 2020,11:13,documental,,Paranormal / Ocultismo y esoterismo / Misterios de la Biblia,https://www.youtube.com/watch?v=Ewc-tYcUL-s,https://eldoqmentalista.github.io/v/el-arbol-de-la-vida-que-es-para-que-sirve-que-significado-tiene-el-arb/,,
456,183555,zNhoUnsewPc,"La Pachamama, La Madre tierra, La Diosa Inca - folklore andino",,25 de agosto de 2017,10:16,documental,,Paranormal / Ocultismo y esoterismo / Misterios de la Biblia,https://www.youtube.com/watch?v=zNhoUnsewPc,https://eldoqmentalista.github.io/v/la-pachamama-la-madre-tierra-la-diosa-inca-folklore-andino/,,
457,183422,-kuDeBAvVmE,"Cuando el DIABLO  Se DISFRAZA De BUENO, El DoQmentalista",,12 de junio de 2020,12:59,documental,,Paranormal / Ocultismo y esoterismo / Misterios de la Biblia,https://www.youtube.com/watch?v=-kuDeBAvVmE,https://eldoqmentalista.github.io/v/cuando-el-diablo-se-disfraza-de-bueno-el-doqmentalista/,,
458,182927,e9tZF67-42g,"El Pánico del Vampiro, la última Vampiresa de Nueva Inglaterra, El DoQmentalista",,4 de enero de 2018,13:30,documental,,Paranormal / Ocultismo y esoterismo / Misterios de la Biblia,https://www.youtube.com/watch?v=e9tZF67-42g,https://eldoqmentalista.github.io/v/el-panico-del-vampiro-la-ultima-vampiresa-de-nueva-inglaterra-el-doqme/,,
459,182867,_D4K9jqxuAM,El exterminio de los Cátaros por la Iglesia - El DoQmentalista,,5 de septiembre de 2023,16:27,documental,,Paranormal / Ocultismo y esoterismo / Vaticano e Iglesia,https://www.youtube.com/watch?v=_D4K9jqxuAM,https://eldoqmentalista.github.io/v/el-exterminio-de-los-cataros-por-la-iglesia-el-doqmentalista/,,
460,182740,CDmSq7BQ-4o,Cuentos Cortos de Terror Para Niños y No Tan Niños Parte 3,,28 de junio de 2018,11:40,documental,,Paranormal / Ocultismo y esoterismo / Misterios de la Biblia,https://www.youtube.com/watch?v=CDmSq7BQ-4o,https://eldoqmentalista.github.io/v/cuentos-cortos-de-terror-para-ninos-y-no-tan-ninos-parte-3/,,
461,179962,FHP7SjpQgKY,Entrevista: Vidente Remoto Revela Secretos de Jacobo Gringberg - Documentales en Español,,28 de mayo de 2023,41:35,documental,El DoQmentalista Podcast,Paranormal / Ocultismo y esoterismo / Misterios de la Biblia,https://www.youtube.com/watch?v=FHP7SjpQgKY,https://eldoqmentalista.github.io/v/entrevista-vidente-remoto-revela-secretos-de-jacobo-gringberg-document/,,
462,179649,7l104Lotg70,Enigma Documental - El Necronomicón y la Magia Negra,,20 de marzo de 2016,6:03,documental,,Ocultismo y esoterismo / Paranormal / Misterios de la Biblia,https://www.youtube.com/watch?v=7l104Lotg70,https://eldoqmentalista.github.io/v/enigma-documental-el-necronomicon-y-la-magia-negra/,,
463,178933,R7d-yiKzVho,¡Revelado! El Papa Negro. 2 mentiras y 1 verdad sobre la profecía del Cónclave Vaticano,,23 de abril de 2025,26:43,documental,Misterios y Enigmas,Vaticano e Iglesia / Ocultismo y esoterismo / Misterios de la Biblia,https://www.youtube.com/watch?v=R7d-yiKzVho,https://eldoqmentalista.github.io/v/revelado-el-papa-negro-2-mentiras-y-1-verdad-sobre-la-profecia-del-con/,,
464,178615,QH92qroEoEY,La Maldición De Carmen Winstead - La Empujaron Por La Alcantarilla - El Doqmentalista,,27 de mayo de 2018,11:38,documental,,Paranormal / Ocultismo y esoterismo / Misterios de la Biblia,https://www.youtube.com/watch?v=QH92qroEoEY,https://eldoqmentalista.github.io/v/la-maldicion-de-carmen-winstead-la-empujaron-por-la-alcantarilla-el-do/,,
465,178318,8DuUdOM9kAQ,5 IMPRESIONANTES MISTERIOS que nadie ha podido DESCUBRIR,,30 de junio de 2017,11:57,documental,Misterios y Enigmas,Paranormal / Ocultismo y esoterismo / Misterios de la Biblia,https://www.youtube.com/watch?v=8DuUdOM9kAQ,https://eldoqmentalista.github.io/v/5-impresionantes-misterios-que-nadie-ha-podido-descubrir/,,
466,178129,ZcB15j2W7rA,El Lado oscuro de HP Lovecraft,,16 de septiembre de 2018,11:08,documental,,Paranormal / Ocultismo y esoterismo / Misterios de la Biblia,https://www.youtube.com/watch?v=ZcB15j2W7rA,https://eldoqmentalista.github.io/v/el-lado-oscuro-de-hp-lovecraft/,,
467,177846,pXY1gq76mek,Las Huellas Del Diablo - El DoQmentalista - Videos de Terror y Suspenso 2017,,18 de agosto de 2017,13:26,documental,,Paranormal / Ocultismo y esoterismo / Misterios de la Biblia,https://www.youtube.com/watch?v=pXY1gq76mek,https://eldoqmentalista.github.io/v/las-huellas-del-diablo-el-doqmentalista-videos-de-terror-y-suspenso-20/,,
468,177789,bMHZUCUXhKM,Ateos Los Que No Creen / Ateísmo / Argumentos a favor del ateísmo / ¿Dios no Existe?,,20 de octubre de 2017,16:48,documental,,Paranormal / Ocultismo y esoterismo / Misterios de la Biblia,https://www.youtube.com/watch?v=bMHZUCUXhKM,https://eldoqmentalista.github.io/v/ateos-los-que-no-creen-ateismo-argumentos-a-favor-del-ateismo-dios-no-/,,
469,177349,ySPAD5-0Mxc,Exitoso Restaurante De CARNE HUMANA abre en Tokio y se vuelve Viral,,25 de noviembre de 2017,5:30,documental,,Paranormal / Ocultismo y esoterismo / Misterios de la Biblia,https://www.youtube.com/watch?v=ySPAD5-0Mxc,https://eldoqmentalista.github.io/v/exitoso-restaurante-de-carne-humana-abre-en-tokio-y-se-vuelve-viral/,,
470,176889,yl0c2QKCuXM,"El Caso Del Borracho Loco, Historias De Mis Suscriptores, Pactos Diabólicos que salieron mal",,8 de enero de 2020,14:32,documental,,Paranormal / Ocultismo y esoterismo / Misterios de la Biblia,https://www.youtube.com/watch?v=yl0c2QKCuXM,https://eldoqmentalista.github.io/v/el-caso-del-borracho-loco-historias-de-mis-suscriptores-pactos-diaboli/,,
471,176859,cfFHnxvl50I,"Caronte, El Barquero De Los Muertos, Hijo De La Oscuridad, Mitologia Griega",,23 de mayo de 2021,9:04,documental,,Ocultismo y esoterismo / Paranormal / Misterios de la Biblia,https://www.youtube.com/watch?v=cfFHnxvl50I,https://eldoqmentalista.github.io/v/caronte-el-barquero-de-los-muertos-hijo-de-la-oscuridad-mitologia-grie/,,
472,176523,etQgZ9Gvp5M,"LA SANTA INQUISICIÓN, El Juicio De Dios En Europa",,9 de mayo de 2020,17:11,documental,,Paranormal / Ocultismo y esoterismo / Misterios de la Biblia,https://www.youtube.com/watch?v=etQgZ9Gvp5M,https://eldoqmentalista.github.io/v/la-santa-inquisicion-el-juicio-de-dios-en-europa/,,
473,176034,fjN_jiXH0Y8,Enigma Documental: ¿Qué esconden los Archivos Secretos del Vaticano?,,2 de septiembre de 2024,15:14,documental,Documentales Completos,Paranormal / Ocultismo y esoterismo / Vaticano e Iglesia,https://www.youtube.com/watch?v=fjN_jiXH0Y8,https://eldoqmentalista.github.io/v/enigma-documental-que-esconden-los-archivos-secretos-del-vaticano/,,
474,175775,68jhFS9zpR8,Misterios del Mundo: El Simbolismo Oculto del Número 3 y la Trinidad,,5 de noviembre de 2022,11:28,documental,,Paranormal / Ocultismo y esoterismo / Misterios de la Biblia,https://www.youtube.com/watch?v=68jhFS9zpR8,https://eldoqmentalista.github.io/v/misterios-del-mundo-el-simbolismo-oculto-del-numero-3-y-la-trinidad/,,
475,175764,ZT6rLYuRnLw,"ZOMBIES ATACAN A SOLDADOS ALEMANES EN RUSIA, El Ataque De Los Muertos, El DoQmentalista",,11 de noviembre de 2019,10:02,documental,,Paranormal / Ocultismo y esoterismo / Misterios de la Biblia,https://www.youtube.com/watch?v=ZT6rLYuRnLw,https://eldoqmentalista.github.io/v/zombies-atacan-a-soldados-alemanes-en-rusia-el-ataque-de-los-muertos-e/,,
476,175690,C6c_o8hmsCo,"Una Edad de Hielo Se Acerca y durará 33 años, podría ser en el 2021",,2 de enero de 2018,7:12,documental,,Paranormal / Ocultismo y esoterismo / Misterios de la Biblia,https://www.youtube.com/watch?v=C6c_o8hmsCo,https://eldoqmentalista.github.io/v/una-edad-de-hielo-se-acerca-y-durara-33-anos-podria-ser-en-el-2021/,,
477,174471,t41iOkKSnPo,Los príncipes del Infierno - Angeles y Demonios ✅ El DoQmentalista,,27 de mayo de 2021,9:22,documental,,Ángeles y demonios / Paranormal / Ocultismo y esoterismo,https://www.youtube.com/watch?v=t41iOkKSnPo,https://eldoqmentalista.github.io/v/los-principes-del-infierno-angeles-y-demonios-el-doqmentalista/,,
478,172251,97vg_BxoEMY,"Hermes Trismegisto, El Primer Inteligente",,19 de febrero de 2020,11:30,documental,,Paranormal / Ocultismo y esoterismo / Misterios de la Biblia,https://www.youtube.com/watch?v=97vg_BxoEMY,https://eldoqmentalista.github.io/v/hermes-trismegisto-el-primer-inteligente/,,
479,171910,Jmeo3QyOPKM,LA CORONA DE ESPINAS DE JESÚS: PODERES OCULTOS - Documentales en Español,,6 de abril de 2023,16:43,documental,Misterios y Enigmas,Paranormal / Ocultismo y esoterismo / Misterios de la Biblia,https://www.youtube.com/watch?v=Jmeo3QyOPKM,https://eldoqmentalista.github.io/v/la-corona-de-espinas-de-jesus-poderes-ocultos-documentales-en-espanol/,,
480,171185,p6_IA8SKFq4,Historia del Apocalipsis: Descripción Completa del Anticristo Según el Islam,,25 de junio de 2025,18:03,documental,Misterios y Enigmas,Misterios de la Biblia / Ocultismo y esoterismo / Paranormal,https://www.youtube.com/watch?v=p6_IA8SKFq4,https://eldoqmentalista.github.io/v/historia-del-apocalipsis-descripcion-completa-del-anticristo-segun-el-/,,
481,171072,N7W17K6Nvqc,Historia: El Ojo de Ra y sus misterios ocultos en Egipto antiguo,,13 de septiembre de 2019,11:47,documental,,Paranormal / Ocultismo y esoterismo / Misterios de la Biblia,https://www.youtube.com/watch?v=N7W17K6Nvqc,https://eldoqmentalista.github.io/v/historia-el-ojo-de-ra-y-sus-misterios-ocultos-en-egipto-antiguo/,,
482,170790,QDGt7CcRUoc,"Diferencias entre un Psicópata y un Sociópata, ¿Cual es más PELIGROSO?",,14 de abril de 2020,12:00,documental,,Paranormal / Ocultismo y esoterismo / Misterios de la Biblia,https://www.youtube.com/watch?v=QDGt7CcRUoc,https://eldoqmentalista.github.io/v/diferencias-entre-un-psicopata-y-un-sociopata-cual-es-mas-peligroso/,,
483,169707,mkUvHfEiuGA,Hechizos Prohibidos: ¡Ver para Creer!,,18 de enero de 2023,14:14,documental,Misterios y Enigmas,Paranormal / Ocultismo y esoterismo / Misterios de la Biblia,https://www.youtube.com/watch?v=mkUvHfEiuGA,https://eldoqmentalista.github.io/v/hechizos-prohibidos-ver-para-creer/,,
484,168879,dZFHEmrOFik,La misteriosa isla de los Brujos en Chile verdades ocultas espiritismo y ocultismo,,13 de mayo de 2019,15:58,documental,Misterios y Enigmas,Ocultismo y esoterismo / Paranormal / Misterios de la Biblia,https://www.youtube.com/watch?v=dZFHEmrOFik,https://eldoqmentalista.github.io/v/la-misteriosa-isla-de-los-brujos-en-chile-verdades-ocultas-espiritismo/,,
485,168543,hsvdG_EK82g,Paranormal: La bruja voladora que aterrorizó a un pueblo entero | historias reales,,22 de septiembre de 2024,28:21,documental,,Paranormal / Ocultismo y esoterismo / Misterios de la Biblia,https://www.youtube.com/watch?v=hsvdG_EK82g,https://eldoqmentalista.github.io/v/paranormal-la-bruja-voladora-que-aterrorizo-a-un-pueblo-entero-histori/,,
486,168225,tVyQxSE_f0I,7 secretos impactantes sobre las sirenas que desafían la realidad - Documentales en Español,,1 de septiembre de 2022,12:29,documental,,Paranormal / Ocultismo y esoterismo / Misterios de la Biblia,https://www.youtube.com/watch?v=tVyQxSE_f0I,https://eldoqmentalista.github.io/v/7-secretos-impactantes-sobre-las-sirenas-que-desafian-la-realidad-docu/,,
487,167617,pobSzwRiirw,"La Masonería, La Sociedad MÁS PODEROSA Del Mundo - religión y ocultismo",,2 de noviembre de 2021,11:40,documental,,Ocultismo y esoterismo / Paranormal / Misterios de la Biblia,https://www.youtube.com/watch?v=pobSzwRiirw,https://eldoqmentalista.github.io/v/la-masoneria-la-sociedad-mas-poderosa-del-mundo-religion-y-ocultismo/,,
488,166994,0RwBjzE7Zj4,"El Lado Oscuro Del Imperio Romano, Atrocidades y Excesos",,29 de marzo de 2020,12:52,documental,,Paranormal / Ocultismo y esoterismo / Misterios de la Biblia,https://www.youtube.com/watch?v=0RwBjzE7Zj4,https://eldoqmentalista.github.io/v/el-lado-oscuro-del-imperio-romano-atrocidades-y-excesos/,,
489,166915,-sFjmcE3Q0g,El Libro de Enoc: Datos Impactantes sobre Ángeles y Demonios - Documentales en Español,,24 de septiembre de 2023,10:02,documental,Misterios y Enigmas,Ángeles y demonios / Paranormal / Ocultismo y esoterismo,https://www.youtube.com/watch?v=-sFjmcE3Q0g,https://eldoqmentalista.github.io/v/el-libro-de-enoc-datos-impactantes-sobre-angeles-y-demonios-documental/,,
490,166642,LS08_Y054k0,Encuentran una GIGANTESCA Construcción EXTRATERRESTRE Alienígena,,20 de septiembre de 2017,13:54,documental,,Paranormal / Extraterrestres y OVNIs / Ocultismo y esoterismo,https://www.youtube.com/watch?v=LS08_Y054k0,https://eldoqmentalista.github.io/v/encuentran-una-gigantesca-construccion-extraterrestre-alienigena/,,
491,166270,sH35BcGN4y0,"De Dónde Vienen Los Espíritus Y Qué Son, Espiritismo",,10 de octubre de 2019,10:52,documental,,Paranormal / Ocultismo y esoterismo / Misterios de la Biblia,https://www.youtube.com/watch?v=sH35BcGN4y0,https://eldoqmentalista.github.io/v/de-donde-vienen-los-espiritus-y-que-son-espiritismo/,,
492,166027,0zfuLFvE-9M,Top 10 Demonios Imperfectos: Los Shedim y su Impacto en la Religión,,6 de febrero de 2020,12:41,documental,,Paranormal / Ángeles y demonios / Ocultismo y esoterismo,https://www.youtube.com/watch?v=0zfuLFvE-9M,https://eldoqmentalista.github.io/v/top-10-demonios-imperfectos-los-shedim-y-su-impacto-en-la-religion/,,
493,165775,VXzJ-fH2NA0,"LA PODEROSA CRUZ DE CARAVACA - Amuletos Cristianos, oraciones poderosas",,12 de julio de 2020,11:12,documental,,Paranormal / Ocultismo y esoterismo / Misterios de la Biblia,https://www.youtube.com/watch?v=VXzJ-fH2NA0,https://eldoqmentalista.github.io/v/la-poderosa-cruz-de-caravaca-amuletos-cristianos-oraciones-poderosas/,,
494,165478,5drr6PTA0F4,"Hades y el reino de la muerte, El Dios Del Inframundo griego",,7 de noviembre de 2018,11:49,documental,,Paranormal / Ocultismo y esoterismo / Misterios de la Biblia,https://www.youtube.com/watch?v=5drr6PTA0F4,https://eldoqmentalista.github.io/v/hades-y-el-reino-de-la-muerte-el-dios-del-inframundo-griego/,,
495,165309,Na_mZo5Tz_M,"El Mortal Elixir De La Vida, Ningún Alquimista Lo Ha Logrado Hacer",,27 de marzo de 2020,13:38,documental,,Paranormal / Ocultismo y esoterismo / Misterios de la Biblia,https://www.youtube.com/watch?v=Na_mZo5Tz_M,https://eldoqmentalista.github.io/v/el-mortal-elixir-de-la-vida-ningun-alquimista-lo-ha-logrado-hacer/,,
496,164928,OjJkCXhhvMY,"Poderes Mentales asombrosos Poderes Kineticos, Essokinesis y Ergokinesis, Poderes Psiquicos",,9 de marzo de 2020,13:33,documental,,Paranormal / Ocultismo y esoterismo / Misterios de la Biblia,https://www.youtube.com/watch?v=OjJkCXhhvMY,https://eldoqmentalista.github.io/v/poderes-mentales-asombrosos-poderes-kineticos-essokinesis-y-ergokinesi/,,
497,164797,QDkCmczYhMQ,"Los Chaneques, criaturas y seres extraños Relato Real doq",,1 de septiembre de 2020,11:47,documental,,Paranormal / Ocultismo y esoterismo / Misterios de la Biblia,https://www.youtube.com/watch?v=QDkCmczYhMQ,https://eldoqmentalista.github.io/v/los-chaneques-criaturas-y-seres-extranos-relato-real-doq/,,
498,164758,QnCDX1QNe6s,"ALIMENTOS PROHIBIDOS POR DIOS, Cuando Comer Es Pecado ✅ El DoQmentalista",,1 de diciembre de 2021,9:54,documental,,Paranormal / Ocultismo y esoterismo / Misterios de la Biblia,https://www.youtube.com/watch?v=QnCDX1QNe6s,https://eldoqmentalista.github.io/v/alimentos-prohibidos-por-dios-cuando-comer-es-pecado-el-doqmentalista/,,
499,164449,IxdYh1z5aHw,"La caída de Moctezuma, el último emperador de los aztecas, Tenochtitlan",,30 de julio de 2018,12:01,documental,,Paranormal / Ocultismo y esoterismo / Misterios de la Biblia,https://www.youtube.com/watch?v=IxdYh1z5aHw,https://eldoqmentalista.github.io/v/la-caida-de-moctezuma-el-ultimo-emperador-de-los-aztecas-tenochtitlan/,,
500,164281,jFGEAbTdnw4,"⚠️Jesús y su pacto secreto con los animales: Lo que la Iglesia jamás te contará, evangelios ocultos​",,27 de marzo de 2025,35:40,documental,Misterios y Enigmas,Misterios de la Biblia / Ocultismo y esoterismo / Ángeles y demonios,https://www.youtube.com/watch?v=jFGEAbTdnw4,https://eldoqmentalista.github.io/v/jesus-y-su-pacto-secreto-con-los-animales-lo-que-la-iglesia-jamas-te-c/,,
501,164246,TSRhYAyc2gk,Misterios del Vaticano: El Papa León XIV y su encuentro con Lucifer,,23 de mayo de 2025,39:03,documental,Misterios y Enigmas,Ocultismo y esoterismo / Paranormal / Misterios de la Biblia,https://www.youtube.com/watch?v=TSRhYAyc2gk,https://eldoqmentalista.github.io/v/misterios-del-vaticano-el-papa-leon-xiv-y-su-encuentro-con-lucifer/,,
502,164171,dHJVVzaFsxo,¿La Llorona es Real? Revelo 5 Hechos Oscuros  - Documentales en Español - El DoQmentalista,,31 de agosto de 2023,18:03,documental,Misterios y Enigmas,Paranormal / Ocultismo y esoterismo / Misterios de la Biblia,https://www.youtube.com/watch?v=dHJVVzaFsxo,https://eldoqmentalista.github.io/v/la-llorona-es-real-revelo-5-hechos-oscuros-documentales-en-espanol-el-/,,
503,163479,LXvVzDgrpnI,Misterios de Brujería: 10 Revelaciones Sorprendentes del Malleus Maleficarum,,25 de julio de 2017,16:19,documental,,Paranormal / Ocultismo y esoterismo / Misterios de la Biblia,https://www.youtube.com/watch?v=LXvVzDgrpnI,https://eldoqmentalista.github.io/v/misterios-de-brujeria-10-revelaciones-sorprendentes-del-malleus-malefi/,,
504,163421,QmCi44pEoiI,Documental: Los Demonios de la Biblia - Documentales Interesantes,,26 de mayo de 2022,13:07,documental,,Paranormal / Misterios de la Biblia / Ángeles y demonios,https://www.youtube.com/watch?v=QmCi44pEoiI,https://eldoqmentalista.github.io/v/documental-los-demonios-de-la-biblia-documentales-interesantes/,,
505,162907,iQnCDbUcXtc,La nigromancia - Adivinación por medio De Los Muertos ✅ El DoQmentalista magia nigromántica,,20 de julio de 2021,10:43,documental,,Ocultismo y esoterismo / Conspiraciones / Paranormal,https://www.youtube.com/watch?v=iQnCDbUcXtc,https://eldoqmentalista.github.io/v/la-nigromancia-adivinacion-por-medio-de-los-muertos-el-doqmentalista-m/,,
506,162580,Nu_oaG8KVGk,"Civilizaciones Antiguas, VIDEOS DE HISTORIA",,27 de mayo de 2019,13:09,documental,,Paranormal / Ocultismo y esoterismo / Misterios de la Biblia,https://www.youtube.com/watch?v=Nu_oaG8KVGk,https://eldoqmentalista.github.io/v/civilizaciones-antiguas-videos-de-historia/,,
507,162549,GX3KwxDUuRE,"Abaddon, El Espíritu De La Destrucción, Ángel Caído de la Quinta Trompeta, Señor Del Abismo",,28 de agosto de 2019,10:40,documental,,Paranormal / Ángeles y demonios / Ocultismo y esoterismo,https://www.youtube.com/watch?v=GX3KwxDUuRE,https://eldoqmentalista.github.io/v/abaddon-el-espiritu-de-la-destruccion-angel-caido-de-la-quinta-trompet/,,
508,162186,xcUnw-15tgE,Tendencias: La historia real detrás del payaso Pennywise y la película IT que Hollywood ocultó.,,2 de abril de 2025,22:11,documental,Misterios y Enigmas,Ocultismo y esoterismo / Misterios de la Biblia / Paranormal,https://www.youtube.com/watch?v=xcUnw-15tgE,https://eldoqmentalista.github.io/v/tendencias-la-historia-real-detras-del-payaso-pennywise-y-la-pelicula-/,,
509,162181,MIa-knjPiO8,"La misa negra, La espantosa historia detrás del ritual más misterioso ✅ El DoQmentalista",,17 de mayo de 2021,13:30,documental,Misterios y Enigmas,Ocultismo y esoterismo / Paranormal / Misterios de la Biblia,https://www.youtube.com/watch?v=MIa-knjPiO8,https://eldoqmentalista.github.io/v/la-misa-negra-la-espantosa-historia-detras-del-ritual-mas-misterioso-e/,,
510,161569,fhFTf1aR2AA,"Como Controlar a Un Demonio, Un Ángel O Cualquier Espíritu",,11 de marzo de 2021,15:11,documental,,Ángeles y demonios / Paranormal / Ocultismo y esoterismo,https://www.youtube.com/watch?v=fhFTf1aR2AA,https://eldoqmentalista.github.io/v/como-controlar-a-un-demonio-un-angel-o-cualquier-espiritu/,,
511,161553,nrLHHXhUy0Y,TOP 10 Nombres Más Malditos del Mundo - ¿Lilith?,,16 de junio de 2025,19:07,documental,Misterios y Enigmas,Ocultismo y esoterismo / Misterios de la Biblia / Paranormal,https://www.youtube.com/watch?v=nrLHHXhUy0Y,https://eldoqmentalista.github.io/v/top-10-nombres-mas-malditos-del-mundo-lilith/,,
512,161039,DxKuUX4AWqw,"El Mítico Ave Fénix, Renovación, Renacimiento Y Destrucción",,25 de marzo de 2019,11:11,documental,,Paranormal / Ocultismo y esoterismo / Misterios de la Biblia,https://www.youtube.com/watch?v=DxKuUX4AWqw,https://eldoqmentalista.github.io/v/el-mitico-ave-fenix-renovacion-renacimiento-y-destruccion/,,
513,160590,bfBDMsOK0fU,"Bruja blanca vs Bruja Negra, ¿Cuál es más poderosa? - Documentales en Español",,7 de noviembre de 2022,12:06,documental,,Paranormal / Ocultismo y esoterismo / Misterios de la Biblia,https://www.youtube.com/watch?v=bfBDMsOK0fU,https://eldoqmentalista.github.io/v/bruja-blanca-vs-bruja-negra-cual-es-mas-poderosa-documentales-en-espan/,,
514,160218,16IyIzbczyQ,Monstruos Mexicanos: El Waay Chivo (Huay chivo),,4 de febrero de 2021,17:18,documental,,Paranormal / Ocultismo y esoterismo / Misterios de la Biblia,https://www.youtube.com/watch?v=16IyIzbczyQ,https://eldoqmentalista.github.io/v/monstruos-mexicanos-el-waay-chivo-huay-chivo/,,
515,159223,YTxagBnv5i8,Viral: La historia real detrás de El Zorro. Heroísmo único y secretos de Hollywood,,23 de abril de 2025,34:28,documental,Misterios y Enigmas,Ocultismo y esoterismo / Misterios de la Biblia / Paranormal,https://www.youtube.com/watch?v=YTxagBnv5i8,https://eldoqmentalista.github.io/v/viral-la-historia-real-detras-de-el-zorro-heroismo-unico-y-secretos-de/,,
516,159111,tut3ueDqJ-E,"Los Cráneos de Cristal de los Mayas, las 13 calaveras de cristal",,7 de agosto de 2019,24:05,documental,,Paranormal / Ocultismo y esoterismo / Misterios de la Biblia,https://www.youtube.com/watch?v=tut3ueDqJ-E,https://eldoqmentalista.github.io/v/los-craneos-de-cristal-de-los-mayas-las-13-calaveras-de-cristal/,,
517,159058,Do_HSS9txUc,"Misterios: La Hija de la Perra, un Relato de Horror y Leyendas Urbanas",,6 de abril de 2022,13:15,documental,,Paranormal / Ocultismo y esoterismo / Misterios de la Biblia,https://www.youtube.com/watch?v=Do_HSS9txUc,https://eldoqmentalista.github.io/v/misterios-la-hija-de-la-perra-un-relato-de-horror-y-leyendas-urbanas/,,
518,158717,90Nr6-eJhLI,"La Criatura En la Finca (Relatos, Historias de Terror Reales, El DoQmentalista, Paranormal, miedo)",,22 de noviembre de 2020,13:33,documental,,Paranormal / Ocultismo y esoterismo / Misterios de la Biblia,https://www.youtube.com/watch?v=90Nr6-eJhLI,https://eldoqmentalista.github.io/v/la-criatura-en-la-finca-relatos-historias-de-terror-reales-el-doqmenta/,,
519,158328,DIgwIRUrO6M,"Los Elementos Negros, El Origen De la Maldad, El DoQmentalista",,7 de septiembre de 2020,17:58,documental,,Paranormal / Ocultismo y esoterismo / Misterios de la Biblia,https://www.youtube.com/watch?v=DIgwIRUrO6M,https://eldoqmentalista.github.io/v/los-elementos-negros-el-origen-de-la-maldad-el-doqmentalista/,,
520,158293,kJnwv5UY1xU,Documental Historia: El Enigma de la Tierra Hueca y los Ángeles Caídos,,14 de agosto de 2022,11:58,documental,,Ángeles y demonios / Paranormal / Ocultismo y esoterismo,https://www.youtube.com/watch?v=kJnwv5UY1xU,https://eldoqmentalista.github.io/v/documental-historia-el-enigma-de-la-tierra-hueca-y-los-angeles-caidos/,,
521,158205,A_GpLRxnwzU,SUSURRO DIABÓLICO historia de terror Contada por El DoQmentalista,,15 de septiembre de 2017,15:28,documental,,Paranormal / Ocultismo y esoterismo / Misterios de la Biblia,https://www.youtube.com/watch?v=A_GpLRxnwzU,https://eldoqmentalista.github.io/v/susurro-diabolico-historia-de-terror-contada-por-el-doqmentalista/,,
522,158142,PLTnvwPN-uE,Secretos ocultos: Diez maldiciones bíblicas - El DoQmentalista,,15 de noviembre de 2023,26:41,documental,Misterios y Enigmas,Paranormal / Misterios de la Biblia / Ocultismo y esoterismo,https://www.youtube.com/watch?v=PLTnvwPN-uE,https://eldoqmentalista.github.io/v/secretos-ocultos-diez-maldiciones-biblicas-el-doqmentalista/,,
523,157869,rbUQA6f1ND4,"Descubre si eres un Psicópata, LA TRIADA OSCURA, narcisismo, maquiavelismo y psicopatía",,29 de diciembre de 2017,13:43,documental,,Paranormal / Ocultismo y esoterismo / Misterios de la Biblia,https://www.youtube.com/watch?v=rbUQA6f1ND4,https://eldoqmentalista.github.io/v/descubre-si-eres-un-psicopata-la-triada-oscura-narcisismo-maquiavelism/,,
524,157124,EPL4VjV9mAg,Documental: Moisés y la Serpiente de Fuego - Documentales Interesantes,,8 de junio de 2022,14:54,documental,,Paranormal / Ocultismo y esoterismo / Misterios de la Biblia,https://www.youtube.com/watch?v=EPL4VjV9mAg,https://eldoqmentalista.github.io/v/documental-moises-y-la-serpiente-de-fuego-documentales-interesantes/,,
525,157096,EZKw1vWD5Ek,Piratas Parte 2 / El Video MAS PEDIDO POR USTEDES / Especial de los 600 Mil Suscriptores,,14 de marzo de 2018,14:21,documental,,Paranormal / Ocultismo y esoterismo / Misterios de la Biblia,https://www.youtube.com/watch?v=EZKw1vWD5Ek,https://eldoqmentalista.github.io/v/piratas-parte-2-el-video-mas-pedido-por-ustedes-especial-de-los-600-mi/,,
526,156942,WmAyBMlVtGk,Top 10 Ángeles Antiguos: Orígenes y Misterios de los Querubines Poderosos,,17 de septiembre de 2018,17:32,documental,,Ángeles y demonios / Paranormal / Ocultismo y esoterismo,https://www.youtube.com/watch?v=WmAyBMlVtGk,https://eldoqmentalista.github.io/v/top-10-angeles-antiguos-origenes-y-misterios-de-los-querubines-poderos/,,
527,156042,iX8VVQoXbzY,La leyenda del Puente del Arco Iris,,12 de mayo de 2018,7:58,documental,,Paranormal / Ocultismo y esoterismo / Misterios de la Biblia,https://www.youtube.com/watch?v=iX8VVQoXbzY,https://eldoqmentalista.github.io/v/la-leyenda-del-puente-del-arco-iris/,,
528,156006,wCK6ygbfYWA,La Naturaleza se defiende / LA PRIMAVERA NEGRA / el planeta acabará con la humanidad,,29 de agosto de 2017,10:32,documental,,Paranormal / Ocultismo y esoterismo / Misterios de la Biblia,https://www.youtube.com/watch?v=wCK6ygbfYWA,https://eldoqmentalista.github.io/v/la-naturaleza-se-defiende-la-primavera-negra-el-planeta-acabara-con-la/,,
529,155670,9Eyu3J3dZ0M,"Encuentran algo inesperado y terrorífico en la carretera, el bebé sobrevivió",,11 de marzo de 2018,2:43,short,,Paranormal / Ocultismo y esoterismo / Misterios de la Biblia,https://www.youtube.com/watch?v=9Eyu3J3dZ0M,https://eldoqmentalista.github.io/v/encuentran-algo-inesperado-y-terrorifico-en-la-carretera-el-bebe-sobre/,,
530,155558,dPzBz30i_3I,"La bruja de las colinas, Bruja Real Aparece en una colina en Monterrey  les habla a los niños",,30 de noviembre de 2018,11:53,documental,,Paranormal / Ocultismo y esoterismo / Misterios de la Biblia,https://www.youtube.com/watch?v=dPzBz30i_3I,https://eldoqmentalista.github.io/v/la-bruja-de-las-colinas-bruja-real-aparece-en-una-colina-en-monterrey-/,,
531,155072,WxF8WgGJ4GQ,"POR FIN, La verdad de Los Nephilim en La Biblia ✅ El DoQmentalista",,1 de agosto de 2021,11:26,documental,,Misterios de la Biblia / Ocultismo y esoterismo / Paranormal,https://www.youtube.com/watch?v=WxF8WgGJ4GQ,https://eldoqmentalista.github.io/v/por-fin-la-verdad-de-los-nephilim-en-la-biblia-el-doqmentalista/,,
532,154943,o0Wl3k3idgQ,La NASA Esta A Punto de Anunciar que Hay Vida Extraterrestre - El DoQmentalista,,26 de junio de 2017,11:51,documental,,Paranormal / Ocultismo y esoterismo / Misterios de la Biblia,https://www.youtube.com/watch?v=o0Wl3k3idgQ,https://eldoqmentalista.github.io/v/la-nasa-esta-a-punto-de-anunciar-que-hay-vida-extraterrestre-el-doqmen/,,
533,154726,YWPSiTcNXh4,"El Misterioso Síndrome De Alejandría, documental de genética",,20 de agosto de 2020,8:42,documental,Misterios y Enigmas,Paranormal / Ocultismo y esoterismo / Misterios de la Biblia,https://www.youtube.com/watch?v=YWPSiTcNXh4,https://eldoqmentalista.github.io/v/el-misterioso-sindrome-de-alejandria-documental-de-genetica/,,
534,154442,atccR2tsDwU,La Iglesia y El Diablo vs Las Brujas Nórdicas - Documentales en Español,,26 de octubre de 2022,20:59,documental,,Paranormal / Ocultismo y esoterismo / Vaticano e Iglesia,https://www.youtube.com/watch?v=atccR2tsDwU,https://eldoqmentalista.github.io/v/la-iglesia-y-el-diablo-vs-las-brujas-nordicas-documentales-en-espanol/,,
535,154380,WmrKV7RTzT4,Explicación: ¿POR QUÉ DIOS PERMITE EL SUFRIMIENTO? - Documentales interesantes,,21 de marzo de 2022,8:07,documental,,Paranormal / Ocultismo y esoterismo / Misterios de la Biblia,https://www.youtube.com/watch?v=WmrKV7RTzT4,https://eldoqmentalista.github.io/v/explicacion-por-que-dios-permite-el-sufrimiento-documentales-interesan/,,
536,154143,Q59AxziyyDo,Lilith: ¿La Verdadera Mujer de Adán o un Demonio Oculto en la Biblia? - Documentales en Español,,29 de agosto de 2023,16:27,documental,Documentales Completos,Paranormal / Misterios de la Biblia / Ángeles y demonios,https://www.youtube.com/watch?v=Q59AxziyyDo,https://eldoqmentalista.github.io/v/lilith-la-verdadera-mujer-de-adan-o-un-demonio-oculto-en-la-biblia-doc/,,
537,153449,-h6Erv90A9s,Misterios del Mundo: Los Fantasmas de Notre-Dame y su Impactante Incendio,,15 de abril de 2019,7:15,documental,,Paranormal / Ocultismo y esoterismo / Misterios de la Biblia,https://www.youtube.com/watch?v=-h6Erv90A9s,https://eldoqmentalista.github.io/v/misterios-del-mundo-los-fantasmas-de-notre-dame-y-su-impactante-incend/,,
538,153227,94mCIuAE3XI,"Las 13 Entradas Al Infierno,  relatos de terror",,28 de julio de 2019,21:26,documental,,Paranormal / Ocultismo y esoterismo / Misterios de la Biblia,https://www.youtube.com/watch?v=94mCIuAE3XI,https://eldoqmentalista.github.io/v/las-13-entradas-al-infierno-relatos-de-terror/,,
539,153078,2EC6_Y8xXE8,Demonios y Profecías: Revelación de Secretos Oscuros - El DoQmentalista,,27 de diciembre de 2023,1:58:51,documental,Documentales Completos,Paranormal / Ángeles y demonios / Ocultismo y esoterismo,https://www.youtube.com/watch?v=2EC6_Y8xXE8,https://eldoqmentalista.github.io/v/demonios-y-profecias-revelacion-de-secretos-oscuros-el-doqmentalista/,,
540,152153,GE9CSGfkK0Y,El exorcismo secreto del Papa León,,7 de mayo de 2025,16:25,documental,,Ocultismo y esoterismo / Misterios de la Biblia / Paranormal,https://www.youtube.com/watch?v=GE9CSGfkK0Y,https://eldoqmentalista.github.io/v/el-exorcismo-secreto-del-papa-leon/,,
541,151347,is2AZW8DgI0,Ocultismo Heinrich Himmler y su baiblioteca de brujeria nazi,,1 de febrero de 2021,16:59,documental,,Ocultismo y esoterismo / Paranormal / Misterios de la Biblia,https://www.youtube.com/watch?v=is2AZW8DgI0,https://eldoqmentalista.github.io/v/ocultismo-heinrich-himmler-y-su-baiblioteca-de-brujeria-nazi/,,
542,151265,t6UPYDP89C0,"Los 10 Versículos Más Locos De La Biblia, Explicación e interpretación de El DoQmentalista",,24 de marzo de 2021,14:20,documental,,Paranormal / Misterios de la Biblia / Ocultismo y esoterismo,https://www.youtube.com/watch?v=t6UPYDP89C0,https://eldoqmentalista.github.io/v/los-10-versiculos-mas-locos-de-la-biblia-explicacion-e-interpretacion-/,,
543,150866,QtzBgxSv6qU,"Las Profecías De Nikola Tesla, estos son sus SECRETOS, archivos PERDIDOS",,26 de enero de 2020,16:39,documental,,Paranormal / Ocultismo y esoterismo / Misterios de la Biblia,https://www.youtube.com/watch?v=QtzBgxSv6qU,https://eldoqmentalista.github.io/v/las-profecias-de-nikola-tesla-estos-son-sus-secretos-archivos-perdidos/,,
544,150858,4bDG3Mw5vI8,Los Secretos Ocultos de los Santos Católicos: Documentales en Español,,28 de marzo de 2023,19:36,documental,,Paranormal / Ocultismo y esoterismo / Vaticano e Iglesia,https://www.youtube.com/watch?v=4bDG3Mw5vI8,https://eldoqmentalista.github.io/v/los-secretos-ocultos-de-los-santos-catolicos-documentales-en-espanol/,,
545,150779,1YdXZCxoFHI,¡Descubre la Increíble Historia De Lucifer Que Te Dejará Sin Palabras! - Documentales en Español,,16 de marzo de 2023,12:16,documental,,Paranormal / Ángeles y demonios / Ocultismo y esoterismo,https://www.youtube.com/watch?v=1YdXZCxoFHI,https://eldoqmentalista.github.io/v/descubre-la-increible-historia-de-lucifer-que-te-dejara-sin-palabras-d/,,
546,150470,iBwxeHyhVuI,"7 Historias Locas, maratón de terror de el doqmentalista, videos de terror relatos",,28 de julio de 2018,14:46,documental,,Paranormal / Ocultismo y esoterismo / Misterios de la Biblia,https://www.youtube.com/watch?v=iBwxeHyhVuI,https://eldoqmentalista.github.io/v/7-historias-locas-maraton-de-terror-de-el-doqmentalista-videos-de-terr/,,
547,149330,VuclXrxEWOY,Los Oscuros Secretos de Vlad el Empalador: La Historia de Drácula - Documentales en Español,,8 de mayo de 2023,15:17,documental,Misterios y Enigmas,Paranormal / Ocultismo y esoterismo / Misterios de la Biblia,https://www.youtube.com/watch?v=VuclXrxEWOY,https://eldoqmentalista.github.io/v/los-oscuros-secretos-de-vlad-el-empalador-la-historia-de-dracula-docum/,,
548,149218,s4OT2TPpbFI,LA ISLA DEL DIABLO: UN MISTERIO SIN RESOLVER - Documentales en Español,,16 de abril de 2023,24:48,documental,,Paranormal / Ocultismo y esoterismo / Misterios de la Biblia,https://www.youtube.com/watch?v=s4OT2TPpbFI,https://eldoqmentalista.github.io/v/la-isla-del-diablo-un-misterio-sin-resolver-documentales-en-espanol/,,
549,148845,_HBZSpmN6wg,"Cómo hacer UN VIAJE ASTRAL, Salir Del Cuerpo, Proyección Astral, Mantras",,28 de enero de 2020,17:51,documental,,Paranormal / Ocultismo y esoterismo / Misterios de la Biblia,https://www.youtube.com/watch?v=_HBZSpmN6wg,https://eldoqmentalista.github.io/v/como-hacer-un-viaje-astral-salir-del-cuerpo-proyeccion-astral-mantras/,,
550,148635,YtzOq2C88xk,Historias Reales: La Monja Enamorada y el Terror que Nadie Conocía,,10 de febrero de 2022,18:46,documental,,Paranormal / Ocultismo y esoterismo / Misterios de la Biblia,https://www.youtube.com/watch?v=YtzOq2C88xk,https://eldoqmentalista.github.io/v/historias-reales-la-monja-enamorada-y-el-terror-que-nadie-conocia/,,
551,148362,as0e88z6C-E,Documental: TROMPETAS APOCALÍPTICAS: PROFECÍAS BÍBLICAS - Documentales Interesantes,,23 de agosto de 2022,12:59,documental,,Paranormal / Misterios de la Biblia / Ocultismo y esoterismo,https://www.youtube.com/watch?v=as0e88z6C-E,https://eldoqmentalista.github.io/v/documental-trompetas-apocalipticas-profecias-biblicas-documentales-int/,,
552,147506,FPgtDBA_AlE,"El Retrato Del Diablo, los secretos de El Codex Gigas ✅ El DoQmentalista",,16 de agosto de 2021,9:25,documental,,Ocultismo y esoterismo / Paranormal / Misterios de la Biblia,https://www.youtube.com/watch?v=FPgtDBA_AlE,https://eldoqmentalista.github.io/v/el-retrato-del-diablo-los-secretos-de-el-codex-gigas-el-doqmentalista/,,
553,147142,9PhcvOS4dNk,"El misterioso Pueblo Del Silbido, Los Orang Bunian, Espectros interdimensionales",,14 de mayo de 2019,18:46,documental,Misterios y Enigmas,Paranormal / Ocultismo y esoterismo / Misterios de la Biblia,https://www.youtube.com/watch?v=9PhcvOS4dNk,https://eldoqmentalista.github.io/v/el-misterioso-pueblo-del-silbido-los-orang-bunian-espectros-interdimen/,,
554,146860,-Ry3_wcYk8k,"Entréganos Tu Alma, Un Hombre Entra A Un Hotel Maldito y le quitan el alma... / El DoQmentalista",,9 de enero de 2019,10:10,documental,,Paranormal / Ocultismo y esoterismo / Misterios de la Biblia,https://www.youtube.com/watch?v=-Ry3_wcYk8k,https://eldoqmentalista.github.io/v/entreganos-tu-alma-un-hombre-entra-a-un-hotel-maldito-y-le-quitan-el-a/,,
555,146742,y5ju1BYJdpI,Casa Embrujada: El Oscuro Secreto Oculto en la Pared - Historia Real de Terror,,15 de julio de 2016,10:59,documental,,Paranormal / Ocultismo y esoterismo / Misterios de la Biblia,https://www.youtube.com/watch?v=y5ju1BYJdpI,https://eldoqmentalista.github.io/v/casa-embrujada-el-oscuro-secreto-oculto-en-la-pared-historia-real-de-t/,,
556,146444,1il8canhoto,Alimentos PROHIBIDOS En La BIBLIA / El DoQmentalista,,30 de octubre de 2019,10:48,documental,,Paranormal / Misterios de la Biblia / Ocultismo y esoterismo,https://www.youtube.com/watch?v=1il8canhoto,https://eldoqmentalista.github.io/v/alimentos-prohibidos-en-la-biblia-el-doqmentalista/,,
557,146127,3vEMYfeU13c,ANIMALES CON PODERES MISTERIOSOS,,29 de octubre de 2019,12:08,documental,Misterios y Enigmas,Paranormal / Ocultismo y esoterismo / Misterios de la Biblia,https://www.youtube.com/watch?v=3vEMYfeU13c,https://eldoqmentalista.github.io/v/animales-con-poderes-misteriosos/,,
558,145892,va4lPS_lPSc,"10 Fascinantes Ángeles y Demonios: Babalon vs Metatron, Lucifer Vs Uriel",,3 de marzo de 2021,11:40,documental,,Ángeles y demonios / Paranormal / Ocultismo y esoterismo,https://www.youtube.com/watch?v=va4lPS_lPSc,https://eldoqmentalista.github.io/v/10-fascinantes-angeles-y-demonios-babalon-vs-metatron-lucifer-vs-uriel/,,
559,145635,0UcYu5SbofY,"Cómo Leer La Mente, poderes mentales, El DoQmentalista",,7 de mayo de 2021,10:12,documental,,Paranormal / Ocultismo y esoterismo / Misterios de la Biblia,https://www.youtube.com/watch?v=0UcYu5SbofY,https://eldoqmentalista.github.io/v/como-leer-la-mente-poderes-mentales-el-doqmentalista/,,
560,145328,fqHiErItn4U,"6 HISTORIAS DE TERROR PARANORMALES, cuentos de terror relatos de horror leyendas creepy aterrador",,29 de julio de 2018,12:39,documental,,Paranormal / Ocultismo y esoterismo / Misterios de la Biblia,https://www.youtube.com/watch?v=fqHiErItn4U,https://eldoqmentalista.github.io/v/6-historias-de-terror-paranormales-cuentos-de-terror-relatos-de-horror/,,
561,145113,hirW7Z8LvhQ,KRAMPUS al descubierto: Revelaciones impactantes - Documentales en Español,,17 de diciembre de 2022,14:04,documental,,Paranormal / Ocultismo y esoterismo / Misterios de la Biblia,https://www.youtube.com/watch?v=hirW7Z8LvhQ,https://eldoqmentalista.github.io/v/krampus-al-descubierto-revelaciones-impactantes-documentales-en-espano/,,
562,144030,lnpV0JWVi-g,El Grimorio Secreto la historia de Abraham y el Santo Ángel de la Guarda - Documentales en Español,,4 de diciembre de 2022,15:15,documental,,Paranormal / Ángeles y demonios / Ocultismo y esoterismo,https://www.youtube.com/watch?v=lnpV0JWVi-g,https://eldoqmentalista.github.io/v/el-grimorio-secreto-la-historia-de-abraham-y-el-santo-angel-de-la-guar/,,
563,143645,DqR0wpd4IVU,La Biblia Prohíbe La Brujería - Quienes Practiquen La Magia Irán Al Infierno ✅ El DoQmentalista,,23 de junio de 2021,11:57,documental,,Ocultismo y esoterismo / Paranormal / Misterios de la Biblia,https://www.youtube.com/watch?v=DqR0wpd4IVU,https://eldoqmentalista.github.io/v/la-biblia-prohibe-la-brujeria-quienes-practiquen-la-magia-iran-al-infi/,,
564,143501,4RpMltEAyT4,"La Leyenda Del Tabayuco, Espíritu Bueno, Espíritu Malo, Espíritu Protector",,3 de enero de 2020,17:05,documental,,Paranormal / Ocultismo y esoterismo / Misterios de la Biblia,https://www.youtube.com/watch?v=4RpMltEAyT4,https://eldoqmentalista.github.io/v/la-leyenda-del-tabayuco-espiritu-bueno-espiritu-malo-espiritu-protecto/,,
565,142698,untU7ZCAg3E,Encuentran una Cabeza De Demonio Vídeo Real Exploraciones Urbanas,,3 de julio de 2017,10:08,documental,,Paranormal / Ángeles y demonios / Ocultismo y esoterismo,https://www.youtube.com/watch?v=untU7ZCAg3E,https://eldoqmentalista.github.io/v/encuentran-una-cabeza-de-demonio-video-real-exploraciones-urbanas/,,
566,142669,V5_GRkQwIt4,"Golems, Criaturas Mágicas cobran vida, The Golem, El DoQmentalista",,2 de abril de 2019,16:16,documental,,Paranormal / Ocultismo y esoterismo / Misterios de la Biblia,https://www.youtube.com/watch?v=V5_GRkQwIt4,https://eldoqmentalista.github.io/v/golems-criaturas-magicas-cobran-vida-the-golem-el-doqmentalista/,,
567,142209,_57_d1RCEIc,¡Descubre los Siete Secretos Milagrosos de Jesús! - Documentales en Español,,21 de abril de 2023,24:21,documental,,Paranormal / Ocultismo y esoterismo / Misterios de la Biblia,https://www.youtube.com/watch?v=_57_d1RCEIc,https://eldoqmentalista.github.io/v/descubre-los-siete-secretos-milagrosos-de-jesus-documentales-en-espano/,,
568,142170,23dRA0SZsro,LA LEY DE LA ATRACCIÓN,,23 de julio de 2020,12:07,documental,,Paranormal / Ocultismo y esoterismo / Misterios de la Biblia,https://www.youtube.com/watch?v=23dRA0SZsro,https://eldoqmentalista.github.io/v/la-ley-de-la-atraccion/,,
569,142169,WNqHMH-6oe0,Encuentran un monstruo Desconocido en el sótano captado en su casa aterrador,,6 de marzo de 2018,15:32,documental,,Paranormal / Ocultismo y esoterismo / Misterios de la Biblia,https://www.youtube.com/watch?v=WNqHMH-6oe0,https://eldoqmentalista.github.io/v/encuentran-un-monstruo-desconocido-en-el-sotano-captado-en-su-casa-ate/,,
570,142107,mFpJ5DU5lUM,"El Fascinante Cerebro De Albert Einstein, El DoQmentalista",,12 de junio de 2020,10:43,documental,,Paranormal / Ocultismo y esoterismo / Misterios de la Biblia,https://www.youtube.com/watch?v=mFpJ5DU5lUM,https://eldoqmentalista.github.io/v/el-fascinante-cerebro-de-albert-einstein-el-doqmentalista/,,
571,142056,q0LgMUlHqoQ,"3 Escalofriantes Mitos Urbanos, maratón de terror de el doqmentalista, vídeos de terror relatos",,28 de julio de 2018,10:53,documental,,Paranormal / Ocultismo y esoterismo / Misterios de la Biblia,https://www.youtube.com/watch?v=q0LgMUlHqoQ,https://eldoqmentalista.github.io/v/3-escalofriantes-mitos-urbanos-maraton-de-terror-de-el-doqmentalista-v/,,
572,141969,y0tUOyTvRz0,"La Tableta Esmeralda, contiene El SECRETO DEL UNIVERSO ✅ El DoQmentalista",,5 de noviembre de 2021,10:47,documental,,Paranormal / Ocultismo y esoterismo / Misterios de la Biblia,https://www.youtube.com/watch?v=y0tUOyTvRz0,https://eldoqmentalista.github.io/v/la-tableta-esmeralda-contiene-el-secreto-del-universo-el-doqmentalista/,,
573,141679,BV0QKlwr5Eo,Brujería Antigua: Misterios del Pasado,,1 de marzo de 2023,17:54,documental,,Paranormal / Ocultismo y esoterismo / Misterios de la Biblia,https://www.youtube.com/watch?v=BV0QKlwr5Eo,https://eldoqmentalista.github.io/v/brujeria-antigua-misterios-del-pasado/,,
574,141470,pJV4T4OHWGk,VIKINGS EL VALHALLA - el salon de los muertos,,9 de agosto de 2017,10:30,documental,,Paranormal / Ocultismo y esoterismo / Misterios de la Biblia,https://www.youtube.com/watch?v=pJV4T4OHWGk,https://eldoqmentalista.github.io/v/vikings-el-valhalla-el-salon-de-los-muertos/,,
575,141211,rklPesOufU0,Los Nueve Pecados Satánicos ✅ El DoQmentalista,,6 de enero de 2022,9:17,documental,,Paranormal / Ángeles y demonios / Ocultismo y esoterismo,https://www.youtube.com/watch?v=rklPesOufU0,https://eldoqmentalista.github.io/v/los-nueve-pecados-satanicos-el-doqmentalista/,,
576,140970,_9XBil6aIGg,"¿Cómo volverte un SER Inhabitable para los DEMONIOS?, El DoQmentalista.",,28 de enero de 2021,16:47,documental,,Paranormal / Ángeles y demonios / Ocultismo y esoterismo,https://www.youtube.com/watch?v=_9XBil6aIGg,https://eldoqmentalista.github.io/v/como-volverte-un-ser-inhabitable-para-los-demonios-el-doqmentalista/,,
577,140259,4nogKtwxkCQ,7 DIOSAS MÁS PODEROSAS Del Mundo Antiguo Mitología Antigua universal,,26 de julio de 2020,10:38,documental,,Ocultismo y esoterismo / Paranormal / Misterios de la Biblia,https://www.youtube.com/watch?v=4nogKtwxkCQ,https://eldoqmentalista.github.io/v/7-diosas-mas-poderosas-del-mundo-antiguo-mitologia-antigua-universal/,,
578,139847,-19v_lGN3sI,"Morfeo, El Dios Griego De Los Sueños, Mitología Griega",,3 de octubre de 2019,6:52,documental,,Ocultismo y esoterismo / Paranormal / Misterios de la Biblia,https://www.youtube.com/watch?v=-19v_lGN3sI,https://eldoqmentalista.github.io/v/morfeo-el-dios-griego-de-los-suenos-mitologia-griega/,,
579,139013,VsjdQ5NyU7Y,Gigantes de Tula: Misterios Revelados,,5 de marzo de 2023,12:36,documental,,Paranormal / Ocultismo y esoterismo / Misterios de la Biblia,https://www.youtube.com/watch?v=VsjdQ5NyU7Y,https://eldoqmentalista.github.io/v/gigantes-de-tula-misterios-revelados/,,
580,138027,ns7zDpLE2Mc,El Extraño incidente de Yina Navka (Parte I),,7 de febrero de 2021,19:35,documental,,Paranormal / Ocultismo y esoterismo / Misterios de la Biblia,https://www.youtube.com/watch?v=ns7zDpLE2Mc,https://eldoqmentalista.github.io/v/el-extrano-incidente-de-yina-navka-parte-i/,,
581,137966,l0XWfRJ3xEQ,"Los 5 Arcontes Más Peligrosos De Los Evangelios Prohibidos, gnosticism documentary",,17 de marzo de 2021,9:33,documental,,Paranormal / Misterios de la Biblia / Ángeles y demonios,https://www.youtube.com/watch?v=l0XWfRJ3xEQ,https://eldoqmentalista.github.io/v/los-5-arcontes-mas-peligrosos-de-los-evangelios-prohibidos-gnosticism-/,,
582,137675,5aA0QZ8_6vA,"El Arca de Noé NO ERA como todos creíamos, documentales interesantes ✅ El DoQmentalista.",,31 de diciembre de 2021,8:37,documental,,Paranormal / Ocultismo y esoterismo / Misterios de la Biblia,https://www.youtube.com/watch?v=5aA0QZ8_6vA,https://eldoqmentalista.github.io/v/el-arca-de-noe-no-era-como-todos-creiamos-documentales-interesantes-el/,,
583,137514,4vC5L5xPUsU,Misterios: 5 Enigmas sobre el nombre desconocido de Dios revelados,,12 de julio de 2021,7:40,documental,,Ocultismo y esoterismo / Paranormal / Misterios de la Biblia,https://www.youtube.com/watch?v=4vC5L5xPUsU,https://eldoqmentalista.github.io/v/misterios-5-enigmas-sobre-el-nombre-desconocido-de-dios-revelados/,,
584,137268,XSXDk2AHzRM,Documental: LOS NEPHILIM: GIGANTES DE LA BIBLIA - Documentales interesantes,,17 de marzo de 2022,16:30,documental,,Paranormal / Misterios de la Biblia / Ocultismo y esoterismo,https://www.youtube.com/watch?v=XSXDk2AHzRM,https://eldoqmentalista.github.io/v/documental-los-nephilim-gigantes-de-la-biblia-documentales-interesante/,,
585,137078,8D8AcfP84eY,¡Rituales Satánicos: Lo Que NO Quieren Que Sepas!,,15 de enero de 2023,14:12,documental,Misterios y Enigmas,Ocultismo y esoterismo / Paranormal / Ángeles y demonios,https://www.youtube.com/watch?v=8D8AcfP84eY,https://eldoqmentalista.github.io/v/rituales-satanicos-lo-que-no-quieren-que-sepas/,,
586,136885,HIZPkuobFsU,"Hécate, LA PROTECTORA De Las BRUJAS - Deidad Lunar ✅ El DoQmentalista",,24 de octubre de 2021,12:54,documental,,Paranormal / Ocultismo y esoterismo / Misterios de la Biblia,https://www.youtube.com/watch?v=HIZPkuobFsU,https://eldoqmentalista.github.io/v/hecate-la-protectora-de-las-brujas-deidad-lunar-el-doqmentalista/,,
587,136721,mOtWup7HIM0,"El Espejo De Babila, videos de terror",,18 de julio de 2019,18:48,documental,,Paranormal / Ocultismo y esoterismo / Misterios de la Biblia,https://www.youtube.com/watch?v=mOtWup7HIM0,https://eldoqmentalista.github.io/v/el-espejo-de-babila-videos-de-terror/,,
588,136008,gfa0pBnClkQ,"PAIMON, El Noveno Rey Del Infierno - Pseudomonarchia Daemonum ✅#El DoQmentalista",,11 de julio de 2021,9:38,documental,,Ángeles y demonios / Ocultismo y esoterismo / Paranormal,https://www.youtube.com/watch?v=gfa0pBnClkQ,https://eldoqmentalista.github.io/v/paimon-el-noveno-rey-del-infierno-pseudomonarchia-daemonum-el-doqmenta/,,
589,135103,dVLtR0T1VLw,Los Misterios de la Isla Calavera - Documentales en Español,,11 de julio de 2023,14:43,documental,,Paranormal / Ocultismo y esoterismo / Misterios de la Biblia,https://www.youtube.com/watch?v=dVLtR0T1VLw,https://eldoqmentalista.github.io/v/los-misterios-de-la-isla-calavera-documentales-en-espanol/,,
590,134941,vqjlzNU7pag,"Que Es El Satanismo y Dónde Surgió, Satanismo Laveyano, El Templo de Lucifer",,8 de abril de 2020,17:00,documental,,Ángeles y demonios / Paranormal / Ocultismo y esoterismo,https://www.youtube.com/watch?v=vqjlzNU7pag,https://eldoqmentalista.github.io/v/que-es-el-satanismo-y-donde-surgio-satanismo-laveyano-el-templo-de-luc/,,
591,134938,XO7kOxpPREo,4 Escalofriantes teorías Sobre El Fin Del Mundo ✅ El DoQmentalista documentales gratis,,24 de junio de 2021,9:00,documental,,Paranormal / Ocultismo y esoterismo / Misterios de la Biblia,https://www.youtube.com/watch?v=XO7kOxpPREo,https://eldoqmentalista.github.io/v/4-escalofriantes-teorias-sobre-el-fin-del-mundo-el-doqmentalista-docum/,,
592,134813,ImUDHwzFMq4,Paranormal: El Impactante Legado del Brujo del Cementerio y Sus Fantasmas,,29 de mayo de 2025,29:21,documental,Misterios y Enigmas,Paranormal / Ocultismo y esoterismo / Misterios de la Biblia,https://www.youtube.com/watch?v=ImUDHwzFMq4,https://eldoqmentalista.github.io/v/paranormal-el-impactante-legado-del-brujo-del-cementerio-y-sus-fantasm/,,
593,134491,lsbqW7tBA-c,Los 12 Arcángeles Más Poderosos - Conocimiento Ancestral - El DoQmentalista,,9 de noviembre de 2023,26:36,documental,Misterios y Enigmas,Paranormal / Ángeles y demonios / Ocultismo y esoterismo,https://www.youtube.com/watch?v=lsbqW7tBA-c,https://eldoqmentalista.github.io/v/los-12-arcangeles-mas-poderosos-conocimiento-ancestral-el-doqmentalist/,,
594,133516,iwB0APsl2Uk,Mefistófeles: Los oscuros secretos revelados - Demonología,,22 de junio de 2020,13:36,documental,,Ocultismo y esoterismo / Paranormal / Misterios de la Biblia,https://www.youtube.com/watch?v=iwB0APsl2Uk,https://eldoqmentalista.github.io/v/mefistofeles-los-oscuros-secretos-revelados-demonologia/,,
595,133465,-PROy5hk21Y,La Profecía de San Malaquías,,13 de diciembre de 2018,10:04,documental,,Paranormal / Ocultismo y esoterismo / Vaticano e Iglesia,https://www.youtube.com/watch?v=-PROy5hk21Y,https://eldoqmentalista.github.io/v/la-profecia-de-san-malaquias/,,
596,133303,jkgRuBJHrTU,Historia: Los Misterios Ocultos de los Castillos Medievales Revelados,,15 de julio de 2020,13:34,documental,,Paranormal / Ocultismo y esoterismo / Misterios de la Biblia,https://www.youtube.com/watch?v=jkgRuBJHrTU,https://eldoqmentalista.github.io/v/historia-los-misterios-ocultos-de-los-castillos-medievales-revelados/,,
597,133056,pGL5GXuW2p8,Ángeles Caídos: Las Historias Extrañas de la Biblia - Documentales en Español,,26 de abril de 2023,14:46,documental,,Ángeles y demonios / Paranormal / Misterios de la Biblia,https://www.youtube.com/watch?v=pGL5GXuW2p8,https://eldoqmentalista.github.io/v/angeles-caidos-las-historias-extranas-de-la-biblia-documentales-en-esp/,,
598,132826,Y7DGKOHuq08,"Los 12 Signos Del Zodiaco, Horoscopo aries leo piscis geminis pick a card",,5 de agosto de 2020,13:23,documental,,Paranormal / Ocultismo y esoterismo / Misterios de la Biblia,https://www.youtube.com/watch?v=Y7DGKOHuq08,https://eldoqmentalista.github.io/v/los-12-signos-del-zodiaco-horoscopo-aries-leo-piscis-geminis-pick-a-ca/,,
599,132304,19KETA5w0ZA,Paranormal: Descubre 7 Secretos Siniestros Ocultos Por El Diablo...,,27 de abril de 2023,21:34,documental,,Paranormal / Ocultismo y esoterismo / Misterios de la Biblia,https://www.youtube.com/watch?v=19KETA5w0ZA,https://eldoqmentalista.github.io/v/paranormal-descubre-7-secretos-siniestros-ocultos-por-el-diablo/,,
600,132123,nt5vShtXivQ,Sir Isaac Newton y La búsqueda secreta de Dios - Documentales en Español,,10 de octubre de 2022,15:02,documental,,Paranormal / Ocultismo y esoterismo / Misterios de la Biblia,https://www.youtube.com/watch?v=nt5vShtXivQ,https://eldoqmentalista.github.io/v/sir-isaac-newton-y-la-busqueda-secreta-de-dios-documentales-en-espanol/,,
601,131998,ULgVjZwdwXw,"A Cambio De  Tu Alma, Pactos Satánicos",,2 de diciembre de 2018,6:38,documental,,Paranormal / Ángeles y demonios / Ocultismo y esoterismo,https://www.youtube.com/watch?v=ULgVjZwdwXw,https://eldoqmentalista.github.io/v/a-cambio-de-tu-alma-pactos-satanicos/,,
602,131305,TFG7DCjhQPU,"¿Por qué los vikingos usaban barba?, barba de hombre Sin Minoxidil",,13 de octubre de 2020,11:37,documental,,Paranormal / Ocultismo y esoterismo / Misterios de la Biblia,https://www.youtube.com/watch?v=TFG7DCjhQPU,https://eldoqmentalista.github.io/v/por-que-los-vikingos-usaban-barba-barba-de-hombre-sin-minoxidil/,,
603,131276,yFJVWNYS5Ks,"El Gigantopithecus, La Historia Perdida de la Humanidad.",,9 de febrero de 2021,12:31,documental,,Paranormal / Ocultismo y esoterismo / Misterios de la Biblia,https://www.youtube.com/watch?v=yFJVWNYS5Ks,https://eldoqmentalista.github.io/v/el-gigantopithecus-la-historia-perdida-de-la-humanidad/,,
604,130682,MRgdvUtkrRU,"El Discípulo Del Sacerdote, Vídeos De Terror",,25 de julio de 2019,17:13,documental,,Paranormal / Ocultismo y esoterismo / Misterios de la Biblia,https://www.youtube.com/watch?v=MRgdvUtkrRU,https://eldoqmentalista.github.io/v/el-discipulo-del-sacerdote-videos-de-terror/,,
605,130633,v3K01-KnCH8,"LA MADRE DE AGUA, Misteriosas Leyendas colombianas, historias, relatos y mitos",,9 de enero de 2020,10:52,documental,Misterios y Enigmas,Paranormal / Ocultismo y esoterismo / Misterios de la Biblia,https://www.youtube.com/watch?v=v3K01-KnCH8,https://eldoqmentalista.github.io/v/la-madre-de-agua-misteriosas-leyendas-colombianas-historias-relatos-y-/,,
606,130525,jtsYRVe2Djs,El fin de EE.UU. Tres profecías que indican que Trump será el último presidente,,4 de abril de 2025,19:36,documental,Misterios y Enigmas,Ocultismo y esoterismo / Misterios de la Biblia / Paranormal,https://www.youtube.com/watch?v=jtsYRVe2Djs,https://eldoqmentalista.github.io/v/el-fin-de-ee-uu-tres-profecias-que-indican-que-trump-sera-el-ultimo-pr/,,
607,130231,jR1i2Zho70g,¿Que Es La Demonología? VIDEOS DE TERROR,,28 de junio de 2019,15:27,documental,,Ocultismo y esoterismo / Paranormal / Misterios de la Biblia,https://www.youtube.com/watch?v=jR1i2Zho70g,https://eldoqmentalista.github.io/v/que-es-la-demonologia-videos-de-terror/,,
608,130125,Kg7Rgi1EFK0,Series: Cómo Sobrevivir a un Apocalipsis Nuclear. en Netflix aún no está,,29 de junio de 2025,39:40,documental,,Misterios de la Biblia / Ocultismo y esoterismo / Paranormal,https://www.youtube.com/watch?v=Kg7Rgi1EFK0,https://eldoqmentalista.github.io/v/series-como-sobrevivir-a-un-apocalipsis-nuclear-en-netflix-aun-no-esta/,,
609,129816,ipKEqOMqpNk,"El Poder de la Levitación | ¿Mito, Magia o Ciencia? - Documentales en Español",,18 de julio de 2023,23:58,documental,Documentales Completos,Ocultismo y esoterismo / Paranormal / Misterios de la Biblia,https://www.youtube.com/watch?v=ipKEqOMqpNk,https://eldoqmentalista.github.io/v/el-poder-de-la-levitacion-mito-magia-o-ciencia-documentales-en-espanol/,,
610,129676,2oCxfSz2Mxo,Documental: LA BRUJA DE LAS AGUJAS: TERROR QUE TE DEJARÁ SIN ALIENTO - Documentales interesantes,,20 de febrero de 2022,14:48,documental,,Paranormal / Ocultismo y esoterismo / Misterios de la Biblia,https://www.youtube.com/watch?v=2oCxfSz2Mxo,https://eldoqmentalista.github.io/v/documental-la-bruja-de-las-agujas-terror-que-te-dejara-sin-aliento-doc/,,
611,128578,MtoUaJyh7X4,Documental: LA VENGANZA DESDE EL MÁS ALLÁ - Documentales interesantes,,24 de abril de 2022,10:46,documental,,Paranormal / Ocultismo y esoterismo / Misterios de la Biblia,https://www.youtube.com/watch?v=MtoUaJyh7X4,https://eldoqmentalista.github.io/v/documental-la-venganza-desde-el-mas-alla-documentales-interesantes/,,
612,128382,VodmXjjQs3E,Documental: PACTO CON EL DIABLO: UN AVISO IMPORTANTE - Documentales interesantes,,9 de marzo de 2022,16:47,documental,,Paranormal / Ocultismo y esoterismo / Misterios de la Biblia,https://www.youtube.com/watch?v=VodmXjjQs3E,https://eldoqmentalista.github.io/v/documental-pacto-con-el-diablo-un-aviso-importante-documentales-intere/,,
613,128236,PCXcWqzone4,"Los Berserkers, Guerreros Vikingos Indestructibles ✅ El DoQmentalista",,5 de agosto de 2021,8:52,documental,,Paranormal / Ocultismo y esoterismo / Misterios de la Biblia,https://www.youtube.com/watch?v=PCXcWqzone4,https://eldoqmentalista.github.io/v/los-berserkers-guerreros-vikingos-indestructibles-el-doqmentalista/,,
614,127832,ZQZVNN3DLk4,"Sobrenatural: Descubre a LAMASHTU, la Reina Demonio y su Terrorífica Legado",,15 de abril de 2018,12:17,documental,,Paranormal / Ángeles y demonios / Ocultismo y esoterismo,https://www.youtube.com/watch?v=ZQZVNN3DLk4,https://eldoqmentalista.github.io/v/sobrenatural-descubre-a-lamashtu-la-reina-demonio-y-su-terrorifica-leg/,,
615,127597,dFHMEtrK_8M,Las Revelaciones Prohibidas de Mauro Biglino: Extraterrestres en la Biblia - El DoQmentalista,,22 de abril de 2025,25:23,documental,Misterios y Enigmas,Misterios de la Biblia / Ocultismo y esoterismo / Paranormal,https://www.youtube.com/watch?v=dFHMEtrK_8M,https://eldoqmentalista.github.io/v/las-revelaciones-prohibidas-de-mauro-biglino-extraterrestres-en-la-bib/,,
616,126990,KtuDcaJfRuY,"Civilizaciones Subterráneas, Documentales Secretos, video real ✅ El DoQmentalista",,19 de enero de 2022,9:36,documental,,Paranormal / Ocultismo y esoterismo / Misterios de la Biblia,https://www.youtube.com/watch?v=KtuDcaJfRuY,https://eldoqmentalista.github.io/v/civilizaciones-subterraneas-documentales-secretos-video-real-el-doqmen/,,
617,126953,dybJcGamQRk,Documental: La asombrosa verdad sobre la muerte de Jesús y su conspiración,,1 de junio de 2021,15:51,documental,Documentales Completos,Paranormal / Ocultismo y esoterismo / Misterios de la Biblia,https://www.youtube.com/watch?v=dybJcGamQRk,https://eldoqmentalista.github.io/v/documental-la-asombrosa-verdad-sobre-la-muerte-de-jesus-y-su-conspirac/,,
618,126843,lmfWZmUsvIE,Los Clavos de la Crucifixión De Jesús. Objetos Sagrados Parte 1. (entretenimiento),,25 de octubre de 2020,10:51,documental,,Paranormal / Ocultismo y esoterismo / Jesús y María,https://www.youtube.com/watch?v=lmfWZmUsvIE,https://eldoqmentalista.github.io/v/los-clavos-de-la-crucifixion-de-jesus-objetos-sagrados-parte-1-entrete/,,
619,126519,3AKRI1UUrUc,Documental: Zeus y su Poder Inigualable entre los Dioses de la Mitología,,24 de septiembre de 2019,10:38,documental,,Ocultismo y esoterismo / Paranormal / Misterios de la Biblia,https://www.youtube.com/watch?v=3AKRI1UUrUc,https://eldoqmentalista.github.io/v/documental-zeus-y-su-poder-inigualable-entre-los-dioses-de-la-mitologi/,,
620,126455,nvbbbEx3gg4,Encuentran LIBROS de Metal con Revelaciones que podrían cambiar la historia bíblica,,11 de julio de 2017,6:40,documental,,Paranormal / Misterios de la Biblia / Ocultismo y esoterismo,https://www.youtube.com/watch?v=nvbbbEx3gg4,https://eldoqmentalista.github.io/v/encuentran-libros-de-metal-con-revelaciones-que-podrian-cambiar-la-his/,,
621,126328,VF-UWRX0B34,"5 Aterradores Descubrimientos Arqueológicos, noticias asombrosas",,19 de octubre de 2020,10:53,documental,,Paranormal / Ocultismo y esoterismo / Misterios de la Biblia,https://www.youtube.com/watch?v=VF-UWRX0B34,https://eldoqmentalista.github.io/v/5-aterradores-descubrimientos-arqueologicos-noticias-asombrosas/,,
622,125351,Mzj1Uvn4cPg,¿Quién Fue María Magdalena? La Fascinante Historia de la Novia de Jesús - Documentales en Español,,17 de mayo de 2023,16:27,documental,,Paranormal / Ocultismo y esoterismo / Jesús y María,https://www.youtube.com/watch?v=Mzj1Uvn4cPg,https://eldoqmentalista.github.io/v/quien-fue-maria-magdalena-la-fascinante-historia-de-la-novia-de-jesus-/,,
623,124907,PfTJLstyMac,Documental: PODERES MÁGICOS DE LOS CUATRO ELEMENTOS - Documentales interesantes,,14 de marzo de 2022,9:43,documental,,Paranormal / Ocultismo y esoterismo / Misterios de la Biblia,https://www.youtube.com/watch?v=PfTJLstyMac,https://eldoqmentalista.github.io/v/documental-poderes-magicos-de-los-cuatro-elementos-documentales-intere/,,
624,124778,VVrZglJ5GdU,"Presagios de muerte, Señales de que algo malo esta por pasar, Malos Augurios",,22 de noviembre de 2019,12:16,documental,,Paranormal / Ocultismo y esoterismo / Misterios de la Biblia,https://www.youtube.com/watch?v=VVrZglJ5GdU,https://eldoqmentalista.github.io/v/presagios-de-muerte-senales-de-que-algo-malo-esta-por-pasar-malos-augu/,,
625,124508,Qxy6RMkSGFY,"LA MUERTE NEGRA, La Plaga de la peste negra Bubónica que azotó a Europa enfermedad edad media",,23 de junio de 2018,13:11,documental,,Paranormal / Ocultismo y esoterismo / Misterios de la Biblia,https://www.youtube.com/watch?v=Qxy6RMkSGFY,https://eldoqmentalista.github.io/v/la-muerte-negra-la-plaga-de-la-peste-negra-bubonica-que-azoto-a-europa/,,
626,123757,T5jW8tzb-TM,Los Arcturianos la Raza ALIENÍGENA más avanzada del Universo ✅ El Doqmentalista,,17 de agosto de 2021,9:13,documental,,Ocultismo y esoterismo / Paranormal / Misterios de la Biblia,https://www.youtube.com/watch?v=T5jW8tzb-TM,https://eldoqmentalista.github.io/v/los-arcturianos-la-raza-alienigena-mas-avanzada-del-universo-el-doqmen/,,
627,123648,B33HwBsoCNU,10 extraños personajes captados y vistos en la Navidad ✅ El DoQmentalista,,21 de diciembre de 2021,17:02,documental,,Paranormal / Ocultismo y esoterismo / Misterios de la Biblia,https://www.youtube.com/watch?v=B33HwBsoCNU,https://eldoqmentalista.github.io/v/10-extranos-personajes-captados-y-vistos-en-la-navidad-el-doqmentalist/,,
628,123614,c7QTE9uFuPQ,10 Secretos Ocultos en la Biblia por la Iglesia Cristiana - Documentales en Español,,15 de junio de 2023,18:37,documental,,Paranormal / Misterios de la Biblia / Ocultismo y esoterismo,https://www.youtube.com/watch?v=c7QTE9uFuPQ,https://eldoqmentalista.github.io/v/10-secretos-ocultos-en-la-biblia-por-la-iglesia-cristiana-documentales/,,
629,123361,iF5sKOILV_Q,"Cómo Ser Más Inteligente, Según El DoQmentalista, técnicas de aprendizaje",,22 de agosto de 2021,16:04,documental,,Ocultismo y esoterismo / Paranormal / Misterios de la Biblia,https://www.youtube.com/watch?v=iF5sKOILV_Q,https://eldoqmentalista.github.io/v/como-ser-mas-inteligente-segun-el-doqmentalista-tecnicas-de-aprendizaj/,,
630,123355,HC53_GtyVmM,"Se Te Subió El Muerto, Ataques espirituales, Los Dybbuk",,3 de septiembre de 2019,11:24,documental,,Ocultismo y esoterismo / Paranormal / Misterios de la Biblia,https://www.youtube.com/watch?v=HC53_GtyVmM,https://eldoqmentalista.github.io/v/se-te-subio-el-muerto-ataques-espirituales-los-dybbuk/,,
631,123223,h5xwjwLKLwQ,Niña Fantasma Pide Ayuda Para Sepultar Su Cuerpo,,28 de noviembre de 2017,10:02,documental,,Paranormal / Ocultismo y esoterismo / Misterios de la Biblia,https://www.youtube.com/watch?v=h5xwjwLKLwQ,https://eldoqmentalista.github.io/v/nina-fantasma-pide-ayuda-para-sepultar-su-cuerpo/,,
632,123011,IbC5dfmQjy0,"Sobrevivió a los Leones, pero no a... Hung Chakula, Creepypasta creada por El DoQmentalista",,26 de diciembre de 2017,13:16,documental,,Paranormal / Ocultismo y esoterismo / Misterios de la Biblia,https://www.youtube.com/watch?v=IbC5dfmQjy0,https://eldoqmentalista.github.io/v/sobrevivio-a-los-leones-pero-no-a-hung-chakula-creepypasta-creada-por-/,,
633,122784,nXFTm5sAkw4,MINAS ABANDONADAS El Misterio de La Mina Del Edén,,12 de septiembre de 2017,10:37,documental,Misterios y Enigmas,Paranormal / Ocultismo y esoterismo / Misterios de la Biblia,https://www.youtube.com/watch?v=nXFTm5sAkw4,https://eldoqmentalista.github.io/v/minas-abandonadas-el-misterio-de-la-mina-del-eden/,,
634,122485,utDJDuYuOkI,"Quiénes Estuvieron Presentes En La Crucifixión De Jesús, Documental evangelio del dia semana santa",,19 de abril de 2019,10:10,documental,,Paranormal / Misterios de la Biblia / Ángeles y demonios,https://www.youtube.com/watch?v=utDJDuYuOkI,https://eldoqmentalista.github.io/v/quienes-estuvieron-presentes-en-la-crucifixion-de-jesus-documental-eva/,,
635,122385,LdKw15wF_RA,El Cordón de Plata: El Misterioso Vínculo Espiritual que Debes Conocer - Documentales en Español,,20 de diciembre de 2022,10:13,documental,,Ocultismo y esoterismo / Paranormal / Misterios de la Biblia,https://www.youtube.com/watch?v=LdKw15wF_RA,https://eldoqmentalista.github.io/v/el-cordon-de-plata-el-misterioso-vinculo-espiritual-que-debes-conocer-/,,
636,122351,uhIx5WEPKpI,REIKI: Los 10 Secretos Curativos Que La Medicina No Quiere Que Sepas,,9 de enero de 2022,11:53,documental,,Paranormal / Ocultismo y esoterismo / Misterios de la Biblia,https://www.youtube.com/watch?v=uhIx5WEPKpI,https://eldoqmentalista.github.io/v/reiki-los-10-secretos-curativos-que-la-medicina-no-quiere-que-sepas/,,
637,122257,f5AkfWrdoqs,Documental: 10 SECRETOS DE LOS AZTECAS - Documentales Interesantes,,10 de agosto de 2022,9:00,documental,,Paranormal / Ocultismo y esoterismo / Misterios de la Biblia,https://www.youtube.com/watch?v=f5AkfWrdoqs,https://eldoqmentalista.github.io/v/documental-10-secretos-de-los-aztecas-documentales-interesantes/,,
638,122064,ssQQI_6or5s,"Cómo Vuelan Las Brujas su secreto El Beleño, videos de entretenimiento, ¿Te animarias?",,22 de julio de 2020,12:59,documental,,Paranormal / Ocultismo y esoterismo / Misterios de la Biblia,https://www.youtube.com/watch?v=ssQQI_6or5s,https://eldoqmentalista.github.io/v/como-vuelan-las-brujas-su-secreto-el-beleno-videos-de-entretenimiento-/,,
639,120990,k6RtORtGIrs,Paranormal: 5 Misterios sobre el Fantasma Negro y su Oscura Presencia,,2 de octubre de 2018,13:25,documental,Misterios y Enigmas,Paranormal / Ocultismo y esoterismo / Misterios de la Biblia,https://www.youtube.com/watch?v=k6RtORtGIrs,https://eldoqmentalista.github.io/v/paranormal-5-misterios-sobre-el-fantasma-negro-y-su-oscura-presencia/,,
640,120853,usvFudwpl64,"Encontró un duende en su Jardín, La Mano Del Duende",,24 de marzo de 2018,11:51,documental,,Paranormal / Ocultismo y esoterismo / Misterios de la Biblia,https://www.youtube.com/watch?v=usvFudwpl64,https://eldoqmentalista.github.io/v/encontro-un-duende-en-su-jardin-la-mano-del-duende/,,
641,120542,_6iBHo1o20E,El Libro Egipcio de los Muertos | Camino al Inframundo - Documentales en Español,,16 de julio de 2023,12:45,documental,Documentales Completos,Paranormal / Ocultismo y esoterismo / Misterios de la Biblia,https://www.youtube.com/watch?v=_6iBHo1o20E,https://eldoqmentalista.github.io/v/el-libro-egipcio-de-los-muertos-camino-al-inframundo-documentales-en-e/,,
642,120526,xH_oWpazhFY,Encuentran CONGELADA a una pareja perdida en 1942,,17 de julio de 2017,3:06,documental,,Paranormal / Ocultismo y esoterismo / Misterios de la Biblia,https://www.youtube.com/watch?v=xH_oWpazhFY,https://eldoqmentalista.github.io/v/encuentran-congelada-a-una-pareja-perdida-en-1942/,,
643,120297,JCqhMFnXksY,"La Leyenda De La Tulevieja, leyendas Latinoaméricanas",,12 de agosto de 2018,18:58,documental,,Paranormal / Ocultismo y esoterismo / Misterios de la Biblia,https://www.youtube.com/watch?v=JCqhMFnXksY,https://eldoqmentalista.github.io/v/la-leyenda-de-la-tulevieja-leyendas-latinoamericanas/,,
644,120033,BNGJoIDfgeQ,"Civilizaciones perdidas Mu y Lemuria, Las Tierras Perdidas",,27 de enero de 2021,17:22,documental,,Paranormal / Ocultismo y esoterismo / Misterios de la Biblia,https://www.youtube.com/watch?v=BNGJoIDfgeQ,https://eldoqmentalista.github.io/v/civilizaciones-perdidas-mu-y-lemuria-las-tierras-perdidas/,,
645,119611,X4mdlWaMES4,7 Animales Extintos Que la ciencia Podría Resucitar Muy Pronto documentales,,26 de abril de 2021,12:25,documental,,Paranormal / Ocultismo y esoterismo / Misterios de la Biblia,https://www.youtube.com/watch?v=X4mdlWaMES4,https://eldoqmentalista.github.io/v/7-animales-extintos-que-la-ciencia-podria-resucitar-muy-pronto-documen/,,
646,119352,cR4L1U4yulc,"La Virgen De Guadalupe, Él Día De La Virgen María, 12 De Diciembre México",,10 de diciembre de 2017,12:04,documental,,Paranormal / Ocultismo y esoterismo / Misterios de la Biblia,https://www.youtube.com/watch?v=cR4L1U4yulc,https://eldoqmentalista.github.io/v/la-virgen-de-guadalupe-el-dia-de-la-virgen-maria-12-de-diciembre-mexic/,,
647,118718,anjX-2aqFYE,Documental: TAMMUZ VS JESÚS: BATALLA DIVINA - Documentales interesantes,,12 de abril de 2022,9:26,documental,,Paranormal / Ocultismo y esoterismo / Misterios de la Biblia,https://www.youtube.com/watch?v=anjX-2aqFYE,https://eldoqmentalista.github.io/v/documental-tammuz-vs-jesus-batalla-divina-documentales-interesantes/,,
648,118547,xNHNjVPvlnE,"Secretos De La Cia, información clasificada, Visión remota, plano mental",,12 de enero de 2022,9:50,documental,,Paranormal / Ocultismo y esoterismo / Misterios de la Biblia,https://www.youtube.com/watch?v=xNHNjVPvlnE,https://eldoqmentalista.github.io/v/secretos-de-la-cia-informacion-clasificada-vision-remota-plano-mental/,,
649,117977,vCPYVtPNHSU,Barcos Fantasmas - Videos de Terror Real 2017,,7 de septiembre de 2017,12:17,documental,,Paranormal / Ocultismo y esoterismo / Misterios de la Biblia,https://www.youtube.com/watch?v=vCPYVtPNHSU,https://eldoqmentalista.github.io/v/barcos-fantasmas-videos-de-terror-real-2017/,,
650,117917,lqwaVvnBCKA,"Misterios: Bael, El Demonio De Las 3 Cabezas y sus oscuros secretos",,6 de marzo de 2019,13:36,documental,,Paranormal / Ángeles y demonios / Ocultismo y esoterismo,https://www.youtube.com/watch?v=lqwaVvnBCKA,https://eldoqmentalista.github.io/v/misterios-bael-el-demonio-de-las-3-cabezas-y-sus-oscuros-secretos/,,
651,117621,CS2QhaYfc8Q,10 Impactantes SECRETOS Jamás Contados del REY SALOMÓN - Documentales en Español,,25 de julio de 2023,15:48,documental,Documentales Completos,Paranormal / Ocultismo y esoterismo / Misterios de la Biblia,https://www.youtube.com/watch?v=CS2QhaYfc8Q,https://eldoqmentalista.github.io/v/10-impactantes-secretos-jamas-contados-del-rey-salomon-documentales-en/,,
652,117516,PLcMLz66MnY,Documentales Prohibidos: Cómo era la vida de los niños en la Antigüedad,,8 de febrero de 2021,14:31,documental,,Paranormal / Ocultismo y esoterismo / Misterios de la Biblia,https://www.youtube.com/watch?v=PLcMLz66MnY,https://eldoqmentalista.github.io/v/documentales-prohibidos-como-era-la-vida-de-los-ninos-en-la-antiguedad/,,
653,117353,a2SYPrsaIs0,Series: Los Secretos Más Oscuros Del Vaticano - En Netflix aún no. Sólo aquí.,,13 de junio de 2025,3:09:16,documental,Misterios y Enigmas,Ocultismo y esoterismo / Misterios de la Biblia / Vaticano e Iglesia,https://www.youtube.com/watch?v=a2SYPrsaIs0,https://eldoqmentalista.github.io/v/series-los-secretos-mas-oscuros-del-vaticano-en-netflix-aun-no-solo-aq/,,
654,117280,2rafnGLdPWo,"ODÍN EL MÁS PODEROSO DIOS NÓRDICO, Dioses guerreros",,30 de julio de 2020,15:07,documental,,Paranormal / Ocultismo y esoterismo / Misterios de la Biblia,https://www.youtube.com/watch?v=2rafnGLdPWo,https://eldoqmentalista.github.io/v/odin-el-mas-poderoso-dios-nordico-dioses-guerreros/,,
655,116802,wmlCLUl7iKA,"El Poder Mágico de LA LUNA, Las fases Lunares Y Su Significado Espiritual",,21 de enero de 2021,13:54,documental,,Ocultismo y esoterismo / Paranormal / Misterios de la Biblia,https://www.youtube.com/watch?v=wmlCLUl7iKA,https://eldoqmentalista.github.io/v/el-poder-magico-de-la-luna-las-fases-lunares-y-su-significado-espiritu/,,
656,116680,zfiC2dhFQoE,"El Árbol De Las Brujas, El Serbal Volador",,5 de mayo de 2018,9:59,documental,,Paranormal / Ocultismo y esoterismo / Misterios de la Biblia,https://www.youtube.com/watch?v=zfiC2dhFQoE,https://eldoqmentalista.github.io/v/el-arbol-de-las-brujas-el-serbal-volador/,,
657,116571,ihAQ3m1333c,"El Via crucis De Jesús, Las 14 Estaciones, Camino al Calvario, 2019, El DoQmentalista",,10 de abril de 2019,13:38,documental,,Paranormal / Ocultismo y esoterismo / Jesús y María,https://www.youtube.com/watch?v=ihAQ3m1333c,https://eldoqmentalista.github.io/v/el-via-crucis-de-jesus-las-14-estaciones-camino-al-calvario-2019-el-do/,,
658,116470,iEC6i9_-RVs,El Libro Maldito De King James y la ciencia de los demonios,,19 de agosto de 2020,15:51,documental,,Paranormal / Ángeles y demonios / Ocultismo y esoterismo,https://www.youtube.com/watch?v=iEC6i9_-RVs,https://eldoqmentalista.github.io/v/el-libro-maldito-de-king-james-y-la-ciencia-de-los-demonios/,,
659,116403,xHdyvBdroTc,Las 10 revelaciones ocultas del Libro del Diablo - El DoQmentalista,,14 de diciembre de 2023,20:46,documental,Documentales Completos,Paranormal / Ocultismo y esoterismo / Misterios de la Biblia,https://www.youtube.com/watch?v=xHdyvBdroTc,https://eldoqmentalista.github.io/v/las-10-revelaciones-ocultas-del-libro-del-diablo-el-doqmentalista/,,
660,116118,CrcN7UEBZcI,Los Libros Perdidos De Iván El Terrible,,28 de mayo de 2018,10:48,documental,,Paranormal / Ocultismo y esoterismo / Misterios de la Biblia,https://www.youtube.com/watch?v=CrcN7UEBZcI,https://eldoqmentalista.github.io/v/los-libros-perdidos-de-ivan-el-terrible/,,
661,115958,43DUd66rAmw,Las 7 Leyes Universales Del Kybalión,,27 de mayo de 2021,11:37,documental,,Paranormal / Ocultismo y esoterismo / Misterios de la Biblia,https://www.youtube.com/watch?v=43DUd66rAmw,https://eldoqmentalista.github.io/v/las-7-leyes-universales-del-kybalion/,,
662,115893,tZ8Az2M6vlw,"El apocalipsis, Qué es y por qué debemos estudiarlo, El DoQmentalista",,11 de mayo de 2021,9:58,documental,,Paranormal / Misterios de la Biblia / Ocultismo y esoterismo,https://www.youtube.com/watch?v=tZ8Az2M6vlw,https://eldoqmentalista.github.io/v/el-apocalipsis-que-es-y-por-que-debemos-estudiarlo-el-doqmentalista/,,
663,115881,D6z_zvHw1rI,"El Día Que Jesús Enfureció, Causó Destrucción, Caos y Alboroto",,12 de enero de 2021,11:51,documental,,Paranormal / Ocultismo y esoterismo / Misterios de la Biblia,https://www.youtube.com/watch?v=D6z_zvHw1rI,https://eldoqmentalista.github.io/v/el-dia-que-jesus-enfurecio-causo-destruccion-caos-y-alboroto/,,
664,115560,5q0VJCJgi3g,Top 5 Brujerías Reales y Cómo Destruirlas - El Documentalista,,17 de junio de 2025,30:54,documental,Misterios y Enigmas,Ocultismo y esoterismo / Misterios de la Biblia / Paranormal,https://www.youtube.com/watch?v=5q0VJCJgi3g,https://eldoqmentalista.github.io/v/top-5-brujerias-reales-y-como-destruirlas-el-documentalista/,,
665,115437,n5N2-vaMijw,"Demonios Astrales Y Brujas Nocturnas, documental 2021",,15 de febrero de 2021,9:37,documental,,Paranormal / Ángeles y demonios / Ocultismo y esoterismo,https://www.youtube.com/watch?v=n5N2-vaMijw,https://eldoqmentalista.github.io/v/demonios-astrales-y-brujas-nocturnas-documental-2021/,,
666,115287,8abS1OCTSMY,Las 7 Cosas Más Extrañas y Aterradoras short 7,,30 de agosto de 2025,0:48,short,,Misterios de la Biblia / Ángeles y demonios / Ocultismo y esoterismo,https://www.youtube.com/watch?v=8abS1OCTSMY,https://eldoqmentalista.github.io/v/las-7-cosas-mas-extranas-y-aterradoras-short-7/,,
667,115278,8TWCQiCVCcs,"Hernán Cortés ERA QUETZALCOATL, ¿Verdad o Mentira? canal historia ✅ El DoQmentalista",,7 de septiembre de 2021,19:52,documental,,Ocultismo y esoterismo / Paranormal / Misterios de la Biblia,https://www.youtube.com/watch?v=8TWCQiCVCcs,https://eldoqmentalista.github.io/v/hernan-cortes-era-quetzalcoatl-verdad-o-mentira-canal-historia-el-doqm/,,
668,115126,HTv5Md3Zj3I,¿Quien Fue EL Rey Midas? / DoQmentales De Historia / Mitología Griega,,9 de octubre de 2017,5:19,documental,,Ocultismo y esoterismo / Paranormal / Misterios de la Biblia,https://www.youtube.com/watch?v=HTv5Md3Zj3I,https://eldoqmentalista.github.io/v/quien-fue-el-rey-midas-doqmentales-de-historia-mitologia-griega/,,
669,115043,AmuEGvUzCTA,Entrevista: SECRETOS DE UNA MAGA DE LAS RUNAS - Documentales interesantes,,25 de marzo de 2022,58:30,documental,El DoQmentalista Podcast,Paranormal / Ocultismo y esoterismo / Misterios de la Biblia,https://www.youtube.com/watch?v=AmuEGvUzCTA,https://eldoqmentalista.github.io/v/entrevista-secretos-de-una-maga-de-las-runas-documentales-interesantes/,,
670,114871,S4O-1YurhbA,"TIPOS DE BRUJAS, BRUJA SOLITARIA. Historias Cortas, Paranormal, Terror, Creepypastas.",,30 de abril de 2020,13:17,documental,,Paranormal / Ocultismo y esoterismo / Misterios de la Biblia,https://www.youtube.com/watch?v=S4O-1YurhbA,https://eldoqmentalista.github.io/v/tipos-de-brujas-bruja-solitaria-historias-cortas-paranormal-terror-cre/,,
671,114598,h2GmUDj54Ns,Descubre los 3 Arcángeles Ocultos de Dios - Documentales en Español,,6 de junio de 2023,14:01,documental,,Paranormal / Ángeles y demonios / Ocultismo y esoterismo,https://www.youtube.com/watch?v=h2GmUDj54Ns,https://eldoqmentalista.github.io/v/descubre-los-3-arcangeles-ocultos-de-dios-documentales-en-espanol/,,
672,114475,Kh_q2WctYSk,"¿Cuánto Vale Tu Alma?, El DoQmentalista, De Los Pactos",,5 de octubre de 2019,3:53,documental,,Paranormal / Ocultismo y esoterismo / Misterios de la Biblia,https://www.youtube.com/watch?v=Kh_q2WctYSk,https://eldoqmentalista.github.io/v/cuanto-vale-tu-alma-el-doqmentalista-de-los-pactos/,,
673,114335,m7R3KhpQ-4A,"Los 3 REYES MAGOS, La verdadera historia, los 3 regalos, explicación ✅ El DoQmentalista",,5 de enero de 2022,9:41,documental,,Paranormal / Ocultismo y esoterismo / Misterios de la Biblia,https://www.youtube.com/watch?v=m7R3KhpQ-4A,https://eldoqmentalista.github.io/v/los-3-reyes-magos-la-verdadera-historia-los-3-regalos-explicacion-el-d/,,
674,114316,bM9G0L6p8ZE,La leyenda de La Pascualita - El DoQmentalista / maniquí viviente,,18 de agosto de 2017,10:30,documental,,Paranormal / Ocultismo y esoterismo / Misterios de la Biblia,https://www.youtube.com/watch?v=bM9G0L6p8ZE,https://eldoqmentalista.github.io/v/la-leyenda-de-la-pascualita-el-doqmentalista-maniqui-viviente/,,
675,114267,JzFzgR5or_A,EL MISTERIO DE LA CRUZ DE JESUCRISTO - Documentales en Español,,3 de abril de 2023,10:37,documental,,Paranormal / Ocultismo y esoterismo / Misterios de la Biblia,https://www.youtube.com/watch?v=JzFzgR5or_A,https://eldoqmentalista.github.io/v/el-misterio-de-la-cruz-de-jesucristo-documentales-en-espanol/,,
676,113657,AgULtWO2LPQ,"Viernes 13, cual es el significado y porque es de mala suerte",,12 de diciembre de 2019,8:48,documental,,Paranormal / Ocultismo y esoterismo / Misterios de la Biblia,https://www.youtube.com/watch?v=AgULtWO2LPQ,https://eldoqmentalista.github.io/v/viernes-13-cual-es-el-significado-y-porque-es-de-mala-suerte/,,
677,113276,McAgfFh6hbo,Hallaron el anillo perdido del Rey Salomón en Texas,,5 de junio de 2025,31:16,documental,Misterios y Enigmas,Ocultismo y esoterismo / Misterios de la Biblia / Paranormal,https://www.youtube.com/watch?v=McAgfFh6hbo,https://eldoqmentalista.github.io/v/hallaron-el-anillo-perdido-del-rey-salomon-en-texas/,,
678,113259,PQIGoFUgNWc,"JUANA, La Mujer Que Se Convirtió En PAPA y que el VATICANO Quiere ESCONDER",,3 de noviembre de 2021,13:55,documental,,Paranormal / Vaticano e Iglesia / Ocultismo y esoterismo,https://www.youtube.com/watch?v=PQIGoFUgNWc,https://eldoqmentalista.github.io/v/juana-la-mujer-que-se-convirtio-en-papa-y-que-el-vaticano-quiere-escon/,,
679,113050,ZzQwRzM8Keo,Las Profecías Perdidas Del Fin Del Mundo - Documentales en Español,,30 de abril de 2023,17:14,documental,,Paranormal / Ocultismo y esoterismo / Misterios de la Biblia,https://www.youtube.com/watch?v=ZzQwRzM8Keo,https://eldoqmentalista.github.io/v/las-profecias-perdidas-del-fin-del-mundo-documentales-en-espanol/,,
680,112740,cYuTqbsQziM,"Mitología: MICTLANTECUTLI, EL DIOS AZTECA DEL INFRAMUNDO - Documentales Interesantes",,26 de junio de 2023,12:43,documental,Documentales Completos,Ocultismo y esoterismo / Paranormal / Misterios de la Biblia,https://www.youtube.com/watch?v=cYuTqbsQziM,https://eldoqmentalista.github.io/v/mitologia-mictlantecutli-el-dios-azteca-del-inframundo-documentales-in/,,
681,112687,ArriNhEPdwo,Parálisis del sueño a que se debe alucinaciones,,26 de agosto de 2017,10:42,documental,,Paranormal / Ocultismo y esoterismo / Misterios de la Biblia,https://www.youtube.com/watch?v=ArriNhEPdwo,https://eldoqmentalista.github.io/v/paralisis-del-sueno-a-que-se-debe-alucinaciones/,,
682,112604,4lXaqrRz3p4,"Criaturas del Vaticano, los Genios existen… Cuidado con lo que deseas.",,29 de julio de 2025,22:56,documental,Documentales Completos,Paranormal / Vaticano e Iglesia / Ocultismo y esoterismo,https://www.youtube.com/watch?v=4lXaqrRz3p4,https://eldoqmentalista.github.io/v/criaturas-del-vaticano-los-genios-existen-cuidado-con-lo-que-deseas/,,
683,112525,K9dnjsn9MT0,"El Antiguo Egipto: EL CALENDARIO DEMONÍACO de Los Egipcios, El DoQmentalista",,25 de febrero de 2021,12:20,documental,,Paranormal / Ocultismo y esoterismo / Misterios de la Biblia,https://www.youtube.com/watch?v=K9dnjsn9MT0,https://eldoqmentalista.github.io/v/el-antiguo-egipto-el-calendario-demoniaco-de-los-egipcios-el-doqmental/,,
684,112211,Ejh5D4AuWqo,El Restaurante De Los Fantasmas / El DoQmentalista,,7 de enero de 2019,10:06,documental,,Paranormal / Ocultismo y esoterismo / Misterios de la Biblia,https://www.youtube.com/watch?v=Ejh5D4AuWqo,https://eldoqmentalista.github.io/v/el-restaurante-de-los-fantasmas-el-doqmentalista/,,
685,112198,7TIZRpf9XiU,Solo 144 Mil Personas Irán Al Cielo,,14 de enero de 2018,13:03,documental,,Paranormal / Ocultismo y esoterismo / Misterios de la Biblia,https://www.youtube.com/watch?v=7TIZRpf9XiU,https://eldoqmentalista.github.io/v/solo-144-mil-personas-iran-al-cielo/,,
686,112170,Rpe34xr5njw,Enigma Documental: ¿Qué pasaría si nunca pudieras morir?,,27 de agosto de 2023,16:35,documental,,Paranormal / Ocultismo y esoterismo / Misterios de la Biblia,https://www.youtube.com/watch?v=Rpe34xr5njw,https://eldoqmentalista.github.io/v/enigma-documental-que-pasaria-si-nunca-pudieras-morir/,,
687,111951,Gbq1zkcHzoA,Shahmaran LA REINA DE LAS SERPIENTES relatos de horror,,20 de agosto de 2020,15:49,documental,,Paranormal / Ocultismo y esoterismo / Misterios de la Biblia,https://www.youtube.com/watch?v=Gbq1zkcHzoA,https://eldoqmentalista.github.io/v/shahmaran-la-reina-de-las-serpientes-relatos-de-horror/,,
688,111848,WCNy-gdYfAc,"Entrevista: DIOS, ATEOS, FILOSOFÍA Y DEMONIOS: LA VISION DE UN SACERDOTE - Documentales interesantes",,8 de marzo de 2022,1:11:01,documental,El DoQmentalista Podcast,Paranormal / Ángeles y demonios / Ocultismo y esoterismo,https://www.youtube.com/watch?v=WCNy-gdYfAc,https://eldoqmentalista.github.io/v/entrevista-dios-ateos-filosofia-y-demonios-la-vision-de-un-sacerdote-d/,,
689,111506,-j1xUguSOJc,Esta verdad sobre Merlín fue borrada de los libros de historia,,4 de junio de 2025,32:42,documental,Misterios y Enigmas,Ocultismo y esoterismo / Misterios de la Biblia / Paranormal,https://www.youtube.com/watch?v=-j1xUguSOJc,https://eldoqmentalista.github.io/v/esta-verdad-sobre-merlin-fue-borrada-de-los-libros-de-historia/,,
690,111502,DTYAfIyyKnY,"El Apolo 11 y La base alienígena en la luna, Los Secretos De La NASA",,23 de enero de 2022,14:16,documental,,Paranormal / Ocultismo y esoterismo / Misterios de la Biblia,https://www.youtube.com/watch?v=DTYAfIyyKnY,https://eldoqmentalista.github.io/v/el-apolo-11-y-la-base-alienigena-en-la-luna-los-secretos-de-la-nasa/,,
691,111026,VuG8cg16SZ8,¡Revelado! Portal del Vaticano: El Papa visita a Dios - El DoQmentalista,,30 de abril de 2025,32:07,documental,Misterios y Enigmas,Ocultismo y esoterismo / Misterios de la Biblia / Vaticano e Iglesia,https://www.youtube.com/watch?v=VuG8cg16SZ8,https://eldoqmentalista.github.io/v/revelado-portal-del-vaticano-el-papa-visita-a-dios-el-doqmentalista/,,
692,110869,xfrk52bkouc,"Demonología: La aterradora historia de El Ayuwoki, el demonio de la música pop",,10 de marzo de 2019,11:15,documental,,Ocultismo y esoterismo / Paranormal / Ángeles y demonios,https://www.youtube.com/watch?v=xfrk52bkouc,https://eldoqmentalista.github.io/v/demonologia-la-aterradora-historia-de-el-ayuwoki-el-demonio-de-la-musi/,,
693,110835,Iz7j8Uv6Vfc,"Documental: El Malamén, el ser más temido que el Diablo en la biblia",,26 de marzo de 2025,23:17,documental,Misterios y Enigmas,Misterios de la Biblia / Ocultismo y esoterismo / Paranormal,https://www.youtube.com/watch?v=Iz7j8Uv6Vfc,https://eldoqmentalista.github.io/v/documental-el-malamen-el-ser-mas-temido-que-el-diablo-en-la-biblia/,,
694,110829,NJDc-Yk0R1Q,"Los 18 Niveles Del infierno Chino, El Diyu - Mitología China ✅ El DoQmentalista",,1 de julio de 2021,11:45,documental,,Ocultismo y esoterismo / Paranormal / Misterios de la Biblia,https://www.youtube.com/watch?v=NJDc-Yk0R1Q,https://eldoqmentalista.github.io/v/los-18-niveles-del-infierno-chino-el-diyu-mitologia-china-el-doqmental/,,
695,110726,7ILe6ytTELs,Documental: DESCUBRE TU ESPÍRITU ELEMENTAL - Documentales Interesantes,,7 de agosto de 2022,9:26,documental,,Paranormal / Ocultismo y esoterismo / Misterios de la Biblia,https://www.youtube.com/watch?v=7ILe6ytTELs,https://eldoqmentalista.github.io/v/documental-descubre-tu-espiritu-elemental-documentales-interesantes/,,
696,110156,obhTnLKxf4s,La verdad oculta detrás del Club Cronos y sus viajes temporales,,27 de mayo de 2025,38:40,documental,Misterios y Enigmas,Ocultismo y esoterismo / Misterios de la Biblia / Paranormal,https://www.youtube.com/watch?v=obhTnLKxf4s,https://eldoqmentalista.github.io/v/la-verdad-oculta-detras-del-club-cronos-y-sus-viajes-temporales/,,
697,109967,ruI_JH0Ybkk,"Las sirenas, SON REALES, documentales interesantes ✅ El DoQmentalista",,24 de noviembre de 2021,9:25,documental,,Paranormal / Ocultismo y esoterismo / Misterios de la Biblia,https://www.youtube.com/watch?v=ruI_JH0Ybkk,https://eldoqmentalista.github.io/v/las-sirenas-son-reales-documentales-interesantes-el-doqmentalista/,,
698,109958,L6fKSlFWakE,"La Torre Del Diablo, miembros de culto satánico en Nueva York ritual aterrador y espeluznante",,17 de agosto de 2018,10:07,documental,,Ocultismo y esoterismo / Paranormal / Ángeles y demonios,https://www.youtube.com/watch?v=L6fKSlFWakE,https://eldoqmentalista.github.io/v/la-torre-del-diablo-miembros-de-culto-satanico-en-nueva-york-ritual-at/,,
699,109753,24geeg5Ob6w,Los Cuernos del Diablo: ¡El Oscuro Secreto!,,2 de febrero de 2023,12:51,documental,,Paranormal / Ocultismo y esoterismo / Misterios de la Biblia,https://www.youtube.com/watch?v=24geeg5Ob6w,https://eldoqmentalista.github.io/v/los-cuernos-del-diablo-el-oscuro-secreto/,,
700,109684,w0dv5CjYGH8,"Religiones Paganas, Los Orígenes Del paganismo y sus diferentes tipos",,23 de marzo de 2020,11:57,documental,,Paranormal / Ocultismo y esoterismo / Misterios de la Biblia,https://www.youtube.com/watch?v=w0dv5CjYGH8,https://eldoqmentalista.github.io/v/religiones-paganas-los-origenes-del-paganismo-y-sus-diferentes-tipos/,,
701,109625,fJoxrt25JtE,Revelaciones Escandalosas de la Biblia - El DoQmentalista,,25 de diciembre de 2023,2:42:35,documental,Documentales Completos,Paranormal / Misterios de la Biblia / Ocultismo y esoterismo,https://www.youtube.com/watch?v=fJoxrt25JtE,https://eldoqmentalista.github.io/v/revelaciones-escandalosas-de-la-biblia-el-doqmentalista/,,
702,108883,wnxWdFekk4k,"Poseidón, El Dios De Los Mares, Mitología Griega",,28 de septiembre de 2019,10:42,documental,,Ocultismo y esoterismo / Paranormal / Misterios de la Biblia,https://www.youtube.com/watch?v=wnxWdFekk4k,https://eldoqmentalista.github.io/v/poseidon-el-dios-de-los-mares-mitologia-griega/,,
703,108785,P3fKDuJQjpI,Documental: Cómo Vencer a la Santa Muerte - Documentales Interesantes,,16 de junio de 2022,16:13,documental,,Paranormal / Ocultismo y esoterismo / Misterios de la Biblia,https://www.youtube.com/watch?v=P3fKDuJQjpI,https://eldoqmentalista.github.io/v/documental-como-vencer-a-la-santa-muerte-documentales-interesantes/,,
704,108740,PBgO-PFPK5g,"Paranormal, Secretos del FBI: La Bruja del Pantano, el Diablo le teme.",,9 de julio de 2025,28:22,documental,Misterios y Enigmas,Paranormal / Ocultismo y esoterismo / Misterios de la Biblia,https://www.youtube.com/watch?v=PBgO-PFPK5g,https://eldoqmentalista.github.io/v/paranormal-secretos-del-fbi-la-bruja-del-pantano-el-diablo-le-teme/,,
705,108477,2dmuby6cxs0,"Los Querubines, Ángeles Guardianes El Ángel Portador del conocimiento",,3 de agosto de 2019,16:08,documental,,Ángeles y demonios / Paranormal / Ocultismo y esoterismo,https://www.youtube.com/watch?v=2dmuby6cxs0,https://eldoqmentalista.github.io/v/los-querubines-angeles-guardianes-el-angel-portador-del-conocimiento/,,
706,108477,UVTJyAUePxE,"Significado De Las Arrugas, Los Surcos, Las Marcas Y Los Pliegues De La Cara",,23 de septiembre de 2017,5:20,documental,,Paranormal / Ocultismo y esoterismo / Misterios de la Biblia,https://www.youtube.com/watch?v=UVTJyAUePxE,https://eldoqmentalista.github.io/v/significado-de-las-arrugas-los-surcos-las-marcas-y-los-pliegues-de-la-/,,
707,108411,AcYE3UVFlFw,"¡Revelado! Científicos clonaron a Jesús – El Vaticano oculta la verdad, la resurrección de Cristo.",,18 de abril de 2025,22:15,documental,Misterios y Enigmas,Ocultismo y esoterismo / Misterios de la Biblia / Paranormal,https://www.youtube.com/watch?v=AcYE3UVFlFw,https://eldoqmentalista.github.io/v/revelado-cientificos-clonaron-a-jesus-el-vaticano-oculta-la-verdad-la-/,,
708,108338,STmBobqXA5I,"Canción, ¿De Dónde Vienes?, El DoQmentalista",,17 de mayo de 2020,4:41,documental,,Paranormal / Ocultismo y esoterismo / Misterios de la Biblia,https://www.youtube.com/watch?v=STmBobqXA5I,https://eldoqmentalista.github.io/v/cancion-de-donde-vienes-el-doqmentalista/,,
709,108153,_ZHttVp2_co,"Los Peores Tormentos Del Infierno, El DoQmentalista",,17 de junio de 2020,16:50,documental,,Paranormal / Ocultismo y esoterismo / Misterios de la Biblia,https://www.youtube.com/watch?v=_ZHttVp2_co,https://eldoqmentalista.github.io/v/los-peores-tormentos-del-infierno-el-doqmentalista/,,
710,107987,60SuxrqORn0,Entrevista: Magia Sexual: Secretos Revelados - Documentales Interesantes,,1 de julio de 2022,50:38,documental,El DoQmentalista Podcast,Ocultismo y esoterismo / Paranormal / Misterios de la Biblia,https://www.youtube.com/watch?v=60SuxrqORn0,https://eldoqmentalista.github.io/v/entrevista-magia-sexual-secretos-revelados-documentales-interesantes/,,
711,107792,m761TYg-YvQ,"Magia Africana, eventos futuros, vida después de muerte, secretos espirituales",,21 de septiembre de 2018,22:17,documental,,Ocultismo y esoterismo / Paranormal / Misterios de la Biblia,https://www.youtube.com/watch?v=m761TYg-YvQ,https://eldoqmentalista.github.io/v/magia-africana-eventos-futuros-vida-despues-de-muerte-secretos-espirit/,,
712,107684,FfGj3gf8frg,La Historia de El Rey David parte 1,,11 de enero de 2022,9:07,documental,,Paranormal / Ocultismo y esoterismo / Misterios de la Biblia,https://www.youtube.com/watch?v=FfGj3gf8frg,https://eldoqmentalista.github.io/v/la-historia-de-el-rey-david-parte-1/,,
713,107445,ScOagVJrjZQ,7 EXTRAÑAS Tradiciones victorianas de HALLOWEEN - DIA DE LAS BRUJAS ✅ El DoQmentalista,,30 de septiembre de 2021,9:34,documental,,Ocultismo y esoterismo / Paranormal / Misterios de la Biblia,https://www.youtube.com/watch?v=ScOagVJrjZQ,https://eldoqmentalista.github.io/v/7-extranas-tradiciones-victorianas-de-halloween-dia-de-las-brujas-el-d/,,
714,107018,6CQN0YYQw7U,Entrevista: REVELACIONES DE UNA VIDENTE - Documentales interesantes,,3 de marzo de 2022,43:49,documental,El DoQmentalista Podcast,Paranormal / Ocultismo y esoterismo / Misterios de la Biblia,https://www.youtube.com/watch?v=6CQN0YYQw7U,https://eldoqmentalista.github.io/v/entrevista-revelaciones-de-una-vidente-documentales-interesantes/,,
715,106208,6clyYi2MKSA,5 Poderosas ENTIDADES MALIGNAS de la Biblia  - Documentales en Español,,12 de junio de 2023,15:40,documental,,Paranormal / Misterios de la Biblia / Ocultismo y esoterismo,https://www.youtube.com/watch?v=6clyYi2MKSA,https://eldoqmentalista.github.io/v/5-poderosas-entidades-malignas-de-la-biblia-documentales-en-espanol/,,
716,105441,H-7TtmpvQzI,"Hombres Lobos Reales, Brujas Nahuales El DoQmentalista",,27 de agosto de 2020,10:25,documental,,Paranormal / Ocultismo y esoterismo / Misterios de la Biblia,https://www.youtube.com/watch?v=H-7TtmpvQzI,https://eldoqmentalista.github.io/v/hombres-lobos-reales-brujas-nahuales-el-doqmentalista/,,
717,104256,wp72yC-0X50,Documental: DEMONOLOGÍAS DEL MUNDO: SERES MALIGNOS EN LA HISTORIA - Documentales interesantes,,24 de febrero de 2022,9:26,documental,,Ocultismo y esoterismo / Paranormal / Misterios de la Biblia,https://www.youtube.com/watch?v=wp72yC-0X50,https://eldoqmentalista.github.io/v/documental-demonologias-del-mundo-seres-malignos-en-la-historia-docume/,,
718,104149,f3xCSpdtczw,4 tipos de inteligencia ¿cuál prefieres? - Documentales en Español,,24 de noviembre de 2022,9:05,documental,Misterios y Enigmas,Paranormal / Ocultismo y esoterismo / Misterios de la Biblia,https://www.youtube.com/watch?v=f3xCSpdtczw,https://eldoqmentalista.github.io/v/4-tipos-de-inteligencia-cual-prefieres-documentales-en-espanol/,,
719,104021,kxqoQXXVe4I,La Historia Real Detrás De Destino Final,,15 de mayo de 2025,41:37,documental,,Ocultismo y esoterismo / Misterios de la Biblia / Paranormal,https://www.youtube.com/watch?v=kxqoQXXVe4I,https://eldoqmentalista.github.io/v/la-historia-real-detras-de-destino-final/,,
720,103996,ju0kZ621kn0,"3 Experimentos Científicos Espeluznantes, (El Doqmentalista, asmr) creepypasta pick a card reddit",,20 de octubre de 2020,12:26,documental,,Paranormal / Ocultismo y esoterismo / Misterios de la Biblia,https://www.youtube.com/watch?v=ju0kZ621kn0,https://eldoqmentalista.github.io/v/3-experimentos-cientificos-espeluznantes-el-doqmentalista-asmr-creepyp/,,
721,103889,Fz2Z8OM-YgU,"Los Orígenes De la Wicca, Que Es La Wicca, Que es La Magia, la religión de las brujas",,9 de abril de 2020,13:09,documental,,Ocultismo y esoterismo / Paranormal / Misterios de la Biblia,https://www.youtube.com/watch?v=Fz2Z8OM-YgU,https://eldoqmentalista.github.io/v/los-origenes-de-la-wicca-que-es-la-wicca-que-es-la-magia-la-religion-d/,,
722,103683,uqAc03eNO8k,Misterios del mundo: La sorprendente historia de Cakra y su poder destructor,,17 de octubre de 2022,15:57,documental,Misterios y Enigmas,Paranormal / Ocultismo y esoterismo / Misterios de la Biblia,https://www.youtube.com/watch?v=uqAc03eNO8k,https://eldoqmentalista.github.io/v/misterios-del-mundo-la-sorprendente-historia-de-cakra-y-su-poder-destr/,,
723,103544,VtRPIlDJons,"Portales Orgánicos, Humanos Sin alma, Cuerpos Vacios, El DoQmentalista",,14 de enero de 2020,14:13,documental,,Paranormal / Ocultismo y esoterismo / Misterios de la Biblia,https://www.youtube.com/watch?v=VtRPIlDJons,https://eldoqmentalista.github.io/v/portales-organicos-humanos-sin-alma-cuerpos-vacios-el-doqmentalista/,,
724,103213,qYaB9ne1P4Y,"Jesús, Una historia copiada o realmente sucedió, Documentales Interesantes ✅ El DoQmentalista",,25 de agosto de 2021,13:31,documental,,Jesús y María / Ocultismo y esoterismo / Paranormal,https://www.youtube.com/watch?v=qYaB9ne1P4Y,https://eldoqmentalista.github.io/v/jesus-una-historia-copiada-o-realmente-sucedio-documentales-interesant/,,
725,103137,4Vf8XjxD6QQ,Protección inmediata! Conoce a tu ángel de la guarda. Cambia tu vida. Música celestial.,,2 de abril de 2025,7:20:02,documental,Misterios y Enigmas,Ocultismo y esoterismo / Misterios de la Biblia / Ángeles y demonios,https://www.youtube.com/watch?v=4Vf8XjxD6QQ,https://eldoqmentalista.github.io/v/proteccion-inmediata-conoce-a-tu-angel-de-la-guarda-cambia-tu-vida-mus/,,
726,103039,D1VAdSdq8wY,"Los 12 Dioses Romanos, Mitologia Romana ✅ El DoQmentalista",,14 de mayo de 2021,11:48,documental,,Ocultismo y esoterismo / Paranormal / Misterios de la Biblia,https://www.youtube.com/watch?v=D1VAdSdq8wY,https://eldoqmentalista.github.io/v/los-12-dioses-romanos-mitologia-romana-el-doqmentalista/,,
727,102588,Z-R7O6jkZDw,Documental: 10 MONSTRUOS MARINOS DE LEYENDA - Documentales Interesantes,,24 de agosto de 2022,12:54,documental,,Paranormal / Ocultismo y esoterismo / Misterios de la Biblia,https://www.youtube.com/watch?v=Z-R7O6jkZDw,https://eldoqmentalista.github.io/v/documental-10-monstruos-marinos-de-leyenda-documentales-interesantes/,,
728,102458,WVIwq9MGLLk,"El Asombroso Homo Sapiens 2.0 Y Sus Habilidades, El DoQmentalista",,15 de junio de 2020,19:24,documental,,Paranormal / Ocultismo y esoterismo / Misterios de la Biblia,https://www.youtube.com/watch?v=WVIwq9MGLLk,https://eldoqmentalista.github.io/v/el-asombroso-homo-sapiens-2-0-y-sus-habilidades-el-doqmentalista/,,
729,102289,QvZMkcz_GtQ,El Diablo marcó mi número: DoQmentalista vs Satanás | La videollamada más aterradora revelada,,8 de abril de 2025,30:57,documental,Misterios y Enigmas,Ocultismo y esoterismo / Misterios de la Biblia / Ángeles y demonios,https://www.youtube.com/watch?v=QvZMkcz_GtQ,https://eldoqmentalista.github.io/v/el-diablo-marco-mi-numero-doqmentalista-vs-satanas-la-videollamada-mas/,,
730,102141,NTh3jEQWaFE,Entrevista PROHIBIDA con la verdadera Santa Muerte,,21 de mayo de 2025,34:36,documental,Misterios y Enigmas,Ocultismo y esoterismo / Misterios de la Biblia / Paranormal,https://www.youtube.com/watch?v=NTh3jEQWaFE,https://eldoqmentalista.github.io/v/entrevista-prohibida-con-la-verdadera-santa-muerte/,,
731,102122,JRBvrr-d3cc,Documental: LOS SUEÑOS | Documentales Interesantes,,4 de julio de 2023,0:57,short,,Paranormal / Ángeles y demonios / Ocultismo y esoterismo,https://www.youtube.com/watch?v=JRBvrr-d3cc,https://eldoqmentalista.github.io/v/documental-los-suenos-documentales-interesantes/,,
732,102103,O0afoOx3ebk,"El Pueblo Que bailó Hasta La Muerte, La Plaga Bailarina de 1518",,17 de octubre de 2020,18:06,documental,,Paranormal / Ocultismo y esoterismo / Misterios de la Biblia,https://www.youtube.com/watch?v=O0afoOx3ebk,https://eldoqmentalista.github.io/v/el-pueblo-que-bailo-hasta-la-muerte-la-plaga-bailarina-de-1518/,,
733,102046,OBxIWW5hIZE,"Jugar con brujería es jugar con fuego, HISTORIA REAL ✅ El DoQmentalista",,8 de noviembre de 2021,8:15,documental,,Paranormal / Ocultismo y esoterismo / Misterios de la Biblia,https://www.youtube.com/watch?v=OBxIWW5hIZE,https://eldoqmentalista.github.io/v/jugar-con-brujeria-es-jugar-con-fuego-historia-real-el-doqmentalista/,,
734,102045,pb6FFQBNS18,"Clasificación De Los Espíritus, 10 TIPOS DE ESPÍRITUS y sus características, El DoQmentalista",,17 de enero de 2020,19:24,documental,,Paranormal / Ocultismo y esoterismo / Misterios de la Biblia,https://www.youtube.com/watch?v=pb6FFQBNS18,https://eldoqmentalista.github.io/v/clasificacion-de-los-espiritus-10-tipos-de-espiritus-y-sus-caracterist/,,
735,101787,_4jhZ1VaYtI,"En que creen los musulmanes, Que es El Islam, Quien es Allah, iqra musulmana",,16 de enero de 2022,10:28,documental,,Paranormal / Ocultismo y esoterismo / Misterios de la Biblia,https://www.youtube.com/watch?v=_4jhZ1VaYtI,https://eldoqmentalista.github.io/v/en-que-creen-los-musulmanes-que-es-el-islam-quien-es-allah-iqra-musulm/,,
736,101644,h3cvRuMRQ7A,Los Secretos del Símbolo del Infinito El DoQmentalista,,6 de septiembre de 2020,11:20,documental,,Paranormal / Ocultismo y esoterismo / Misterios de la Biblia,https://www.youtube.com/watch?v=h3cvRuMRQ7A,https://eldoqmentalista.github.io/v/los-secretos-del-simbolo-del-infinito-el-doqmentalista/,,
737,101309,wQySjJM5PH0,Historia: Los misteriosos dioses de la lluvia Chaac y Tlaloc en culturas precolombinas,,6 de agosto de 2018,10:16,documental,,Paranormal / Ocultismo y esoterismo / Misterios de la Biblia,https://www.youtube.com/watch?v=wQySjJM5PH0,https://eldoqmentalista.github.io/v/historia-los-misteriosos-dioses-de-la-lluvia-chaac-y-tlaloc-en-cultura/,,
738,101003,7XC55N4jsoA,Grabaciones Prohibidas de El DoQmentalista - El DoQmentalista,,7 de octubre de 2023,2:06:21,documental,,Paranormal / Ocultismo y esoterismo / Misterios de la Biblia,https://www.youtube.com/watch?v=7XC55N4jsoA,https://eldoqmentalista.github.io/v/grabaciones-prohibidas-de-el-doqmentalista-el-doqmentalista/,,
739,100894,c4mZ2VvcXL4,"El Caso de Hansel y Gretel: el Origen OCULTO, La Verdad del Cuento",,19 de mayo de 2025,37:28,documental,Misterios y Enigmas,Ocultismo y esoterismo / Misterios de la Biblia / Paranormal,https://www.youtube.com/watch?v=c4mZ2VvcXL4,https://eldoqmentalista.github.io/v/el-caso-de-hansel-y-gretel-el-origen-oculto-la-verdad-del-cuento/,,
740,100795,awMI4IPWMWw,Documental: ¿Fue la Crucifixión una Mentira? - Documentales Interesantes,,28 de abril de 2022,9:47,documental,,Paranormal / Ocultismo y esoterismo / Misterios de la Biblia,https://www.youtube.com/watch?v=awMI4IPWMWw,https://eldoqmentalista.github.io/v/documental-fue-la-crucifixion-una-mentira-documentales-interesantes/,,
741,100700,ZDKpZcHevG8,"El vampiro de Croglin Grange, VIDEOS DE TERROR el doqmentalista",,20 de junio de 2019,,documental,,Paranormal / Ocultismo y esoterismo / Misterios de la Biblia,https://www.youtube.com/watch?v=ZDKpZcHevG8,https://eldoqmentalista.github.io/v/el-vampiro-de-croglin-grange-videos-de-terror-el-doqmentalista/,,
742,100696,GR428ueunYA,Documental: MASONES: 7 SECRETOS Y DATOS FASCINANTES - Documentales Interesantes,,25 de julio de 2022,11:14,documental,,Ocultismo y esoterismo / Paranormal / Misterios de la Biblia,https://www.youtube.com/watch?v=GR428ueunYA,https://eldoqmentalista.github.io/v/documental-masones-7-secretos-y-datos-fascinantes-documentales-interes/,,
743,100584,Z-UEIY4ZPjw,Documental: MI DEMONIO DE LA GUARDA: RELATOS DE HORROR - Documentales interesantes,,20 de marzo de 2022,11:12,documental,,Paranormal / Ángeles y demonios / Ocultismo y esoterismo,https://www.youtube.com/watch?v=Z-UEIY4ZPjw,https://eldoqmentalista.github.io/v/documental-mi-demonio-de-la-guarda-relatos-de-horror-documentales-inte/,,
744,100192,ezUd0Ecty3M,"VLAD TEPES, EL EMPALADOR / El DoQmentalista",,17 de mayo de 2019,11:23,documental,,Paranormal / Ocultismo y esoterismo / Misterios de la Biblia,https://www.youtube.com/watch?v=ezUd0Ecty3M,https://eldoqmentalista.github.io/v/vlad-tepes-el-empalador-el-doqmentalista/,,
745,99764,xuf8JJwgZuM,Documental: Entrevista Exclusiva con Dios - Documentales Interesantes,,9 de mayo de 2022,8:03,documental,El DoQmentalista Podcast,Paranormal / Ocultismo y esoterismo / Misterios de la Biblia,https://www.youtube.com/watch?v=xuf8JJwgZuM,https://eldoqmentalista.github.io/v/documental-entrevista-exclusiva-con-dios-documentales-interesantes/,,
746,99518,7lQmTcHotSA,"La Maldición De Una Madre, Videos De Terror",,23 de julio de 2019,11:42,documental,,Paranormal / Ocultismo y esoterismo / Misterios de la Biblia,https://www.youtube.com/watch?v=7lQmTcHotSA,https://eldoqmentalista.github.io/v/la-maldicion-de-una-madre-videos-de-terror/,,
747,99164,Ufc5G2O7xHw,Secretos del Cónclave: El Papa Fantasma del Vaticano.  Informe del FBI,,26 de abril de 2025,22:31,documental,Misterios y Enigmas,Vaticano e Iglesia / Paranormal / Ocultismo y esoterismo,https://www.youtube.com/watch?v=Ufc5G2O7xHw,https://eldoqmentalista.github.io/v/secretos-del-conclave-el-papa-fantasma-del-vaticano-informe-del-fbi/,,
748,99126,LFflk_dC1qI,Documental: ¿POR QUÉ JESÚS NUNCA SE CASÓ? - Documentales interesantes,,13 de abril de 2022,9:01,documental,,Paranormal / Ocultismo y esoterismo / Misterios de la Biblia,https://www.youtube.com/watch?v=LFflk_dC1qI,https://eldoqmentalista.github.io/v/documental-por-que-jesus-nunca-se-caso-documentales-interesantes/,,
749,98828,WYa4w_kmrMk,Entrevista: Revelaciones Impactantes de una Médium sobre el Más Allá,,11 de mayo de 2022,1:26:41,documental,,Paranormal / Ocultismo y esoterismo / Misterios de la Biblia,https://www.youtube.com/watch?v=WYa4w_kmrMk,https://eldoqmentalista.github.io/v/entrevista-revelaciones-impactantes-de-una-medium-sobre-el-mas-alla/,,
750,98653,L-89vSGcMO8,4 ANTÍDOTOS CONTRA EL DIABLO - Documental Prohibido - Documentales en Español,,9 de agosto de 2023,19:02,documental,Documentales Completos,Paranormal / Ocultismo y esoterismo / Misterios de la Biblia,https://www.youtube.com/watch?v=L-89vSGcMO8,https://eldoqmentalista.github.io/v/4-antidotos-contra-el-diablo-documental-prohibido-documentales-en-espa/,,
751,98244,JGkbrreM1AA,"Lilith, La Bruja De La Noche. Incubos, Sucesos, La madre de los Demonios ✅ El DoQmentalista",,30 de noviembre de 2021,9:21,documental,,Paranormal / Ángeles y demonios / Ocultismo y esoterismo,https://www.youtube.com/watch?v=JGkbrreM1AA,https://eldoqmentalista.github.io/v/lilith-la-bruja-de-la-noche-incubos-sucesos-la-madre-de-los-demonios-e/,,
752,98148,WSotvKIJ1Q0,"El orfanato de los muertos, sierra negra",,20 de diciembre de 2018,10:07,documental,,Paranormal / Ocultismo y esoterismo / Misterios de la Biblia,https://www.youtube.com/watch?v=WSotvKIJ1Q0,https://eldoqmentalista.github.io/v/el-orfanato-de-los-muertos-sierra-negra/,,
753,97718,VAUNH5j0llA,"LOS 3 CIELOS DE DIOS, El Tercer Cielo De La Biblia - Documentales en Español",,9 de abril de 2023,13:45,documental,,Paranormal / Misterios de la Biblia / Ocultismo y esoterismo,https://www.youtube.com/watch?v=VAUNH5j0llA,https://eldoqmentalista.github.io/v/los-3-cielos-de-dios-el-tercer-cielo-de-la-biblia-documentales-en-espa/,,
754,97433,a-NBsj6zH7Y,Documentales: 20 Superpoderes de Jesús que Sorprenden - Completo en Español,,30 de septiembre de 2024,25:32,documental,Misterios y Enigmas,Paranormal / Ocultismo y esoterismo / Misterios de la Biblia,https://www.youtube.com/watch?v=a-NBsj6zH7Y,https://eldoqmentalista.github.io/v/documentales-20-superpoderes-de-jesus-que-sorprenden-completo-en-espan/,,
755,97019,6PyK37bFAqU,"La Teletransportación Ya Es Real, El Entrelazamiento Cuántico ✅ El DoQmentalista",,28 de junio de 2021,8:04,documental,,Paranormal / Ocultismo y esoterismo / Misterios de la Biblia,https://www.youtube.com/watch?v=6PyK37bFAqU,https://eldoqmentalista.github.io/v/la-teletransportacion-ya-es-real-el-entrelazamiento-cuantico-el-doqmen/,,
756,96951,L4BPRojHMkE,Documental: La Santamuertera: Abrecaminos y Amarres - Documentales Interesantes,,13 de junio de 2022,47:21,documental,,Paranormal / Ocultismo y esoterismo / Misterios de la Biblia,https://www.youtube.com/watch?v=L4BPRojHMkE,https://eldoqmentalista.github.io/v/documental-la-santamuertera-abrecaminos-y-amarres-documentales-interes/,,
757,96796,baYsi2465lk,"Cambia tu Realidad, El Poder de los Sueños Lúcidos y los Viajes Astrales - Documentales en Español",,1 de diciembre de 2022,1:12:22,documental,,Paranormal / Ocultismo y esoterismo / Misterios de la Biblia,https://www.youtube.com/watch?v=baYsi2465lk,https://eldoqmentalista.github.io/v/cambia-tu-realidad-el-poder-de-los-suenos-lucidos-y-los-viajes-astrale/,,
758,96765,zWH3i8xp7Ug,"Los Monstruos Reales, Marinos, monsters legends monstruos mitológicos",,23 de septiembre de 2017,15:20,documental,,Paranormal / Ocultismo y esoterismo / Misterios de la Biblia,https://www.youtube.com/watch?v=zWH3i8xp7Ug,https://eldoqmentalista.github.io/v/los-monstruos-reales-marinos-monsters-legends-monstruos-mitologicos/,,
759,96722,BUN4S2y3QKk,Misterios de Puno | La Leyenda del Condenado - Documentales en Español,,1 de agosto de 2023,10:23,documental,,Paranormal / Ocultismo y esoterismo / Misterios de la Biblia,https://www.youtube.com/watch?v=BUN4S2y3QKk,https://eldoqmentalista.github.io/v/misterios-de-puno-la-leyenda-del-condenado-documentales-en-espanol/,,
760,96418,seqm7Yk9DFI,"Demonios antiguos y su legado infernal, Demonología, El DoQmentalista lucifer trailer reaction",,27 de marzo de 2019,10:48,documental,,Ángeles y demonios / Ocultismo y esoterismo / Paranormal,https://www.youtube.com/watch?v=seqm7Yk9DFI,https://eldoqmentalista.github.io/v/demonios-antiguos-y-su-legado-infernal-demonologia-el-doqmentalista-lu/,,
761,96245,TRmM0onfMFQ,"El Cadejo Del Infierno, Dos Policías Lo Miran De Noche, Este video es un Escarmiento",,29 de junio de 2020,10:50,documental,,Paranormal / Ocultismo y esoterismo / Misterios de la Biblia,https://www.youtube.com/watch?v=TRmM0onfMFQ,https://eldoqmentalista.github.io/v/el-cadejo-del-infierno-dos-policias-lo-miran-de-noche-este-video-es-un/,,
762,96111,26i4MPBvNac,"La Umbrakinesis, Poderes Mentales, Secretos Del ocultismo",,31 de agosto de 2020,14:19,documental,,Ocultismo y esoterismo / Paranormal / Misterios de la Biblia,https://www.youtube.com/watch?v=26i4MPBvNac,https://eldoqmentalista.github.io/v/la-umbrakinesis-poderes-mentales-secretos-del-ocultismo/,,
763,95996,EPvlCT_aAVQ,"La Maldición de Oswaldo, Percepciones Del Más Allá (Historias, relatos de Terror, Paranormal)",,17 de noviembre de 2020,18:43,documental,,Paranormal / Ocultismo y esoterismo / Misterios de la Biblia,https://www.youtube.com/watch?v=EPvlCT_aAVQ,https://eldoqmentalista.github.io/v/la-maldicion-de-oswaldo-percepciones-del-mas-alla-historias-relatos-de/,,
764,95825,1MlbejDcPtE,Documental: ¿Cómo Murió la Virgen María? - Documentales Interesantes,,6 de mayo de 2022,10:27,documental,,Paranormal / Ocultismo y esoterismo / Misterios de la Biblia,https://www.youtube.com/watch?v=1MlbejDcPtE,https://eldoqmentalista.github.io/v/documental-como-murio-la-virgen-maria-documentales-interesantes/,,
765,95670,TKsjXsp5G2M,Historias De Terror - La Leyenda De LOS SISIMITES - Videos de terror - Documentales en Español,,6 de julio de 2023,16:52,documental,Documentales Completos,Paranormal / Ocultismo y esoterismo / Misterios de la Biblia,https://www.youtube.com/watch?v=TKsjXsp5G2M,https://eldoqmentalista.github.io/v/historias-de-terror-la-leyenda-de-los-sisimites-videos-de-terror-docum/,,
766,95622,XWA-i1fem5k,Cómo invocar Espíritus y fuerzas del más allá,,14 de febrero de 2018,7:43,documental,,Paranormal / Ocultismo y esoterismo / Misterios de la Biblia,https://www.youtube.com/watch?v=XWA-i1fem5k,https://eldoqmentalista.github.io/v/como-invocar-espiritus-y-fuerzas-del-mas-alla/,,
767,95392,ZRg2tV8tlyk,"El Cuerpo Que Se Salvó De Ir Al Infierno -Historias de Terror, Relatos, Paranormal, El DoQmentalista",,2 de diciembre de 2020,14:46,documental,,Paranormal / Ocultismo y esoterismo / Misterios de la Biblia,https://www.youtube.com/watch?v=ZRg2tV8tlyk,https://eldoqmentalista.github.io/v/el-cuerpo-que-se-salvo-de-ir-al-infierno-historias-de-terror-relatos-p/,,
768,95300,q_ibe0QHjJw,Conocimiento Ancestral: Manuscritos Prohibidos - El DoQmentalista,,14 de noviembre de 2023,22:06,documental,Misterios y Enigmas,Paranormal / Ocultismo y esoterismo / Misterios de la Biblia,https://www.youtube.com/watch?v=q_ibe0QHjJw,https://eldoqmentalista.github.io/v/conocimiento-ancestral-manuscritos-prohibidos-el-doqmentalista/,,
769,95082,XOk_XYaxLZQ,CÓMO SABER CUÁNTAS VIDAS PASADAS HEMOS TENIDO,,12 de septiembre de 2019,7:01,documental,,Paranormal / Ocultismo y esoterismo / Misterios de la Biblia,https://www.youtube.com/watch?v=XOk_XYaxLZQ,https://eldoqmentalista.github.io/v/como-saber-cuantas-vidas-pasadas-hemos-tenido/,,
770,95009,fq7_E-PY33Q,"Reflexiones de la vida, Asi Es La Vida, pensamientos y reflexiones escritas para jovenes",,5 de abril de 2018,6:01,documental,,Paranormal / Ocultismo y esoterismo / Misterios de la Biblia,https://www.youtube.com/watch?v=fq7_E-PY33Q,https://eldoqmentalista.github.io/v/reflexiones-de-la-vida-asi-es-la-vida-pensamientos-y-reflexiones-escri/,,
771,94944,dlTCTFG3dKc,Ciudad Perdida Sumergida: El Misterio Oculto en el Fondo del Mar Que No Debía Ser Descubierto,,18 de julio de 2016,3:06,documental,,Paranormal / Ocultismo y esoterismo / Misterios de la Biblia,https://www.youtube.com/watch?v=dlTCTFG3dKc,https://eldoqmentalista.github.io/v/ciudad-perdida-sumergida-el-misterio-oculto-en-el-fondo-del-mar-que-no/,,
772,94910,Kt_pZT9jy9s,7 Personas Que Encontraron Cosas Increíbles viviendo dentro de ellas amazing top,,28 de abril de 2021,11:41,documental,,Paranormal / Ocultismo y esoterismo / Misterios de la Biblia,https://www.youtube.com/watch?v=Kt_pZT9jy9s,https://eldoqmentalista.github.io/v/7-personas-que-encontraron-cosas-increibles-viviendo-dentro-de-ellas-a/,,
773,94361,6iy7mRD6WAE,Documental: Los asesinatos más impactantes de la Biblia revelados,,13 de septiembre de 2019,12:46,documental,,Paranormal / Misterios de la Biblia / Ocultismo y esoterismo,https://www.youtube.com/watch?v=6iy7mRD6WAE,https://eldoqmentalista.github.io/v/documental-los-asesinatos-mas-impactantes-de-la-biblia-revelados/,,
774,94209,uSHAjTYnUM4,"Documental: La Rumia, El Demonio De La Obsesión, un Enigma Sobrenatural",,25 de mayo de 2018,11:32,documental,,Paranormal / Ángeles y demonios / Ocultismo y esoterismo,https://www.youtube.com/watch?v=uSHAjTYnUM4,https://eldoqmentalista.github.io/v/documental-la-rumia-el-demonio-de-la-obsesion-un-enigma-sobrenatural/,,
775,93614,tB0q3s3CAaY,¿Realidad o ficción? Las 26 dimensiones reveladas,,20 de septiembre de 2017,4:58,documental,,Paranormal / Ocultismo y esoterismo / Misterios de la Biblia,https://www.youtube.com/watch?v=tB0q3s3CAaY,https://eldoqmentalista.github.io/v/realidad-o-ficcion-las-26-dimensiones-reveladas/,,
776,93324,A2LUxd5rhHU,"Sueños Premonitorios, cual es el significado de los sueños ✅ El DoQmentalista",,24 de mayo de 2021,10:57,documental,,Paranormal / Ocultismo y esoterismo / Misterios de la Biblia,https://www.youtube.com/watch?v=A2LUxd5rhHU,https://eldoqmentalista.github.io/v/suenos-premonitorios-cual-es-el-significado-de-los-suenos-el-doqmental/,,
777,93302,NhyCdp6Gwg4,Día de los Muertos en México | 2 de Noviembre 2023 - El DoQmentalista,,31 de octubre de 2023,13:56,documental,Misterios y Enigmas,Paranormal / Ocultismo y esoterismo / Misterios de la Biblia,https://www.youtube.com/watch?v=NhyCdp6Gwg4,https://eldoqmentalista.github.io/v/dia-de-los-muertos-en-mexico-2-de-noviembre-2023-el-doqmentalista/,,
778,92804,7lnh8ZIvhtQ,"¿Qué son las Botellas De Bruja? (Historias de Terror, Paranormal)",,6 de diciembre de 2020,13:49,documental,,Paranormal / Ocultismo y esoterismo / Misterios de la Biblia,https://www.youtube.com/watch?v=7lnh8ZIvhtQ,https://eldoqmentalista.github.io/v/que-son-las-botellas-de-bruja-historias-de-terror-paranormal/,,
779,92759,TJtZdzAMp6U,El oscuro pasado de John Wick revelado - El DoQmentalista,,26 de noviembre de 2023,19:47,documental,Documentales Completos,Paranormal / Ocultismo y esoterismo / Misterios de la Biblia,https://www.youtube.com/watch?v=TJtZdzAMp6U,https://eldoqmentalista.github.io/v/el-oscuro-pasado-de-john-wick-revelado-el-doqmentalista/,,
780,92527,AjLy873LdlQ,"LA RADIESTESIA, La Brujería Del Agua, encontrar agua con vara radiestesia e radionica",,5 de abril de 2021,20:59,documental,,Paranormal / Ocultismo y esoterismo / Misterios de la Biblia,https://www.youtube.com/watch?v=AjLy873LdlQ,https://eldoqmentalista.github.io/v/la-radiestesia-la-brujeria-del-agua-encontrar-agua-con-vara-radiestesi/,,
781,92372,kJXuc5LYkyQ,"LA GENTE SOMBRA, Se alimentan del miedo, figuras humanas sin rostro ni facciones",,19 de diciembre de 2017,11:03,documental,,Paranormal / Ocultismo y esoterismo / Misterios de la Biblia,https://www.youtube.com/watch?v=kJXuc5LYkyQ,https://eldoqmentalista.github.io/v/la-gente-sombra-se-alimentan-del-miedo-figuras-humanas-sin-rostro-ni-f/,,
782,92224,uZnAYX7NVoc,Los Evangelios Perdidos: La Historia Prohibida de Jesús,,26 de mayo de 2025,29:12,documental,Misterios y Enigmas,Misterios de la Biblia / Ocultismo y esoterismo / Ángeles y demonios,https://www.youtube.com/watch?v=uZnAYX7NVoc,https://eldoqmentalista.github.io/v/los-evangelios-perdidos-la-historia-prohibida-de-jesus/,,
783,91952,UFG8ko8XdcM,"7 cosas que no sabías sobre Jesús - NO SOLO ERA CARPINTERO ✅ El DoQmentalista,  evangelio",,1 de septiembre de 2021,9:23,documental,,Jesús y María / Misterios de la Biblia / Ocultismo y esoterismo,https://www.youtube.com/watch?v=UFG8ko8XdcM,https://eldoqmentalista.github.io/v/7-cosas-que-no-sabias-sobre-jesus-no-solo-era-carpintero-el-doqmentali/,,
784,91841,12vqRl7xFpw,"El diablo camina entre nosotros: El mito del diablo de Jersey, El DoQmentalista Videos De Terror",,6 de agosto de 2018,13:17,documental,,Paranormal / Ocultismo y esoterismo / Misterios de la Biblia,https://www.youtube.com/watch?v=12vqRl7xFpw,https://eldoqmentalista.github.io/v/el-diablo-camina-entre-nosotros-el-mito-del-diablo-de-jersey-el-doqmen/,,
785,91826,ZPLCFwjKB4M,"LA ÉLITE no quiere que LO SEPAS, Los Verdaderos Nombres Del Diablo - Documentales en Español",,28 de agosto de 2023,15:10,documental,Documentales Completos,Paranormal / Ocultismo y esoterismo / Misterios de la Biblia,https://www.youtube.com/watch?v=ZPLCFwjKB4M,https://eldoqmentalista.github.io/v/la-elite-no-quiere-que-lo-sepas-los-verdaderos-nombres-del-diablo-docu/,,
786,91308,Q-w0URPBrwg,Cómo Hacer un Pacto con Dios: Reflexiones y Experiencias Personales | Espiritualidad,,10 de marzo de 2023,42:34,documental,Misterios y Enigmas,Ocultismo y esoterismo / Paranormal / Misterios de la Biblia,https://www.youtube.com/watch?v=Q-w0URPBrwg,https://eldoqmentalista.github.io/v/como-hacer-un-pacto-con-dios-reflexiones-y-experiencias-personales-esp/,,
787,91298,0EOiRVkJ3Dk,Documental: EL ESPÍRITU MEDICINAL DEL TABACO: UN MISTERIO REVELADO - Documentales interesantes,,17 de febrero de 2022,8:34,documental,,Paranormal / Ocultismo y esoterismo / Misterios de la Biblia,https://www.youtube.com/watch?v=0EOiRVkJ3Dk,https://eldoqmentalista.github.io/v/documental-el-espiritu-medicinal-del-tabaco-un-misterio-revelado-docum/,,
788,91205,fcfCiqDG3tA,El cordón de plata y los viajes astrales cuarta dimensión la matriz espiritualidad metafísica,,8 de mayo de 2019,11:34,documental,,Ocultismo y esoterismo / Paranormal / Misterios de la Biblia,https://www.youtube.com/watch?v=fcfCiqDG3tA,https://eldoqmentalista.github.io/v/el-cordon-de-plata-y-los-viajes-astrales-cuarta-dimension-la-matriz-es/,,
789,91202,8sAEyhPXZqY,Documental: Los Nephilim a lo Largo de la Historia - Documentales Interesantes,,2 de junio de 2022,10:40,documental,,Paranormal / Ocultismo y esoterismo / Misterios de la Biblia,https://www.youtube.com/watch?v=8sAEyhPXZqY,https://eldoqmentalista.github.io/v/documental-los-nephilim-a-lo-largo-de-la-historia-documentales-interes/,,
790,91176,6_EFYktB4Vw,Pánico Nocturno 3 Historias Espeluznantes - Terror Real,,18 de febrero de 2021,13:32,documental,,Paranormal / Ocultismo y esoterismo / Misterios de la Biblia,https://www.youtube.com/watch?v=6_EFYktB4Vw,https://eldoqmentalista.github.io/v/panico-nocturno-3-historias-espeluznantes-terror-real/,,
791,91162,57C7VZZ4mxA,Alcanzar a Dios a través de la Kabala - Los Misterios del Árbol de la Vida - Documentales en Español,,22 de agosto de 2023,20:21,documental,Documentales Completos,Paranormal / Ocultismo y esoterismo / Misterios de la Biblia,https://www.youtube.com/watch?v=57C7VZZ4mxA,https://eldoqmentalista.github.io/v/alcanzar-a-dios-a-traves-de-la-kabala-los-misterios-del-arbol-de-la-vi/,,
792,91108,SJ8XJMfXgP0,Secretos: La verdad de los barcos que se pierden en el Triángulo de Bermudas,,24 de marzo de 2019,11:28,documental,,Paranormal / Ocultismo y esoterismo / Misterios de la Biblia,https://www.youtube.com/watch?v=SJ8XJMfXgP0,https://eldoqmentalista.github.io/v/secretos-la-verdad-de-los-barcos-que-se-pierden-en-el-triangulo-de-ber/,,
793,90989,qZke0vXBuG0,Hacer Pacto Con El Diablo Y El Valor De Tu Alma (El DoQmentalista),,10 de diciembre de 2020,15:13,documental,,Paranormal / Ocultismo y esoterismo / Misterios de la Biblia,https://www.youtube.com/watch?v=qZke0vXBuG0,https://eldoqmentalista.github.io/v/hacer-pacto-con-el-diablo-y-el-valor-de-tu-alma-el-doqmentalista/,,
794,90946,7DPoOV5GmjM,El Gran Apagón. Un mundo Sin Electricidad - El DoQmentalista,,2 de mayo de 2025,14:52,documental,Misterios y Enigmas,Ocultismo y esoterismo / Misterios de la Biblia / Paranormal,https://www.youtube.com/watch?v=7DPoOV5GmjM,https://eldoqmentalista.github.io/v/el-gran-apagon-un-mundo-sin-electricidad-el-doqmentalista/,,
795,90786,61ycTq8oIRY,"ÁNGELES DE LA GUARDA - Gabriel, La Fuerza De Dios - Documentales en Español",,13 de noviembre de 2022,11:25,documental,,Paranormal / Ángeles y demonios / Ocultismo y esoterismo,https://www.youtube.com/watch?v=61ycTq8oIRY,https://eldoqmentalista.github.io/v/angeles-de-la-guarda-gabriel-la-fuerza-de-dios-documentales-en-espanol/,,
796,89927,k160pvgbkJU,"El Experimento Universo 25, ratas de laboratorio, documentales gratis ✅ El DoQmentalista",,14 de julio de 2021,9:41,documental,,Ocultismo y esoterismo / Paranormal / Misterios de la Biblia,https://www.youtube.com/watch?v=k160pvgbkJU,https://eldoqmentalista.github.io/v/el-experimento-universo-25-ratas-de-laboratorio-documentales-gratis-el/,,
797,89788,mUlABUmlNhc,"Los Hiperbóreos, Una Especie Alienígena Ancestral Avanzada, Están en El Polo Norte",,18 de marzo de 2020,12:02,documental,,Paranormal / Ocultismo y esoterismo / Misterios de la Biblia,https://www.youtube.com/watch?v=mUlABUmlNhc,https://eldoqmentalista.github.io/v/los-hiperboreos-una-especie-alienigena-ancestral-avanzada-estan-en-el-/,,
798,89374,uKM-MHjNlpY,"KRAMPUS, El Enemigo De Santa Claus - Esta Navidad; Si Te Portas Mal Vendrá Por Ti",,15 de diciembre de 2017,10:01,documental,,Paranormal / Ocultismo y esoterismo / Misterios de la Biblia,https://www.youtube.com/watch?v=uKM-MHjNlpY,https://eldoqmentalista.github.io/v/krampus-el-enemigo-de-santa-claus-esta-navidad-si-te-portas-mal-vendra/,,
799,89346,XLBxmWdOm_Q,"Cómo hablar con los Muertos, contactar con el mas allá, misterios de la vida",,18 de noviembre de 2018,12:57,documental,Misterios y Enigmas,Paranormal / Ocultismo y esoterismo / Misterios de la Biblia,https://www.youtube.com/watch?v=XLBxmWdOm_Q,https://eldoqmentalista.github.io/v/como-hablar-con-los-muertos-contactar-con-el-mas-alla-misterios-de-la-/,,
800,89074,8mJ8BX0AKmU,Descubre al Misterioso Jesus Malverde: ¿Ángel o Demonio? - Documentales en Español,,31 de mayo de 2023,14:26,documental,Misterios y Enigmas,Ángeles y demonios / Paranormal / Ocultismo y esoterismo,https://www.youtube.com/watch?v=8mJ8BX0AKmU,https://eldoqmentalista.github.io/v/descubre-al-misterioso-jesus-malverde-angel-o-demonio-documentales-en-/,,
801,88967,IVmtKlfmIpg,Los Dybbuk - ALMAS PERDIDAS que vagan por el mundo,,29 de julio de 2017,14:05,documental,,Paranormal / Ocultismo y esoterismo / Misterios de la Biblia,https://www.youtube.com/watch?v=IVmtKlfmIpg,https://eldoqmentalista.github.io/v/los-dybbuk-almas-perdidas-que-vagan-por-el-mundo/,,
802,88549,3ozyMNcxhV4,"La Chica Del Lago - Se Enamoró de un Fantasma, Una Terrorífica Historia de Amor",,29 de marzo de 2018,14:08,documental,,Paranormal / Ocultismo y esoterismo / Misterios de la Biblia,https://www.youtube.com/watch?v=3ozyMNcxhV4,https://eldoqmentalista.github.io/v/la-chica-del-lago-se-enamoro-de-un-fantasma-una-terrorifica-historia-d/,,
803,88529,GLI6n0heXVY,Revelado: El Vaticano oculta un Área Secreta. El Papa Visita al Anticristo.,,11 de julio de 2025,23:36,documental,Secretos del Vaticano,Vaticano e Iglesia / Ocultismo y esoterismo / Misterios de la Biblia,https://www.youtube.com/watch?v=GLI6n0heXVY,https://eldoqmentalista.github.io/v/revelado-el-vaticano-oculta-un-area-secreta-el-papa-visita-al-anticris/,,
804,88486,SKGjbNxH23s,Leyenda: El Sepulturero: Leyendas de Horror - Documentales Interesantes,,5 de julio de 2022,9:40,documental,,Paranormal / Ocultismo y esoterismo / Misterios de la Biblia,https://www.youtube.com/watch?v=SKGjbNxH23s,https://eldoqmentalista.github.io/v/leyenda-el-sepulturero-leyendas-de-horror-documentales-interesantes/,,
805,88320,P66Z3DomRE4,Los 10 Nombres Más Poderosos Del Mundo - El DoQmentalista,,8 de junio de 2025,27:04,documental,,Ocultismo y esoterismo / Misterios de la Biblia / Paranormal,https://www.youtube.com/watch?v=P66Z3DomRE4,https://eldoqmentalista.github.io/v/los-10-nombres-mas-poderosos-del-mundo-el-doqmentalista/,,
806,88074,aTos096EmXY,Desvelando el Misterio: ¿Existen Realmente las Ciudades de Oro Perdidas? - Documentales en Español,,20 de abril de 2023,22:04,documental,,Paranormal / Ocultismo y esoterismo / Misterios de la Biblia,https://www.youtube.com/watch?v=aTos096EmXY,https://eldoqmentalista.github.io/v/desvelando-el-misterio-existen-realmente-las-ciudades-de-oro-perdidas-/,,
807,87921,EJmLPqUwwqA,"El Tesoro Escondido de Atahualpa, $190 millones de dolares, Tesoros que nunca fueron encontrados",,1 de enero de 2020,11:23,documental,,Paranormal / Ocultismo y esoterismo / Misterios de la Biblia,https://www.youtube.com/watch?v=EJmLPqUwwqA,https://eldoqmentalista.github.io/v/el-tesoro-escondido-de-atahualpa-190-millones-de-dolares-tesoros-que-n/,,
808,87587,YBmW2IXE0UU,"¿Quién Escribió La Biblia? - Documentales Cortos, La Iglesia Tiene Miedo",,9 de agosto de 2021,12:37,documental,,Misterios de la Biblia / Vaticano e Iglesia / Ocultismo y esoterismo,https://www.youtube.com/watch?v=YBmW2IXE0UU,https://eldoqmentalista.github.io/v/quien-escribio-la-biblia-documentales-cortos-la-iglesia-tiene-miedo/,,
809,87546,vSkcdgUU3xo,"Ángeles Sin Alas, Angelogista afirma que los ángeles no son como creemos",,17 de septiembre de 2018,6:57,documental,,Ángeles y demonios / Paranormal / Ocultismo y esoterismo,https://www.youtube.com/watch?v=vSkcdgUU3xo,https://eldoqmentalista.github.io/v/angeles-sin-alas-angelogista-afirma-que-los-angeles-no-son-como-creemo/,,
810,86872,_WXlhH8UO1I,Predicciones de Nostradamus Para el 2019,,17 de diciembre de 2018,10:01,documental,,Paranormal / Ocultismo y esoterismo / Profecías,https://www.youtube.com/watch?v=_WXlhH8UO1I,https://eldoqmentalista.github.io/v/predicciones-de-nostradamus-para-el-2019/,,
811,86628,B_1luMSTL1c,6 Mitos y Mentiras sobre la Navidad,,23 de diciembre de 2020,10:21,documental,,Paranormal / Ocultismo y esoterismo / Misterios de la Biblia,https://www.youtube.com/watch?v=B_1luMSTL1c,https://eldoqmentalista.github.io/v/6-mitos-y-mentiras-sobre-la-navidad/,,
812,86438,nnZa2OhNx2k,Cómo era la higiene en el Imperio Azteca ✅ El DoQmentalista,,18 de mayo de 2021,18:05,documental,,Paranormal / Ocultismo y esoterismo / Misterios de la Biblia,https://www.youtube.com/watch?v=nnZa2OhNx2k,https://eldoqmentalista.github.io/v/como-era-la-higiene-en-el-imperio-azteca-el-doqmentalista/,,
813,86130,3tMHBWzco3k,Bruja En Argentina DESCUBIERTA En Río Suquía Ataca a Un Hombre DEJANDO AGUA MALDITA El DoQmentalista,,23 de enero de 2019,11:30,documental,,Paranormal / Ocultismo y esoterismo / Misterios de la Biblia,https://www.youtube.com/watch?v=3tMHBWzco3k,https://eldoqmentalista.github.io/v/bruja-en-argentina-descubierta-en-rio-suquia-ataca-a-un-hombre-dejando/,,
814,86129,vwTf9NTBIHI,La Lanza del Destino - Secretos De La Antigüedad  - Documentales en Español,,30 de julio de 2023,10:10,documental,Documentales Completos,Paranormal / Ocultismo y esoterismo / Misterios de la Biblia,https://www.youtube.com/watch?v=vwTf9NTBIHI,https://eldoqmentalista.github.io/v/la-lanza-del-destino-secretos-de-la-antiguedad-documentales-en-espanol/,,
815,86109,mL1nwXNfg3E,LA HORA DEL MIEDO - 3 Historias Reales de Miedo que no Deberías Escuchar esta Noche,,17 de febrero de 2021,13:08,documental,,Paranormal / Ocultismo y esoterismo / Misterios de la Biblia,https://www.youtube.com/watch?v=mL1nwXNfg3E,https://eldoqmentalista.github.io/v/la-hora-del-miedo-3-historias-reales-de-miedo-que-no-deberias-escuchar/,,
816,86052,LSFwMseC12g,"Los Ángeles Malignos, 6 características para reconocerlos, angeles caidos caracteristicas",,13 de enero de 2021,12:51,documental,,Ángeles y demonios / Paranormal / Ocultismo y esoterismo,https://www.youtube.com/watch?v=LSFwMseC12g,https://eldoqmentalista.github.io/v/los-angeles-malignos-6-caracteristicas-para-reconocerlos-angeles-caido/,,
817,85986,CohToBQAWvs,"9 tipos de brujas que no conocías, ✅ El DoQmentalista",,26 de mayo de 2021,8:20,documental,,Paranormal / Ocultismo y esoterismo / Misterios de la Biblia,https://www.youtube.com/watch?v=CohToBQAWvs,https://eldoqmentalista.github.io/v/9-tipos-de-brujas-que-no-conocias-el-doqmentalista/,,
818,85930,zRb6uknsIkY,Las 4 Religiones del mundo - documentales interesantes ✅ El DoQmentalista,,24 de agosto de 2021,10:17,documental,,Ocultismo y esoterismo / Paranormal / Misterios de la Biblia,https://www.youtube.com/watch?v=zRb6uknsIkY,https://eldoqmentalista.github.io/v/las-4-religiones-del-mundo-documentales-interesantes-el-doqmentalista/,,
819,85877,xPYxsYlXeSE,Documental: LOS 5 LIBROS PROHIBIDOS QUE PODRÍAN ALTERAR TU REALIDAD - Documentales en Español,,13 de mayo de 2023,19:25,documental,,Paranormal / Ocultismo y esoterismo / Misterios de la Biblia,https://www.youtube.com/watch?v=xPYxsYlXeSE,https://eldoqmentalista.github.io/v/documental-los-5-libros-prohibidos-que-podrian-alterar-tu-realidad-doc/,,
820,85831,goVSozN5H7o,"MAGIA ROJA - Cuidado, la magia peligrosa en las manos equivocadas ✅ El DoQmentalista",,16 de junio de 2021,11:05,documental,,Ocultismo y esoterismo / Paranormal / Misterios de la Biblia,https://www.youtube.com/watch?v=goVSozN5H7o,https://eldoqmentalista.github.io/v/magia-roja-cuidado-la-magia-peligrosa-en-las-manos-equivocadas-el-doqm/,,
821,85673,0zBnheSqywo,"ATRAPASUEÑOS, Objetos mágicos, proteccion contra los malos sueños y pesadillas",,5 de diciembre de 2019,10:45,documental,,Paranormal / Ocultismo y esoterismo / Misterios de la Biblia,https://www.youtube.com/watch?v=0zBnheSqywo,https://eldoqmentalista.github.io/v/atrapasuenos-objetos-magicos-proteccion-contra-los-malos-suenos-y-pesa/,,
822,85670,TgK_69wK-uo,Documental: Los Asesinatos de la Biblia - Documentales Interesantes,,23 de mayo de 2022,11:15,documental,,Paranormal / Misterios de la Biblia / Ocultismo y esoterismo,https://www.youtube.com/watch?v=TgK_69wK-uo,https://eldoqmentalista.github.io/v/documental-los-asesinatos-de-la-biblia-documentales-interesantes/,,
823,85372,ntLQZxvK_-c,Enigma Documental: Historias extrañas de enigmas sobrenaturales,,25 de noviembre de 2018,15:10,documental,,Paranormal / Ocultismo y esoterismo / Misterios de la Biblia,https://www.youtube.com/watch?v=ntLQZxvK_-c,https://eldoqmentalista.github.io/v/enigma-documental-historias-extranas-de-enigmas-sobrenaturales/,,
824,85363,M_2KdztU-Kw,Documental: SUPERVIVIENTE DE BRUJERÍA REVELA SU HISTORIA - Documentales interesantes,,4 de abril de 2022,58:39,documental,,Paranormal / Ocultismo y esoterismo / Misterios de la Biblia,https://www.youtube.com/watch?v=M_2KdztU-Kw,https://eldoqmentalista.github.io/v/documental-superviviente-de-brujeria-revela-su-historia-documentales-i/,,
825,85315,7l05-Xnn64E,LA RESURRECCIÓN DE LOS ÁNGELES CAÍDOS - Secretos Prohibidos de La Biblia,,19 de junio de 2018,11:38,documental,,Ángeles y demonios / Paranormal / Misterios de la Biblia,https://www.youtube.com/watch?v=7l05-Xnn64E,https://eldoqmentalista.github.io/v/la-resurreccion-de-los-angeles-caidos-secretos-prohibidos-de-la-biblia/,,
826,85146,VO1olR7DZZA,Documental: Atrapados en El Tiempo y Sus Misterios Sin Resolver,,12 de junio de 2019,,documental,Misterios y Enigmas,Paranormal / Ocultismo y esoterismo / Misterios de la Biblia,https://www.youtube.com/watch?v=VO1olR7DZZA,https://eldoqmentalista.github.io/v/documental-atrapados-en-el-tiempo-y-sus-misterios-sin-resolver/,,
827,84952,txle4rUkeB4,Paranormal: Revelando los Secretos de los Reinos Hada y Chamánico,,4 de septiembre de 2018,15:47,documental,Misterios y Enigmas,Paranormal / Ocultismo y esoterismo / Misterios de la Biblia,https://www.youtube.com/watch?v=txle4rUkeB4,https://eldoqmentalista.github.io/v/paranormal-revelando-los-secretos-de-los-reinos-hada-y-chamanico/,,
828,84951,oUnTb8INvgw,Documental: La resurrección de Lázaro y sus secretos en la Biblia,,14 de noviembre de 2019,13:01,documental,,Paranormal / Misterios de la Biblia / Ocultismo y esoterismo,https://www.youtube.com/watch?v=oUnTb8INvgw,https://eldoqmentalista.github.io/v/documental-la-resurreccion-de-lazaro-y-sus-secretos-en-la-biblia/,,
829,84893,0I7DVaPamYo,Documental: El Fantasma del Titanic - Documentales Interesantes,,9 de junio de 2022,16:34,documental,,Paranormal / Ocultismo y esoterismo / Misterios de la Biblia,https://www.youtube.com/watch?v=0I7DVaPamYo,https://eldoqmentalista.github.io/v/documental-el-fantasma-del-titanic-documentales-interesantes/,,
830,84529,7LDCtIBlMEc,¡4 Libros Prohibidos que la Historia Oculta!,,15 de febrero de 2023,11:21,documental,,Paranormal / Ocultismo y esoterismo / Misterios de la Biblia,https://www.youtube.com/watch?v=7LDCtIBlMEc,https://eldoqmentalista.github.io/v/4-libros-prohibidos-que-la-historia-oculta/,,
831,84355,I_ynWX80txE,"Sirenas Seductoras a brujas malvadas, LA ODISEA, El DOQmentalista",,10 de agosto de 2018,12:33,documental,,Paranormal / Ocultismo y esoterismo / Misterios de la Biblia,https://www.youtube.com/watch?v=I_ynWX80txE,https://eldoqmentalista.github.io/v/sirenas-seductoras-a-brujas-malvadas-la-odisea-el-doqmentalista/,,
832,84349,KCtWkIBgCdM,"Incienso, oro y mirra, ¿Por qué eran Tan valiosos en la antigüedad? / El DoQmentalista",,4 de enero de 2019,10:34,documental,,Paranormal / Ocultismo y esoterismo / Misterios de la Biblia,https://www.youtube.com/watch?v=KCtWkIBgCdM,https://eldoqmentalista.github.io/v/incienso-oro-y-mirra-por-que-eran-tan-valiosos-en-la-antiguedad-el-doq/,,
833,84235,OGTPhMnuQvI,"El Demonio de la trenza, Caso REAL sobre una chica que es visitada por un ser extraño por la noche",,11 de octubre de 2018,11:34,documental,,Paranormal / Ángeles y demonios / Ocultismo y esoterismo,https://www.youtube.com/watch?v=OGTPhMnuQvI,https://eldoqmentalista.github.io/v/el-demonio-de-la-trenza-caso-real-sobre-una-chica-que-es-visitada-por-/,,
834,84045,chs78wi14lE,Documental: Loki y los Secretos Ocultos de la Mitología Nórdica,,2 de junio de 2020,14:09,documental,,Ocultismo y esoterismo / Paranormal / Misterios de la Biblia,https://www.youtube.com/watch?v=chs78wi14lE,https://eldoqmentalista.github.io/v/documental-loki-y-los-secretos-ocultos-de-la-mitologia-nordica/,,
835,83619,exiMp7n0GcE,"La leyenda japonesa De Jesús, vivió y murió en Japón - Documentales en Español",,24 de octubre de 2022,10:20,documental,Misterios y Enigmas,Paranormal / Ocultismo y esoterismo / Misterios de la Biblia,https://www.youtube.com/watch?v=exiMp7n0GcE,https://eldoqmentalista.github.io/v/la-leyenda-japonesa-de-jesus-vivio-y-murio-en-japon-documentales-en-es/,,
836,83486,iWs9BjP1rXE,VIRAL: Método Secreto para Orar y Obtener Milagros - El DoQmentalista,,24 de abril de 2025,22:31,documental,Misterios y Enigmas,Ocultismo y esoterismo / Misterios de la Biblia / Paranormal,https://www.youtube.com/watch?v=iWs9BjP1rXE,https://eldoqmentalista.github.io/v/viral-metodo-secreto-para-orar-y-obtener-milagros-el-doqmentalista/,,
837,83423,CbWaif5PqKQ,"Sociedades Secretas, EL KU KLUX KLAN, kkk, Masoneria o Satanistas",,24 de septiembre de 2020,14:41,documental,,Ocultismo y esoterismo / Paranormal / Ángeles y demonios,https://www.youtube.com/watch?v=CbWaif5PqKQ,https://eldoqmentalista.github.io/v/sociedades-secretas-el-ku-klux-klan-kkk-masoneria-o-satanistas/,,
838,83203,lVF61hVv01o,"DESCUBRE 10 Pueblos Medievales Que Aún Existen, SON HERMOSOS, Video Imprescindible",,3 de julio de 2020,15:34,documental,,Paranormal / Ocultismo y esoterismo / Misterios de la Biblia,https://www.youtube.com/watch?v=lVF61hVv01o,https://eldoqmentalista.github.io/v/descubre-10-pueblos-medievales-que-aun-existen-son-hermosos-video-impr/,,
839,83144,gPxguqFaxkA,¡Grigori: Ángeles Traicioneros Desenmascarados!,,11 de enero de 2023,12:43,documental,Misterios y Enigmas,Paranormal / Ángeles y demonios / Ocultismo y esoterismo,https://www.youtube.com/watch?v=gPxguqFaxkA,https://eldoqmentalista.github.io/v/grigori-angeles-traicioneros-desenmascarados/,,
840,82851,4XCh6WIxZEU,"Video Paranormal, la historia de LA CASA DE LA MUERTE, te dejará aterrado, Relatos De Horror",,25 de junio de 2020,12:09,documental,,Paranormal / Ocultismo y esoterismo / Misterios de la Biblia,https://www.youtube.com/watch?v=4XCh6WIxZEU,https://eldoqmentalista.github.io/v/video-paranormal-la-historia-de-la-casa-de-la-muerte-te-dejara-aterrad/,,
841,82814,g4F3rxCTdg4,El Grimorio De Las Claviculas Del Rey Salomón - El DoQmentalista,,23 de octubre de 2022,10:49,documental,Misterios y Enigmas,Paranormal / Ocultismo y esoterismo / Misterios de la Biblia,https://www.youtube.com/watch?v=g4F3rxCTdg4,https://eldoqmentalista.github.io/v/el-grimorio-de-las-claviculas-del-rey-salomon-el-doqmentalista/,,
842,82762,3GQmVSQt1jY,Los Asesinos Secretos De La Biblia - Secretos Ancestrales - El DoQmentalista,,3 de diciembre de 2023,20:13,documental,Documentales Completos,Paranormal / Misterios de la Biblia / Ocultismo y esoterismo,https://www.youtube.com/watch?v=3GQmVSQt1jY,https://eldoqmentalista.github.io/v/los-asesinos-secretos-de-la-biblia-secretos-ancestrales-el-doqmentalis/,,
843,82687,_tAnXmpr4Dg,"Fotografías Reales De Extraterrestres, Ovnis y UFO",,22 de septiembre de 2019,12:37,documental,,Paranormal / Extraterrestres y OVNIs / Ocultismo y esoterismo,https://www.youtube.com/watch?v=_tAnXmpr4Dg,https://eldoqmentalista.github.io/v/fotografias-reales-de-extraterrestres-ovnis-y-ufo/,,
844,82364,6EfiPQjrhQU,Revelaciones Impactantes: Los Secretos Prohibidos del Vaticano - Documentales en Español,,22 de marzo de 2023,11:58,documental,,Paranormal / Ocultismo y esoterismo / Vaticano e Iglesia,https://www.youtube.com/watch?v=6EfiPQjrhQU,https://eldoqmentalista.github.io/v/revelaciones-impactantes-los-secretos-prohibidos-del-vaticano-document/,,
845,82362,F4O-b0suOns,Entrevista Con El Brujo De Las Runas - Entrevistas El Documentalista,,19 de octubre de 2022,51:11,documental,El DoQmentalista Podcast,Paranormal / Ocultismo y esoterismo / Misterios de la Biblia,https://www.youtube.com/watch?v=F4O-b0suOns,https://eldoqmentalista.github.io/v/entrevista-con-el-brujo-de-las-runas-entrevistas-el-documentalista/,,
846,82219,dkqXDqAM4Ug,"Tipos De Fantasmas Y Sus Caracteristicas, Historias de Fantasmas",,27 de octubre de 2018,22:02,documental,,Paranormal / Ocultismo y esoterismo / Misterios de la Biblia,https://www.youtube.com/watch?v=dkqXDqAM4Ug,https://eldoqmentalista.github.io/v/tipos-de-fantasmas-y-sus-caracteristicas-historias-de-fantasmas/,,
847,81959,G0y35f8Akf8,Impresionante Graban a mujer Poseída por el diablo,,26 de mayo de 2017,6:08,documental,,Paranormal / Ocultismo y esoterismo / Misterios de la Biblia,https://www.youtube.com/watch?v=G0y35f8Akf8,https://eldoqmentalista.github.io/v/impresionante-graban-a-mujer-poseida-por-el-diablo/,,
848,81576,k3ZVy5E8VyQ,"Historia Real De Terror, POSESIÓN DEMONÍACA, El DoQmentalista",,12 de mayo de 2020,11:21,documental,,Paranormal / Ocultismo y esoterismo / Misterios de la Biblia,https://www.youtube.com/watch?v=k3ZVy5E8VyQ,https://eldoqmentalista.github.io/v/historia-real-de-terror-posesion-demoniaca-el-doqmentalista/,,
849,81406,jQGPuNVsXJc,"EL PERTURBADOR CASO DE ANDREA GÓMEZ, ✅ El DoQmentalista, documentales",,28 de julio de 2021,9:23,documental,,Ocultismo y esoterismo / Paranormal / Misterios de la Biblia,https://www.youtube.com/watch?v=jQGPuNVsXJc,https://eldoqmentalista.github.io/v/el-perturbador-caso-de-andrea-gomez-el-doqmentalista-documentales/,,
850,80879,S-MWMCjxqBA,"Mujeres de Otro Mundo Sirenas, Selkies, Cambiaformas y Doncellas de Mar etimologia PARTE 1",,19 de febrero de 2019,11:50,documental,,Ocultismo y esoterismo / Paranormal / Misterios de la Biblia,https://www.youtube.com/watch?v=S-MWMCjxqBA,https://eldoqmentalista.github.io/v/mujeres-de-otro-mundo-sirenas-selkies-cambiaformas-y-doncellas-de-mar--2/,,
851,80839,eKgFl1o2U6A,"Caso Real, El Niño Más Malvado Del Mundo",,3 de diciembre de 2020,11:39,documental,,Paranormal / Ocultismo y esoterismo / Misterios de la Biblia,https://www.youtube.com/watch?v=eKgFl1o2U6A,https://eldoqmentalista.github.io/v/caso-real-el-nino-mas-malvado-del-mundo/,,
852,80546,JsfI5vivyJQ,Tlaloc: Las Verdades que los Aztecas Ocultaron,,9 de enero de 2023,12:14,documental,Misterios y Enigmas,Paranormal / Ocultismo y esoterismo / Misterios de la Biblia,https://www.youtube.com/watch?v=JsfI5vivyJQ,https://eldoqmentalista.github.io/v/tlaloc-las-verdades-que-los-aztecas-ocultaron/,,
853,80468,FD_UCXPxj-k,"Azazel, El Demonio Encadenado - Relatos De Horror Del Libro De Enoc - Documentales en Español",,2 de octubre de 2023,15:14,documental,Misterios y Enigmas,Paranormal / Ángeles y demonios / Ocultismo y esoterismo,https://www.youtube.com/watch?v=FD_UCXPxj-k,https://eldoqmentalista.github.io/v/azazel-el-demonio-encadenado-relatos-de-horror-del-libro-de-enoc-docum/,,
854,80363,GrB0BUx2_I8,Misterios: La historia escalofriante de la chica poseída por el diablo,,17 de octubre de 2018,6:55,documental,,Paranormal / Ocultismo y esoterismo / Misterios de la Biblia,https://www.youtube.com/watch?v=GrB0BUx2_I8,https://eldoqmentalista.github.io/v/misterios-la-historia-escalofriante-de-la-chica-poseida-por-el-diablo/,,
855,80325,8irw5T9iiMU,Documental: Mujeres Lobas: Criaturas Metamórficas - Documentales Interesantes,,19 de junio de 2022,12:07,documental,,Paranormal / Ocultismo y esoterismo / Misterios de la Biblia,https://www.youtube.com/watch?v=8irw5T9iiMU,https://eldoqmentalista.github.io/v/documental-mujeres-lobas-criaturas-metamorficas-documentales-interesan/,,
856,80101,dcIPFcq7uwM,"CAMAZOTZ, Encuentran Un Dios Parecido a Batman en la mitología mesoamericana ✅ El DoQmentalista",,17 de mayo de 2021,9:27,documental,,Ocultismo y esoterismo / Paranormal / Misterios de la Biblia,https://www.youtube.com/watch?v=dcIPFcq7uwM,https://eldoqmentalista.github.io/v/camazotz-encuentran-un-dios-parecido-a-batman-en-la-mitologia-mesoamer/,,
857,80044,Zx-1Ot9c_kU,"Tus últimas palabras antes de Morlr en el Lecho de la mu3rt3, Videos De Terror Para no Dormir",,21 de agosto de 2019,14:44,documental,,Paranormal / Ocultismo y esoterismo / Misterios de la Biblia,https://www.youtube.com/watch?v=Zx-1Ot9c_kU,https://eldoqmentalista.github.io/v/tus-ultimas-palabras-antes-de-morlr-en-el-lecho-de-la-mu3rt3-videos-de/,,
858,79987,QU2WTvUtAog,Documental: LA TRIPLE DIOSA DE LAS BRUJAS: EL MISTERIO REVELADO - Documentales interesantes,,12 de marzo de 2022,9:58,documental,,Paranormal / Ocultismo y esoterismo / Misterios de la Biblia,https://www.youtube.com/watch?v=QU2WTvUtAog,https://eldoqmentalista.github.io/v/documental-la-triple-diosa-de-las-brujas-el-misterio-revelado-document/,,
859,79980,Byw0laSCwE0,"AMULETOS, Espiritualidad, Esoterismo y Protección, El DoQmentalista",,7 de noviembre de 2019,10:54,documental,,Ocultismo y esoterismo / Paranormal / Misterios de la Biblia,https://www.youtube.com/watch?v=Byw0laSCwE0,https://eldoqmentalista.github.io/v/amuletos-espiritualidad-esoterismo-y-proteccion-el-doqmentalista/,,
860,79483,CFBYAMnl11M,¿Conoces las 3 Armas Secretas del Diablo?,,30 de enero de 2023,11:53,documental,,Paranormal / Ocultismo y esoterismo / Misterios de la Biblia,https://www.youtube.com/watch?v=CFBYAMnl11M,https://eldoqmentalista.github.io/v/conoces-las-3-armas-secretas-del-diablo/,,
861,79473,hnXbdm2tHl0,"EL ESTUDIO, videos de terror reales 2019, Historias Por Maximiliano Gimenez relatos de terror",,21 de marzo de 2019,13:13,documental,,Paranormal / Ocultismo y esoterismo / Misterios de la Biblia,https://www.youtube.com/watch?v=hnXbdm2tHl0,https://eldoqmentalista.github.io/v/el-estudio-videos-de-terror-reales-2019-historias-por-maximiliano-gime/,,
862,79434,PRgIuKctrwE,Cómo saber si ella es una bruja real - Documentales Interesantes ✅ El DoQmentalista,,14 de junio de 2021,12:15,documental,,Paranormal / Ocultismo y esoterismo / Misterios de la Biblia,https://www.youtube.com/watch?v=PRgIuKctrwE,https://eldoqmentalista.github.io/v/como-saber-si-ella-es-una-bruja-real-documentales-interesantes-el-doqm/,,
863,79416,VWUjiTKCPzc,Ángeles De la Guarda - EL ARCÁNGEL RAFAEL - Documentales En Español,,9 de noviembre de 2022,8:35,documental,,Ángeles y demonios / Paranormal / Ocultismo y esoterismo,https://www.youtube.com/watch?v=VWUjiTKCPzc,https://eldoqmentalista.github.io/v/angeles-de-la-guarda-el-arcangel-rafael-documentales-en-espanol/,,
864,79137,xcA8ob__bfg,"EL VHS MALDITO, Leyendas urbanas reales de terror horror scary video de miedo historias de terror",,12 de julio de 2018,11:50,documental,,Paranormal / Ocultismo y esoterismo / Misterios de la Biblia,https://www.youtube.com/watch?v=xcA8ob__bfg,https://eldoqmentalista.github.io/v/el-vhs-maldito-leyendas-urbanas-reales-de-terror-horror-scary-video-de/,,
865,79006,-g3Mtpv5gEM,"El legendario y Poderoso BÁCULO SAGRADO, El DoQmentalista",,21 de septiembre de 2020,8:25,documental,,Paranormal / Ocultismo y esoterismo / Misterios de la Biblia,https://www.youtube.com/watch?v=-g3Mtpv5gEM,https://eldoqmentalista.github.io/v/el-legendario-y-poderoso-baculo-sagrado-el-doqmentalista/,,
866,78983,pJgobJkVXgQ,"El astral Inferior o Bajo Astral, VIDEOS DE TERROR",,14 de junio de 2019,11:18,documental,,Paranormal / Ocultismo y esoterismo / Misterios de la Biblia,https://www.youtube.com/watch?v=pJgobJkVXgQ,https://eldoqmentalista.github.io/v/el-astral-inferior-o-bajo-astral-videos-de-terror/,,
867,78940,nPnGC37o3hs,Eres un genio? Descubre como se forma un Genio y cual es su rutina diaria,,15 de noviembre de 2017,7:03,documental,,Paranormal / Ocultismo y esoterismo / Misterios de la Biblia,https://www.youtube.com/watch?v=nPnGC37o3hs,https://eldoqmentalista.github.io/v/eres-un-genio-descubre-como-se-forma-un-genio-y-cual-es-su-rutina-diar/,,
868,78755,ztNrK4Y8gVk,Paranormal: El don de ver a los muertos y hablar con ellos | historias reales,,25 de septiembre de 2024,14:25,documental,,Paranormal / Ocultismo y esoterismo / Misterios de la Biblia,https://www.youtube.com/watch?v=ztNrK4Y8gVk,https://eldoqmentalista.github.io/v/paranormal-el-don-de-ver-a-los-muertos-y-hablar-con-ellos-historias-re/,,
869,78626,Bl46TPoqc-0,"Los Caballos Carnívoros, Devoradores De Hombres - Documentales en Español",,16 de octubre de 2022,13:56,documental,,Paranormal / Ocultismo y esoterismo / Misterios de la Biblia,https://www.youtube.com/watch?v=Bl46TPoqc-0,https://eldoqmentalista.github.io/v/los-caballos-carnivoros-devoradores-de-hombres-documentales-en-espanol/,,
870,78606,649o1EXpSDc,Los 99 Grados De LA MASONERÍA - SECRETOS MASONES - Documentales en Español - El DoQmentalista,,2 de octubre de 2023,13:23,documental,Misterios y Enigmas,Ocultismo y esoterismo / Paranormal / Misterios de la Biblia,https://www.youtube.com/watch?v=649o1EXpSDc,https://eldoqmentalista.github.io/v/los-99-grados-de-la-masoneria-secretos-masones-documentales-en-espanol/,,
871,78442,H2j3kk9irpI,QUÉ pasó luego de la muer†e de JESÚS ✅ El DoQmentalista a jesus church,,2 de diciembre de 2021,8:03,documental,,Paranormal / Ocultismo y esoterismo / Jesús y María,https://www.youtube.com/watch?v=H2j3kk9irpI,https://eldoqmentalista.github.io/v/que-paso-luego-de-la-muer-e-de-jesus-el-doqmentalista-a-jesus-church/,,
872,78339,xQKV-vfXTgQ,"Jesús y los Demonios (Historia Real, Entretenimiento, El Doqmentalista)",,10 de noviembre de 2020,8:41,documental,,Paranormal / Ángeles y demonios / Ocultismo y esoterismo,https://www.youtube.com/watch?v=xQKV-vfXTgQ,https://eldoqmentalista.github.io/v/jesus-y-los-demonios-historia-real-entretenimiento-el-doqmentalista/,,
873,78173,CEMc3AFtMRo,"KRATOS, El Dios De La Guerra ✅ El DoQmentalista",,25 de mayo de 2021,9:19,documental,,Paranormal / Ocultismo y esoterismo / Misterios de la Biblia,https://www.youtube.com/watch?v=CEMc3AFtMRo,https://eldoqmentalista.github.io/v/kratos-el-dios-de-la-guerra-el-doqmentalista/,,
874,78152,YnsUhyCKS5Y,"Poderes mentales, Clariaudiencia, Geokinesis, Cryokinesis e Intangibilidad - Documentales en Español",,31 de julio de 2023,15:49,documental,Documentales Completos,Paranormal / Ocultismo y esoterismo / Misterios de la Biblia,https://www.youtube.com/watch?v=YnsUhyCKS5Y,https://eldoqmentalista.github.io/v/poderes-mentales-clariaudiencia-geokinesis-cryokinesis-e-intangibilida/,,
875,78090,FXTcow9qVJ8,"La Leyenda De EL TRAUCO, El ÍNCUBO LIBIDINOSO,  mito chile",,3 de junio de 2020,10:15,documental,,Paranormal / Ocultismo y esoterismo / Misterios de la Biblia,https://www.youtube.com/watch?v=FXTcow9qVJ8,https://eldoqmentalista.github.io/v/la-leyenda-de-el-trauco-el-incubo-libidinoso-mito-chile/,,
876,78009,0Zh1qLfsnRU,"El Dios Del Caos, El asteroide que podría impactar contra la tierra",,4 de marzo de 2021,9:29,documental,,Paranormal / Ocultismo y esoterismo / Misterios de la Biblia,https://www.youtube.com/watch?v=0Zh1qLfsnRU,https://eldoqmentalista.github.io/v/el-dios-del-caos-el-asteroide-que-podria-impactar-contra-la-tierra/,,
877,77988,lDlLKweT_xI,The Most Ruthless Angel in the Bible,,14 de septiembre de 2024,13:52,documental,,Paranormal / Ángeles y demonios / Ocultismo y esoterismo,https://www.youtube.com/watch?v=lDlLKweT_xI,https://eldoqmentalista.github.io/v/the-most-ruthless-angel-in-the-bible/,,
878,77354,LgNd04XMBSU,Documentales: Lo que Nostradamus predijo sobre el fin de los tiempos revelado,,30 de agosto de 2024,12:47,documental,Documentales Completos,Paranormal / Ocultismo y esoterismo / Profecías,https://www.youtube.com/watch?v=LgNd04XMBSU,https://eldoqmentalista.github.io/v/documentales-lo-que-nostradamus-predijo-sobre-el-fin-de-los-tiempos-re/,,
879,77241,-aw1w4ws_74,"LA PARADOJA DE JESÚS, Cristo es el Sol. la astroteologia la religion, el ocultismo y las estrellas",,28 de agosto de 2018,10:19,documental,,Ocultismo y esoterismo / Paranormal / Jesús y María,https://www.youtube.com/watch?v=-aw1w4ws_74,https://eldoqmentalista.github.io/v/la-paradoja-de-jesus-cristo-es-el-sol-la-astroteologia-la-religion-el-/,,
880,77043,LZUdNRJHqzM,"QUE ES EL CIELO?, Los ATEOS pueden ir al cielo también, el purgatorio, el limbo y el infierno",,15 de agosto de 2018,15:03,documental,,Paranormal / Ocultismo y esoterismo / Misterios de la Biblia,https://www.youtube.com/watch?v=LZUdNRJHqzM,https://eldoqmentalista.github.io/v/que-es-el-cielo-los-ateos-pueden-ir-al-cielo-tambien-el-purgatorio-el-/,,
881,76814,SicdyPfrgAA,"La Casa MAS EMBRUJADA de Irlanda, investigacion De LOFTUS HALL  scary stories",,13 de marzo de 2019,17:13,documental,,Paranormal / Ocultismo y esoterismo / Misterios de la Biblia,https://www.youtube.com/watch?v=SicdyPfrgAA,https://eldoqmentalista.github.io/v/la-casa-mas-embrujada-de-irlanda-investigacion-de-loftus-hall-scary-st/,,
882,76686,kfu4XPn2p_k,LAS 11 DIMENSIONES CÓSMICAS - Documentales Interesantes,,16 de agosto de 2022,12:48,documental,,Paranormal / Ocultismo y esoterismo / Misterios de la Biblia,https://www.youtube.com/watch?v=kfu4XPn2p_k,https://eldoqmentalista.github.io/v/las-11-dimensiones-cosmicas-documentales-interesantes/,,
883,76610,1aZENsizLLA,Los MISTERIOSOS PASADIZOS subterráneos de MONTERREY,,18 de junio de 2017,10:41,documental,Misterios y Enigmas,Paranormal / Ocultismo y esoterismo / Misterios de la Biblia,https://www.youtube.com/watch?v=1aZENsizLLA,https://eldoqmentalista.github.io/v/los-misteriosos-pasadizos-subterraneos-de-monterrey/,,
884,76457,cSws_QmCm2E,"El Experimento Prohibido Frederick, experimentos sociales",,13 de noviembre de 2019,4:38,documental,,Paranormal / Ocultismo y esoterismo / Misterios de la Biblia,https://www.youtube.com/watch?v=cSws_QmCm2E,https://eldoqmentalista.github.io/v/el-experimento-prohibido-frederick-experimentos-sociales/,,
885,76405,9ClghXlrRZg,¡5 Aliens que NO Creerás que Existen!,,3 de enero de 2023,10:45,documental,,Paranormal / Ocultismo y esoterismo / Misterios de la Biblia,https://www.youtube.com/watch?v=9ClghXlrRZg,https://eldoqmentalista.github.io/v/5-aliens-que-no-creeras-que-existen/,,
886,76310,kT7oRsL6Ct8,"La Historia De La Medicina:, Los Primeros Shamanes - Documentales en Español",,21 de septiembre de 2022,13:16,documental,,Paranormal / Ocultismo y esoterismo / Misterios de la Biblia,https://www.youtube.com/watch?v=kT7oRsL6Ct8,https://eldoqmentalista.github.io/v/la-historia-de-la-medicina-los-primeros-shamanes-documentales-en-espan/,,
887,76242,AphcOmOyBbE,Pasadizos Mágicos y Secretos De los Druidas chamanismo,,15 de octubre de 2020,9:31,documental,,Paranormal / Ocultismo y esoterismo / Misterios de la Biblia,https://www.youtube.com/watch?v=AphcOmOyBbE,https://eldoqmentalista.github.io/v/pasadizos-magicos-y-secretos-de-los-druidas-chamanismo/,,
888,76023,urTevSnfZY8,Entrevista CON AKBAL: OCULTISMO Y SANTA MUERTE - Podcast,,15 de agosto de 2022,47:59,documental,El DoQmentalista Podcast,Ocultismo y esoterismo / Paranormal / Misterios de la Biblia,https://www.youtube.com/watch?v=urTevSnfZY8,https://eldoqmentalista.github.io/v/entrevista-con-akbal-ocultismo-y-santa-muerte-podcast/,,
889,75949,LA2ujbL0P9U,5 Tipos De Fantasmas Mas Aterradores El DoQmentalista relatos,,15 de septiembre de 2020,9:34,documental,,Paranormal / Ocultismo y esoterismo / Misterios de la Biblia,https://www.youtube.com/watch?v=LA2ujbL0P9U,https://eldoqmentalista.github.io/v/5-tipos-de-fantasmas-mas-aterradores-el-doqmentalista-relatos/,,
890,75890,8H3px1RxyAQ,Documental: LA CARRETA NAGUA: TERROR CON RUEDAS - Documentales Interesantes,,21 de agosto de 2022,10:03,documental,,Paranormal / Ocultismo y esoterismo / Misterios de la Biblia,https://www.youtube.com/watch?v=8H3px1RxyAQ,https://eldoqmentalista.github.io/v/documental-la-carreta-nagua-terror-con-ruedas-documentales-interesante/,,
891,75660,Ty9WrOa_Rls,"HISTORIAS DE TERROR DE MAESTROS, relatos de horror cuentos de miedo escuelas y profesores",,16 de julio de 2018,15:12,documental,,Paranormal / Ocultismo y esoterismo / Misterios de la Biblia,https://www.youtube.com/watch?v=Ty9WrOa_Rls,https://eldoqmentalista.github.io/v/historias-de-terror-de-maestros-relatos-de-horror-cuentos-de-miedo-esc/,,
892,75644,Czj5lU5l1fw,"Brujas, Ángeles y Maldiciones en el Vaticano - El DoQmentalista",,21 de diciembre de 2023,4:12:44,documental,Documentales Completos,Paranormal / Ángeles y demonios / Ocultismo y esoterismo,https://www.youtube.com/watch?v=Czj5lU5l1fw,https://eldoqmentalista.github.io/v/brujas-angeles-y-maldiciones-en-el-vaticano-el-doqmentalista/,,
893,75599,usDtLtxhDXA,"SOCIEDADES SECRETAS PARTE 1, la Hermandad de la serpiente, Los Benandanti golden dawn",,23 de julio de 2020,13:55,documental,,Paranormal / Ocultismo y esoterismo / Misterios de la Biblia,https://www.youtube.com/watch?v=usDtLtxhDXA,https://eldoqmentalista.github.io/v/sociedades-secretas-parte-1-la-hermandad-de-la-serpiente-los-benandant/,,
894,75520,0JyxMxljEog,Secretos del Antiguo Egipto que Nunca Te Contaron,,7 de julio de 2020,16:51,documental,,Paranormal / Ocultismo y esoterismo / Misterios de la Biblia,https://www.youtube.com/watch?v=0JyxMxljEog,https://eldoqmentalista.github.io/v/secretos-del-antiguo-egipto-que-nunca-te-contaron/,,
895,75455,VuwNokm4Nu0,Documentales: El Ejército Oculto del Cielo y sus Ángeles de Dios,,4 de octubre de 2024,14:26,documental,Misterios y Enigmas,Paranormal / Ángeles y demonios / Ocultismo y esoterismo,https://www.youtube.com/watch?v=VuwNokm4Nu0,https://eldoqmentalista.github.io/v/documentales-el-ejercito-oculto-del-cielo-y-sus-angeles-de-dios/,,
896,75430,KoECgBu3y_M,Misterios Sin Resolver: La Enigmática Niña de La Aceitera y Su Legado,,31 de agosto de 2018,13:21,documental,Misterios y Enigmas,Paranormal / Ocultismo y esoterismo / Misterios de la Biblia,https://www.youtube.com/watch?v=KoECgBu3y_M,https://eldoqmentalista.github.io/v/misterios-sin-resolver-la-enigmatica-nina-de-la-aceitera-y-su-legado/,,
897,75297,H-4qV-mgY6k,"Tres Especies Humanas: Gigantes, Humanos y Hobbits",,9 de mayo de 2018,9:33,documental,,Paranormal / Ocultismo y esoterismo / Misterios de la Biblia,https://www.youtube.com/watch?v=H-4qV-mgY6k,https://eldoqmentalista.github.io/v/tres-especies-humanas-gigantes-humanos-y-hobbits/,,
898,75009,8KBFkBVwumE,EL SÍNDROME De Madame Bovary - AVERIGUA si TU lo tienes ✅ El DoQmentalista,,23 de septiembre de 2021,8:09,documental,,Ocultismo y esoterismo / Paranormal / Misterios de la Biblia,https://www.youtube.com/watch?v=8KBFkBVwumE,https://eldoqmentalista.github.io/v/el-sindrome-de-madame-bovary-averigua-si-tu-lo-tienes-el-doqmentalista/,,
899,75007,mPKiAZUvgYo,"Misterios Revelados, El Rosario Católico y su Verdadero Poder - Documentales en Español",,5 de julio de 2023,14:50,documental,Documentales Completos,Paranormal / Ocultismo y esoterismo / Vaticano e Iglesia,https://www.youtube.com/watch?v=mPKiAZUvgYo,https://eldoqmentalista.github.io/v/misterios-revelados-el-rosario-catolico-y-su-verdadero-poder-documenta/,,
900,74755,_u2zIJnx0x0,Cuidado - LA LAMIA: Demonios Femeninos,,25 de septiembre de 2022,11:31,documental,,Paranormal / Ángeles y demonios / Ocultismo y esoterismo,https://www.youtube.com/watch?v=_u2zIJnx0x0,https://eldoqmentalista.github.io/v/cuidado-la-lamia-demonios-femeninos/,,
901,74713,mDENf95PmD4,"Descubren Un Estanque Sin Fondo En Inglaterra, Escucha la aterradora Historia",,3 de enero de 2021,10:38,documental,,Paranormal / Ocultismo y esoterismo / Misterios de la Biblia,https://www.youtube.com/watch?v=mDENf95PmD4,https://eldoqmentalista.github.io/v/descubren-un-estanque-sin-fondo-en-inglaterra-escucha-la-aterradora-hi/,,
902,74684,xGYx-XEynr8,Top 5 Misterios del Día de Todos Los Santos que No Conocías,,1 de noviembre de 2021,8:06,documental,,Paranormal / Ocultismo y esoterismo / Misterios de la Biblia,https://www.youtube.com/watch?v=xGYx-XEynr8,https://eldoqmentalista.github.io/v/top-5-misterios-del-dia-de-todos-los-santos-que-no-conocias/,,
903,74606,eLzAwILd3VE,Entrevista: BRUJERÍA: ENTREVISTA CON UNA PASADORA DE ALMAS - Documentales interesantes,,20 de abril de 2022,36:11,documental,El DoQmentalista Podcast,Paranormal / Ocultismo y esoterismo / Misterios de la Biblia,https://www.youtube.com/watch?v=eLzAwILd3VE,https://eldoqmentalista.github.io/v/entrevista-brujeria-entrevista-con-una-pasadora-de-almas-documentales-/,,
904,74524,EinPGecvd9E,"¿ DIOS ES MALO ?, Porque Dios permite la maldad en el antiguo testamento",,19 de noviembre de 2021,8:16,documental,,Paranormal / Misterios de la Biblia / Ocultismo y esoterismo,https://www.youtube.com/watch?v=EinPGecvd9E,https://eldoqmentalista.github.io/v/dios-es-malo-porque-dios-permite-la-maldad-en-el-antiguo-testamento/,,
905,74499,cTAwNOdnaKs,"Top 5 Cosas Terribles Que Pasaron En Navidad (Historias de Terror, Misterios, El Doqmentalista)",,22 de diciembre de 2020,11:55,documental,Misterios y Enigmas,Paranormal / Ocultismo y esoterismo / Misterios de la Biblia,https://www.youtube.com/watch?v=cTAwNOdnaKs,https://eldoqmentalista.github.io/v/top-5-cosas-terribles-que-pasaron-en-navidad-historias-de-terror-miste/,,
906,74307,dA55uFKH0Ec,Secretos del Vaticano Que Nadie Se atreve a Decir - El DoQmentalista,,27 de abril de 2025,18:28,documental,Misterios y Enigmas,Ocultismo y esoterismo / Misterios de la Biblia / Paranormal,https://www.youtube.com/watch?v=dA55uFKH0Ec,https://eldoqmentalista.github.io/v/secretos-del-vaticano-que-nadie-se-atreve-a-decir-el-doqmentalista/,,
907,74267,vCx_nyTlJpU,"El Snallygaster, la criatura podría ser real, aterrorizaron a los ciudadanos de Maryland",,30 de agosto de 2018,16:57,documental,,Paranormal / Ocultismo y esoterismo / Misterios de la Biblia,https://www.youtube.com/watch?v=vCx_nyTlJpU,https://eldoqmentalista.github.io/v/el-snallygaster-la-criatura-podria-ser-real-aterrorizaron-a-los-ciudad/,,
908,74195,-ejn69WwC7Q,Top 10 Mitos y Leyendas: El Poderoso Tritón de la Mitología Griega,,7 de mayo de 2020,11:47,documental,,Paranormal / Ocultismo y esoterismo / Misterios de la Biblia,https://www.youtube.com/watch?v=-ejn69WwC7Q,https://eldoqmentalista.github.io/v/top-10-mitos-y-leyendas-el-poderoso-triton-de-la-mitologia-griega/,,
909,74162,lY63Sj3lIPE,Documental: La Verdad Oculta Detrás de un Exorcismo Impactante,,18 de mayo de 2020,4:51,documental,,Paranormal / Ocultismo y esoterismo / Misterios de la Biblia,https://www.youtube.com/watch?v=lY63Sj3lIPE,https://eldoqmentalista.github.io/v/documental-la-verdad-oculta-detras-de-un-exorcismo-impactante/,,
910,74149,MI1FFFeM0qE,Mitos y Leyendas: Explorando los Demonios Egipcios y su Terroríficas Criaturas,,16 de agosto de 2020,11:12,documental,,Paranormal / Ángeles y demonios / Ocultismo y esoterismo,https://www.youtube.com/watch?v=MI1FFFeM0qE,https://eldoqmentalista.github.io/v/mitos-y-leyendas-explorando-los-demonios-egipcios-y-su-terrorificas-cr/,,
911,74099,mGeTyFByz-c,El niño maldito Una oscura historia de horror dentro de una iglesia - Historias De Terror,,5 de diciembre de 2022,9:40,documental,,Paranormal / Ocultismo y esoterismo / Vaticano e Iglesia,https://www.youtube.com/watch?v=mGeTyFByz-c,https://eldoqmentalista.github.io/v/el-nino-maldito-una-oscura-historia-de-horror-dentro-de-una-iglesia-hi/,,
912,74057,NbnFRgz5mqQ,"Los Hikikomori, Personas Sin Vida",,25 de mayo de 2020,10:52,documental,,Paranormal / Ocultismo y esoterismo / Misterios de la Biblia,https://www.youtube.com/watch?v=NbnFRgz5mqQ,https://eldoqmentalista.github.io/v/los-hikikomori-personas-sin-vida/,,
913,73978,n-rVgzUmM78,Documental: El Ave Fénix: Fascinante Simbología - Documentales Interesantes,,11 de junio de 2022,5:37,documental,,Ocultismo y esoterismo / Paranormal / Misterios de la Biblia,https://www.youtube.com/watch?v=n-rVgzUmM78,https://eldoqmentalista.github.io/v/documental-el-ave-fenix-fascinante-simbologia-documentales-interesante/,,
914,73925,hzqyQLTV4Tw,Misterios: El Enigma del Efecto Mandela y su Influencia en la Realidad,,24 de abril de 2020,10:46,documental,,Paranormal / Ocultismo y esoterismo / Misterios de la Biblia,https://www.youtube.com/watch?v=hzqyQLTV4Tw,https://eldoqmentalista.github.io/v/misterios-el-enigma-del-efecto-mandela-y-su-influencia-en-la-realidad/,,
915,73843,xBSUXkd9OoE,"Los Belmont, Los Cazadores De la Noche, el DoQmentalista",,27 de septiembre de 2020,9:06,documental,,Paranormal / Ocultismo y esoterismo / Misterios de la Biblia,https://www.youtube.com/watch?v=xBSUXkd9OoE,https://eldoqmentalista.github.io/v/los-belmont-los-cazadores-de-la-noche-el-doqmentalista/,,
916,73728,uYcYHnED4iM,Misterios: Ángeles de la Guarda y el Enigma de Arakiel en la Religión,,21 de noviembre de 2022,8:36,documental,,Paranormal / Ángeles y demonios / Ocultismo y esoterismo,https://www.youtube.com/watch?v=uYcYHnED4iM,https://eldoqmentalista.github.io/v/misterios-angeles-de-la-guarda-y-el-enigma-de-arakiel-en-la-religion/,,
917,73552,HjHM5qyVPfM,¿Nueva élite humana? El inquietante poder de las mentes autistas - El DoQmentalista,,12 de mayo de 2025,31:33,documental,Misterios y Enigmas,Ocultismo y esoterismo / Misterios de la Biblia / Paranormal,https://www.youtube.com/watch?v=HjHM5qyVPfM,https://eldoqmentalista.github.io/v/nueva-elite-humana-el-inquietante-poder-de-las-mentes-autistas-el-doqm/,,
918,73373,jLQkuf8twoc,"Líbranos del Mal, Antiguas Protecciones contra los Malos Espíritus y la Mala Suerte",,27 de octubre de 2020,11:09,documental,,Paranormal / Ocultismo y esoterismo / Misterios de la Biblia,https://www.youtube.com/watch?v=jLQkuf8twoc,https://eldoqmentalista.github.io/v/libranos-del-mal-antiguas-protecciones-contra-los-malos-espiritus-y-la/,,
919,73302,pYXEYrk8FBc,"Yo Soy, EL DoQmentalista Y Esto Es, LA CATRINA, Día De Muertos En México",,21 de octubre de 2019,10:03,documental,,Paranormal / Ocultismo y esoterismo / Misterios de la Biblia,https://www.youtube.com/watch?v=pYXEYrk8FBc,https://eldoqmentalista.github.io/v/yo-soy-el-doqmentalista-y-esto-es-la-catrina-dia-de-muertos-en-mexico/,,
920,73180,f-YWMozxmjE,CALÍGULA El Emperador Loco Enemigo del senado roma antigua,,4 de agosto de 2020,10:59,documental,,Paranormal / Ocultismo y esoterismo / Misterios de la Biblia,https://www.youtube.com/watch?v=f-YWMozxmjE,https://eldoqmentalista.github.io/v/caligula-el-emperador-loco-enemigo-del-senado-roma-antigua/,,
921,73105,q9aGF11W-yo,Misterios: La Sabiduría Divina de Dios y Sus Impactos en la Ciencia,,12 de abril de 2023,25:55,documental,Misterios y Enigmas,Paranormal / Ocultismo y esoterismo / Misterios de la Biblia,https://www.youtube.com/watch?v=q9aGF11W-yo,https://eldoqmentalista.github.io/v/misterios-la-sabiduria-divina-de-dios-y-sus-impactos-en-la-ciencia/,,
922,72767,SmP0bwZUg_w,Cómo Sería El Rostro De Jesús Según La INTELIGENCIA ARTIFICIAL,,30 de agosto de 2020,9:54,documental,,Paranormal / Ocultismo y esoterismo / Misterios de la Biblia,https://www.youtube.com/watch?v=SmP0bwZUg_w,https://eldoqmentalista.github.io/v/como-seria-el-rostro-de-jesus-segun-la-inteligencia-artificial/,,
923,72718,HVta3MLe3ok,Documental: Los 10 Secretos Más Oscuros de la Biblia que Nunca Te Contaron,,10 de enero de 2023,12:02,documental,Misterios y Enigmas,Paranormal / Misterios de la Biblia / Ocultismo y esoterismo,https://www.youtube.com/watch?v=HVta3MLe3ok,https://eldoqmentalista.github.io/v/documental-los-10-secretos-mas-oscuros-de-la-biblia-que-nunca-te-conta/,,
924,72292,tW4pjxLSEaM,Las 4 Virtudes Cardinales,,8 de diciembre de 2018,10:47,documental,,Paranormal / Ocultismo y esoterismo / Misterios de la Biblia,https://www.youtube.com/watch?v=tW4pjxLSEaM,https://eldoqmentalista.github.io/v/las-4-virtudes-cardinales/,,
925,72141,4kl_s6Ak6DA,Historia: Descubre el Poder Oculto de las Runas en la Cultura Nórdica,,9 de julio de 2020,9:26,documental,,Paranormal / Ocultismo y esoterismo / Misterios de la Biblia,https://www.youtube.com/watch?v=4kl_s6Ak6DA,https://eldoqmentalista.github.io/v/historia-descubre-el-poder-oculto-de-las-runas-en-la-cultura-nordica/,,
926,72129,trI-0dTBdr4,Misterios del Mundo: El Arcángel Samael y la Mano Izquierda de Dios,,1 de enero de 2024,14:09,documental,Documentales Completos,Paranormal / Ángeles y demonios / Ocultismo y esoterismo,https://www.youtube.com/watch?v=trI-0dTBdr4,https://eldoqmentalista.github.io/v/misterios-del-mundo-el-arcangel-samael-y-la-mano-izquierda-de-dios/,,
927,72055,quqtTvAlxsY,"Los Misterios del DEJA VU, ¿por qué ocurren y que es un Deja Vu? cd9 deja vu",,25 de septiembre de 2017,11:47,documental,Misterios y Enigmas,Paranormal / Ocultismo y esoterismo / Misterios de la Biblia,https://www.youtube.com/watch?v=quqtTvAlxsY,https://eldoqmentalista.github.io/v/los-misterios-del-deja-vu-por-que-ocurren-y-que-es-un-deja-vu-cd9-deja/,,
928,71903,cOEv4bFsYyg,"¿Qué es lo Gótico? ¿De dónde vino el género? (Entretenimiento, El Doqmentalista)",,8 de noviembre de 2020,9:57,documental,,Paranormal / Ocultismo y esoterismo / Misterios de la Biblia,https://www.youtube.com/watch?v=cOEv4bFsYyg,https://eldoqmentalista.github.io/v/que-es-lo-gotico-de-donde-vino-el-genero-entretenimiento-el-doqmentali/,,
929,71386,CF-ZAGWsmPY,"Cómo Quitarse Un Cadáver Astral, Herramientas Secretas, Posesiones, Cordón De San Fco. Y El Orarium",,26 de abril de 2019,14:44,documental,,Paranormal / Ocultismo y esoterismo / Misterios de la Biblia,https://www.youtube.com/watch?v=CF-ZAGWsmPY,https://eldoqmentalista.github.io/v/como-quitarse-un-cadaver-astral-herramientas-secretas-posesiones-cordo/,,
930,71336,QLBrr8lhQCw,"La Caída del Imperio Azteca, VÍDEOS DE MITOLOGÍA",,5 de junio de 2019,11:49,documental,,Ocultismo y esoterismo / Paranormal / Misterios de la Biblia,https://www.youtube.com/watch?v=QLBrr8lhQCw,https://eldoqmentalista.github.io/v/la-caida-del-imperio-azteca-videos-de-mitologia/,,
931,71161,M-U2t1Zqiko,Alerta global: Trump activa unidad anti-robots,,18 de mayo de 2025,31:19,documental,Misterios y Enigmas,Ocultismo y esoterismo / Misterios de la Biblia / Paranormal,https://www.youtube.com/watch?v=M-U2t1Zqiko,https://eldoqmentalista.github.io/v/alerta-global-trump-activa-unidad-anti-robots/,,
932,71147,rHu8bq3lkUI,Mitología: EL CIELO DE LOS MAYAS,,19 de junio de 2023,18:05,documental,,Ocultismo y esoterismo / Paranormal / Misterios de la Biblia,https://www.youtube.com/watch?v=rHu8bq3lkUI,https://eldoqmentalista.github.io/v/mitologia-el-cielo-de-los-mayas/,,
933,71097,3fhfV8Xc5YY,Mitos y Leyendas: El Impactante Relato del Alacrán de Durango Revelado,,20 de junio de 2022,11:38,documental,,Paranormal / Ocultismo y esoterismo / Misterios de la Biblia,https://www.youtube.com/watch?v=3fhfV8Xc5YY,https://eldoqmentalista.github.io/v/mitos-y-leyendas-el-impactante-relato-del-alacran-de-durango-revelado/,,
934,70925,8CNIThk4uHg,"Hechiceros Cosacos, Magos De Guerra, documentales interesantes ✅ El DoQmentalista",,8 de julio de 2021,10:37,documental,,Ocultismo y esoterismo / Paranormal / Misterios de la Biblia,https://www.youtube.com/watch?v=8CNIThk4uHg,https://eldoqmentalista.github.io/v/hechiceros-cosacos-magos-de-guerra-documentales-interesantes-el-doqmen/,,
935,70881,DKuk03hf3tk,Documental: GORGONAS: LOS MONSTRUOS DE LA MITOLOGÍA - Documentales interesantes,,7 de abril de 2022,8:10,documental,,Ocultismo y esoterismo / Paranormal / Misterios de la Biblia,https://www.youtube.com/watch?v=DKuk03hf3tk,https://eldoqmentalista.github.io/v/documental-gorgonas-los-monstruos-de-la-mitologia-documentales-interes/,,
936,70818,8OgPfEoKdiE,"Hablo De La Tercera Guerra Mundial, Profecías, Ataques Espirituales y mas",,7 de enero de 2020,1:04:32,documental,,Paranormal / Ocultismo y esoterismo / Profecías,https://www.youtube.com/watch?v=8OgPfEoKdiE,https://eldoqmentalista.github.io/v/hablo-de-la-tercera-guerra-mundial-profecias-ataques-espirituales-y-ma/,,
937,70818,ziT55JIMWrk,Visité un Museo Paranormal y esto fue lo que pasó ( recorrido completo ),,14 de agosto de 2019,1:22:00,documental,,Paranormal / Ocultismo y esoterismo / Misterios de la Biblia,https://www.youtube.com/watch?v=ziT55JIMWrk,https://eldoqmentalista.github.io/v/visite-un-museo-paranormal-y-esto-fue-lo-que-paso-recorrido-completo/,,
938,70804,LjfbRa4bQ68,Naamah: El Demonio que NADIE Menciona en la Biblia,,22 de mayo de 2025,23:57,documental,Misterios y Enigmas,Misterios de la Biblia / Ocultismo y esoterismo / Ángeles y demonios,https://www.youtube.com/watch?v=LjfbRa4bQ68,https://eldoqmentalista.github.io/v/naamah-el-demonio-que-nadie-menciona-en-la-biblia/,,
939,70615,IGkRU215F6U,"10 Mujeres Guerreras, Poderosas y Temerarias del Mundo Antiguo Parte 1",,26 de septiembre de 2019,14:05,documental,,Paranormal / Ocultismo y esoterismo / Misterios de la Biblia,https://www.youtube.com/watch?v=IGkRU215F6U,https://eldoqmentalista.github.io/v/10-mujeres-guerreras-poderosas-y-temerarias-del-mundo-antiguo-parte-1/,,
940,70591,EvhXh3fL8Tw,Documental: Registros Akáshicos: Acceso al Conocimiento - Documentales Interesantes,,26 de junio de 2022,13:37,documental,,Paranormal / Ocultismo y esoterismo / Misterios de la Biblia,https://www.youtube.com/watch?v=EvhXh3fL8Tw,https://eldoqmentalista.github.io/v/documental-registros-akashicos-acceso-al-conocimiento-documentales-int/,,
941,70463,rsCSZvPgkUI,Paranormal: La cueva que atrajo al Diablo | testimonio prohibido y aterrador,,12 de septiembre de 2024,11:16,documental,,Paranormal / Ocultismo y esoterismo / Misterios de la Biblia,https://www.youtube.com/watch?v=rsCSZvPgkUI,https://eldoqmentalista.github.io/v/paranormal-la-cueva-que-atrajo-al-diablo-testimonio-prohibido-y-aterra/,,
942,70290,3nuN2-FZCnc,"Las Quitapenas, Muñecas con poderes Extraordinarios",,4 de septiembre de 2017,7:51,documental,,Paranormal / Ocultismo y esoterismo / Misterios de la Biblia,https://www.youtube.com/watch?v=3nuN2-FZCnc,https://eldoqmentalista.github.io/v/las-quitapenas-munecas-con-poderes-extraordinarios/,,
943,70221,oz7_gZdpk44,"Los Jinn, Genios Poderosos de la Cultura Árabe",,16 de septiembre de 2019,12:34,documental,,Paranormal / Ocultismo y esoterismo / Misterios de la Biblia,https://www.youtube.com/watch?v=oz7_gZdpk44,https://eldoqmentalista.github.io/v/los-jinn-genios-poderosos-de-la-cultura-arabe/,,
944,70148,jDJ1knLXJVQ,"Lucifera, La Portadora De La Antorcha, La Parte Femenina De Lucifer Satanás",,6 de octubre de 2019,11:53,documental,,Ángeles y demonios / Paranormal / Ocultismo y esoterismo,https://www.youtube.com/watch?v=jDJ1knLXJVQ,https://eldoqmentalista.github.io/v/lucifera-la-portadora-de-la-antorcha-la-parte-femenina-de-lucifer-sata/,,
945,70138,zSVnZeQGe3E,"Los Siete Pecados Capitales, LA IRA, El DoQmentalista",,7 de octubre de 2020,14:11,documental,,Paranormal / Ocultismo y esoterismo / Misterios de la Biblia,https://www.youtube.com/watch?v=zSVnZeQGe3E,https://eldoqmentalista.github.io/v/los-siete-pecados-capitales-la-ira-el-doqmentalista/,,
946,70132,pEKTkh8rF08,La Bruja Mulata - Leyenda de Veracruz: La mulata de Córdoba | historias mexicanas de terror,,17 de julio de 2019,12:22,documental,,Paranormal / Ocultismo y esoterismo / Misterios de la Biblia,https://www.youtube.com/watch?v=pEKTkh8rF08,https://eldoqmentalista.github.io/v/la-bruja-mulata-leyenda-de-veracruz-la-mulata-de-cordoba-historias-mex/,,
947,69999,hRTaJu1Pw6s,"Poncio Pilato, El hombre que mató a Jesucristo, Bibliomania ✅ El DoQmentalista evangelio",,4 de agosto de 2021,8:26,documental,,Jesús y María / Misterios de la Biblia / Ocultismo y esoterismo,https://www.youtube.com/watch?v=hRTaJu1Pw6s,https://eldoqmentalista.github.io/v/poncio-pilato-el-hombre-que-mato-a-jesucristo-bibliomania-el-doqmental/,,
948,69748,cVoeEN8hLRk,Costumbres Medievales que no creerás que existieron,,21 de octubre de 2020,12:10,documental,,Paranormal / Ocultismo y esoterismo / Misterios de la Biblia,https://www.youtube.com/watch?v=cVoeEN8hLRk,https://eldoqmentalista.github.io/v/costumbres-medievales-que-no-creeras-que-existieron/,,
949,69699,_zROPDk8kgA,Los Peores Inventos Del Hombre: LAS MAZMORRAS - Documentales en Español,,15 de noviembre de 2022,12:05,documental,,Paranormal / Ocultismo y esoterismo / Misterios de la Biblia,https://www.youtube.com/watch?v=_zROPDk8kgA,https://eldoqmentalista.github.io/v/los-peores-inventos-del-hombre-las-mazmorras-documentales-en-espanol/,,
950,69631,NL_R260mGyI,"Cómo ser más inteligente, 7 hábitos infalibles Para Aumentar La Inteligencia",,12 de enero de 2021,8:11,documental,,Paranormal / Ocultismo y esoterismo / Misterios de la Biblia,https://www.youtube.com/watch?v=NL_R260mGyI,https://eldoqmentalista.github.io/v/como-ser-mas-inteligente-7-habitos-infalibles-para-aumentar-la-intelig/,,
951,69631,KtTuNxFvpKk,"Mitos y Leyendas: La fascinante vida de Thor, el Dios del Trueno revelada",,30 de abril de 2018,7:17,documental,,Paranormal / Ocultismo y esoterismo / Misterios de la Biblia,https://www.youtube.com/watch?v=KtTuNxFvpKk,https://eldoqmentalista.github.io/v/mitos-y-leyendas-la-fascinante-vida-de-thor-el-dios-del-trueno-revelad/,,
952,69567,GL2zOG_pJpo,"CÓMO SER UNA BRUJA, La Wicca witchtok tarot",,2 de agosto de 2020,15:52,documental,,Paranormal / Ocultismo y esoterismo / Misterios de la Biblia,https://www.youtube.com/watch?v=GL2zOG_pJpo,https://eldoqmentalista.github.io/v/como-ser-una-bruja-la-wicca-witchtok-tarot/,,
953,69264,O4agRjcwz-8,México y la historia oculta de La Guadalupana - El DoQmentalista,,29 de noviembre de 2023,40:58,documental,Documentales Completos,Paranormal / Ocultismo y esoterismo / Misterios de la Biblia,https://www.youtube.com/watch?v=O4agRjcwz-8,https://eldoqmentalista.github.io/v/mexico-y-la-historia-oculta-de-la-guadalupana-el-doqmentalista/,,
954,69215,ZyPOv4jDYzk,Los 5 Adversarios de la Iglesia Cristiana - El DoQmentalista,,27 de septiembre de 2023,14:31,documental,,Paranormal / Ocultismo y esoterismo / Vaticano e Iglesia,https://www.youtube.com/watch?v=ZyPOv4jDYzk,https://eldoqmentalista.github.io/v/los-5-adversarios-de-la-iglesia-cristiana-el-doqmentalista/,,
955,69068,4tJZ4O1-rF8,TERROR EN LA NOCHE LARGA: Secretos Oscuros Que Nadie Se Atreve a Contar,,21 de abril de 2022,15:20,documental,,Paranormal / Ocultismo y esoterismo / Misterios de la Biblia,https://www.youtube.com/watch?v=4tJZ4O1-rF8,https://eldoqmentalista.github.io/v/terror-en-la-noche-larga-secretos-oscuros-que-nadie-se-atreve-a-contar/,,
956,69029,cz8pFUF91ew,Documental: JESÚS: LOS SECRETOS DEL VÍA CRUCIS - Documentales interesantes,,14 de abril de 2022,16:40,documental,,Paranormal / Ocultismo y esoterismo / Misterios de la Biblia,https://www.youtube.com/watch?v=cz8pFUF91ew,https://eldoqmentalista.github.io/v/documental-jesus-los-secretos-del-via-crucis-documentales-interesantes/,,
957,68799,d8XfA9oklVw,"El Perro Familiar, o perro BRUJA. lo ven en Argentina",,22 de enero de 2019,8:25,documental,,Paranormal / Ocultismo y esoterismo / Misterios de la Biblia,https://www.youtube.com/watch?v=d8XfA9oklVw,https://eldoqmentalista.github.io/v/el-perro-familiar-o-perro-bruja-lo-ven-en-argentina/,,
958,68754,YSb_OvktVts,"¿Qué Son Los Espíritus?, ¿Que es un alma?, Cuerpo, mente, alma y espíritu, El DoQmentalista",,15 de enero de 2020,14:41,documental,,Paranormal / Ocultismo y esoterismo / Misterios de la Biblia,https://www.youtube.com/watch?v=YSb_OvktVts,https://eldoqmentalista.github.io/v/que-son-los-espiritus-que-es-un-alma-cuerpo-mente-alma-y-espiritu-el-d/,,
959,68574,5ELroRdfRIg,"La Magia Olvidada, resucitando a los muertos y los demonios - Documentales en Español",,20 de octubre de 2022,8:56,documental,,Ocultismo y esoterismo / Paranormal / Ángeles y demonios,https://www.youtube.com/watch?v=5ELroRdfRIg,https://eldoqmentalista.github.io/v/la-magia-olvidada-resucitando-a-los-muertos-y-los-demonios-documentale/,,
960,68495,oi0Cp5axcuY,"Aztecas o Mexicas, quienes son y de dónde vienen | Las 7 tribus del CHICOMOZTOC ✅ El DoQmentalista",,21 de mayo de 2021,10:25,documental,,Paranormal / Ocultismo y esoterismo / Misterios de la Biblia,https://www.youtube.com/watch?v=oi0Cp5axcuY,https://eldoqmentalista.github.io/v/aztecas-o-mexicas-quienes-son-y-de-donde-vienen-las-7-tribus-del-chico/,,
961,68351,_wdJaY91O-Y,"10 CURIOSIDADES SOBRE EL TIEMPO, Viajes al Pasado, Presente y Futuro, El DoQmentalista",,4 de noviembre de 2019,10:47,documental,,Paranormal / Ocultismo y esoterismo / Misterios de la Biblia,https://www.youtube.com/watch?v=_wdJaY91O-Y,https://eldoqmentalista.github.io/v/10-curiosidades-sobre-el-tiempo-viajes-al-pasado-presente-y-futuro-el-/,,
962,68335,_KGq5k1lcns,Documental: TOP 7: INMORTALES ENTRE NOSOTROS - Documentales Interesantes,,19 de agosto de 2022,12:33,documental,,Paranormal / Ocultismo y esoterismo / Misterios de la Biblia,https://www.youtube.com/watch?v=_KGq5k1lcns,https://eldoqmentalista.github.io/v/documental-top-7-inmortales-entre-nosotros-documentales-interesantes/,,
963,68239,DwgKYmDX4fo,Documental: ¿POR QUÉ NO COMEMOS CARNE EN SEMANA SANTA? - Documentales interesantes,,10 de marzo de 2022,7:05,documental,,Paranormal / Ocultismo y esoterismo / Misterios de la Biblia,https://www.youtube.com/watch?v=DwgKYmDX4fo,https://eldoqmentalista.github.io/v/documental-por-que-no-comemos-carne-en-semana-santa-documentales-inter/,,
964,68063,dBx3osc5g_o,Kaymakli turkey - La Ciudad Subterránea Más Grande Del mundo ✅ El DoQmentalista,,19 de julio de 2021,9:14,documental,,Ocultismo y esoterismo / Paranormal / Misterios de la Biblia,https://www.youtube.com/watch?v=dBx3osc5g_o,https://eldoqmentalista.github.io/v/kaymakli-turkey-la-ciudad-subterranea-mas-grande-del-mundo-el-doqmenta/,,
965,68040,Q5HSmU4dREQ,Gigantes En América encontrados en La Cueva Lovelock y la cultura e historia de Los Paiutes,,6 de mayo de 2018,12:47,documental,,Paranormal / Ocultismo y esoterismo / Misterios de la Biblia,https://www.youtube.com/watch?v=Q5HSmU4dREQ,https://eldoqmentalista.github.io/v/gigantes-en-america-encontrados-en-la-cueva-lovelock-y-la-cultura-e-hi/,,
966,68010,4LlV3IiKTFA,"Brujería, El Poder De la Sangre En los Hechizos, El DoQmenalista",,30 de octubre de 2020,12:48,documental,,Paranormal / Ocultismo y esoterismo / Misterios de la Biblia,https://www.youtube.com/watch?v=4LlV3IiKTFA,https://eldoqmentalista.github.io/v/brujeria-el-poder-de-la-sangre-en-los-hechizos-el-doqmenalista/,,
967,67940,EMb0uy3egSA,4 Historias de Terror Para Niños Y No Tan Niños Parte 3,,9 de septiembre de 2018,12:17,documental,,Paranormal / Ocultismo y esoterismo / Misterios de la Biblia,https://www.youtube.com/watch?v=EMb0uy3egSA,https://eldoqmentalista.github.io/v/4-historias-de-terror-para-ninos-y-no-tan-ninos-parte-3/,,
968,67810,sfEb4qDMVVo,TELETRANSPORTACIÓN - Experimento cientifico Philadelphia - Documentales en Español,,13 de septiembre de 2022,10:33,documental,,Paranormal / Ocultismo y esoterismo / Misterios de la Biblia,https://www.youtube.com/watch?v=sfEb4qDMVVo,https://eldoqmentalista.github.io/v/teletransportacion-experimento-cientifico-philadelphia-documentales-en/,,
969,67776,UtpxV26TsyQ,"Documental: Nithael, el Protector de la Realeza y sus Secretos Ocultos",,7 de junio de 2022,9:45,documental,,Paranormal / Ocultismo y esoterismo / Misterios de la Biblia,https://www.youtube.com/watch?v=UtpxV26TsyQ,https://eldoqmentalista.github.io/v/documental-nithael-el-protector-de-la-realeza-y-sus-secretos-ocultos/,,
970,67724,uWMtuAxBcDE,"Cómo fue la conquista española, El DoQmentalista, los Aztecas",,11 de octubre de 2020,9:55,documental,,Paranormal / Ocultismo y esoterismo / Misterios de la Biblia,https://www.youtube.com/watch?v=uWMtuAxBcDE,https://eldoqmentalista.github.io/v/como-fue-la-conquista-espanola-el-doqmentalista-los-aztecas/,,
971,67682,pLlqcWrVWkY,La entrevista reveladora con Chris B: Coach Espiritual - Desarrollo Personal,,7 de octubre de 2022,41:57,documental,El DoQmentalista Podcast,Ocultismo y esoterismo / Paranormal / Misterios de la Biblia,https://www.youtube.com/watch?v=pLlqcWrVWkY,https://eldoqmentalista.github.io/v/la-entrevista-reveladora-con-chris-b-coach-espiritual-desarrollo-perso/,,
972,67652,rdIocS8b_-c,La Bruja del Cabello Maldito: ¡Terror Real!,,19 de febrero de 2023,12:30,documental,,Paranormal / Ocultismo y esoterismo / Misterios de la Biblia,https://www.youtube.com/watch?v=rdIocS8b_-c,https://eldoqmentalista.github.io/v/la-bruja-del-cabello-maldito-terror-real/,,
973,67550,TJnubmJEw_A,LA ENERGÍA DE LOS ARBOLES / El DoQmentalista,,31 de octubre de 2019,10:58,documental,,Paranormal / Ocultismo y esoterismo / Misterios de la Biblia,https://www.youtube.com/watch?v=TJnubmJEw_A,https://eldoqmentalista.github.io/v/la-energia-de-los-arboles-el-doqmentalista/,,
974,67475,y5y9geNRBps,Documental: SOCIEDADES SECRETAS: EL CONOCIMIENTO OCULTO - Documentales Interesantes,,8 de agosto de 2022,14:42,documental,Misterios y Enigmas,Paranormal / Ocultismo y esoterismo / Misterios de la Biblia,https://www.youtube.com/watch?v=y5y9geNRBps,https://eldoqmentalista.github.io/v/documental-sociedades-secretas-el-conocimiento-oculto-documentales-int/,,
975,67382,MRvbPUZflO0,"DEMONIOS SOMBRA, Los Daeva, Documental Demonologia, El DoQmentalista supernatural",,10 de abril de 2019,12:26,documental,,Ocultismo y esoterismo / Paranormal / Ángeles y demonios,https://www.youtube.com/watch?v=MRvbPUZflO0,https://eldoqmentalista.github.io/v/demonios-sombra-los-daeva-documental-demonologia-el-doqmentalista-supe/,,
976,67364,rh3qPzk1_XM,Documental: Los secretos oscuros de los Dioses de la Muerte revelados,,6 de junio de 2017,12:25,documental,,Paranormal / Ocultismo y esoterismo / Misterios de la Biblia,https://www.youtube.com/watch?v=rh3qPzk1_XM,https://eldoqmentalista.github.io/v/documental-los-secretos-oscuros-de-los-dioses-de-la-muerte-revelados/,,
977,67138,Q_APWqH8oHw,La misteriosa anciana: guía espiritual o vida pasada?,,29 de noviembre de 2018,13:49,documental,Misterios y Enigmas,Ocultismo y esoterismo / Paranormal / Misterios de la Biblia,https://www.youtube.com/watch?v=Q_APWqH8oHw,https://eldoqmentalista.github.io/v/la-misteriosa-anciana-guia-espiritual-o-vida-pasada/,,
978,67035,Dw-eiOXijLk,Los Doce Trabajos de Hércules (Heracles) - Mitología Griega ✅ El DoQmentalista,,31 de mayo de 2021,16:45,documental,,Ocultismo y esoterismo / Paranormal / Misterios de la Biblia,https://www.youtube.com/watch?v=Dw-eiOXijLk,https://eldoqmentalista.github.io/v/los-doce-trabajos-de-hercules-heracles-mitologia-griega-el-doqmentalis/,,
979,67031,wiNxQwUg0mI,"Las 3 POTENCIAS DEL ALMA, vuélvete invencíble, descubre TU POTENCIAL - Documentales en Español",,7 de septiembre de 2023,15:59,documental,Documentales Completos,Paranormal / Ocultismo y esoterismo / Misterios de la Biblia,https://www.youtube.com/watch?v=wiNxQwUg0mI,https://eldoqmentalista.github.io/v/las-3-potencias-del-alma-vuelvete-invencible-descubre-tu-potencial-doc/,,
980,67013,AcpxXyrSIEc,🕯️ La Orden Secreta que Engañó a la Inquisición Española,,10 de junio de 2025,35:39,documental,,Ocultismo y esoterismo / Misterios de la Biblia / Paranormal,https://www.youtube.com/watch?v=AcpxXyrSIEc,https://eldoqmentalista.github.io/v/la-orden-secreta-que-engano-a-la-inquisicion-espanola/,,
981,66989,7oz4DkFU0cg,EL PENTÁGONO ADMITE QUE LOS OVNIS EXISTEN,,27 de abril de 2020,29:20,documental,,Paranormal / Ángeles y demonios / Extraterrestres y OVNIs,https://www.youtube.com/watch?v=7oz4DkFU0cg,https://eldoqmentalista.github.io/v/el-pentagono-admite-que-los-ovnis-existen/,,
982,66966,PNBRMlTI51o,Criaturas secretas que el FBI y la CIA le revela al presidente. Trump lo sabe.,,2 de julio de 2025,27:09,documental,Documentales Completos,Ocultismo y esoterismo / Misterios de la Biblia / Paranormal,https://www.youtube.com/watch?v=PNBRMlTI51o,https://eldoqmentalista.github.io/v/criaturas-secretas-que-el-fbi-y-la-cia-le-revela-al-presidente-trump-l/,,
983,66954,QwUzQqI_IaA,Paranormal: Los monjes que pactaron con el Diablo y sus historias de terror,,24 de septiembre de 2024,13:25,documental,,Paranormal / Ocultismo y esoterismo / Misterios de la Biblia,https://www.youtube.com/watch?v=QwUzQqI_IaA,https://eldoqmentalista.github.io/v/paranormal-los-monjes-que-pactaron-con-el-diablo-y-sus-historias-de-te/,,
984,66867,6P769Q4HO0A,"El Experimento De La Prisión De Stanford, documentales interesantes doqmentalist",,10 de mayo de 2021,11:00,documental,,Paranormal / Ocultismo y esoterismo / Misterios de la Biblia,https://www.youtube.com/watch?v=6P769Q4HO0A,https://eldoqmentalista.github.io/v/el-experimento-de-la-prision-de-stanford-documentales-interesantes-doq/,,
985,66778,Gm_P9ZGVcG8,"Norea, La Seductora De Ángeles, La Chispa De Fuego, Documental",,18 de marzo de 2021,12:42,documental,,Paranormal / Ángeles y demonios / Ocultismo y esoterismo,https://www.youtube.com/watch?v=Gm_P9ZGVcG8,https://eldoqmentalista.github.io/v/norea-la-seductora-de-angeles-la-chispa-de-fuego-documental/,,
986,66751,PAbGkArXaMA,"Trump y Musk en guerra; empujan a MrBeast a la presidencia",,5 de junio de 2025,18:35,documental,Misterios y Enigmas,Ocultismo y esoterismo / Misterios de la Biblia / Paranormal,https://www.youtube.com/watch?v=PAbGkArXaMA,https://eldoqmentalista.github.io/v/trump-y-musk-en-guerra-empujan-a-mrbeast-a-la-presidencia/,,
987,66706,Aky-H-p-CsQ,Angeles y Demonios | Descubre el Poder Oculto del Arcángel Metatrón - Documentales en Español,,18 de septiembre de 2023,12:27,documental,Misterios y Enigmas,Ángeles y demonios / Paranormal / Ocultismo y esoterismo,https://www.youtube.com/watch?v=Aky-H-p-CsQ,https://eldoqmentalista.github.io/v/angeles-y-demonios-descubre-el-poder-oculto-del-arcangel-metatron-docu/,,
988,66660,LOkNmyL0DIM,"Shamanes Sobrenaturales de Alaska, Magia perdida",,9 de noviembre de 2018,19:50,documental,,Ocultismo y esoterismo / Paranormal / Misterios de la Biblia,https://www.youtube.com/watch?v=LOkNmyL0DIM,https://eldoqmentalista.github.io/v/shamanes-sobrenaturales-de-alaska-magia-perdida/,,
989,66601,kmdtZ7P2kk0,Una espeluznante y maravillosa leyenda maya que si o si deberías conocer,,18 de enero de 2022,13:28,documental,,Paranormal / Ocultismo y esoterismo / Misterios de la Biblia,https://www.youtube.com/watch?v=kmdtZ7P2kk0,https://eldoqmentalista.github.io/v/una-espeluznante-y-maravillosa-leyenda-maya-que-si-o-si-deberias-conoc/,,
990,66460,X0cFOCC_-jY,"10 hechos sorprendentes sobre la soledad, El DoQmentalista",,9 de enero de 2021,7:21,documental,,Paranormal / Ocultismo y esoterismo / Misterios de la Biblia,https://www.youtube.com/watch?v=X0cFOCC_-jY,https://eldoqmentalista.github.io/v/10-hechos-sorprendentes-sobre-la-soledad-el-doqmentalista/,,
991,66399,qxAgfZm6AKM,"Monstruos Marinos, EL LYNGBAKR, El Hermano De EL KRAKEN",,4 de septiembre de 2020,10:11,documental,,Paranormal / Ocultismo y esoterismo / Misterios de la Biblia,https://www.youtube.com/watch?v=qxAgfZm6AKM,https://eldoqmentalista.github.io/v/monstruos-marinos-el-lyngbakr-el-hermano-de-el-kraken/,,
992,66398,3XC62aDY5P4,Documental: La Biblia de los Oprimidos y el Control Mental Revelado,,21 de febrero de 2021,10:09,documental,,Paranormal / Misterios de la Biblia / Ocultismo y esoterismo,https://www.youtube.com/watch?v=3XC62aDY5P4,https://eldoqmentalista.github.io/v/documental-la-biblia-de-los-oprimidos-y-el-control-mental-revelado/,,
993,66027,bXKNPqppY7I,"LA GRAN BIBLIOTECA DE ALEJANDRÍA, Conocimientos Ocultos",,28 de octubre de 2020,12:06,documental,,Paranormal / Ocultismo y esoterismo / Misterios de la Biblia,https://www.youtube.com/watch?v=bXKNPqppY7I,https://eldoqmentalista.github.io/v/la-gran-biblioteca-de-alejandria-conocimientos-ocultos/,,
994,65982,i8q_KVeYjs8,Videos De Terror: LOS 4 ENTES MÁS TEMIDOS - Documental Impactante,,21 de junio de 2023,18:17,documental,Misterios y Enigmas,Paranormal / Ocultismo y esoterismo / Misterios de la Biblia,https://www.youtube.com/watch?v=i8q_KVeYjs8,https://eldoqmentalista.github.io/v/videos-de-terror-los-4-entes-mas-temidos-documental-impactante/,,
995,65721,oRmGUkQOBzw,Revelado: El Tesoro Maldito de la Cueva de la Piedra China que Engulle Vidas en Guanajuato,,21 de abril de 2025,19:08,documental,Misterios y Enigmas,Ocultismo y esoterismo / Misterios de la Biblia / Paranormal,https://www.youtube.com/watch?v=oRmGUkQOBzw,https://eldoqmentalista.github.io/v/revelado-el-tesoro-maldito-de-la-cueva-de-la-piedra-china-que-engulle-/,,
996,65617,0QKhH5enXcE,Documental: Shiva: Dios de la Destrucción - Documentales Interesantes,,17 de mayo de 2022,10:07,documental,,Paranormal / Ocultismo y esoterismo / Misterios de la Biblia,https://www.youtube.com/watch?v=0QKhH5enXcE,https://eldoqmentalista.github.io/v/documental-shiva-dios-de-la-destruccion-documentales-interesantes/,,
997,65407,1pt8I9g9ZDE,Encantos y Misterios: Sirenas y el Monstruo del Lago Titicaca - Documentales en Español,,4 de agosto de 2023,14:10,documental,Documentales Completos,Paranormal / Ocultismo y esoterismo / Misterios de la Biblia,https://www.youtube.com/watch?v=1pt8I9g9ZDE,https://eldoqmentalista.github.io/v/encantos-y-misterios-sirenas-y-el-monstruo-del-lago-titicaca-documenta/,,
998,65257,vwFGvdcaxmU,"Los Maestros Ascendidos, Angel de Amor, Jesús y Los 7 Chohans",,16 de marzo de 2020,11:39,documental,,Paranormal / Ángeles y demonios / Ocultismo y esoterismo,https://www.youtube.com/watch?v=vwFGvdcaxmU,https://eldoqmentalista.github.io/v/los-maestros-ascendidos-angel-de-amor-jesus-y-los-7-chohans/,,
999,65090,06Z2jaem7ok,"El SS OURANG MEDAN, VIDEOS DE TERROR",,21 de junio de 2019,,documental,,Paranormal / Ocultismo y esoterismo / Misterios de la Biblia,https://www.youtube.com/watch?v=06Z2jaem7ok,https://eldoqmentalista.github.io/v/el-ss-ourang-medan-videos-de-terror/,,
1000,65019,96bzn_AREd8,"El Dios Cornudo: La Verdadera Historia de Cernunnos, Pan y Herne - El DoQmentalista",,1 de mayo de 2025,30:10,documental,Misterios y Enigmas,Ocultismo y esoterismo / Misterios de la Biblia / Paranormal,https://www.youtube.com/watch?v=96bzn_AREd8,https://eldoqmentalista.github.io/v/el-dios-cornudo-la-verdadera-historia-de-cernunnos-pan-y-herne-el-doqm/,,
1001,65018,o7t3Ughj57A,"ALTARES SATÁNICOS, Conociendo cómo actúan las fuerzas Del mal, Satanás",,7 de abril de 2021,11:50,documental,,Ángeles y demonios / Paranormal / Ocultismo y esoterismo,https://www.youtube.com/watch?v=o7t3Ughj57A,https://eldoqmentalista.github.io/v/altares-satanicos-conociendo-como-actuan-las-fuerzas-del-mal-satanas/,,
1002,64757,CMX-p7jOfKU,"Mary Culhaine y la Cosa Muerta, EL DOQMENTALISTA, Videos de terror 2018",,5 de junio de 2018,10:02,documental,,Paranormal / Ocultismo y esoterismo / Misterios de la Biblia,https://www.youtube.com/watch?v=CMX-p7jOfKU,https://eldoqmentalista.github.io/v/mary-culhaine-y-la-cosa-muerta-el-doqmentalista-videos-de-terror-2018/,,
1003,64725,pwEj2AIjoYc,Enigma Documental: COMO ESPANTAR A LOS DEMONIOS,,12 de septiembre de 2023,15:56,documental,Misterios y Enigmas,Paranormal / Ángeles y demonios / Ocultismo y esoterismo,https://www.youtube.com/watch?v=pwEj2AIjoYc,https://eldoqmentalista.github.io/v/enigma-documental-como-espantar-a-los-demonios/,,
1004,64697,fxtrjuOeY1E,"EL ARMA DE LOS DIOSES, El Vajra, Armería Antigua y Poderosa, Historia Universal",,11 de julio de 2020,15:00,documental,,Paranormal / Ocultismo y esoterismo / Misterios de la Biblia,https://www.youtube.com/watch?v=fxtrjuOeY1E,https://eldoqmentalista.github.io/v/el-arma-de-los-dioses-el-vajra-armeria-antigua-y-poderosa-historia-uni/,,
1005,64684,qpHh_lvqtoI,"La Jerarquía De Los Espíritus, Tipos De Espíritus, Alto, Medio y Bajo, malos, buenos y perfectos",,16 de enero de 2020,13:24,documental,,Paranormal / Ocultismo y esoterismo / Misterios de la Biblia,https://www.youtube.com/watch?v=qpHh_lvqtoI,https://eldoqmentalista.github.io/v/la-jerarquia-de-los-espiritus-tipos-de-espiritus-alto-medio-y-bajo-mal/,,
1006,64499,Wy4NoRTHJUk,Los 10 Venenos Más Letales Del Mundo Y Sus Horribles Efectos,,25 de enero de 2022,13:06,documental,,Paranormal / Ocultismo y esoterismo / Misterios de la Biblia,https://www.youtube.com/watch?v=Wy4NoRTHJUk,https://eldoqmentalista.github.io/v/los-10-venenos-mas-letales-del-mundo-y-sus-horribles-efectos/,,
1007,64489,-xOxsI3i-eg,"El espeluznante caso De Asurame, Llaves y puertas. (Historia, relatos de terror, El Doqmentalista)",,13 de noviembre de 2020,10:53,documental,,Paranormal / Ocultismo y esoterismo / Misterios de la Biblia,https://www.youtube.com/watch?v=-xOxsI3i-eg,https://eldoqmentalista.github.io/v/el-espeluznante-caso-de-asurame-llaves-y-puertas-historia-relatos-de-t/,,
1008,64394,HeNFOYIqueg,"Como Eliminar Malos Espíritus, Quitar Brujería, Oración ✅ El DoQmentalista",,13 de mayo de 2021,2:43,short,,Paranormal / Ocultismo y esoterismo / Misterios de la Biblia,https://www.youtube.com/watch?v=HeNFOYIqueg,https://eldoqmentalista.github.io/v/como-eliminar-malos-espiritus-quitar-brujeria-oracion-el-doqmentalista/,,
1009,64333,n9q_jfEAkY0,Documental: La Magia de la Bibliomancia y Sus Secretos Revelados,,22 de julio de 2021,9:52,documental,,Misterios de la Biblia / Ocultismo y esoterismo / Paranormal,https://www.youtube.com/watch?v=n9q_jfEAkY0,https://eldoqmentalista.github.io/v/documental-la-magia-de-la-bibliomancia-y-sus-secretos-revelados/,,
1010,64282,LLbZ3KAXRns,"Más Comida, BRUJA se COME a su propio HIJO, historias del mas alla ✅ El DoQmentalista",,4 de octubre de 2021,10:31,documental,,Paranormal / Ocultismo y esoterismo / Misterios de la Biblia,https://www.youtube.com/watch?v=LLbZ3KAXRns,https://eldoqmentalista.github.io/v/mas-comida-bruja-se-come-a-su-propio-hijo-historias-del-mas-alla-el-do/,,
1011,64136,BqE4DQ0nWQg,"La partícula de Dios, El Bosón De Higgs",,3 de septiembre de 2018,11:33,documental,,Paranormal / Ocultismo y esoterismo / Misterios de la Biblia,https://www.youtube.com/watch?v=BqE4DQ0nWQg,https://eldoqmentalista.github.io/v/la-particula-de-dios-el-boson-de-higgs/,,
1012,64023,OBDWypz0NgQ,4 Historias De Terror De Trenes Malditos / El DoQmentalista / historias de terror reales en español,,23 de mayo de 2018,13:22,documental,,Paranormal / Ocultismo y esoterismo / Misterios de la Biblia,https://www.youtube.com/watch?v=OBDWypz0NgQ,https://eldoqmentalista.github.io/v/4-historias-de-terror-de-trenes-malditos-el-doqmentalista-historias-de/,,
1013,63924,SniYSEElHzg,"El Poderoso Ares, El Dios De La Guerra, La Lujuria Y La Protección",,5 de octubre de 2019,10:03,documental,,Paranormal / Ocultismo y esoterismo / Misterios de la Biblia,https://www.youtube.com/watch?v=SniYSEElHzg,https://eldoqmentalista.github.io/v/el-poderoso-ares-el-dios-de-la-guerra-la-lujuria-y-la-proteccion/,,
1014,63455,aPK8WmDwh_A,"VISITÉ UN PUEBLO FANTASMA, Misnebalam 2020 El DoQmentalista",,14 de julio de 2019,27:48,documental,,Paranormal / Ocultismo y esoterismo / Misterios de la Biblia,https://www.youtube.com/watch?v=aPK8WmDwh_A,https://eldoqmentalista.github.io/v/visite-un-pueblo-fantasma-misnebalam-2020-el-doqmentalista/,,
1015,63184,RHMJc2czumA,"El vademécum Del Terror, Historia Real de una Maldición Demoniaca. (Paranormal, El Doqmentalista)",,15 de noviembre de 2020,13:34,documental,,Paranormal / Ocultismo y esoterismo / Misterios de la Biblia,https://www.youtube.com/watch?v=RHMJc2czumA,https://eldoqmentalista.github.io/v/el-vademecum-del-terror-historia-real-de-una-maldicion-demoniaca-paran/,,
1016,63178,mraPckkif6E,"10 Tradiciones Piratas que casi nadie conoce, El DoQmentalista",,12 de junio de 2020,11:49,documental,,Paranormal / Ocultismo y esoterismo / Misterios de la Biblia,https://www.youtube.com/watch?v=mraPckkif6E,https://eldoqmentalista.github.io/v/10-tradiciones-piratas-que-casi-nadie-conoce-el-doqmentalista/,,
1017,63142,0dHwVPWIQvw,"El Fuego Infernal, El fuego infinito que nunca se apaga ✅ El DoQmentalista",,21 de mayo de 2021,11:10,documental,,Paranormal / Ocultismo y esoterismo / Misterios de la Biblia,https://www.youtube.com/watch?v=0dHwVPWIQvw,https://eldoqmentalista.github.io/v/el-fuego-infernal-el-fuego-infinito-que-nunca-se-apaga-el-doqmentalist/,,
1018,62711,NX86w7IQy9Q,TUTORIAL DE COMO HACER UN VIAJE ASTRAL,,24 de mayo de 2020,15:59,documental,,Paranormal / Ocultismo y esoterismo / Misterios de la Biblia,https://www.youtube.com/watch?v=NX86w7IQy9Q,https://eldoqmentalista.github.io/v/tutorial-de-como-hacer-un-viaje-astral/,,
1019,62704,92Nsz8Nh_Lk,¿Se puede viajar en el tiempo? Mi respuesta sin censura,,28 de mayo de 2025,45:24,documental,Misterios y Enigmas,Ocultismo y esoterismo / Misterios de la Biblia / Paranormal,https://www.youtube.com/watch?v=92Nsz8Nh_Lk,https://eldoqmentalista.github.io/v/se-puede-viajar-en-el-tiempo-mi-respuesta-sin-censura/,,
1020,62541,6ooNq7D9xQ8,15 Misteriosas Desapariciones Que Dejaron Al Mundo Sin Explicación,,31 de enero de 2020,12:51,documental,Misterios y Enigmas,Paranormal / Ocultismo y esoterismo / Misterios de la Biblia,https://www.youtube.com/watch?v=6ooNq7D9xQ8,https://eldoqmentalista.github.io/v/15-misteriosas-desapariciones-que-dejaron-al-mundo-sin-explicacion/,,
1021,62438,dV6s5SIbnYI,Leyenda de Los Niños Emparedados de la Presa San José,,21 de febrero de 2019,10:14,documental,,Paranormal / Ocultismo y esoterismo / Misterios de la Biblia,https://www.youtube.com/watch?v=dV6s5SIbnYI,https://eldoqmentalista.github.io/v/leyenda-de-los-ninos-emparedados-de-la-presa-san-jose/,,
1022,62150,STgi__-e7Eg,"El Fantasma De Mi Vecino, vídeos de terror (Historia Real, Fantasma Real)",,11 de abril de 2018,12:22,documental,,Paranormal / Ocultismo y esoterismo / Misterios de la Biblia,https://www.youtube.com/watch?v=STgi__-e7Eg,https://eldoqmentalista.github.io/v/el-fantasma-de-mi-vecino-videos-de-terror-historia-real-fantasma-real/,,
1023,62074,PhdCYoo4oYI,Canobie Dick Y El Secreto Para Convertirse En Rey / EL DOQMENTALISTA,,19 de mayo de 2018,11:09,documental,,Paranormal / Ocultismo y esoterismo / Misterios de la Biblia,https://www.youtube.com/watch?v=PhdCYoo4oYI,https://eldoqmentalista.github.io/v/canobie-dick-y-el-secreto-para-convertirse-en-rey-el-doqmentalista/,,
1024,62036,ZGRB7jg97aA,"El Símbolo Del Dragón, VÍDEOS DE TERROR",,26 de mayo de 2019,10:31,documental,,Paranormal / Ocultismo y esoterismo / Misterios de la Biblia,https://www.youtube.com/watch?v=ZGRB7jg97aA,https://eldoqmentalista.github.io/v/el-simbolo-del-dragon-videos-de-terror/,,
1025,62033,Z-IKbeifZ7U,Magia: Descubre los Tipos de Hechiceras y sus Poderes Sorprendentes,,13 de abril de 2023,25:06,documental,,Ocultismo y esoterismo / Paranormal / Misterios de la Biblia,https://www.youtube.com/watch?v=Z-IKbeifZ7U,https://eldoqmentalista.github.io/v/magia-descubre-los-tipos-de-hechiceras-y-sus-poderes-sorprendentes/,,
1026,61908,p46ipH9qzO0,Shambala: ¿El Reino Mágico Oculto?,,7 de marzo de 2023,14:37,documental,Misterios y Enigmas,Paranormal / Ocultismo y esoterismo / Misterios de la Biblia,https://www.youtube.com/watch?v=p46ipH9qzO0,https://eldoqmentalista.github.io/v/shambala-el-reino-magico-oculto/,,
1027,61797,LA7T8vcfuEg,"¡Conspiración!: la visión de Donald Trump,  el mormón secreto de la iglesia. ¿Apocalipsis en 2025?",,24 de abril de 2025,18:00,documental,,Misterios de la Biblia / Ocultismo y esoterismo / Paranormal,https://www.youtube.com/watch?v=LA7T8vcfuEg,https://eldoqmentalista.github.io/v/conspiracion-la-vision-de-donald-trump-el-mormon-secreto-de-la-iglesia/,,
1028,61653,hFZhAtWuWNA,"Entrevista Con IRENE GALOP, Guia Espieitual - Desarrollo Personal",,26 de septiembre de 2022,56:07,documental,El DoQmentalista Podcast,Paranormal / Ocultismo y esoterismo / Misterios de la Biblia,https://www.youtube.com/watch?v=hFZhAtWuWNA,https://eldoqmentalista.github.io/v/entrevista-con-irene-galop-guia-espieitual-desarrollo-personal/,,
1029,61613,QpCFfLHYBiA,Alerta: El Vampiro del Panteón de Belén Despierta Cuando Caiga su Árbol Maldito,,6 de mayo de 2025,16:27,documental,,Ocultismo y esoterismo / Misterios de la Biblia / Paranormal,https://www.youtube.com/watch?v=QpCFfLHYBiA,https://eldoqmentalista.github.io/v/alerta-el-vampiro-del-panteon-de-belen-despierta-cuando-caiga-su-arbol/,,
1030,61321,JfwpDb9B8nI,Las Biblias Ocultas Malditas - Documentales en Español - El DoQmentalista,,3 de septiembre de 2023,15:41,documental,Misterios y Enigmas,Paranormal / Misterios de la Biblia / Ocultismo y esoterismo,https://www.youtube.com/watch?v=JfwpDb9B8nI,https://eldoqmentalista.github.io/v/las-biblias-ocultas-malditas-documentales-en-espanol-el-doqmentalista/,,
1031,61150,TaQWuMGjD4A,"ALEJANDRO MAGNO, El Más Grande Conquistador, ser historia",,16 de julio de 2020,13:34,documental,,Paranormal / Ocultismo y esoterismo / Misterios de la Biblia,https://www.youtube.com/watch?v=TaQWuMGjD4A,https://eldoqmentalista.github.io/v/alejandro-magno-el-mas-grande-conquistador-ser-historia/,,
1032,61100,yw0pIotM200,"FUEGO ETERNO, Queman a una bruja en México ✅ El DoQmentalista",,10 de octubre de 2021,9:23,documental,,Paranormal / Ocultismo y esoterismo / Misterios de la Biblia,https://www.youtube.com/watch?v=yw0pIotM200,https://eldoqmentalista.github.io/v/fuego-eterno-queman-a-una-bruja-en-mexico-el-doqmentalista/,,
1033,60965,UVxm4z_Lnz4,Grandes Mentes De La Historia  Leonardo Da Vinci,,10 de octubre de 2019,14:24,documental,,Paranormal / Ocultismo y esoterismo / Misterios de la Biblia,https://www.youtube.com/watch?v=UVxm4z_Lnz4,https://eldoqmentalista.github.io/v/grandes-mentes-de-la-historia-leonardo-da-vinci/,,
1034,60860,0V8iz5iPGSI,El Eclipse Solar - el fin del mundo TODO FUE MENTIRA,,20 de agosto de 2017,2:31,short,,Paranormal / Ocultismo y esoterismo / Misterios de la Biblia,https://www.youtube.com/watch?v=0V8iz5iPGSI,https://eldoqmentalista.github.io/v/el-eclipse-solar-el-fin-del-mundo-todo-fue-mentira/,,
1035,60838,P0tPpf0KLN8,Documental: El misterioso avistamiento de un nahual en México y su historia,,26 de agosto de 2019,4:54,documental,,Paranormal / Ocultismo y esoterismo / Misterios de la Biblia,https://www.youtube.com/watch?v=P0tPpf0KLN8,https://eldoqmentalista.github.io/v/documental-el-misterioso-avistamiento-de-un-nahual-en-mexico-y-su-hist/,,
1036,60796,F061uja5Nb4,¿Por Qué Dios Permite El Sufrimiento? - Documentales en Español - El DoQmentalista,,27 de septiembre de 2023,9:52,documental,Misterios y Enigmas,Paranormal / Ocultismo y esoterismo / Misterios de la Biblia,https://www.youtube.com/watch?v=F061uja5Nb4,https://eldoqmentalista.github.io/v/por-que-dios-permite-el-sufrimiento-documentales-en-espanol-el-doqment/,,
1037,60716,Fx1CrNoJLk0,"La Historia de los árboles de Navidad, Historias De Navidad, Significado Del Árbol De Navidad",,19 de noviembre de 2018,10:12,documental,,Paranormal / Ocultismo y esoterismo / Misterios de la Biblia,https://www.youtube.com/watch?v=Fx1CrNoJLk0,https://eldoqmentalista.github.io/v/la-historia-de-los-arboles-de-navidad-historias-de-navidad-significado/,,
1038,60603,vA8gr00ynqM,"Extraterrestres Antiguos,  las primeras ideas sobre habitantes de otros planetas",,11 de febrero de 2021,11:09,documental,,Paranormal / Ocultismo y esoterismo / Misterios de la Biblia,https://www.youtube.com/watch?v=vA8gr00ynqM,https://eldoqmentalista.github.io/v/extraterrestres-antiguos-las-primeras-ideas-sobre-habitantes-de-otros-/,,
1039,60497,Ze0QiuEDfUQ,"El Muerto De Blanco, Historia de terror",,24 de junio de 2020,13:47,documental,,Paranormal / Ocultismo y esoterismo / Misterios de la Biblia,https://www.youtube.com/watch?v=Ze0QiuEDfUQ,https://eldoqmentalista.github.io/v/el-muerto-de-blanco-historia-de-terror/,,
1040,60472,tISqDHDcQ6Q,PROFECÍAS del Apocalipsis: El Diario Perdido de Nostradamus - Nueva era.,,16 de junio de 2025,20:37,documental,,Misterios de la Biblia / Profecías / Ocultismo y esoterismo,https://www.youtube.com/watch?v=tISqDHDcQ6Q,https://eldoqmentalista.github.io/v/profecias-del-apocalipsis-el-diario-perdido-de-nostradamus-nueva-era/,,
1041,60460,mAO6QdObtjk,"Mitología Nórdica, Las Valquirias, La Fuerza Y El Poder Femeninos ✅ El DoQmentalista",,21 de junio de 2021,10:06,documental,,Ocultismo y esoterismo / Paranormal / Misterios de la Biblia,https://www.youtube.com/watch?v=mAO6QdObtjk,https://eldoqmentalista.github.io/v/mitologia-nordica-las-valquirias-la-fuerza-y-el-poder-femeninos-el-doq/,,
1042,60447,ikte46gsQ4E,10 Fascinantes Datos Que No Sabías Durante La Navidad ✅ El DoQmentalista,,20 de diciembre de 2021,11:32,documental,,Paranormal / Ocultismo y esoterismo / Misterios de la Biblia,https://www.youtube.com/watch?v=ikte46gsQ4E,https://eldoqmentalista.github.io/v/10-fascinantes-datos-que-no-sabias-durante-la-navidad-el-doqmentalista/,,
1043,60130,dhIEDm_Itbc,ESPEJOS EMBRUJADOS - Documentales Prohibidos - Documentales en Español - El DoQmentalista,,24 de agosto de 2023,15:23,documental,Documentales Completos,Paranormal / Ocultismo y esoterismo / Misterios de la Biblia,https://www.youtube.com/watch?v=dhIEDm_Itbc,https://eldoqmentalista.github.io/v/espejos-embrujados-documentales-prohibidos-documentales-en-espanol-el-/,,
1044,59850,XLlOijTKjE4,Leyendas Mexicanas | El Misterio del Callejón del Beso - Documentales en Español,,2 de agosto de 2023,10:46,documental,Documentales Completos,Paranormal / Ocultismo y esoterismo / Misterios de la Biblia,https://www.youtube.com/watch?v=XLlOijTKjE4,https://eldoqmentalista.github.io/v/leyendas-mexicanas-el-misterio-del-callejon-del-beso-documentales-en-e/,,
1045,59786,O0Sm9IdVjao,Talos El Antiguo Robot Gigante y Protector De Creta,,22 de septiembre de 2020,10:24,documental,,Paranormal / Ocultismo y esoterismo / Misterios de la Biblia,https://www.youtube.com/watch?v=O0Sm9IdVjao,https://eldoqmentalista.github.io/v/talos-el-antiguo-robot-gigante-y-protector-de-creta/,,
1046,59767,UPtY5Yz996w,Documental: Evangelio Perdido: ¿Esposa de Jesús? - Documentales Interesantes,,13 de julio de 2022,10:32,documental,,Paranormal / Misterios de la Biblia / Ángeles y demonios,https://www.youtube.com/watch?v=UPtY5Yz996w,https://eldoqmentalista.github.io/v/documental-evangelio-perdido-esposa-de-jesus-documentales-interesantes/,,
1047,59540,vYG7xl82eqc,"La Enfermedad Del Sueño, Nadie sabe cuál es su causa y no tiene cura",,17 de marzo de 2020,13:22,documental,,Paranormal / Ocultismo y esoterismo / Misterios de la Biblia,https://www.youtube.com/watch?v=vYG7xl82eqc,https://eldoqmentalista.github.io/v/la-enfermedad-del-sueno-nadie-sabe-cual-es-su-causa-y-no-tiene-cura/,,
1048,59473,C8zroXvJzyk,10 Hechos Históricos que la ESCUELA NO te enseña  - Documentales en Español,,26 de julio de 2023,14:54,documental,,Paranormal / Ocultismo y esoterismo / Misterios de la Biblia,https://www.youtube.com/watch?v=C8zroXvJzyk,https://eldoqmentalista.github.io/v/10-hechos-historicos-que-la-escuela-no-te-ensena-documentales-en-espan/,,
1049,59367,GCFnjSRtFcM,"Los Argonautas, Mitologías antiguas",,11 de diciembre de 2018,14:12,documental,,Ocultismo y esoterismo / Paranormal / Misterios de la Biblia,https://www.youtube.com/watch?v=GCFnjSRtFcM,https://eldoqmentalista.github.io/v/los-argonautas-mitologias-antiguas/,,
1050,59225,OFX3Wwv6uHk,"Ángeles De La Guarda, SELAPHIEL - La Oración de Dios - Documentales en Español",,30 de noviembre de 2022,8:36,documental,Misterios y Enigmas,Paranormal / Ángeles y demonios / Ocultismo y esoterismo,https://www.youtube.com/watch?v=OFX3Wwv6uHk,https://eldoqmentalista.github.io/v/angeles-de-la-guarda-selaphiel-la-oracion-de-dios-documentales-en-espa/,,
1051,59208,p0NIF9erM40,"Historias De Terror, LA COPLA ENTERRADA, Por Chema De Aquino / El DoQmentalista suspenso paranormal",,3 de mayo de 2019,12:09,documental,,Paranormal / Ocultismo y esoterismo / Misterios de la Biblia,https://www.youtube.com/watch?v=p0NIF9erM40,https://eldoqmentalista.github.io/v/historias-de-terror-la-copla-enterrada-por-chema-de-aquino-el-doqmenta/,,
1052,59091,3yhz4d24Ioc,Por Qué Celebramos LA NAVIDAD el 25 de diciembre ✅ El DoQmentalista,,17 de diciembre de 2021,10:19,documental,,Paranormal / Ocultismo y esoterismo / Misterios de la Biblia,https://www.youtube.com/watch?v=3yhz4d24Ioc,https://eldoqmentalista.github.io/v/por-que-celebramos-la-navidad-el-25-de-diciembre-el-doqmentalista/,,
1053,58990,mVx2jiqiGJc,Los peores asesinatos que suceden en la Biblia,,16 de abril de 2020,11:20,documental,,Paranormal / Misterios de la Biblia / Ocultismo y esoterismo,https://www.youtube.com/watch?v=mVx2jiqiGJc,https://eldoqmentalista.github.io/v/los-peores-asesinatos-que-suceden-en-la-biblia/,,
1054,58983,udWnD91LqZE,"El Terrible Caso De Joan Risch Y Su Misteriosa Desaparición, Casos Criminales, Misterios De Internet",,24 de febrero de 2020,10:44,documental,Misterios y Enigmas,Paranormal / Ocultismo y esoterismo / Misterios de la Biblia,https://www.youtube.com/watch?v=udWnD91LqZE,https://eldoqmentalista.github.io/v/el-terrible-caso-de-joan-risch-y-su-misteriosa-desaparicion-casos-crim/,,
1055,58967,beMLwZb-BXo,"Enigma Documental: Jesús en el Infierno, la Misión Secreta",,8 de octubre de 2023,12:57,documental,Misterios y Enigmas,Paranormal / Ocultismo y esoterismo / Misterios de la Biblia,https://www.youtube.com/watch?v=beMLwZb-BXo,https://eldoqmentalista.github.io/v/enigma-documental-jesus-en-el-infierno-la-mision-secreta/,,
1056,58960,0Akjj-9gNnQ,Las tradiciones MÁS EXTRAÑAS Y ENFERMAS de los romanos ✅ El DoQmentalista,,16 de septiembre de 2021,10:21,documental,,Extraterrestres y OVNIs / Ocultismo y esoterismo / Paranormal,https://www.youtube.com/watch?v=0Akjj-9gNnQ,https://eldoqmentalista.github.io/v/las-tradiciones-mas-extranas-y-enfermas-de-los-romanos-el-doqmentalist/,,
1057,58855,7YPG5ewd47A,"Demonios o Deidades, Cual es la diferencia?, Espiritus malignos vs Espiritus Buenos",,4 de marzo de 2019,11:12,documental,,Paranormal / Ángeles y demonios / Ocultismo y esoterismo,https://www.youtube.com/watch?v=7YPG5ewd47A,https://eldoqmentalista.github.io/v/demonios-o-deidades-cual-es-la-diferencia-espiritus-malignos-vs-espiri/,,
1058,58850,RQIXRhwT3rg,Historia: El Arcángel Ariel y Su Impacto en la Naturaleza y la Religión,,20 de abril de 2021,8:57,documental,,Paranormal / Ángeles y demonios / Ocultismo y esoterismo,https://www.youtube.com/watch?v=RQIXRhwT3rg,https://eldoqmentalista.github.io/v/historia-el-arcangel-ariel-y-su-impacto-en-la-naturaleza-y-la-religion/,,
1059,58772,zdEQdEFelAY,"Enfermedades Sobrenaturales, Verdades y mitos sobre las creencias culturales",,8 de enero de 2021,13:37,documental,,Paranormal / Ocultismo y esoterismo / Misterios de la Biblia,https://www.youtube.com/watch?v=zdEQdEFelAY,https://eldoqmentalista.github.io/v/enfermedades-sobrenaturales-verdades-y-mitos-sobre-las-creencias-cultu/,,
1060,58599,i_9k_Rv8eBM,Documentales: Aleister Crowley y su Rebelión Contra Dios,,7 de octubre de 2024,11:54,documental,,Paranormal / Ocultismo y esoterismo / Misterios de la Biblia,https://www.youtube.com/watch?v=i_9k_Rv8eBM,https://eldoqmentalista.github.io/v/documentales-aleister-crowley-y-su-rebelion-contra-dios/,,
1061,58474,8uEjo2Efq6w,Documental: ESPADAS MORTÍFERAS DE LA HISTORIA - Documentales Interesantes,,5 de agosto de 2022,11:10,documental,,Paranormal / Ocultismo y esoterismo / Misterios de la Biblia,https://www.youtube.com/watch?v=8uEjo2Efq6w,https://eldoqmentalista.github.io/v/documental-espadas-mortiferas-de-la-historia-documentales-interesantes/,,
1062,58448,5aw3WPBVOLA,"El Poder De Las Piedras y Los Cristales de cuarzo, beneficios, limpiar, sanación, magia, energía",,2 de enero de 2020,13:03,documental,,Ocultismo y esoterismo / Paranormal / Misterios de la Biblia,https://www.youtube.com/watch?v=5aw3WPBVOLA,https://eldoqmentalista.github.io/v/el-poder-de-las-piedras-y-los-cristales-de-cuarzo-beneficios-limpiar-s/,,
1063,58368,8Ijd1XDfwUM,7 HISTORIAS DE TERROR DE LA DEEP WEB - ✅ El DoQmentalista  - documentales,,27 de julio de 2021,11:03,documental,,Paranormal / Ocultismo y esoterismo / Misterios de la Biblia,https://www.youtube.com/watch?v=8Ijd1XDfwUM,https://eldoqmentalista.github.io/v/7-historias-de-terror-de-la-deep-web-el-doqmentalista-documentales/,,
1064,58260,D3OESk3Fq9I,"Poseída por Tres Demonios, Primera Parte",,25 de noviembre de 2018,11:47,documental,,Paranormal / Ángeles y demonios / Ocultismo y esoterismo,https://www.youtube.com/watch?v=D3OESk3Fq9I,https://eldoqmentalista.github.io/v/poseida-por-tres-demonios-primera-parte/,,
1065,58247,gKN7m6QtHCY,"Yo Soy, El DoQmentalista y esto es, EL CORREDOR DE LA MUERTE",,18 de octubre de 2019,13:27,documental,,Paranormal / Ocultismo y esoterismo / Misterios de la Biblia,https://www.youtube.com/watch?v=gKN7m6QtHCY,https://eldoqmentalista.github.io/v/yo-soy-el-doqmentalista-y-esto-es-el-corredor-de-la-muerte/,,
1066,58212,a-gR4dnx62I,Historias De Terror: Los Demonios y Sus Voces en el Mundo Paranormal,,17 de julio de 2019,1:47,short,,Paranormal / Ángeles y demonios / Ocultismo y esoterismo,https://www.youtube.com/watch?v=a-gR4dnx62I,https://eldoqmentalista.github.io/v/historias-de-terror-los-demonios-y-sus-voces-en-el-mundo-paranormal/,,
1067,58059,4VfjZYh_hGA,Documental: ÁNGELES IMPORTANTES: GUARDIANES DEL CIELO - Documentales Interesantes,,27 de julio de 2022,8:42,documental,,Paranormal / Ángeles y demonios / Ocultismo y esoterismo,https://www.youtube.com/watch?v=4VfjZYh_hGA,https://eldoqmentalista.github.io/v/documental-angeles-importantes-guardianes-del-cielo-documentales-inter/,,
1068,58057,CgkX6hwD1iw,Documental: SÍMBOLOS DEMONÍACOS EN UNA CUEVA: EL MISTERIO SIN RESOLVER - Documentales interesantes,,23 de febrero de 2022,9:03,documental,Misterios y Enigmas,Paranormal / Ocultismo y esoterismo / Misterios de la Biblia,https://www.youtube.com/watch?v=CgkX6hwD1iw,https://eldoqmentalista.github.io/v/documental-simbolos-demoniacos-en-una-cueva-el-misterio-sin-resolver-d/,,
1069,57953,QquO9a4n7n4,"ARPÍAS, Las terroríficas mujeres pájaro de la mitología griega - Documentales en Español",,5 de octubre de 2022,15:51,documental,,Ocultismo y esoterismo / Paranormal / Misterios de la Biblia,https://www.youtube.com/watch?v=QquO9a4n7n4,https://eldoqmentalista.github.io/v/arpias-las-terrorificas-mujeres-pajaro-de-la-mitologia-griega-document/,,
1070,57944,W-gs-qV-J_M,¡REVELADO! La Magia Secreta de los Vikingos: Maldiciones y Hechizos que Aterrorizan al Mundo,,6 de abril de 2025,30:47,documental,Misterios y Enigmas,Ocultismo y esoterismo / Misterios de la Biblia / Paranormal,https://www.youtube.com/watch?v=W-gs-qV-J_M,https://eldoqmentalista.github.io/v/revelado-la-magia-secreta-de-los-vikingos-maldiciones-y-hechizos-que-a/,,
1071,57858,_ZcuKyXuAUI,"Casos Extraños, La Bruja De Baldoon que se convirtió en Ganso historias de terror",,23 de agosto de 2019,12:52,documental,,Paranormal / Ocultismo y esoterismo / Misterios de la Biblia,https://www.youtube.com/watch?v=_ZcuKyXuAUI,https://eldoqmentalista.github.io/v/casos-extranos-la-bruja-de-baldoon-que-se-convirtio-en-ganso-historias/,,
1072,57840,cS9W_yFAYqU,Documentales: Textos apócrifos prohibidos por la Iglesia y ocultos de la biblia,,28 de septiembre de 2024,18:06,documental,Documentales Completos,Misterios de la Biblia / Paranormal / Ocultismo y esoterismo,https://www.youtube.com/watch?v=cS9W_yFAYqU,https://eldoqmentalista.github.io/v/documentales-textos-apocrifos-prohibidos-por-la-iglesia-y-ocultos-de-l/,,
1073,57826,qMSIdIop5K4,El regreso del LOBO TERRIBLE. Expedientes de la CIA: El plan para la extinción del futuro,,14 de abril de 2025,19:11,documental,Misterios y Enigmas,Ocultismo y esoterismo / Misterios de la Biblia / Paranormal,https://www.youtube.com/watch?v=qMSIdIop5K4,https://eldoqmentalista.github.io/v/el-regreso-del-lobo-terrible-expedientes-de-la-cia-el-plan-para-la-ext/,,
1074,57763,D6c2pzyGI38,La Leyenda De Las 3 Pascualas / EL DOQMENTALISTA,,17 de mayo de 2018,10:05,documental,,Paranormal / Ocultismo y esoterismo / Misterios de la Biblia,https://www.youtube.com/watch?v=D6c2pzyGI38,https://eldoqmentalista.github.io/v/la-leyenda-de-las-3-pascualas-el-doqmentalista/,,
1075,57719,ffEE99y55zM,"EL VIENTO DE LAS HADAS, secreto de las hadas, la rosa de los vientos",,11 de marzo de 2020,13:30,documental,,Paranormal / Ocultismo y esoterismo / Misterios de la Biblia,https://www.youtube.com/watch?v=ffEE99y55zM,https://eldoqmentalista.github.io/v/el-viento-de-las-hadas-secreto-de-las-hadas-la-rosa-de-los-vientos/,,
1076,57668,6PiBwqp-3CI,"PODERES DEMONIACOS, Iniciación Involuntaria, Documental",,8 de abril de 2019,7:32,documental,,Paranormal / Ocultismo y esoterismo / Misterios de la Biblia,https://www.youtube.com/watch?v=6PiBwqp-3CI,https://eldoqmentalista.github.io/v/poderes-demoniacos-iniciacion-involuntaria-documental/,,
1077,57437,wXujzpC725U,"LOS CELTAS, Civilizaciones Antiguas",,5 de mayo de 2020,10:05,documental,,Paranormal / Ocultismo y esoterismo / Misterios de la Biblia,https://www.youtube.com/watch?v=wXujzpC725U,https://eldoqmentalista.github.io/v/los-celtas-civilizaciones-antiguas/,,
1078,57330,54q4F3GYyv8,Aparecen Luces Misteriosas durante el Terremoto en la ciudad de México,,7 de septiembre de 2017,2:47,short,Misterios y Enigmas,Paranormal / Ocultismo y esoterismo / Misterios de la Biblia,https://www.youtube.com/watch?v=54q4F3GYyv8,https://eldoqmentalista.github.io/v/aparecen-luces-misteriosas-durante-el-terremoto-en-la-ciudad-de-mexico/,,
1079,57265,K_XODMWSGk8,Explorando las Casas Embrujadas Más Aterradoras - Documentales en Español - El DoQmentalista,,4 de septiembre de 2023,13:22,documental,Misterios y Enigmas,Paranormal / Ocultismo y esoterismo / Misterios de la Biblia,https://www.youtube.com/watch?v=K_XODMWSGk8,https://eldoqmentalista.github.io/v/explorando-las-casas-embrujadas-mas-aterradoras-documentales-en-espano/,,
1080,57192,0Ts2Tjz9Q0U,Científicos Logran REVERTIR el envejecimiento. En 20 años VIVIREMOS eternamente,,1 de julio de 2017,13:03,documental,,Paranormal / Ocultismo y esoterismo / Misterios de la Biblia,https://www.youtube.com/watch?v=0Ts2Tjz9Q0U,https://eldoqmentalista.github.io/v/cientificos-logran-revertir-el-envejecimiento-en-20-anos-viviremos-ete/,,
1081,57156,aVNFzbVV8BY,"PROTEGEME DEL FIRE, vídeo musical, el DoQmentalista, (Comagno) VIDEO OFICIAL",,1 de marzo de 2020,5:01,documental,,Paranormal / Ocultismo y esoterismo / Misterios de la Biblia,https://www.youtube.com/watch?v=aVNFzbVV8BY,https://eldoqmentalista.github.io/v/protegeme-del-fire-video-musical-el-doqmentalista-comagno-video-oficia/,,
1082,56928,1qy1r1ngu-E,"Kulning, El antiguo Arte Vocal De Los Bosques, Las Montañas y Los Animales",,11 de diciembre de 2019,11:01,documental,,Paranormal / Ocultismo y esoterismo / Misterios de la Biblia,https://www.youtube.com/watch?v=1qy1r1ngu-E,https://eldoqmentalista.github.io/v/kulning-el-antiguo-arte-vocal-de-los-bosques-las-montanas-y-los-animal/,,
1083,56874,Vm3RAxuJn14,La Historia de Los Monstruos Del Caos que aparecen en las leyendas antiguas,,12 de diciembre de 2021,13:03,documental,,Paranormal / Ocultismo y esoterismo / Misterios de la Biblia,https://www.youtube.com/watch?v=Vm3RAxuJn14,https://eldoqmentalista.github.io/v/la-historia-de-los-monstruos-del-caos-que-aparecen-en-las-leyendas-ant/,,
1084,56517,4kIHJFolgVI,"MOMO APESTA, Ella es KIKIMORA La Portadora De Malas Noticias, El DoQmentalista",,14 de agosto de 2018,12:58,documental,,Paranormal / Ocultismo y esoterismo / Misterios de la Biblia,https://www.youtube.com/watch?v=4kIHJFolgVI,https://eldoqmentalista.github.io/v/momo-apesta-ella-es-kikimora-la-portadora-de-malas-noticias-el-doqment/,,
1085,56510,nOkotm51ZpU,"Demonología: Los secretos más oscuros de TITIVILLUS, el demonio de los escribas",,22 de octubre de 2019,12:07,documental,,Ocultismo y esoterismo / Paranormal / Ángeles y demonios,https://www.youtube.com/watch?v=nOkotm51ZpU,https://eldoqmentalista.github.io/v/demonologia-los-secretos-mas-oscuros-de-titivillus-el-demonio-de-los-e/,,
1086,56366,lpnMvD3MYOg,El Misterio de las HULDRAS: Seducción Escandinava al Descubierto - Documentales en Español,,15 de diciembre de 2022,12:46,documental,,Paranormal / Ocultismo y esoterismo / Misterios de la Biblia,https://www.youtube.com/watch?v=lpnMvD3MYOg,https://eldoqmentalista.github.io/v/el-misterio-de-las-huldras-seduccion-escandinava-al-descubierto-docume/,,
1087,56347,isLtrnsMCXg,"El Manicomio de Topeka, un lugar de pesadilla. Es súper espeluznante",,3 de enero de 2022,14:24,documental,,Paranormal / Ocultismo y esoterismo / Misterios de la Biblia,https://www.youtube.com/watch?v=isLtrnsMCXg,https://eldoqmentalista.github.io/v/el-manicomio-de-topeka-un-lugar-de-pesadilla-es-super-espeluznante/,,
1088,56099,ImneMf-jecE,"Quien Descubrió América - ni españoles ni vikingos ✅ El DoQmentalista,  documentales",,10 de agosto de 2021,10:18,documental,,Ocultismo y esoterismo / Paranormal / Misterios de la Biblia,https://www.youtube.com/watch?v=ImneMf-jecE,https://eldoqmentalista.github.io/v/quien-descubrio-america-ni-espanoles-ni-vikingos-el-doqmentalista-docu/,,
1089,55799,8qnyjObYDeg,"El Fuego De San Antonio, Una Terrible Enfermedad",,29 de agosto de 2019,11:29,documental,,Paranormal / Ocultismo y esoterismo / Misterios de la Biblia,https://www.youtube.com/watch?v=8qnyjObYDeg,https://eldoqmentalista.github.io/v/el-fuego-de-san-antonio-una-terrible-enfermedad/,,
1090,55777,nBDkT7mrbAU,ABDUCCIÓN EXTRATERRESTRE: ¿POR QUÉ NOS CAPTURAN? - Documentales en Español,,5 de septiembre de 2022,13:14,documental,,Paranormal / Extraterrestres y OVNIs / Ocultismo y esoterismo,https://www.youtube.com/watch?v=nBDkT7mrbAU,https://eldoqmentalista.github.io/v/abduccion-extraterrestre-por-que-nos-capturan-documentales-en-espanol/,,
1091,55360,9a85fByCbC0,"Mjöllnir, El Martillo De Thor, El Arma más PODEROSA del cosmos",,15 de marzo de 2020,13:30,documental,,Paranormal / Ocultismo y esoterismo / Misterios de la Biblia,https://www.youtube.com/watch?v=9a85fByCbC0,https://eldoqmentalista.github.io/v/mjollnir-el-martillo-de-thor-el-arma-mas-poderosa-del-cosmos/,,
1092,55131,ZHnsa9nQ1Fs,"Criaturas mitológicas, AMARU La serpiente Alada",,2 de septiembre de 2020,10:30,documental,,Paranormal / Ocultismo y esoterismo / Misterios de la Biblia,https://www.youtube.com/watch?v=ZHnsa9nQ1Fs,https://eldoqmentalista.github.io/v/criaturas-mitologicas-amaru-la-serpiente-alada/,,
1093,55054,NUVaUmEtNX0,"Top 10 formas de acabar con una bruja, métodos antiguos y oscuros | brujería",,29 de septiembre de 2024,16:45,documental,Documentales Completos,Paranormal / Ocultismo y esoterismo / Misterios de la Biblia,https://www.youtube.com/watch?v=NUVaUmEtNX0,https://eldoqmentalista.github.io/v/top-10-formas-de-acabar-con-una-bruja-metodos-antiguos-y-oscuros-bruje/,,
1094,55046,z0lhnLpriNk,¿Realidad o Mito? La Impactante Historia de la Bruja MORGANA | Documentales Interesantes,,23 de mayo de 2023,12:40,documental,,Paranormal / Ocultismo y esoterismo / Misterios de la Biblia,https://www.youtube.com/watch?v=z0lhnLpriNk,https://eldoqmentalista.github.io/v/realidad-o-mito-la-impactante-historia-de-la-bruja-morgana-documentale/,,
1095,54995,vVaDa4ZhMps,Entrevista reveladora con la tarotista experta Verandi Kano,,12 de diciembre de 2022,33:32,documental,El DoQmentalista Podcast,Paranormal / Ocultismo y esoterismo / Misterios de la Biblia,https://www.youtube.com/watch?v=vVaDa4ZhMps,https://eldoqmentalista.github.io/v/entrevista-reveladora-con-la-tarotista-experta-verandi-kano/,,
1096,54862,PeVgGg6YQXU,Horripilantes Elementos Usados En La Magia Oculta Y Negra,,8 de septiembre de 2019,14:15,documental,,Ocultismo y esoterismo / Paranormal / Misterios de la Biblia,https://www.youtube.com/watch?v=PeVgGg6YQXU,https://eldoqmentalista.github.io/v/horripilantes-elementos-usados-en-la-magia-oculta-y-negra/,,
1097,54767,g9vFX9EaeDA,Magia: Lo que NO te Dicen. ¡Cuidado!,,8 de enero de 2023,12:42,documental,,Ocultismo y esoterismo / Paranormal / Misterios de la Biblia,https://www.youtube.com/watch?v=g9vFX9EaeDA,https://eldoqmentalista.github.io/v/magia-lo-que-no-te-dicen-cuidado/,,
1098,54666,Z48p26AgKR8,Enigma Documental y Religión: ¿Qué es Dios? Misterios y Enigmas en la Biblia,,4 de febrero de 2019,6:34,documental,,Paranormal / Misterios de la Biblia / Ocultismo y esoterismo,https://www.youtube.com/watch?v=Z48p26AgKR8,https://eldoqmentalista.github.io/v/enigma-documental-y-religion-que-es-dios-misterios-y-enigmas-en-la-bib/,,
1099,54318,FTRvjG_zeAo,"Tipos De Sangre y Sus Habilidades, Secretos Genéticos - El DoQmentalista",,2 de noviembre de 2023,14:36,documental,Misterios y Enigmas,Paranormal / Ocultismo y esoterismo / Misterios de la Biblia,https://www.youtube.com/watch?v=FTRvjG_zeAo,https://eldoqmentalista.github.io/v/tipos-de-sangre-y-sus-habilidades-secretos-geneticos-el-doqmentalista/,,
1100,54249,3W4i4MymCIY,Documentales: Los 10 Animales Legendarios que Desafían la Ciencia,,10 de abril de 2023,25:43,documental,,Paranormal / Ocultismo y esoterismo / Misterios de la Biblia,https://www.youtube.com/watch?v=3W4i4MymCIY,https://eldoqmentalista.github.io/v/documentales-los-10-animales-legendarios-que-desafian-la-ciencia/,,
1101,54208,KdkOSlWw_Mc,Documentales: Satanistas me contactaron para reclutarme y les dije que no,,23 de agosto de 2024,10:19,documental,,Ángeles y demonios / Paranormal / Ocultismo y esoterismo,https://www.youtube.com/watch?v=KdkOSlWw_Mc,https://eldoqmentalista.github.io/v/documentales-satanistas-me-contactaron-para-reclutarme-y-les-dije-que-/,,
1102,53961,rpQ4S1MKKnw,Documental: CRIATURAS DIMENSIONALES: TERROR DESCONOCIDO - Documentales Interesantes,,16 de agosto de 2022,10:47,documental,,Paranormal / Ocultismo y esoterismo / Misterios de la Biblia,https://www.youtube.com/watch?v=rpQ4S1MKKnw,https://eldoqmentalista.github.io/v/documental-criaturas-dimensionales-terror-desconocido-documentales-int/,,
1103,53933,5Dz5FOiNp18,"Las Teorías De La Tierra Plana, Terraplanistas VS Todos los demás",,1 de septiembre de 2018,13:46,documental,,Paranormal / Ocultismo y esoterismo / Misterios de la Biblia,https://www.youtube.com/watch?v=5Dz5FOiNp18,https://eldoqmentalista.github.io/v/las-teorias-de-la-tierra-plana-terraplanistas-vs-todos-los-demas/,,
1104,53869,RhzHn6m19D4,Alienígenas Ancestrales Volverán A La Tierra Dentro de 20 Años,,20 de septiembre de 2017,5:10,documental,,Paranormal / Ocultismo y esoterismo / Misterios de la Biblia,https://www.youtube.com/watch?v=RhzHn6m19D4,https://eldoqmentalista.github.io/v/alienigenas-ancestrales-volveran-a-la-tierra-dentro-de-20-anos/,,
1105,53799,33Zi0xEII9k,Estrategias de guerra espiritual Cómo protegerse de los ángeles caídos,,17 de diciembre de 2018,10:55,documental,,Ángeles y demonios / Ocultismo y esoterismo / Paranormal,https://www.youtube.com/watch?v=33Zi0xEII9k,https://eldoqmentalista.github.io/v/estrategias-de-guerra-espiritual-como-protegerse-de-los-angeles-caidos/,,
1106,53756,HuVWQACkzqw,Animales GIGANTES en Madagascar animales gigantescos salvajes,,6 de abril de 2019,6:49,documental,,Paranormal / Ocultismo y esoterismo / Misterios de la Biblia,https://www.youtube.com/watch?v=HuVWQACkzqw,https://eldoqmentalista.github.io/v/animales-gigantes-en-madagascar-animales-gigantescos-salvajes/,,
1107,53539,FiCkIaKwkMA,Ashurbanipal | El Hombre Más Poderoso De La Tierra - Documentales en Español,,9 de julio de 2023,16:49,documental,Documentales Completos,Paranormal / Ocultismo y esoterismo / Misterios de la Biblia,https://www.youtube.com/watch?v=FiCkIaKwkMA,https://eldoqmentalista.github.io/v/ashurbanipal-el-hombre-mas-poderoso-de-la-tierra-documentales-en-espan/,,
1108,53327,K4XACUTnwD0,"LAS BRUJAS DE MAR, mitología noruega, Nudos Mágicos, magia y brujería poderosa, juicios de vardo",,4 de agosto de 2018,13:15,documental,,Ocultismo y esoterismo / Paranormal / Misterios de la Biblia,https://www.youtube.com/watch?v=K4XACUTnwD0,https://eldoqmentalista.github.io/v/las-brujas-de-mar-mitologia-noruega-nudos-magicos-magia-y-brujeria-pod/,,
1109,53311,hNPLnDL3mic,Anillos Mágicos De Hadas  Los míticos portales de hongos de lo sobrenatural,,29 de agosto de 2018,15:02,documental,,Paranormal / Ocultismo y esoterismo / Misterios de la Biblia,https://www.youtube.com/watch?v=hNPLnDL3mic,https://eldoqmentalista.github.io/v/anillos-magicos-de-hadas-los-miticos-portales-de-hongos-de-lo-sobrenat/,,
1110,53238,eOuyV7j3bFA,Curación a través del Sonido: ¡Sorprendente!,,27 de febrero de 2023,16:48,documental,Misterios y Enigmas,Paranormal / Ocultismo y esoterismo / Misterios de la Biblia,https://www.youtube.com/watch?v=eOuyV7j3bFA,https://eldoqmentalista.github.io/v/curacion-a-traves-del-sonido-sorprendente/,,
1111,53058,H7kRHmFeJLc,Documental: EL VIOLÍN DE PAGANINI: MISTERIOSOS RELATOS DE TERROR - Documentales interesantes,,28 de enero de 2022,3:34,documental,,Paranormal / Ocultismo y esoterismo / Misterios de la Biblia,https://www.youtube.com/watch?v=H7kRHmFeJLc,https://eldoqmentalista.github.io/v/documental-el-violin-de-paganini-misteriosos-relatos-de-terror-documen/,,
1112,52858,hMqqwBVIzMM,4 SUPER PODERES animales que los HUMANOS NO TENEMOS ✅ El DoQmentalista,,29 de septiembre de 2021,9:43,documental,,Ocultismo y esoterismo / Paranormal / Misterios de la Biblia,https://www.youtube.com/watch?v=hMqqwBVIzMM,https://eldoqmentalista.github.io/v/4-super-poderes-animales-que-los-humanos-no-tenemos-el-doqmentalista/,,
1113,52806,1a4NPHzLPw4,Encuentran Signos medievales para repeler brujas y espíritus malignos (entretenimiento),,24 de octubre de 2020,9:19,documental,,Paranormal / Ocultismo y esoterismo / Misterios de la Biblia,https://www.youtube.com/watch?v=1a4NPHzLPw4,https://eldoqmentalista.github.io/v/encuentran-signos-medievales-para-repeler-brujas-y-espiritus-malignos-/,,
1114,52709,U36n0B1vTj8,"Historia: La Fascinante Leyenda de Khnum, Dios de la Tierra y la Creación",,8 de julio de 2020,14:47,documental,,Paranormal / Ocultismo y esoterismo / Misterios de la Biblia,https://www.youtube.com/watch?v=U36n0B1vTj8,https://eldoqmentalista.github.io/v/historia-la-fascinante-leyenda-de-khnum-dios-de-la-tierra-y-la-creacio/,,
1115,52650,F1NiJw-MA5I,"Cómo ENTERRAR a una BRUJA En Halloween, Brujas clavadas, bajo piedra, cementerio de Brujas",,26 de octubre de 2018,13:40,documental,,Paranormal / Ocultismo y esoterismo / Misterios de la Biblia,https://www.youtube.com/watch?v=F1NiJw-MA5I,https://eldoqmentalista.github.io/v/como-enterrar-a-una-bruja-en-halloween-brujas-clavadas-bajo-piedra-cem/,,
1116,52570,061PAq4baL4,"La Increíble Historia de Home, el hombre que levitaba",,18 de noviembre de 2018,12:31,documental,,Paranormal / Ocultismo y esoterismo / Misterios de la Biblia,https://www.youtube.com/watch?v=061PAq4baL4,https://eldoqmentalista.github.io/v/la-increible-historia-de-home-el-hombre-que-levitaba/,,
1117,52567,4EZ2L0jU3Uw,Documental: Animismo: Más Allá de una Religión - Documentales Interesantes,,4 de julio de 2022,16:59,documental,,Paranormal / Ocultismo y esoterismo / Misterios de la Biblia,https://www.youtube.com/watch?v=4EZ2L0jU3Uw,https://eldoqmentalista.github.io/v/documental-animismo-mas-alla-de-una-religion-documentales-interesantes/,,
1118,52507,w8Kyxpo01YE,Garras en la Noche: El Terror de un Pueblo Olvidado - Secretos Oscuros,,15 de septiembre de 2018,15:30,documental,Documentales Completos,Paranormal / Ocultismo y esoterismo / Misterios de la Biblia,https://www.youtube.com/watch?v=w8Kyxpo01YE,https://eldoqmentalista.github.io/v/garras-en-la-noche-el-terror-de-un-pueblo-olvidado-secretos-oscuros/,,
1119,52409,Lz_DgaLmW0g,"Activar La Clarividencia, Aprende Ahora con mhoni vidente XD",,31 de agosto de 2020,16:08,documental,,Paranormal / Ocultismo y esoterismo / Misterios de la Biblia,https://www.youtube.com/watch?v=Lz_DgaLmW0g,https://eldoqmentalista.github.io/v/activar-la-clarividencia-aprende-ahora-con-mhoni-vidente-xd/,,
1120,52380,T9_08hyfJDQ,"Historia: Brahma, el Dios de la Creación y sus Enigmas en la Mitología",,16 de mayo de 2022,9:50,documental,,Ocultismo y esoterismo / Paranormal / Misterios de la Biblia,https://www.youtube.com/watch?v=T9_08hyfJDQ,https://eldoqmentalista.github.io/v/historia-brahma-el-dios-de-la-creacion-y-sus-enigmas-en-la-mitologia/,,
1121,52349,JVqhzXGY41o,"Qué nos define como especie humana, características doq",,30 de septiembre de 2020,12:14,documental,,Paranormal / Ocultismo y esoterismo / Misterios de la Biblia,https://www.youtube.com/watch?v=JVqhzXGY41o,https://eldoqmentalista.github.io/v/que-nos-define-como-especie-humana-caracteristicas-doq/,,
1122,52308,h1WccNZd6VA,Descubre las dimensiones secretas del cuerpo,,17 de enero de 2021,12:38,documental,Misterios y Enigmas,Paranormal / Ocultismo y esoterismo / Misterios de la Biblia,https://www.youtube.com/watch?v=h1WccNZd6VA,https://eldoqmentalista.github.io/v/descubre-las-dimensiones-secretas-del-cuerpo/,,
1123,52068,qVteejeVDg8,"No Veas Este Video De Noche, LA MANO DE CHICÁ, Realmente aterrador, Hoy No Vas A Dormir",,28 de junio de 2020,10:15,documental,,Paranormal / Ocultismo y esoterismo / Misterios de la Biblia,https://www.youtube.com/watch?v=qVteejeVDg8,https://eldoqmentalista.github.io/v/no-veas-este-video-de-noche-la-mano-de-chica-realmente-aterrador-hoy-n/,,
1124,52016,9k-c3pu9uLM,"La Leyenda Del Noventa, maratón de terror de el doqmentalista, videos de terror relatos",,28 de julio de 2018,13:50,documental,,Paranormal / Ocultismo y esoterismo / Misterios de la Biblia,https://www.youtube.com/watch?v=9k-c3pu9uLM,https://eldoqmentalista.github.io/v/la-leyenda-del-noventa-maraton-de-terror-de-el-doqmentalista-videos-de/,,
1125,52005,vMQbhtEvuok,"LA SIRENA BRUJA, La Leyenda de The Storm Hag, sirenas reales sirena encontrada captada increíble",,18 de julio de 2018,10:10,documental,,Paranormal / Ocultismo y esoterismo / Misterios de la Biblia,https://www.youtube.com/watch?v=vMQbhtEvuok,https://eldoqmentalista.github.io/v/la-sirena-bruja-la-leyenda-de-the-storm-hag-sirenas-reales-sirena-enco/,,
1126,51970,ktUKAkpiE5I,"Los 12 Nombres de luna, VÍDEOS DE MAGIA",,8 de junio de 2019,10:54,documental,,Ocultismo y esoterismo / Paranormal / Misterios de la Biblia,https://www.youtube.com/watch?v=ktUKAkpiE5I,https://eldoqmentalista.github.io/v/los-12-nombres-de-luna-videos-de-magia/,,
1127,51937,3VKiSdpY47Q,"Trastorno De ANSIEDAD, SÍNTOMAS, Ataque de Ansiedad, Ataque De pánico",,8 de octubre de 2020,8:12,documental,,Paranormal / Ocultismo y esoterismo / Misterios de la Biblia,https://www.youtube.com/watch?v=3VKiSdpY47Q,https://eldoqmentalista.github.io/v/trastorno-de-ansiedad-sintomas-ataque-de-ansiedad-ataque-de-panico/,,
1128,51884,M3pHLQyKW9E,¡Top 10 Condiciones Médicas DOLOROSAS! #updootst entretenimiento digital,,17 de julio de 2020,11:11,documental,,Paranormal / Ocultismo y esoterismo / Misterios de la Biblia,https://www.youtube.com/watch?v=M3pHLQyKW9E,https://eldoqmentalista.github.io/v/top-10-condiciones-medicas-dolorosas-updootst-entretenimiento-digital/,,
1129,51843,Zxip_rjyqQE,"Brujas en México, La Maldición de un engaño",,19 de noviembre de 2018,7:51,documental,,Paranormal / Ocultismo y esoterismo / Misterios de la Biblia,https://www.youtube.com/watch?v=Zxip_rjyqQE,https://eldoqmentalista.github.io/v/brujas-en-mexico-la-maldicion-de-un-engano/,,
1130,51837,ZDUS25aafm8,"Juana de Arco, La Mujer Que Hablaba Con Los Ángeles - Documentales en Español",,22 de noviembre de 2022,9:06,documental,,Paranormal / Ángeles y demonios / Ocultismo y esoterismo,https://www.youtube.com/watch?v=ZDUS25aafm8,https://eldoqmentalista.github.io/v/juana-de-arco-la-mujer-que-hablaba-con-los-angeles-documentales-en-esp/,,
1131,51779,e7FURwcjwy8,Las Dríadas Espíritus De La Naturaleza,,17 de septiembre de 2019,13:01,documental,,Paranormal / Ocultismo y esoterismo / Misterios de la Biblia,https://www.youtube.com/watch?v=e7FURwcjwy8,https://eldoqmentalista.github.io/v/las-driadas-espiritus-de-la-naturaleza/,,
1132,51702,XiOV1EhbteM,El mundo perdido de Socotora una Paisaje alienígena en la Tierra (Isla de Socotra),,8 de octubre de 2017,6:09,documental,,Paranormal / Ocultismo y esoterismo / Misterios de la Biblia,https://www.youtube.com/watch?v=XiOV1EhbteM,https://eldoqmentalista.github.io/v/el-mundo-perdido-de-socotora-una-paisaje-alienigena-en-la-tierra-isla-/,,
1133,51431,P78-QPpIk0w,"El antiguo arte de la magia, las maldiciones y los hechizos sobrenaturales",,17 de septiembre de 2019,15:45,documental,,Ocultismo y esoterismo / Paranormal / Misterios de la Biblia,https://www.youtube.com/watch?v=P78-QPpIk0w,https://eldoqmentalista.github.io/v/el-antiguo-arte-de-la-magia-las-maldiciones-y-los-hechizos-sobrenatura/,,
1134,51358,Dxymgw7nYLo,"LOS ALIENS SON ROBOTS, Las predicciones de Elon Musk, UFO, digital culture",,20 de julio de 2020,15:18,documental,,Paranormal / Ocultismo y esoterismo / Misterios de la Biblia,https://www.youtube.com/watch?v=Dxymgw7nYLo,https://eldoqmentalista.github.io/v/los-aliens-son-robots-las-predicciones-de-elon-musk-ufo-digital-cultur/,,
1135,51182,Fp3M0stea6s,"Caminando Sobre El Agua, La Historia de JESÚS caminando en el agua podria ser falsa evangelio",,7 de abril de 2019,18:27,documental,,Paranormal / Misterios de la Biblia / Ángeles y demonios,https://www.youtube.com/watch?v=Fp3M0stea6s,https://eldoqmentalista.github.io/v/caminando-sobre-el-agua-la-historia-de-jesus-caminando-en-el-agua-podr/,,
1136,51155,4-ZePgkdMwY,Las mejores teorías sobre el triángulo de las Bermudas,,24 de noviembre de 2018,16:25,documental,,Paranormal / Ocultismo y esoterismo / Misterios de la Biblia,https://www.youtube.com/watch?v=4-ZePgkdMwY,https://eldoqmentalista.github.io/v/las-mejores-teorias-sobre-el-triangulo-de-las-bermudas/,,
1137,51153,9B6XEYNxFUo,"CABALLOS MONSTRUOS Come Hombres Y Guardianes De La Naturaleza, Criaturas Mitológicas, DoQmentalista",,11 de noviembre de 2019,8:36,documental,,Paranormal / Ocultismo y esoterismo / Misterios de la Biblia,https://www.youtube.com/watch?v=9B6XEYNxFUo,https://eldoqmentalista.github.io/v/caballos-monstruos-come-hombres-y-guardianes-de-la-naturaleza-criatura/,,
1138,50858,C1EGCwcFeDE,Qué son los registros akáshicos y cómo acceder a ellos registros akashicos,,7 de marzo de 2019,11:10,documental,,Paranormal / Ocultismo y esoterismo / Misterios de la Biblia,https://www.youtube.com/watch?v=C1EGCwcFeDE,https://eldoqmentalista.github.io/v/que-son-los-registros-akashicos-y-como-acceder-a-ellos-registros-akash/,,
1139,50839,b0GmNmMxM1o,Namahage: ¿Leyenda o Terror Real en los Ríos?,,4 de febrero de 2023,11:17,documental,Misterios y Enigmas,Paranormal / Ocultismo y esoterismo / Misterios de la Biblia,https://www.youtube.com/watch?v=b0GmNmMxM1o,https://eldoqmentalista.github.io/v/namahage-leyenda-o-terror-real-en-los-rios/,,
1140,50782,5kpjGK2LtfQ,"CARTA DE UN NAZI PARA SU ESPOSA, Una perspectiva diferente de la tragedia Segunda Guerra Mundial",,7 de febrero de 2019,3:29,documental,,Paranormal / Ocultismo y esoterismo / Misterios de la Biblia,https://www.youtube.com/watch?v=5kpjGK2LtfQ,https://eldoqmentalista.github.io/v/carta-de-un-nazi-para-su-esposa-una-perspectiva-diferente-de-la-traged/,,
1141,50773,mhnBBOktuTg,"ESPIRITUS CHOCARREROS, los 5 Demonios de la oscuridad ✅ El DoQmentalista",,29 de noviembre de 2021,11:30,documental,,Paranormal / Ángeles y demonios / Ocultismo y esoterismo,https://www.youtube.com/watch?v=mhnBBOktuTg,https://eldoqmentalista.github.io/v/espiritus-chocarreros-los-5-demonios-de-la-oscuridad-el-doqmentalista/,,
1142,50746,3lpTctV5bAw,El Misterio de la Ciudad Perdida de Atlantis - El DoQmentalista,,18 de octubre de 2023,17:14,documental,,Paranormal / Ocultismo y esoterismo / Misterios de la Biblia,https://www.youtube.com/watch?v=3lpTctV5bAw,https://eldoqmentalista.github.io/v/el-misterio-de-la-ciudad-perdida-de-atlantis-el-doqmentalista/,,
1143,50704,WFsvEahqZdU,El misterio oculto tras los adornos navideños - Documentales en Español,,13 de diciembre de 2022,8:15,documental,,Paranormal / Ocultismo y esoterismo / Misterios de la Biblia,https://www.youtube.com/watch?v=WFsvEahqZdU,https://eldoqmentalista.github.io/v/el-misterio-oculto-tras-los-adornos-navidenos-documentales-en-espanol/,,
1144,50692,0kIscJqSx8c,"El Armario De Los Horrores, Esto no debería existir, figuras monstruosas, Descubriendo La Verdad",,28 de junio de 2020,13:50,documental,,Paranormal / Ocultismo y esoterismo / Misterios de la Biblia,https://www.youtube.com/watch?v=0kIscJqSx8c,https://eldoqmentalista.github.io/v/el-armario-de-los-horrores-esto-no-deberia-existir-figuras-monstruosas/,,
1145,50690,UpKfVi6yqHo,"Yo Soy, El DoQmentalista y esto es, EL ALTAR DE LOS MUERTOS",,20 de octubre de 2019,12:10,documental,,Paranormal / Ocultismo y esoterismo / Misterios de la Biblia,https://www.youtube.com/watch?v=UpKfVi6yqHo,https://eldoqmentalista.github.io/v/yo-soy-el-doqmentalista-y-esto-es-el-altar-de-los-muertos/,,
1146,50641,qWwzeoAVbIg,Pelea Dross vs Luisito Comunica EL SHOW DEL Dr. MONROE / El DoQmentalista,,14 de marzo de 2018,12:02,documental,,Paranormal / Ocultismo y esoterismo / Misterios de la Biblia,https://www.youtube.com/watch?v=qWwzeoAVbIg,https://eldoqmentalista.github.io/v/pelea-dross-vs-luisito-comunica-el-show-del-dr-monroe-el-doqmentalista/,,
1147,50254,DGoqrrlkAhY,"LA BODEGA Historias de terror 2019, relatos de horror, creepypastas, Relato aqui se respira el miedo",,23 de febrero de 2019,11:40,documental,,Paranormal / Ocultismo y esoterismo / Misterios de la Biblia,https://www.youtube.com/watch?v=DGoqrrlkAhY,https://eldoqmentalista.github.io/v/la-bodega-historias-de-terror-2019-relatos-de-horror-creepypastas-rela/,,
1148,50242,xT3It9xLQUk,Amazonas: Las Verdaderas Mujeres Guerreras,,24 de enero de 2023,12:21,documental,Misterios y Enigmas,Paranormal / Ocultismo y esoterismo / Misterios de la Biblia,https://www.youtube.com/watch?v=xT3It9xLQUk,https://eldoqmentalista.github.io/v/amazonas-las-verdaderas-mujeres-guerreras/,,
1149,50105,CrNCNX8InUY,Exorcismo de emily rose En Latín audio real,,28 de octubre de 2019,3:47,documental,,Paranormal / Ocultismo y esoterismo / Misterios de la Biblia,https://www.youtube.com/watch?v=CrNCNX8InUY,https://eldoqmentalista.github.io/v/exorcismo-de-emily-rose-en-latin-audio-real/,,
1150,50099,5E9-mUWncbM,Top 10 espeluznantes cosas encontradas en áticos ✅ El DoQmentalista,,7 de junio de 2021,14:58,documental,,Paranormal / Ocultismo y esoterismo / Misterios de la Biblia,https://www.youtube.com/watch?v=5E9-mUWncbM,https://eldoqmentalista.github.io/v/top-10-espeluznantes-cosas-encontradas-en-aticos-el-doqmentalista/,,
1151,49798,NYpFjcG-QQQ,Historias De Terror De Mis Suscriptores Parte III relatos de terror,,15 de abril de 2021,11:15,documental,,Paranormal / Ocultismo y esoterismo / Misterios de la Biblia,https://www.youtube.com/watch?v=NYpFjcG-QQQ,https://eldoqmentalista.github.io/v/historias-de-terror-de-mis-suscriptores-parte-iii-relatos-de-terror/,,
1152,49672,HQtr1fTMEcU,El Secreto Impactante de las Lágrimas de Jesús - El DoQmentalista,,12 de noviembre de 2023,22:54,documental,Misterios y Enigmas,Paranormal / Ocultismo y esoterismo / Misterios de la Biblia,https://www.youtube.com/watch?v=HQtr1fTMEcU,https://eldoqmentalista.github.io/v/el-secreto-impactante-de-las-lagrimas-de-jesus-el-doqmentalista/,,
1153,49438,jNa42nwjHqQ,El Arca de la Alianza: ¿Arma Alienígena o Poder Divino? - Documentales en Español - El DoQmentalista,,4 de octubre de 2023,13:28,documental,Documentales Completos,Paranormal / Ocultismo y esoterismo / Misterios de la Biblia,https://www.youtube.com/watch?v=jNa42nwjHqQ,https://eldoqmentalista.github.io/v/el-arca-de-la-alianza-arma-alienigena-o-poder-divino-documentales-en-e/,,
1154,49253,9VWJuMhCTJI,"LOS ORÍGENES DEL TAROT, El arte de la lectura de cartas, Cartomancia",,17 de marzo de 2020,14:18,documental,,Paranormal / Ocultismo y esoterismo / Misterios de la Biblia,https://www.youtube.com/watch?v=9VWJuMhCTJI,https://eldoqmentalista.github.io/v/los-origenes-del-tarot-el-arte-de-la-lectura-de-cartas-cartomancia/,,
1155,49131,BuH39zKtrqU,"Un Pueblo DESAPARECE Sin Dejar Rastro, La Leyenda De ROANOKE",,12 de febrero de 2020,10:34,documental,,Paranormal / Ocultismo y esoterismo / Misterios de la Biblia,https://www.youtube.com/watch?v=BuH39zKtrqU,https://eldoqmentalista.github.io/v/un-pueblo-desaparece-sin-dejar-rastro-la-leyenda-de-roanoke/,,
1156,49123,eQxf92ZoKCo,Los Demonios Pueden Ser Buenos?,,25 de abril de 2018,1:23,short,,Paranormal / Ángeles y demonios / Ocultismo y esoterismo,https://www.youtube.com/watch?v=eQxf92ZoKCo,https://eldoqmentalista.github.io/v/los-demonios-pueden-ser-buenos/,,
1157,48975,ONwFtSq7UPI,Misterios Sin Resolver: La Tierra se los Tragó - ¿Qué Sucedió Realmente?,,19 de marzo de 2018,10:23,documental,,Paranormal / Ocultismo y esoterismo / Misterios de la Biblia,https://www.youtube.com/watch?v=ONwFtSq7UPI,https://eldoqmentalista.github.io/v/misterios-sin-resolver-la-tierra-se-los-trago-que-sucedio-realmente/,,
1158,48974,hptJXX02FiE,Historias de la Biblia: El Rey Salomón contra el Rey de los Demonios,,26 de septiembre de 2024,10:50,documental,Documentales Completos,Paranormal / Misterios de la Biblia / Ángeles y demonios,https://www.youtube.com/watch?v=hptJXX02FiE,https://eldoqmentalista.github.io/v/historias-de-la-biblia-el-rey-salomon-contra-el-rey-de-los-demonios/,,
1159,48963,BQ940NJax7E,BRUJA REAL | Revela Todo Sobre El S#X0 de las Brujas - Documentales en Español,,13 de junio de 2023,45:14,documental,,Paranormal / Ocultismo y esoterismo / Misterios de la Biblia,https://www.youtube.com/watch?v=BQ940NJax7E,https://eldoqmentalista.github.io/v/bruja-real-revela-todo-sobre-el-s-x0-de-las-brujas-documentales-en-esp/,,
1160,48893,fZQ_cYmWrvA,Entrevista: DEMONOLOGA REVELA SUS SECRETOS - Documentales en Español,,3 de junio de 2023,46:59,documental,El DoQmentalista Podcast,Paranormal / Ocultismo y esoterismo / Misterios de la Biblia,https://www.youtube.com/watch?v=fZQ_cYmWrvA,https://eldoqmentalista.github.io/v/entrevista-demonologa-revela-sus-secretos-documentales-en-espanol/,,
1161,48881,g_P0kO6xoxE,"¿ EL ESPÍRITU SANTO ES UNA MUJER ?, La Diosa Ninkharsag y los anunnakis ✅ El DoQmentalista",,20 de mayo de 2021,10:36,documental,,Paranormal / Ocultismo y esoterismo / Misterios de la Biblia,https://www.youtube.com/watch?v=g_P0kO6xoxE,https://eldoqmentalista.github.io/v/el-espiritu-santo-es-una-mujer-la-diosa-ninkharsag-y-los-anunnakis-el-/,,
1162,48872,tCCLg8e07io,"Soberbia, Gula y Más: Los 7 Pecados Capitales en la Biblia - Documentales en Español",,29 de marzo de 2023,11:35,documental,,Paranormal / Misterios de la Biblia / Ocultismo y esoterismo,https://www.youtube.com/watch?v=tCCLg8e07io,https://eldoqmentalista.github.io/v/soberbia-gula-y-mas-los-7-pecados-capitales-en-la-biblia-documentales-/,,
1163,48782,cqTvXgvJm_4,"Yo Soy, El DoQmentalista y esto es CÓMO CELEBRAR HALLOWEEN CORRECTAMENTE",,15 de octubre de 2019,11:03,documental,,Paranormal / Ocultismo y esoterismo / Misterios de la Biblia,https://www.youtube.com/watch?v=cqTvXgvJm_4,https://eldoqmentalista.github.io/v/yo-soy-el-doqmentalista-y-esto-es-como-celebrar-halloween-correctament/,,
1164,48737,dH_ZYp7fwGU,"La Melanomancia, VIDEOS DE MAGIA",,19 de junio de 2019,,documental,,Ocultismo y esoterismo / Paranormal / Misterios de la Biblia,https://www.youtube.com/watch?v=dH_ZYp7fwGU,https://eldoqmentalista.github.io/v/la-melanomancia-videos-de-magia/,,
1165,48626,4gp5oaZ-ccs,"El Arcángel Sandalphon, El Ángel de la Música archangel sandalphon.  evangelio de hoy sandalphon gbf",,14 de abril de 2021,13:32,documental,,Ángeles y demonios / Paranormal / Misterios de la Biblia,https://www.youtube.com/watch?v=4gp5oaZ-ccs,https://eldoqmentalista.github.io/v/el-arcangel-sandalphon-el-angel-de-la-musica-archangel-sandalphon-evan/,,
1166,48539,CtCQ1CTR10s,Documental: La Reina Bruja del Invierno - Documentales Interesantes,,27 de junio de 2022,10:45,documental,,Paranormal / Ocultismo y esoterismo / Misterios de la Biblia,https://www.youtube.com/watch?v=CtCQ1CTR10s,https://eldoqmentalista.github.io/v/documental-la-reina-bruja-del-invierno-documentales-interesantes/,,
1167,48450,zQn1UdrE9tY,"La aparición de Nehebkau, Creepypasta, videos de terror ✅ El DoQmentalista",,12 de agosto de 2021,12:00,documental,,Paranormal / Ocultismo y esoterismo / Misterios de la Biblia,https://www.youtube.com/watch?v=zQn1UdrE9tY,https://eldoqmentalista.github.io/v/la-aparicion-de-nehebkau-creepypasta-videos-de-terror-el-doqmentalista/,,
1168,48388,npY3Ny9hfog,"LA JAULA DE LAS BRUJAS, VÍDEOS DE TERROR",,2 de junio de 2019,10:08,documental,,Paranormal / Ocultismo y esoterismo / Misterios de la Biblia,https://www.youtube.com/watch?v=npY3Ny9hfog,https://eldoqmentalista.github.io/v/la-jaula-de-las-brujas-videos-de-terror/,,
1169,48020,HcbciL4JU-U,"Rituales olvidados y antiguas prácticas mágicas, Magia Prohibida, Resucitar Muertos",,20 de septiembre de 2018,9:44,documental,,Ocultismo y esoterismo / Paranormal / Misterios de la Biblia,https://www.youtube.com/watch?v=HcbciL4JU-U,https://eldoqmentalista.github.io/v/rituales-olvidados-y-antiguas-practicas-magicas-magia-prohibida-resuci/,,
1170,48018,99WnQAm3NAQ,Documental: EL PRIMOGÉNITO: TERROR ANTES DE DORMIR - Documentales interesantes,,18 de abril de 2022,11:22,documental,,Paranormal / Ocultismo y esoterismo / Misterios de la Biblia,https://www.youtube.com/watch?v=99WnQAm3NAQ,https://eldoqmentalista.github.io/v/documental-el-primogenito-terror-antes-de-dormir-documentales-interesa/,,
1171,47995,6CzUbdVlKU0,"El Ente De Richard (Historias Reales de Terror, Horror, Paranormal, El DoQmentalista)",,8 de diciembre de 2020,12:17,documental,,Paranormal / Ocultismo y esoterismo / Misterios de la Biblia,https://www.youtube.com/watch?v=6CzUbdVlKU0,https://eldoqmentalista.github.io/v/el-ente-de-richard-historias-reales-de-terror-horror-paranormal-el-doq/,,
1172,47959,DGAjVIl5CQU,"Antiguos Secretos mágicos revelados, ¿trucos o magia real?, El DoQmentalista",,6 de mayo de 2021,11:28,documental,,Ocultismo y esoterismo / Paranormal / Misterios de la Biblia,https://www.youtube.com/watch?v=DGAjVIl5CQU,https://eldoqmentalista.github.io/v/antiguos-secretos-magicos-revelados-trucos-o-magia-real-el-doqmentalis/,,
1173,47943,mDQHl9zgVjY,El Síndrome de Cotard y La Ilusión del cadáver andante,,12 de abril de 2020,11:46,documental,,Paranormal / Ocultismo y esoterismo / Misterios de la Biblia,https://www.youtube.com/watch?v=mDQHl9zgVjY,https://eldoqmentalista.github.io/v/el-sindrome-de-cotard-y-la-ilusion-del-cadaver-andante/,,
1174,47869,5GWcimNhqa8,Una Historia Que Contar Parte 01 / Un poco de TERROR PARA TU MENTE,,30 de junio de 2020,13:55,documental,,Paranormal / Ocultismo y esoterismo / Misterios de la Biblia,https://www.youtube.com/watch?v=5GWcimNhqa8,https://eldoqmentalista.github.io/v/una-historia-que-contar-parte-01-un-poco-de-terror-para-tu-mente/,,
1175,47833,lVdy6Or-_iM,JESÚS EL EXORCISTA / El DoQmentalista,,19 de mayo de 2019,10:14,documental,,Paranormal / Ocultismo y esoterismo / Misterios de la Biblia,https://www.youtube.com/watch?v=lVdy6Or-_iM,https://eldoqmentalista.github.io/v/jesus-el-exorcista-el-doqmentalista/,,
1176,47791,Sd8DNpLlPGo,"Estamos Muertos, una historia del día de muertos, el DoQmentalista",,1 de noviembre de 2020,6:33,documental,,Paranormal / Ocultismo y esoterismo / Misterios de la Biblia,https://www.youtube.com/watch?v=Sd8DNpLlPGo,https://eldoqmentalista.github.io/v/estamos-muertos-una-historia-del-dia-de-muertos-el-doqmentalista/,,
1177,47736,pLPsQrlXlzE,"El Increíble Caso De Poon Lim, Historias Verdaderas, El DoQmentalista",,14 de junio de 2020,6:47,documental,,Paranormal / Ocultismo y esoterismo / Misterios de la Biblia,https://www.youtube.com/watch?v=pLPsQrlXlzE,https://eldoqmentalista.github.io/v/el-increible-caso-de-poon-lim-historias-verdaderas-el-doqmentalista/,,
1178,47586,nE8mlFesy54,"La aterradora historia del Shtorka (Štorka), mitología croata, El DoQmentalista",,28 de marzo de 2019,10:19,documental,,Ocultismo y esoterismo / Paranormal / Misterios de la Biblia,https://www.youtube.com/watch?v=nE8mlFesy54,https://eldoqmentalista.github.io/v/la-aterradora-historia-del-shtorka-storka-mitologia-croata-el-doqmenta/,,
1179,47472,7wgiDDxaqcA,Documentales: La oscura verdad del catolicismo que te dejará impactado,,20 de septiembre de 2024,14:04,documental,,Paranormal / Ocultismo y esoterismo / Vaticano e Iglesia,https://www.youtube.com/watch?v=7wgiDDxaqcA,https://eldoqmentalista.github.io/v/documentales-la-oscura-verdad-del-catolicismo-que-te-dejara-impactado/,,
1180,47424,gmdsvDj0_64,Fui a una LIBRERÍA DE OCULTISMO y lo que encontré ahí fue ASOMBROSO,,6 de marzo de 2020,1:01:30,documental,,Paranormal / Ocultismo y esoterismo / Ángeles y demonios,https://www.youtube.com/watch?v=gmdsvDj0_64,https://eldoqmentalista.github.io/v/fui-a-una-libreria-de-ocultismo-y-lo-que-encontre-ahi-fue-asombroso/,,
1181,47039,Sjlx-5zPYSA,Angelologa nos dice como hablar con los ángeles ( ENTREVISTA ),,18 de agosto de 2019,45:20,documental,El DoQmentalista Podcast,Ángeles y demonios / Paranormal / Ocultismo y esoterismo,https://www.youtube.com/watch?v=Sjlx-5zPYSA,https://eldoqmentalista.github.io/v/angelologa-nos-dice-como-hablar-con-los-angeles-entrevista/,,
1182,46951,kGfTs0xEpew,"Demonios de los pantanos de la tradición eslava, Bolotnik, shishiga y Dziwożona, Documental",,22 de abril de 2019,11:58,documental,,Paranormal / Ángeles y demonios / Ocultismo y esoterismo,https://www.youtube.com/watch?v=kGfTs0xEpew,https://eldoqmentalista.github.io/v/demonios-de-los-pantanos-de-la-tradicion-eslava-bolotnik-shishiga-y-dz/,,
1183,46871,_IKMeFApmxA,"La Noche Oscura Del Alma, Superar la depresión, la ansiedad y el vacío",,12 de septiembre de 2019,10:16,documental,,Paranormal / Ocultismo y esoterismo / Misterios de la Biblia,https://www.youtube.com/watch?v=_IKMeFApmxA,https://eldoqmentalista.github.io/v/la-noche-oscura-del-alma-superar-la-depresion-la-ansiedad-y-el-vacio/,,
1184,46858,xc6U5RsDU8g,Un mundo sin Jesús ¿Cómo viviría la humanidad si Cristo jamás hubiera pisado la tierra?,,8 de mayo de 2025,23:07,documental,Misterios y Enigmas,Ocultismo y esoterismo / Misterios de la Biblia / Paranormal,https://www.youtube.com/watch?v=xc6U5RsDU8g,https://eldoqmentalista.github.io/v/un-mundo-sin-jesus-como-viviria-la-humanidad-si-cristo-jamas-hubiera-p/,,
1185,46666,KTN0-H70HjQ,Documentales en español: Mitos y criaturas fantásticas en nuestros sueños,,15 de abril de 2023,22:13,documental,,Paranormal / Ocultismo y esoterismo / Misterios de la Biblia,https://www.youtube.com/watch?v=KTN0-H70HjQ,https://eldoqmentalista.github.io/v/documentales-en-espanol-mitos-y-criaturas-fantasticas-en-nuestros-suen/,,
1186,46632,BIvCAwMg4CQ,Una historia de Dragones / Maud y el Dragón / EL DOQMENTALISTA,,24 de mayo de 2018,10:16,documental,,Paranormal / Ocultismo y esoterismo / Misterios de la Biblia,https://www.youtube.com/watch?v=BIvCAwMg4CQ,https://eldoqmentalista.github.io/v/una-historia-de-dragones-maud-y-el-dragon-el-doqmentalista/,,
1187,46504,0JvAS-Sdcks,"La trágica historia de Hel, la diosa nórdica que gobernó el inframundo",,10 de noviembre de 2021,8:03,documental,,Paranormal / Ocultismo y esoterismo / Misterios de la Biblia,https://www.youtube.com/watch?v=0JvAS-Sdcks,https://eldoqmentalista.github.io/v/la-tragica-historia-de-hel-la-diosa-nordica-que-goberno-el-inframundo/,,
1188,46494,wvo6AxHwBW0,Misterios: Los secretos más inquietantes del documentalista revelados,,27 de enero de 2022,41:29,documental,,Paranormal / Ocultismo y esoterismo / Misterios de la Biblia,https://www.youtube.com/watch?v=wvo6AxHwBW0,https://eldoqmentalista.github.io/v/misterios-los-secretos-mas-inquietantes-del-documentalista-revelados/,,
1189,46466,gmsB1HhVy3k,"Thanos, La Historia del Villano de Marvel vs Los Avengers en Infinity War",,4 de mayo de 2018,4:55,documental,,Paranormal / Ocultismo y esoterismo / Misterios de la Biblia,https://www.youtube.com/watch?v=gmsB1HhVy3k,https://eldoqmentalista.github.io/v/thanos-la-historia-del-villano-de-marvel-vs-los-avengers-en-infinity-w/,,
1190,46418,DvgzPRJe4bY,Documental: BANDERA DE MÉXICO: TRASFONDO VERDADERO - Documentales Interesantes,,11 de agosto de 2022,9:22,documental,,Paranormal / Ocultismo y esoterismo / Misterios de la Biblia,https://www.youtube.com/watch?v=DvgzPRJe4bY,https://eldoqmentalista.github.io/v/documental-bandera-de-mexico-trasfondo-verdadero-documentales-interesa/,,
1191,46397,2Pj5l2iTPYI,top 10 inventos sintéticos más extraños del mundo que desearás comprar tecnologia,,3 de mayo de 2021,13:57,documental,,Ocultismo y esoterismo / Paranormal / Misterios de la Biblia,https://www.youtube.com/watch?v=2Pj5l2iTPYI,https://eldoqmentalista.github.io/v/top-10-inventos-sinteticos-mas-extranos-del-mundo-que-desearas-comprar/,,
1192,46221,X9drxYLZxvk,Cómo Era la Vida Antes de Cristóbal Colón - El DoQmentalista,,17 de octubre de 2023,13:55,documental,Misterios y Enigmas,Paranormal / Ocultismo y esoterismo / Misterios de la Biblia,https://www.youtube.com/watch?v=X9drxYLZxvk,https://eldoqmentalista.github.io/v/como-era-la-vida-antes-de-cristobal-colon-el-doqmentalista/,,
1193,46183,wCkgznFJFNk,TOP 10 Nombres Más Poderosos De La Biblia,,28 de junio de 2025,28:48,documental,Misterios y Enigmas,Misterios de la Biblia / Ocultismo y esoterismo / Paranormal,https://www.youtube.com/watch?v=wCkgznFJFNk,https://eldoqmentalista.github.io/v/top-10-nombres-mas-poderosos-de-la-biblia/,,
1194,45950,SUD6DyV0D88,Documentales: La verdadera historia detrás de quién escribió la biblia revelada,,4 de septiembre de 2024,16:47,documental,Misterios y Enigmas,Paranormal / Misterios de la Biblia / Ocultismo y esoterismo,https://www.youtube.com/watch?v=SUD6DyV0D88,https://eldoqmentalista.github.io/v/documentales-la-verdadera-historia-detras-de-quien-escribio-la-biblia-/,,
1195,45943,yuM7tY5Mess,Top: Las Armas más mortíferas de la historia,,29 de abril de 2021,14:32,documental,,Paranormal / Ocultismo y esoterismo / Misterios de la Biblia,https://www.youtube.com/watch?v=yuM7tY5Mess,https://eldoqmentalista.github.io/v/top-las-armas-mas-mortiferas-de-la-historia/,,
1196,45933,59YsWbRrrvo,"La Estarlita: El Supermaterial Que No Puede Quemarse CON NADA, Starlite, El doqmentalista",,30 de junio de 2019,16:52,documental,,Paranormal / Ocultismo y esoterismo / Misterios de la Biblia,https://www.youtube.com/watch?v=59YsWbRrrvo,https://eldoqmentalista.github.io/v/la-estarlita-el-supermaterial-que-no-puede-quemarse-con-nada-starlite-/,,
1197,45909,8xOclzJDv5s,Los Fomorianos Los Gigantes destructivos,,4 de mayo de 2018,7:57,documental,,Paranormal / Ocultismo y esoterismo / Misterios de la Biblia,https://www.youtube.com/watch?v=8xOclzJDv5s,https://eldoqmentalista.github.io/v/los-fomorianos-los-gigantes-destructivos/,,
1198,45903,qFkrD0jLsmA,Los secretos del Arcángel Jehudiel para obtener guía en el trabajo - Documentales en Español,,6 de diciembre de 2022,9:10,documental,,Paranormal / Ángeles y demonios / Ocultismo y esoterismo,https://www.youtube.com/watch?v=qFkrD0jLsmA,https://eldoqmentalista.github.io/v/los-secretos-del-arcangel-jehudiel-para-obtener-guia-en-el-trabajo-doc/,,
1199,45881,VGcOJ5fq0OI,"""Descubren una Pirámide Oculta en el Fondo del Mar: El Misterio Que Desafía la Historia""",,18 de julio de 2016,1:30,short,,Paranormal / Ocultismo y esoterismo / Misterios de la Biblia,https://www.youtube.com/watch?v=VGcOJ5fq0OI,https://eldoqmentalista.github.io/v/descubren-una-piramide-oculta-en-el-fondo-del-mar-el-misterio-que-desa/,,
1200,45858,rtZpVl5YCiM,"LOS 7 CHAKRAS, Descubre cuantos chakras tienes, harmony",,3 de agosto de 2020,11:37,documental,,Paranormal / Ocultismo y esoterismo / Misterios de la Biblia,https://www.youtube.com/watch?v=rtZpVl5YCiM,https://eldoqmentalista.github.io/v/los-7-chakras-descubre-cuantos-chakras-tienes-harmony/,,
1201,45502,F3nd3zq_VI8,5 personas que ganaron y lo perdieron todo por La Maldición De La Lotería,,10 de enero de 2021,14:04,documental,,Paranormal / Ocultismo y esoterismo / Misterios de la Biblia,https://www.youtube.com/watch?v=F3nd3zq_VI8,https://eldoqmentalista.github.io/v/5-personas-que-ganaron-y-lo-perdieron-todo-por-la-maldicion-de-la-lote/,,
1202,45492,NALrxhzk670,3 Historias De Terror De Desapariciones - Historias del mas alla ✅ El DoQmentalista,,29 de agosto de 2021,11:20,documental,,Paranormal / Ocultismo y esoterismo / Misterios de la Biblia,https://www.youtube.com/watch?v=NALrxhzk670,https://eldoqmentalista.github.io/v/3-historias-de-terror-de-desapariciones-historias-del-mas-alla-el-doqm/,,
1203,45417,M3pnSBxf4bk,"El Extraño Hombre Del Panteón, (Historia de terror real) Escuchar De Noche",,17 de abril de 2020,12:47,documental,,Paranormal / Ocultismo y esoterismo / Misterios de la Biblia,https://www.youtube.com/watch?v=M3pnSBxf4bk,https://eldoqmentalista.github.io/v/el-extrano-hombre-del-panteon-historia-de-terror-real-escuchar-de-noch/,,
1204,45354,VjdQm7ThgcM,Entrevista Explosiva: Pablo Barrera Habla de Seres Dimensionales y Geopolítica Oculta,,30 de marzo de 2025,1:15:07,documental,El DoQmentalista Podcast,Ocultismo y esoterismo / Misterios de la Biblia / Paranormal,https://www.youtube.com/watch?v=VjdQm7ThgcM,https://eldoqmentalista.github.io/v/entrevista-explosiva-pablo-barrera-habla-de-seres-dimensionales-y-geop/,,
1205,45239,8joABSJozT0,Documental: ¿Por qué el Mar es Salado? - Documentales Interesantes,,23 de junio de 2022,8:33,documental,,Paranormal / Ocultismo y esoterismo / Misterios de la Biblia,https://www.youtube.com/watch?v=8joABSJozT0,https://eldoqmentalista.github.io/v/documental-por-que-el-mar-es-salado-documentales-interesantes/,,
1206,45231,xcHYlPvOjqo,Los Secretos Más Sucios del Antiguo Egipto - Documentales en Español,,10 de julio de 2023,11:55,documental,Documentales Completos,Paranormal / Ocultismo y esoterismo / Misterios de la Biblia,https://www.youtube.com/watch?v=xcHYlPvOjqo,https://eldoqmentalista.github.io/v/los-secretos-mas-sucios-del-antiguo-egipto-documentales-en-espanol/,,
1207,45205,PSCIG2pf8wM,"Respondo Preguntas En Vivo - La biblia, Jacobo Grinberg, Profetas, El Diablo y Mucho Más",,22 de marzo de 2022,1:10:59,documental,,Paranormal / Misterios de la Biblia / Ángeles y demonios,https://www.youtube.com/watch?v=PSCIG2pf8wM,https://eldoqmentalista.github.io/v/respondo-preguntas-en-vivo-la-biblia-jacobo-grinberg-profetas-el-diabl/,,
1208,45155,rTVfVLz6C2A,Historia: La Verdadera Historia de los Poderosos Cíclopes y su Impacto,,22 de julio de 2020,10:43,documental,,Paranormal / Ocultismo y esoterismo / Misterios de la Biblia,https://www.youtube.com/watch?v=rTVfVLz6C2A,https://eldoqmentalista.github.io/v/historia-la-verdadera-historia-de-los-poderosos-ciclopes-y-su-impacto/,,
1209,45151,LtXJajYzQ1w,SOY ATEO O CRISTIANO. Descubre mi verdadera Religión,,21 de junio de 2020,14:05,documental,,Paranormal / Ocultismo y esoterismo / Misterios de la Biblia,https://www.youtube.com/watch?v=LtXJajYzQ1w,https://eldoqmentalista.github.io/v/soy-ateo-o-cristiano-descubre-mi-verdadera-religion/,,
1210,45005,yMccczd-uX8,Las Cosas Más Espeluznantes Que Se Han Encontrado Al Caminar,,6 de septiembre de 2019,11:29,documental,,Paranormal / Ocultismo y esoterismo / Misterios de la Biblia,https://www.youtube.com/watch?v=yMccczd-uX8,https://eldoqmentalista.github.io/v/las-cosas-mas-espeluznantes-que-se-han-encontrado-al-caminar/,,
1211,44800,SOcn6GcQucQ,Documental: Maravillas Terrestres Inéditas - Documentales Interesantes,,19 de julio de 2022,14:31,documental,Misterios y Enigmas,Paranormal / Ocultismo y esoterismo / Misterios de la Biblia,https://www.youtube.com/watch?v=SOcn6GcQucQ,https://eldoqmentalista.github.io/v/documental-maravillas-terrestres-ineditas-documentales-interesantes/,,
1212,44645,h7sauuaTZBY,Documentales: Ritual Prohibido para Atrapar Duendes - ¡Peligro Real!,,2 de octubre de 2024,17:51,documental,Misterios y Enigmas,Ocultismo y esoterismo / Paranormal / Misterios de la Biblia,https://www.youtube.com/watch?v=h7sauuaTZBY,https://eldoqmentalista.github.io/v/documentales-ritual-prohibido-para-atrapar-duendes-peligro-real/,,
1213,44615,AnpiRuF1CiY,Belphegor: El Príncipe Demonio y Sus Poderes Ocultos Revelados - El DoQmentalista,,5 de noviembre de 2023,13:59,documental,Misterios y Enigmas,Paranormal / Ángeles y demonios / Ocultismo y esoterismo,https://www.youtube.com/watch?v=AnpiRuF1CiY,https://eldoqmentalista.github.io/v/belphegor-el-principe-demonio-y-sus-poderes-ocultos-revelados-el-doqme/,,
1214,44570,A0bL_7SYn24,Descubre los 10 números malditos - El DoQmentalista,,19 de noviembre de 2023,26:45,documental,Documentales Completos,Paranormal / Ocultismo y esoterismo / Misterios de la Biblia,https://www.youtube.com/watch?v=A0bL_7SYn24,https://eldoqmentalista.github.io/v/descubre-los-10-numeros-malditos-el-doqmentalista/,,
1215,44539,lf1q5qTyGGc,Documental: La Esposa de Jesús y los Secretos Ocultos de la Biblia,,2 de julio de 2017,5:19,documental,,Paranormal / Misterios de la Biblia / Ocultismo y esoterismo,https://www.youtube.com/watch?v=lf1q5qTyGGc,https://eldoqmentalista.github.io/v/documental-la-esposa-de-jesus-y-los-secretos-ocultos-de-la-biblia/,,
1216,44513,MCYPTAUtz40,Documentales: Pancho Villa y los secretos ocultistas que nadie se atrevió a contar,,9 de septiembre de 2024,17:13,documental,,Ocultismo y esoterismo / Paranormal / Misterios de la Biblia,https://www.youtube.com/watch?v=MCYPTAUtz40,https://eldoqmentalista.github.io/v/documentales-pancho-villa-y-los-secretos-ocultistas-que-nadie-se-atrev/,,
1217,44424,2aMH9WLPn4k,Documental: EGIPCIO INEXPLICABLE: 10 DESCUBRIMIENTOS EXTRAÑOS - Documentales Interesantes,,24 de julio de 2022,14:01,documental,,Paranormal / Ocultismo y esoterismo / Misterios de la Biblia,https://www.youtube.com/watch?v=2aMH9WLPn4k,https://eldoqmentalista.github.io/v/documental-egipcio-inexplicable-10-descubrimientos-extranos-documental/,,
1218,44345,OPJL6ck9kKM,Demonología: ¿Por qué me atacan los demonios? Revelaciones impactantes,,23 de enero de 2020,1:04:32,documental,,Paranormal / Ángeles y demonios / Ocultismo y esoterismo,https://www.youtube.com/watch?v=OPJL6ck9kKM,https://eldoqmentalista.github.io/v/demonologia-por-que-me-atacan-los-demonios-revelaciones-impactantes/,,
1219,44227,frmLGehuWFE,"Historias De Terror De fantasmas buenos, historias del mas alla ✅ El DoQmentalista",,8 de agosto de 2021,11:27,documental,,Paranormal / Ocultismo y esoterismo / Misterios de la Biblia,https://www.youtube.com/watch?v=frmLGehuWFE,https://eldoqmentalista.github.io/v/historias-de-terror-de-fantasmas-buenos-historias-del-mas-alla-el-doqm/,,
1220,44203,yLP5DcxbFOU,"Psicópata Entra De Noche En Una Casa Y Deja Un Mensaje Escrito, El DoQmentalista",,16 de junio de 2018,10:18,documental,,Paranormal / Ocultismo y esoterismo / Misterios de la Biblia,https://www.youtube.com/watch?v=yLP5DcxbFOU,https://eldoqmentalista.github.io/v/psicopata-entra-de-noche-en-una-casa-y-deja-un-mensaje-escrito-el-doqm/,,
1221,44142,1fWXxHKicp4,ESTACIÓN 11: RELATOS DE TERROR QUE PONEN LOS PELOS DE PUNTA - Documentales interesantes,,14 de febrero de 2022,11:00,documental,,Paranormal / Ocultismo y esoterismo / Misterios de la Biblia,https://www.youtube.com/watch?v=1fWXxHKicp4,https://eldoqmentalista.github.io/v/estacion-11-relatos-de-terror-que-ponen-los-pelos-de-punta-documentale/,,
1222,44141,1HN6_EHbjPk,La LOCA teoría que conecta Moisés con los Dioses Aztecas,,2 de junio de 2025,32:51,documental,Misterios y Enigmas,Ocultismo y esoterismo / Misterios de la Biblia / Paranormal,https://www.youtube.com/watch?v=1HN6_EHbjPk,https://eldoqmentalista.github.io/v/la-loca-teoria-que-conecta-moises-con-los-dioses-aztecas/,,
1223,44133,EijVCldBrik,Los Secretos Ocultos de Leonardo Da Vinci: Sus Maquinas de Muerte Prohibidas,,16 de abril de 2016,4:54,documental,,Paranormal / Ocultismo y esoterismo / Misterios de la Biblia,https://www.youtube.com/watch?v=EijVCldBrik,https://eldoqmentalista.github.io/v/los-secretos-ocultos-de-leonardo-da-vinci-sus-maquinas-de-muerte-prohi/,,
1224,44106,O9TgQfzBXJw,El Lado Oscuro de UBER Conductores Asaltados,,17 de septiembre de 2017,10:14,documental,,Paranormal / Ocultismo y esoterismo / Misterios de la Biblia,https://www.youtube.com/watch?v=O9TgQfzBXJw,https://eldoqmentalista.github.io/v/el-lado-oscuro-de-uber-conductores-asaltados/,,
1225,44101,2a_x4R_AIoo,"La Leyenda de la luna y las estrellas, el espíritu del caballo y su jinete Fa'Rashi El DOQmentalista",,4 de junio de 2018,6:02,documental,,Paranormal / Ocultismo y esoterismo / Misterios de la Biblia,https://www.youtube.com/watch?v=2a_x4R_AIoo,https://eldoqmentalista.github.io/v/la-leyenda-de-la-luna-y-las-estrellas-el-espiritu-del-caballo-y-su-jin/,,
1226,44041,AbkVTd-As-I,EQUIDNA La Madre de Monstruos La Serpiente Seductora - Documentales en Español,,10 de agosto de 2023,13:05,documental,Documentales Completos,Paranormal / Ocultismo y esoterismo / Misterios de la Biblia,https://www.youtube.com/watch?v=AbkVTd-As-I,https://eldoqmentalista.github.io/v/equidna-la-madre-de-monstruos-la-serpiente-seductora-documentales-en-e/,,
1227,43916,0eGWhRe1ITU,"La Tesmoforia, Las Esposas Feministas De Los Griegos, cosas interesantes, el doqmentalista",,8 de diciembre de 2021,11:07,documental,,Paranormal / Ocultismo y esoterismo / Misterios de la Biblia,https://www.youtube.com/watch?v=0eGWhRe1ITU,https://eldoqmentalista.github.io/v/la-tesmoforia-las-esposas-feministas-de-los-griegos-cosas-interesantes/,,
1228,43811,Ug4sVwzZCKc,"Cuanto pesa el alma - experimento real y controversial, documental ✅ El DoQmentalista",,15 de junio de 2021,9:36,documental,,Paranormal / Ocultismo y esoterismo / Misterios de la Biblia,https://www.youtube.com/watch?v=Ug4sVwzZCKc,https://eldoqmentalista.github.io/v/cuanto-pesa-el-alma-experimento-real-y-controversial-documental-el-doq/,,
1229,43742,YAALsrpwV_E,"EL PACTO DE ORO, VIDEOS DE TERROR",,23 de mayo de 2019,10:12,documental,,Paranormal / Ocultismo y esoterismo / Misterios de la Biblia,https://www.youtube.com/watch?v=YAALsrpwV_E,https://eldoqmentalista.github.io/v/el-pacto-de-oro-videos-de-terror/,,
1230,43713,oDMvaU6lvSM,El Alma no muere vuelve al universo,,1 de septiembre de 2017,5:06,documental,,Paranormal / Ocultismo y esoterismo / Misterios de la Biblia,https://www.youtube.com/watch?v=oDMvaU6lvSM,https://eldoqmentalista.github.io/v/el-alma-no-muere-vuelve-al-universo/,,
1231,43706,dmFo-4POZds,"Trastornos: Limite de la Personalidad, Causas y atratamiento, bdp test",,20 de enero de 2021,9:01,documental,,Paranormal / Ocultismo y esoterismo / Misterios de la Biblia,https://www.youtube.com/watch?v=dmFo-4POZds,https://eldoqmentalista.github.io/v/trastornos-limite-de-la-personalidad-causas-y-atratamiento-bdp-test/,,
1232,43647,uSrPQb9KpzY,¿Respirar Bajo el Agua? El Misterio Oculto Detrás de Esta Habilidad Inhumana,,31 de julio de 2016,2:07,short,,Paranormal / Ocultismo y esoterismo / Misterios de la Biblia,https://www.youtube.com/watch?v=uSrPQb9KpzY,https://eldoqmentalista.github.io/v/respirar-bajo-el-agua-el-misterio-oculto-detras-de-esta-habilidad-inhu/,,
1233,43605,rLzXtm-MwSo,Documentales: ¿Qué es el esoterismo? Conocimiento oculto explicado | gnosis,,30 de septiembre de 2024,13:31,documental,Documentales Completos,Ocultismo y esoterismo / Paranormal / Misterios de la Biblia,https://www.youtube.com/watch?v=rLzXtm-MwSo,https://eldoqmentalista.github.io/v/documentales-que-es-el-esoterismo-conocimiento-oculto-explicado-gnosis/,,
1234,43372,x3b-NmEhslw,"El Hospital psiquiátrico Infestado de Aguscello, Vídeos de terror 2018 EL DOQMENTALISTA",,8 de junio de 2018,6:15,documental,,Paranormal / Ocultismo y esoterismo / Misterios de la Biblia,https://www.youtube.com/watch?v=x3b-NmEhslw,https://eldoqmentalista.github.io/v/el-hospital-psiquiatrico-infestado-de-aguscello-videos-de-terror-2018-/,,
1235,43362,LalG3ZF02b4,Las 7 Cosas Más Extrañas y Aterradoras #short #paranormal #misterios,SI (x4),30 de agosto de 2025,0:59,short,,Paranormal / Misterios de la Biblia / Ángeles y demonios,https://www.youtube.com/watch?v=LalG3ZF02b4,https://eldoqmentalista.github.io/v/las-7-cosas-mas-extranas-y-aterradoras-short-paranormal-misterios-3/,,
1236,43158,ltgcZMK3-ow,"Bailes Y Rituales Antiguos, mitologías del mundo",,7 de abril de 2020,19:16,documental,,Ocultismo y esoterismo / Paranormal / Misterios de la Biblia,https://www.youtube.com/watch?v=ltgcZMK3-ow,https://eldoqmentalista.github.io/v/bailes-y-rituales-antiguos-mitologias-del-mundo/,,
1237,43019,1T4EmM14PHA,Moroni: Guardián del Libro de Mormón - El DoQmentalista,,17 de diciembre de 2023,16:16,documental,Documentales Completos,Paranormal / Ocultismo y esoterismo / Misterios de la Biblia,https://www.youtube.com/watch?v=1T4EmM14PHA,https://eldoqmentalista.github.io/v/moroni-guardian-del-libro-de-mormon-el-doqmentalista/,,
1238,42975,BAeUCCb8KcM,"Monstruos Marinos, Gong Gong, El dios del agua, Mitología china ( entretenimiento)",,6 de noviembre de 2020,8:34,documental,,Ocultismo y esoterismo / Paranormal / Misterios de la Biblia,https://www.youtube.com/watch?v=BAeUCCb8KcM,https://eldoqmentalista.github.io/v/monstruos-marinos-gong-gong-el-dios-del-agua-mitologia-china-entreteni/,,
1239,42795,uiKjA5pLdCc,"Personas que Desaparecieron sin Dejar Rastro, ¿Qué Realmente Sucedió? - Documentales en Español",,14 de marzo de 2023,11:46,documental,Misterios y Enigmas,Paranormal / Ocultismo y esoterismo / Misterios de la Biblia,https://www.youtube.com/watch?v=uiKjA5pLdCc,https://eldoqmentalista.github.io/v/personas-que-desaparecieron-sin-dejar-rastro-que-realmente-sucedio-doc/,,
1240,42746,KzkyqUpOaXQ,"Tendencia: la historia real detrás de Superman. Autismo, heroísmo, bondad y secretos de Hollywood.",,5 de mayo de 2025,35:46,documental,Misterios y Enigmas,Ocultismo y esoterismo / Misterios de la Biblia / Paranormal,https://www.youtube.com/watch?v=KzkyqUpOaXQ,https://eldoqmentalista.github.io/v/tendencia-la-historia-real-detras-de-superman-autismo-heroismo-bondad-/,,
1241,42622,R50DiHtMWso,Misterios de la tumba de Jesús al descubierto: Documentales en Español,,2 de abril de 2023,11:52,documental,,Paranormal / Ocultismo y esoterismo / Misterios de la Biblia,https://www.youtube.com/watch?v=R50DiHtMWso,https://eldoqmentalista.github.io/v/misterios-de-la-tumba-de-jesus-al-descubierto-documentales-en-espanol/,,
1242,42204,TEyEY95zOcM,"Filofobia, Miedo A Enamorarse, Causas y Síntomas",,17 de enero de 2021,5:40,documental,,Paranormal / Ocultismo y esoterismo / Misterios de la Biblia,https://www.youtube.com/watch?v=TEyEY95zOcM,https://eldoqmentalista.github.io/v/filofobia-miedo-a-enamorarse-causas-y-sintomas/,,
1243,42122,isOayIEsLak,ATLACAMANI Existe: La DIOSA AZTECA que DEVORA BARCOS |Secretos Oscuros del Pacífico,,1 de abril de 2025,24:23,documental,Misterios y Enigmas,Ocultismo y esoterismo / Misterios de la Biblia / Paranormal,https://www.youtube.com/watch?v=isOayIEsLak,https://eldoqmentalista.github.io/v/atlacamani-existe-la-diosa-azteca-que-devora-barcos-secretos-oscuros-d/,,
1244,42098,nrEUJ-ajBAw,"Bruja Real es atrapada en una botella, Historias De Terror, las brujas reales",,13 de mayo de 2018,5:06,documental,,Paranormal / Ocultismo y esoterismo / Misterios de la Biblia,https://www.youtube.com/watch?v=nrEUJ-ajBAw,https://eldoqmentalista.github.io/v/bruja-real-es-atrapada-en-una-botella-historias-de-terror-las-brujas-r/,,
1245,42057,w4tR6J4r-OQ,La Historia de: EL KRAKEN criaturas mitologica - Documentales en Español,,14 de septiembre de 2022,8:37,documental,,Paranormal / Ocultismo y esoterismo / Misterios de la Biblia,https://www.youtube.com/watch?v=w4tR6J4r-OQ,https://eldoqmentalista.github.io/v/la-historia-de-el-kraken-criaturas-mitologica-documentales-en-espanol/,,
1246,42034,JyS5KbNnYlo,Descubre los NIVELES del Alma y Cómo ELEVAR tu Espíritu,,25 de octubre de 2023,24:17,documental,Misterios y Enigmas,Paranormal / Ocultismo y esoterismo / Misterios de la Biblia,https://www.youtube.com/watch?v=JyS5KbNnYlo,https://eldoqmentalista.github.io/v/descubre-los-niveles-del-alma-y-como-elevar-tu-espiritu/,,
1247,42017,ZgHGg4PRcFk,Atrapan Una sirena Real o es falsa? La sirena de Fiji ✅ El DoQmentalista,,16 de noviembre de 2021,8:04,documental,,Paranormal / Ocultismo y esoterismo / Misterios de la Biblia,https://www.youtube.com/watch?v=ZgHGg4PRcFk,https://eldoqmentalista.github.io/v/atrapan-una-sirena-real-o-es-falsa-la-sirena-de-fiji-el-doqmentalista/,,
1248,41965,l44d7IH9nE8,Documentales: 10 datos demenciales sobre el ocultismo en los Nazis revelados,,29 de agosto de 2024,14:08,documental,Misterios y Enigmas,Ocultismo y esoterismo / Paranormal / Misterios de la Biblia,https://www.youtube.com/watch?v=l44d7IH9nE8,https://eldoqmentalista.github.io/v/documentales-10-datos-demenciales-sobre-el-ocultismo-en-los-nazis-reve/,,
1249,41890,Uow9G9ySNLg,Síndrome De La Mano Alienígena trastornos mentales psicologia,,25 de agosto de 2020,12:13,documental,,Ocultismo y esoterismo / Paranormal / Misterios de la Biblia,https://www.youtube.com/watch?v=Uow9G9ySNLg,https://eldoqmentalista.github.io/v/sindrome-de-la-mano-alienigena-trastornos-mentales-psicologia/,,
1250,41806,SF6VMCQR9Ho,Las PRINCIPALES  Denominaciones del CRISTIANISMO autentico - ✅ El DoQmentalista PARTE I,,14 de septiembre de 2021,10:51,documental,,Ocultismo y esoterismo / Paranormal / Misterios de la Biblia,https://www.youtube.com/watch?v=SF6VMCQR9Ho,https://eldoqmentalista.github.io/v/las-principales-denominaciones-del-cristianismo-autentico-el-doqmental-2/,,
1251,41785,LRo-GXZqhuo,Por qué los hombres del antiguo Egipto usaban maquillaje,,19 de septiembre de 2019,10:13,documental,,Paranormal / Ocultismo y esoterismo / Misterios de la Biblia,https://www.youtube.com/watch?v=LRo-GXZqhuo,https://eldoqmentalista.github.io/v/por-que-los-hombres-del-antiguo-egipto-usaban-maquillaje/,,
1252,41616,KI6kmMphhPM,Las PRINCIPALES  Denominaciones del CRISTIANISMO autentico - ✅ El DoQmentalista PARTE II,,15 de septiembre de 2021,15:09,documental,,Ocultismo y esoterismo / Paranormal / Misterios de la Biblia,https://www.youtube.com/watch?v=KI6kmMphhPM,https://eldoqmentalista.github.io/v/las-principales-denominaciones-del-cristianismo-autentico-el-doqmental/,,
1253,41613,yZEjBljTMxU,Pequeños milagros: 2 historias que te harán llorar - El DoQmentalista,,28 de abril de 2025,28:03,documental,Misterios y Enigmas,Ocultismo y esoterismo / Misterios de la Biblia / Paranormal,https://www.youtube.com/watch?v=yZEjBljTMxU,https://eldoqmentalista.github.io/v/pequenos-milagros-2-historias-que-te-haran-llorar-el-doqmentalista/,,
1254,41382,ZfpJVffQ3VM,"NÚMEROS TELEFÓNICOS MALDITOS, terror miedo whatsapp real perturbador escalofriante creepy numero",,13 de julio de 2018,11:18,documental,,Paranormal / Ocultismo y esoterismo / Misterios de la Biblia,https://www.youtube.com/watch?v=ZfpJVffQ3VM,https://eldoqmentalista.github.io/v/numeros-telefonicos-malditos-terror-miedo-whatsapp-real-perturbador-es/,,
1255,41354,a2fv0t33mAY,Los Secretos Revelados del Arca de la Alianza - El DoQmentalista,,6 de enero de 2024,15:17,documental,Documentales Completos,Paranormal / Ocultismo y esoterismo / Misterios de la Biblia,https://www.youtube.com/watch?v=a2fv0t33mAY,https://eldoqmentalista.github.io/v/los-secretos-revelados-del-arca-de-la-alianza-el-doqmentalista/,,
1256,41287,56OnCSAJ_ts,"Terror Diabólico, Historias de Terror de mis suscriptores, Videos De Miedo",,7 de enero de 2020,11:19,documental,,Paranormal / Ocultismo y esoterismo / Misterios de la Biblia,https://www.youtube.com/watch?v=56OnCSAJ_ts,https://eldoqmentalista.github.io/v/terror-diabolico-historias-de-terror-de-mis-suscriptores-videos-de-mie/,,
1257,41212,CD7sROjI6do,Las 7 Cosas Más Extrañas y Aterradoras #short #paranormal #misterios,SI (x4),30 de agosto de 2025,0:52,short,,Paranormal / Misterios de la Biblia / Ángeles y demonios,https://www.youtube.com/watch?v=CD7sROjI6do,https://eldoqmentalista.github.io/v/las-7-cosas-mas-extranas-y-aterradoras-short-paranormal-misterios-6/,,
1258,41189,-vwmPjwd7rk,¡ATERRADOR! Carnaval del Diablo en Riosucio: Rituales Prohibidos y Leyendas Ocultas,,19 de abril de 2025,24:31,documental,Misterios y Enigmas,Ocultismo y esoterismo / Paranormal / Misterios de la Biblia,https://www.youtube.com/watch?v=-vwmPjwd7rk,https://eldoqmentalista.github.io/v/aterrador-carnaval-del-diablo-en-riosucio-rituales-prohibidos-y-leyend/,,
1259,41136,cWwNwU7QuoY,"Documental: La Verdad Oculta de Atenea, la Diosa Guerrera y Estratega",,22 de septiembre de 2021,10:05,documental,,Paranormal / Ocultismo y esoterismo / Misterios de la Biblia,https://www.youtube.com/watch?v=cWwNwU7QuoY,https://eldoqmentalista.github.io/v/documental-la-verdad-oculta-de-atenea-la-diosa-guerrera-y-estratega/,,
1260,41121,wbxa48PjfA0,La Historia de Las Alfombras Mágicas voladoras,,13 de agosto de 2018,10:28,documental,,Paranormal / Ocultismo y esoterismo / Misterios de la Biblia,https://www.youtube.com/watch?v=wbxa48PjfA0,https://eldoqmentalista.github.io/v/la-historia-de-las-alfombras-magicas-voladoras/,,
1261,41056,V2qUD5XU4v0,"Transmisión en vivo, Yo Soy, El DoQmentalista, Juzga poco, pregunta mucho.",,27 de junio de 2020,2:49:04,documental,,Paranormal / Ángeles y demonios / Ocultismo y esoterismo,https://www.youtube.com/watch?v=V2qUD5XU4v0,https://eldoqmentalista.github.io/v/transmision-en-vivo-yo-soy-el-doqmentalista-juzga-poco-pregunta-mucho/,,
1262,40981,T87FC_QOTzY,"AMENADIEL, El Ángel de la Verdad Divina Adornada - Documentales en Español",,29 de junio de 2023,11:08,documental,Documentales Completos,Paranormal / Ángeles y demonios / Ocultismo y esoterismo,https://www.youtube.com/watch?v=T87FC_QOTzY,https://eldoqmentalista.github.io/v/amenadiel-el-angel-de-la-verdad-divina-adornada-documentales-en-espano/,,
1263,40894,nCYO68j9Jfg,Titania: La Reina de las Hadas - El DoQmentalista,,4 de mayo de 2025,25:02,documental,Misterios y Enigmas,Ocultismo y esoterismo / Misterios de la Biblia / Paranormal,https://www.youtube.com/watch?v=nCYO68j9Jfg,https://eldoqmentalista.github.io/v/titania-la-reina-de-las-hadas-el-doqmentalista/,,
1264,40871,wTQtBc9JzRY,"Malos Augurios y Supersticiones historias de terror, creepypastas.",,5 de diciembre de 2018,15:52,documental,,Paranormal / Ocultismo y esoterismo / Misterios de la Biblia,https://www.youtube.com/watch?v=wTQtBc9JzRY,https://eldoqmentalista.github.io/v/malos-augurios-y-supersticiones-historias-de-terror-creepypastas/,,
1265,40856,y3XD_UPJYLA,Los Guerreros Aztecas Más Poderosos - El DoQmentalista,,28 de septiembre de 2023,13:16,documental,Misterios y Enigmas,Paranormal / Ocultismo y esoterismo / Misterios de la Biblia,https://www.youtube.com/watch?v=y3XD_UPJYLA,https://eldoqmentalista.github.io/v/los-guerreros-aztecas-mas-poderosos-el-doqmentalista/,,
1266,40851,T9xQB0ZPW50,"Guerreros Persas, VÍDEOS DE HISTORIA",,6 de junio de 2019,10:42,documental,,Paranormal / Ocultismo y esoterismo / Misterios de la Biblia,https://www.youtube.com/watch?v=T9xQB0ZPW50,https://eldoqmentalista.github.io/v/guerreros-persas-videos-de-historia/,,
1267,40848,5QrYc5krQAU,Documentales: Lo que El DoQmentalista descubrió y nadie quiso mostrar | misterios,,5 de septiembre de 2024,57:47,documental,Misterios y Enigmas,Paranormal / Ocultismo y esoterismo / Misterios de la Biblia,https://www.youtube.com/watch?v=5QrYc5krQAU,https://eldoqmentalista.github.io/v/documentales-lo-que-el-doqmentalista-descubrio-y-nadie-quiso-mostrar-m/,,
1268,40633,_ZouoRNS_0Y,7 animales más mortíferos y peligrosos del planeta documentales top,,27 de abril de 2021,16:32,documental,,Paranormal / Ocultismo y esoterismo / Misterios de la Biblia,https://www.youtube.com/watch?v=_ZouoRNS_0Y,https://eldoqmentalista.github.io/v/7-animales-mas-mortiferos-y-peligrosos-del-planeta-documentales-top/,,
1269,40622,lODXnCdeU2k,2 HISTORIAS DE TERROR - El Documentalista,,11 de octubre de 2022,11:05,documental,,Paranormal / Ocultismo y esoterismo / Misterios de la Biblia,https://www.youtube.com/watch?v=lODXnCdeU2k,https://eldoqmentalista.github.io/v/2-historias-de-terror-el-documentalista/,,
1270,40619,0GoM6CeTwuM,7 Misterios Submarinos con @Altair812,,12 de marzo de 2023,11:52,documental,Misterios y Enigmas,Paranormal / Ocultismo y esoterismo / Misterios de la Biblia,https://www.youtube.com/watch?v=0GoM6CeTwuM,https://eldoqmentalista.github.io/v/7-misterios-submarinos-con-altair812/,,
1271,40587,pc_m9p120Eg,"Top 10 reptiles marinos más mortíferos, MONSTRUOS MARINOS ✅ 717 reptiles",,26 de noviembre de 2021,11:16,documental,,Paranormal / Ocultismo y esoterismo / Misterios de la Biblia,https://www.youtube.com/watch?v=pc_m9p120Eg,https://eldoqmentalista.github.io/v/top-10-reptiles-marinos-mas-mortiferos-monstruos-marinos-717-reptiles/,,
1272,40571,jKQDzNtGIv8,La NASA se prepara para defender a la tierra de un asteroide / Impacto de Meteorito Contra La Tierra,,16 de octubre de 2017,2:57,short,,Paranormal / Ocultismo y esoterismo / Misterios de la Biblia,https://www.youtube.com/watch?v=jKQDzNtGIv8,https://eldoqmentalista.github.io/v/la-nasa-se-prepara-para-defender-a-la-tierra-de-un-asteroide-impacto-d/,,
1273,40388,krAIwpEhXj4,En Vivo ¿Cómo ROBAR ENERGIA de las personas?,,4 de diciembre de 2020,1:38:38,documental,,Paranormal / Ángeles y demonios / Ocultismo y esoterismo,https://www.youtube.com/watch?v=krAIwpEhXj4,https://eldoqmentalista.github.io/v/en-vivo-como-robar-energia-de-las-personas/,,
1274,40262,riTYuOJltYA,El Origen De Los Símbolos Navideños Más Populares (El DoQmentalista),,16 de diciembre de 2020,11:08,documental,,Paranormal / Ocultismo y esoterismo / Misterios de la Biblia,https://www.youtube.com/watch?v=riTYuOJltYA,https://eldoqmentalista.github.io/v/el-origen-de-los-simbolos-navidenos-mas-populares-el-doqmentalista/,,
1275,40260,lB_0W3Gatn4,"La extraña desaparición de Christopher Thompkins, Videos De Terror",,1 de agosto de 2019,10:13,documental,,Paranormal / Ocultismo y esoterismo / Misterios de la Biblia,https://www.youtube.com/watch?v=lB_0W3Gatn4,https://eldoqmentalista.github.io/v/la-extrana-desaparicion-de-christopher-thompkins-videos-de-terror/,,
1276,40206,IayCIxPzWTA,El Rauðskinna: El Enigmático GRIMORIO Islandés de la Oscuridad - Documentales en Español,,25 de septiembre de 2023,13:13,documental,,Paranormal / Ocultismo y esoterismo / Misterios de la Biblia,https://www.youtube.com/watch?v=IayCIxPzWTA,https://eldoqmentalista.github.io/v/el-rau-skinna-el-enigmatico-grimorio-islandes-de-la-oscuridad-document/,,
1277,40198,jnAXFWWGKmo,"Paranormal: Talismanes, Hechicería y los Pactos Diabólicos Revelados",,11 de enero de 2020,1:45:55,documental,,Paranormal / Ángeles y demonios / Ocultismo y esoterismo,https://www.youtube.com/watch?v=jnAXFWWGKmo,https://eldoqmentalista.github.io/v/paranormal-talismanes-hechiceria-y-los-pactos-diabolicos-revelados/,,
1278,40153,QdHKTi7oSrQ,"Descubrió una forma de ENERGIA INFINITA, La ZPE, un descubrimiento increíble",,4 de enero de 2022,8:00,documental,,Paranormal / Ocultismo y esoterismo / Misterios de la Biblia,https://www.youtube.com/watch?v=QdHKTi7oSrQ,https://eldoqmentalista.github.io/v/descubrio-una-forma-de-energia-infinita-la-zpe-un-descubrimiento-incre/,,
1279,40108,knjLxD8YUtw,Guerreros Legendarios | Leónidas: El Rey Espartano que Desafió la Historia - Documentales en Español,,17 de agosto de 2023,16:05,documental,Documentales Completos,Paranormal / Ocultismo y esoterismo / Misterios de la Biblia,https://www.youtube.com/watch?v=knjLxD8YUtw,https://eldoqmentalista.github.io/v/guerreros-legendarios-leonidas-el-rey-espartano-que-desafio-la-histori/,,
1280,40005,BsjcIPHQpSg,Documental: El Enigma del Hombre Del Pantano y las Leyendas Urbanas,,12 de mayo de 2019,12:16,documental,Misterios y Enigmas,Paranormal / Ocultismo y esoterismo / Misterios de la Biblia,https://www.youtube.com/watch?v=BsjcIPHQpSg,https://eldoqmentalista.github.io/v/documental-el-enigma-del-hombre-del-pantano-y-las-leyendas-urbanas/,,
1281,39980,zEG4TlqX_SI,Las páginas más espeluznantes y aterradoras de Wikipedia,,1 de septiembre de 2019,10:37,documental,,Paranormal / Ocultismo y esoterismo / Misterios de la Biblia,https://www.youtube.com/watch?v=zEG4TlqX_SI,https://eldoqmentalista.github.io/v/las-paginas-mas-espeluznantes-y-aterradoras-de-wikipedia/,,
1282,39897,ESdjFeqihJs,TOP 10:  Anticristos Que la Religión Ha Ocultado.,,8 de julio de 2025,14:22,documental,Documentales Completos,Ocultismo y esoterismo / Misterios de la Biblia / Paranormal,https://www.youtube.com/watch?v=ESdjFeqihJs,https://eldoqmentalista.github.io/v/top-10-anticristos-que-la-religion-ha-ocultado/,,
1283,39861,GnojTeM-768,Documental: EL ACERTIJO DE MABEL: UNA HISTORIA QUE TE DEJARÁ SIN ALIENTO - Documentales interesantes,,6 de febrero de 2022,5:30,documental,,Paranormal / Ocultismo y esoterismo / Misterios de la Biblia,https://www.youtube.com/watch?v=GnojTeM-768,https://eldoqmentalista.github.io/v/documental-el-acertijo-de-mabel-una-historia-que-te-dejara-sin-aliento/,,
1284,39852,u6Xl78RJTaA,"Mujeres de Otro Mundo Sirenas, Selkies, Cambiaformas y Doncellas de Mar etimologia PARTE 2",,20 de febrero de 2019,10:31,documental,,Ocultismo y esoterismo / Paranormal / Misterios de la Biblia,https://www.youtube.com/watch?v=u6Xl78RJTaA,https://eldoqmentalista.github.io/v/mujeres-de-otro-mundo-sirenas-selkies-cambiaformas-y-doncellas-de-mar-/,,
1285,39659,gGTSelVrZhA,Documental: MONSTRUOS LATINOAMERICANOS: HORROR SIN FRONTERAS - Documentales Interesantes,,3 de agosto de 2022,16:22,documental,,Paranormal / Ocultismo y esoterismo / Misterios de la Biblia,https://www.youtube.com/watch?v=gGTSelVrZhA,https://eldoqmentalista.github.io/v/documental-monstruos-latinoamericanos-horror-sin-fronteras-documentale/,,
1286,39533,abM1jI9tC0s,"LAS 4 VELAS, REFLEXIONES DE VIDA PARA SER MEJOR, superación personal motivación autoayuda depresion",,11 de agosto de 2019,2:50,short,,Paranormal / Ocultismo y esoterismo / Misterios de la Biblia,https://www.youtube.com/watch?v=abM1jI9tC0s,https://eldoqmentalista.github.io/v/las-4-velas-reflexiones-de-vida-para-ser-mejor-superacion-personal-mot/,,
1287,39518,GjGdg8nbsug,Documental: Videos de Terror Sorprendentes - Documentales Interesantes,,7 de julio de 2022,8:08,documental,,Paranormal / Ocultismo y esoterismo / Misterios de la Biblia,https://www.youtube.com/watch?v=GjGdg8nbsug,https://eldoqmentalista.github.io/v/documental-videos-de-terror-sorprendentes-documentales-interesantes/,,
1288,39514,d-BHgKIeHrg,¿Qué es La Santa Campaña? - Documentales en Español,,28 de noviembre de 2022,8:06,documental,,Paranormal / Ocultismo y esoterismo / Misterios de la Biblia,https://www.youtube.com/watch?v=d-BHgKIeHrg,https://eldoqmentalista.github.io/v/que-es-la-santa-campana-documentales-en-espanol/,,
1289,39494,o5iXSdc31U8,Descubre que tan aterradora es tu mente y la de los demás (RETO),,9 de junio de 2017,10:11,documental,,Paranormal / Ángeles y demonios / Misterios de la Biblia,https://www.youtube.com/watch?v=o5iXSdc31U8,https://eldoqmentalista.github.io/v/descubre-que-tan-aterradora-es-tu-mente-y-la-de-los-demas-reto/,,
1290,39444,RsjFm_Wom3M,"Deep or Dark Web vs Normal Web, Tor Browser/ El DoQmentalista dark net deep web browsing",,29 de enero de 2019,10:26,documental,,Paranormal / Ocultismo y esoterismo / Misterios de la Biblia,https://www.youtube.com/watch?v=RsjFm_Wom3M,https://eldoqmentalista.github.io/v/deep-or-dark-web-vs-normal-web-tor-browser-el-doqmentalista-dark-net-d/,,
1291,39417,P5r74zok5W4,Las 7 Cosas Más Extrañas y Aterradoras  #short #paranormal #misterios,SI (x2),30 de agosto de 2025,0:55,short,,Paranormal / Misterios de la Biblia / Ángeles y demonios,https://www.youtube.com/watch?v=P5r74zok5W4,https://eldoqmentalista.github.io/v/las-7-cosas-mas-extranas-y-aterradoras-short-paranormal-misterios-4/,,
1292,39363,t8z62c_nJPI,"Top 10 paisajes extraterrestres en la Tierra, planetas y mundos desconocidos",,12 de febrero de 2021,10:51,documental,,Paranormal / Ocultismo y esoterismo / Misterios de la Biblia,https://www.youtube.com/watch?v=t8z62c_nJPI,https://eldoqmentalista.github.io/v/top-10-paisajes-extraterrestres-en-la-tierra-planetas-y-mundos-descono/,,
1293,39271,wteK3cnRUfE,Documental: Terror Insólito: Historias Reales - Documentales Interesantes,,3 de mayo de 2022,10:50,documental,,Paranormal / Ocultismo y esoterismo / Misterios de la Biblia,https://www.youtube.com/watch?v=wteK3cnRUfE,https://eldoqmentalista.github.io/v/documental-terror-insolito-historias-reales-documentales-interesantes/,,
1294,39191,k1BPqbN_9W8,"Documental: Nidhogg, el Dragón del Caos y sus Maldiciones Terribles",,19 de septiembre de 2022,9:31,documental,,Paranormal / Ocultismo y esoterismo / Misterios de la Biblia,https://www.youtube.com/watch?v=k1BPqbN_9W8,https://eldoqmentalista.github.io/v/documental-nidhogg-el-dragon-del-caos-y-sus-maldiciones-terribles/,,
1295,39101,fptpImjzF5U,Top 5 Criaturas De La Noche - Relatos De Terror - El DoQmentalista,,16 de noviembre de 2023,22:57,documental,Documentales Completos,Paranormal / Ocultismo y esoterismo / Misterios de la Biblia,https://www.youtube.com/watch?v=fptpImjzF5U,https://eldoqmentalista.github.io/v/top-5-criaturas-de-la-noche-relatos-de-terror-el-doqmentalista/,,
1296,39066,1ICHofgTHzY,TIPOS DE EXORCISTAS: ¿Qué es un Exorcismo? - Batallas Espirituales - El DoQmentalista,,30 de octubre de 2023,25:50,documental,Misterios y Enigmas,Ocultismo y esoterismo / Paranormal / Exorcismos y posesiones,https://www.youtube.com/watch?v=1ICHofgTHzY,https://eldoqmentalista.github.io/v/tipos-de-exorcistas-que-es-un-exorcismo-batallas-espirituales-el-doqme/,,
1297,38980,PHrx7oSLtc4,"Armas Legendarias, El Macuahuitl (Cultura Azteca) entretenimiento",,23 de octubre de 2020,9:51,documental,,Paranormal / Ocultismo y esoterismo / Misterios de la Biblia,https://www.youtube.com/watch?v=PHrx7oSLtc4,https://eldoqmentalista.github.io/v/armas-legendarias-el-macuahuitl-cultura-azteca-entretenimiento/,,
1298,38976,euVDugEIuQQ,"El Himno de Poseidón, Solo Para Miembros Del Canal",,4 de enero de 2020,3:03,documental,,Paranormal / Ocultismo y esoterismo / Misterios de la Biblia,https://www.youtube.com/watch?v=euVDugEIuQQ,https://eldoqmentalista.github.io/v/el-himno-de-poseidon-solo-para-miembros-del-canal/,,
1299,38867,zUoMMicWvPI,"""El Oscuro Mundo De Los Genios: Secretos Ocultos En Las Lámparas Mágicas""",,11 de octubre de 2023,12:01,documental,Misterios y Enigmas,Paranormal / Ocultismo y esoterismo / Misterios de la Biblia,https://www.youtube.com/watch?v=zUoMMicWvPI,https://eldoqmentalista.github.io/v/el-oscuro-mundo-de-los-genios-secretos-ocultos-en-las-lamparas-magicas/,,
1300,38801,VAYIpuMjK2g,Que pasaría si la luna chocara contra la tierra ✅ El DoQmentalista (cosmos),,29 de junio de 2021,8:05,documental,,Ocultismo y esoterismo / Paranormal / Misterios de la Biblia,https://www.youtube.com/watch?v=VAYIpuMjK2g,https://eldoqmentalista.github.io/v/que-pasaria-si-la-luna-chocara-contra-la-tierra-el-doqmentalista-cosmo/,,
1301,38784,PSJbfEJnOuY,Brujería: Entrevista Con La Bruja Ancestral. Magia y Religión.,,27 de junio de 2025,1:13:17,documental,El DoQmentalista Podcast,Ocultismo y esoterismo / Misterios de la Biblia / Paranormal,https://www.youtube.com/watch?v=PSJbfEJnOuY,https://eldoqmentalista.github.io/v/brujeria-entrevista-con-la-bruja-ancestral-magia-y-religion/,,
1302,38727,iIn5IYakhOg,"10 Mujeres Guerreras, Poderosas y Temerarias del Mundo Antiguo Parte 2",,26 de septiembre de 2019,14:39,documental,,Paranormal / Ocultismo y esoterismo / Misterios de la Biblia,https://www.youtube.com/watch?v=iIn5IYakhOg,https://eldoqmentalista.github.io/v/10-mujeres-guerreras-poderosas-y-temerarias-del-mundo-antiguo-parte-2/,,
1303,38655,steIwAZTcgg,"Criaturas Satanoides y Yinns Maléficos, Descubre El TERROR, No Dormirás",,24 de marzo de 2020,10:56,documental,,Paranormal / Ángeles y demonios / Ocultismo y esoterismo,https://www.youtube.com/watch?v=steIwAZTcgg,https://eldoqmentalista.github.io/v/criaturas-satanoides-y-yinns-maleficos-descubre-el-terror-no-dormiras/,,
1304,38570,Hr_l8M0nn6U,"Que es Neo paganismo documental significado y origen pagano, Druida, Wicca, nordico, celtas",,19 de noviembre de 2019,10:59,documental,,Paranormal / Ocultismo y esoterismo / Misterios de la Biblia,https://www.youtube.com/watch?v=Hr_l8M0nn6U,https://eldoqmentalista.github.io/v/que-es-neo-paganismo-documental-significado-y-origen-pagano-druida-wic/,,
1305,38563,hbxNRj2opXI,"OJOS LOCOS, Personajes Diabolicos, Casos Paranormales, ralatos y Videos de Terror, leyendas",,21 de agosto de 2018,16:05,documental,,Paranormal / Ocultismo y esoterismo / Misterios de la Biblia,https://www.youtube.com/watch?v=hbxNRj2opXI,https://eldoqmentalista.github.io/v/ojos-locos-personajes-diabolicos-casos-paranormales-ralatos-y-videos-d/,,
1306,38508,Xfl-RM3I3Lg,"Épocas De Hambre, Videos De Terror creepypasta",,27 de julio de 2019,11:12,documental,,Paranormal / Ocultismo y esoterismo / Misterios de la Biblia,https://www.youtube.com/watch?v=Xfl-RM3I3Lg,https://eldoqmentalista.github.io/v/epocas-de-hambre-videos-de-terror-creepypasta/,,
1307,38436,YIxzLmIeRl4,Documental: Cuchillos Históricos Fascinantes - Documentales Interesantes,,20 de julio de 2022,15:52,documental,,Paranormal / Ocultismo y esoterismo / Misterios de la Biblia,https://www.youtube.com/watch?v=YIxzLmIeRl4,https://eldoqmentalista.github.io/v/documental-cuchillos-historicos-fascinantes-documentales-interesantes/,,
1308,38428,aV2qEzkIz1c,El Lado Oscuro De La Mitologia Nórdica - Documentales en Español,,1 de abril de 2023,10:29,documental,,Ocultismo y esoterismo / Paranormal / Misterios de la Biblia,https://www.youtube.com/watch?v=aV2qEzkIz1c,https://eldoqmentalista.github.io/v/el-lado-oscuro-de-la-mitologia-nordica-documentales-en-espanol/,,
1309,38414,gNpDtsF-f4U,"La Extraña Maldición De Mi Familia, Una Bruja mantiene maldita a una familia por generaciones",,5 de diciembre de 2019,7:48,documental,,Paranormal / Ocultismo y esoterismo / Misterios de la Biblia,https://www.youtube.com/watch?v=gNpDtsF-f4U,https://eldoqmentalista.github.io/v/la-extrana-maldicion-de-mi-familia-una-bruja-mantiene-maldita-a-una-fa/,,
1310,38318,4W_MxckFzBg,Documental: INDICIOS DE TECNOLOGÍA EXTRATERRESTRE - Documentales Interesantes,,5 de agosto de 2022,8:55,documental,,Ocultismo y esoterismo / Paranormal / Misterios de la Biblia,https://www.youtube.com/watch?v=4W_MxckFzBg,https://eldoqmentalista.github.io/v/documental-indicios-de-tecnologia-extraterrestre-documentales-interesa/,,
1311,38303,ROkAXaGgR9I,"Leyendas Argentinas, La Deolinda, La Difunta Correa, Historias De Terror",,10 de enero de 2020,12:15,documental,,Paranormal / Ocultismo y esoterismo / Misterios de la Biblia,https://www.youtube.com/watch?v=ROkAXaGgR9I,https://eldoqmentalista.github.io/v/leyendas-argentinas-la-deolinda-la-difunta-correa-historias-de-terror/,,
1312,38272,XluKuqo78jQ,La Leyenda de Aang - Documentales en Español,,13 de julio de 2023,12:14,documental,Documentales Completos,Paranormal / Ocultismo y esoterismo / Misterios de la Biblia,https://www.youtube.com/watch?v=XluKuqo78jQ,https://eldoqmentalista.github.io/v/la-leyenda-de-aang-documentales-en-espanol/,,
1313,38225,PDyOFrywY6s,"LA MAQUINA DE LOS SUEÑOS, vídeos de terror, historias de terror",,2 de abril de 2018,14:11,documental,,Paranormal / Ocultismo y esoterismo / Misterios de la Biblia,https://www.youtube.com/watch?v=PDyOFrywY6s,https://eldoqmentalista.github.io/v/la-maquina-de-los-suenos-videos-de-terror-historias-de-terror/,,
1314,38195,053vnLXlnQI,"El Misterio De Kalachi: La Aldea Donde La Gente Se Duerme Sin Querer, Epidemia De Sueño",,7 de noviembre de 2017,6:48,documental,Misterios y Enigmas,Paranormal / Ocultismo y esoterismo / Misterios de la Biblia,https://www.youtube.com/watch?v=053vnLXlnQI,https://eldoqmentalista.github.io/v/el-misterio-de-kalachi-la-aldea-donde-la-gente-se-duerme-sin-querer-ep/,,
1315,38060,eyuRCcIcp0U,Documental: DON LEONIDAS: UNA TERRORÍFICA HISTORIA REAL - Documentales interesantes,,16 de febrero de 2022,9:19,documental,,Paranormal / Ocultismo y esoterismo / Misterios de la Biblia,https://www.youtube.com/watch?v=eyuRCcIcp0U,https://eldoqmentalista.github.io/v/documental-don-leonidas-una-terrorifica-historia-real-documentales-int/,,
1316,37968,BMGNHeHLT10,"Los Lugares más espeluznantes y aterradores del mundo, la isla Vozrozhdeniya el doqmentalista",,14 de febrero de 2019,5:27,documental,,Paranormal / Ocultismo y esoterismo / Misterios de la Biblia,https://www.youtube.com/watch?v=BMGNHeHLT10,https://eldoqmentalista.github.io/v/los-lugares-mas-espeluznantes-y-aterradores-del-mundo-la-isla-vozrozhd/,,
1317,37798,-1MeGgOXauM,"El DoQ En Vivo, ¿Hice un pacto Con El Diablo?",,20 de enero de 2020,53:41,documental,,Paranormal / Ángeles y demonios / Ocultismo y esoterismo,https://www.youtube.com/watch?v=-1MeGgOXauM,https://eldoqmentalista.github.io/v/el-doq-en-vivo-hice-un-pacto-con-el-diablo/,,
1318,37672,YrWQjz9dDJo,Por qué ponemos árboles de Navidad (Parte II),,17 de diciembre de 2020,10:26,documental,,Paranormal / Ocultismo y esoterismo / Misterios de la Biblia,https://www.youtube.com/watch?v=YrWQjz9dDJo,https://eldoqmentalista.github.io/v/por-que-ponemos-arboles-de-navidad-parte-ii/,,
1319,37626,jh86oZGfUSA,Descubre la verdad oculta: Los Caballos Carnívoros devoradores de hombres - Documentales en Español,,8 de diciembre de 2022,6:46,documental,,Paranormal / Ocultismo y esoterismo / Misterios de la Biblia,https://www.youtube.com/watch?v=jh86oZGfUSA,https://eldoqmentalista.github.io/v/descubre-la-verdad-oculta-los-caballos-carnivoros-devoradores-de-hombr/,,
1320,37570,o-_R2yul9AQ,Conspiración de la IA Maldita y el Nuevo Culto: ¿Dominación o Salvación? - Documentales en Español,,6 de agosto de 2023,13:16,documental,Documentales Completos,Paranormal / Ocultismo y esoterismo / Misterios de la Biblia,https://www.youtube.com/watch?v=o-_R2yul9AQ,https://eldoqmentalista.github.io/v/conspiracion-de-la-ia-maldita-y-el-nuevo-culto-dominacion-o-salvacion-/,,
1321,37534,DIYmv-xX7Sw,Las Diosas Más Poderosas de la Mitología Griega - Documentales en Español,,27 de julio de 2023,13:55,documental,Documentales Completos,Ocultismo y esoterismo / Paranormal / Misterios de la Biblia,https://www.youtube.com/watch?v=DIYmv-xX7Sw,https://eldoqmentalista.github.io/v/las-diosas-mas-poderosas-de-la-mitologia-griega-documentales-en-espano/,,
1322,37282,HSc-PMcBFHM,Documental: TOP 10 DIOSAS DE LA NATURALEZA DESCONOCIDAS - Documentales Interesantes,,6 de agosto de 2022,14:57,documental,,Paranormal / Ocultismo y esoterismo / Misterios de la Biblia,https://www.youtube.com/watch?v=HSc-PMcBFHM,https://eldoqmentalista.github.io/v/documental-top-10-diosas-de-la-naturaleza-desconocidas-documentales-in/,,
1323,37177,cAOnV6jI2tE,Documental: CRIATURAS INQUIETANTES BAJO LA ANTÁRTIDA - Documentales interesantes,,5 de abril de 2022,9:57,documental,,Paranormal / Ocultismo y esoterismo / Misterios de la Biblia,https://www.youtube.com/watch?v=cAOnV6jI2tE,https://eldoqmentalista.github.io/v/documental-criaturas-inquietantes-bajo-la-antartida-documentales-inter/,,
1324,37173,Tqclzx1oJTA,"Scirlin, El Emisario De Satanás, El Espíritu Mensajero Del Infierno, el emisario de luzbel",,11 de septiembre de 2019,6:12,documental,,Paranormal / Ángeles y demonios / Ocultismo y esoterismo,https://www.youtube.com/watch?v=Tqclzx1oJTA,https://eldoqmentalista.github.io/v/scirlin-el-emisario-de-satanas-el-espiritu-mensajero-del-infierno-el-e/,,
1325,37068,94RYU2W0axs,La Ayahuasca y su Poder: Explorando los Misterios de la Medicina Ancestral,,2 de agosto de 2022,10:41,documental,,Paranormal / Ocultismo y esoterismo / Misterios de la Biblia,https://www.youtube.com/watch?v=94RYU2W0axs,https://eldoqmentalista.github.io/v/la-ayahuasca-y-su-poder-explorando-los-misterios-de-la-medicina-ancest/,,
1326,36966,Zjqab6TbqlE,Rhea (Rea) La Madre de los Dioses - Mitología Griega - El DoQmentalista,,4 de junio de 2021,7:45,documental,,Ocultismo y esoterismo / Paranormal / Misterios de la Biblia,https://www.youtube.com/watch?v=Zjqab6TbqlE,https://eldoqmentalista.github.io/v/rhea-rea-la-madre-de-los-dioses-mitologia-griega-el-doqmentalista/,,
1327,36887,5NxlRdsjnr0,"Grandes Mentes De La Historia, Sir Isaac Newton",,12 de octubre de 2019,12:06,documental,,Paranormal / Ocultismo y esoterismo / Misterios de la Biblia,https://www.youtube.com/watch?v=5NxlRdsjnr0,https://eldoqmentalista.github.io/v/grandes-mentes-de-la-historia-sir-isaac-newton/,,
1328,36830,-b1yyR9sibU,¿Vivir sin Dinero? ¡Impactante Realidad!,,29 de enero de 2023,11:13,documental,Misterios y Enigmas,Paranormal / Ocultismo y esoterismo / Misterios de la Biblia,https://www.youtube.com/watch?v=-b1yyR9sibU,https://eldoqmentalista.github.io/v/vivir-sin-dinero-impactante-realidad/,,
1329,36815,jaYFwYPA8Us,Documental: El posible fin del mundo y el Sol devorando la Tierra,,18 de octubre de 2017,5:58,documental,,Paranormal / Ocultismo y esoterismo / Misterios de la Biblia,https://www.youtube.com/watch?v=jaYFwYPA8Us,https://eldoqmentalista.github.io/v/documental-el-posible-fin-del-mundo-y-el-sol-devorando-la-tierra/,,
1330,36800,4KX9liekQJo,"Aletheia, La Diosa De La verdad, Mitología Griega ✅ El DoQmentalista",,26 de mayo de 2021,10:23,documental,,Ocultismo y esoterismo / Paranormal / Misterios de la Biblia,https://www.youtube.com/watch?v=4KX9liekQJo,https://eldoqmentalista.github.io/v/aletheia-la-diosa-de-la-verdad-mitologia-griega-el-doqmentalista/,,
1331,36791,Xb8VagyvdVs,"Santa Claus existe, Historias que te harán recordar a santa claus y la magia de la navidad",,19 de noviembre de 2018,14:27,documental,,Ocultismo y esoterismo / Paranormal / Misterios de la Biblia,https://www.youtube.com/watch?v=Xb8VagyvdVs,https://eldoqmentalista.github.io/v/santa-claus-existe-historias-que-te-haran-recordar-a-santa-claus-y-la-/,,
1332,36710,XymGkUhLe_k,Entrevista: ZOMBIFICACIÓN Y LIBERACIÓN ESPIRITUAL - Documentales interesantes,,31 de marzo de 2022,50:09,documental,El DoQmentalista Podcast,Ocultismo y esoterismo / Paranormal / Misterios de la Biblia,https://www.youtube.com/watch?v=XymGkUhLe_k,https://eldoqmentalista.github.io/v/entrevista-zombificacion-y-liberacion-espiritual-documentales-interesa/,,
1333,36623,uOIX_MD0Cjc,Encuentran el Cuerpo de Buda: El Hallazgo Sagrado Que Cambia la Historia,,18 de julio de 2016,2:28,short,,Paranormal / Ocultismo y esoterismo / Misterios de la Biblia,https://www.youtube.com/watch?v=uOIX_MD0Cjc,https://eldoqmentalista.github.io/v/encuentran-el-cuerpo-de-buda-el-hallazgo-sagrado-que-cambia-la-histori/,,
1334,36580,zMaV5Mor9Gw,Un Hombre Perdido en el Infierno Despues De La Mu3rte,,11 de marzo de 2018,2:55,short,,Paranormal / Ocultismo y esoterismo / Misterios de la Biblia,https://www.youtube.com/watch?v=zMaV5Mor9Gw,https://eldoqmentalista.github.io/v/un-hombre-perdido-en-el-infierno-despues-de-la-mu3rte/,,
1335,36496,nxV9Zk7D1QM,Driadas: Hermosas Mujeres y Diosas de los Árboles - Documentales en Español,,29 de mayo de 2023,12:53,documental,Misterios y Enigmas,Paranormal / Ocultismo y esoterismo / Misterios de la Biblia,https://www.youtube.com/watch?v=nxV9Zk7D1QM,https://eldoqmentalista.github.io/v/driadas-hermosas-mujeres-y-diosas-de-los-arboles-documentales-en-espan/,,
1336,36479,d2Iz6bTNsu0,Documental: LAS DIOSAS DE LA FERTILIDAD: MITOS Y VERDADES - Documentales interesantes,,7 de marzo de 2022,16:21,documental,,Paranormal / Ocultismo y esoterismo / Misterios de la Biblia,https://www.youtube.com/watch?v=d2Iz6bTNsu0,https://eldoqmentalista.github.io/v/documental-las-diosas-de-la-fertilidad-mitos-y-verdades-documentales-i/,,
1337,36476,sVt2EcQdKmM,Las diosas locas de la mitología mundial,,18 de diciembre de 2018,10:19,documental,,Ocultismo y esoterismo / Paranormal / Misterios de la Biblia,https://www.youtube.com/watch?v=sVt2EcQdKmM,https://eldoqmentalista.github.io/v/las-diosas-locas-de-la-mitologia-mundial/,,
1338,36350,BfXtNcKfA64,"¿Cuántos Sentidos Tenemos Realmente?, sentido del gusto, olfato, oído, vista y tacto",,12 de octubre de 2020,9:31,documental,,Paranormal / Ocultismo y esoterismo / Misterios de la Biblia,https://www.youtube.com/watch?v=BfXtNcKfA64,https://eldoqmentalista.github.io/v/cuantos-sentidos-tenemos-realmente-sentido-del-gusto-olfato-oido-vista/,,
1339,36348,VLJty7EwcmQ,Qué es el HO’OPONOPONO/ El DoQmentalista,,16 de mayo de 2019,5:35,documental,,Paranormal / Ocultismo y esoterismo / Misterios de la Biblia,https://www.youtube.com/watch?v=VLJty7EwcmQ,https://eldoqmentalista.github.io/v/que-es-el-ho-oponopono-el-doqmentalista/,,
1340,36305,TM1MTwb5c7g,¡Alerta! ¡Invasión de Langostas Satánicas Anunciará el Fin de los Tiempos! - Documentales en Español,,5 de octubre de 2023,15:06,documental,Misterios y Enigmas,Paranormal / Ángeles y demonios / Ocultismo y esoterismo,https://www.youtube.com/watch?v=TM1MTwb5c7g,https://eldoqmentalista.github.io/v/alerta-invasion-de-langostas-satanicas-anunciara-el-fin-de-los-tiempos/,,
1341,36238,ab8QlkWOSJI,7 Extrañas y Raras criaturas que viven en el FONDO del MAR ✅ El DoQmentalista,,14 de noviembre de 2021,9:03,documental,,Paranormal / Ocultismo y esoterismo / Misterios de la Biblia,https://www.youtube.com/watch?v=ab8QlkWOSJI,https://eldoqmentalista.github.io/v/7-extranas-y-raras-criaturas-que-viven-en-el-fondo-del-mar-el-doqmenta/,,
1342,36133,1WSZOBphAJE,"Exploración Urbana FRACCIONAMIENTO ABANDONADO, Fantasmas Miedo Extranormal Terror Escalofriante",,1 de julio de 2018,10:22,documental,,Paranormal / Ocultismo y esoterismo / Misterios de la Biblia,https://www.youtube.com/watch?v=1WSZOBphAJE,https://eldoqmentalista.github.io/v/exploracion-urbana-fraccionamiento-abandonado-fantasmas-miedo-extranor/,,
1343,36121,FfUDaNK5dyo,Juegos de Guerra - ELEFANTES DE GUERRA Los 'tanques' militares del mundo antiguo,,29 de abril de 2018,10:23,documental,,Paranormal / Ocultismo y esoterismo / Misterios de la Biblia,https://www.youtube.com/watch?v=FfUDaNK5dyo,https://eldoqmentalista.github.io/v/juegos-de-guerra-elefantes-de-guerra-los-tanques-militares-del-mundo-a/,,
1344,36090,uzEMan5Z_bg,Documental: Los Amish: Aislados del Mundo - Documentales Interesantes,,17 de junio de 2022,11:34,documental,,Paranormal / Ocultismo y esoterismo / Misterios de la Biblia,https://www.youtube.com/watch?v=uzEMan5Z_bg,https://eldoqmentalista.github.io/v/documental-los-amish-aislados-del-mundo-documentales-interesantes/,,
1345,35783,giprbotjxAo,1er Lugar - EL ROSTRO DEL MACABRO- Por Isauro Monserrat Requena Avalos,,14 de diciembre de 2020,10:54,documental,,Paranormal / Ocultismo y esoterismo / Misterios de la Biblia,https://www.youtube.com/watch?v=giprbotjxAo,https://eldoqmentalista.github.io/v/1er-lugar-el-rostro-del-macabro-por-isauro-monserrat-requena-avalos/,,
1346,35782,yBpA_3yAaTQ,Documental: Las Wilas Errantes: Espíritus Eslavos - Documentales Interesantes,,28 de junio de 2022,10:23,documental,,Paranormal / Ocultismo y esoterismo / Misterios de la Biblia,https://www.youtube.com/watch?v=yBpA_3yAaTQ,https://eldoqmentalista.github.io/v/documental-las-wilas-errantes-espiritus-eslavos-documentales-interesan/,,
1347,35774,EZfcPeJWvBQ,Los oscuros secretos de Spiderman nunca antes revelados - Documentales en Español,,11 de diciembre de 2022,9:56,documental,,Paranormal / Ocultismo y esoterismo / Misterios de la Biblia,https://www.youtube.com/watch?v=EZfcPeJWvBQ,https://eldoqmentalista.github.io/v/los-oscuros-secretos-de-spiderman-nunca-antes-revelados-documentales-e/,,
1348,35571,poWN-Jrp_Ww,"LAS HERIDAS DEL ALMA REFLEXIONES DE VIDA PARA SER MEJOR, superación personal motivación depresion",,28 de abril de 2020,4:35,documental,,Paranormal / Ocultismo y esoterismo / Misterios de la Biblia,https://www.youtube.com/watch?v=poWN-Jrp_Ww,https://eldoqmentalista.github.io/v/las-heridas-del-alma-reflexiones-de-vida-para-ser-mejor-superacion-per/,,
1349,35561,_x6JSK4eQt0,Documental: ALMAS GEMELAS: ENTREVISTA CON GALIA Y PILAR - Documentales interesantes,,1 de abril de 2022,50:11,documental,El DoQmentalista Podcast,Paranormal / Ocultismo y esoterismo / Misterios de la Biblia,https://www.youtube.com/watch?v=_x6JSK4eQt0,https://eldoqmentalista.github.io/v/documental-almas-gemelas-entrevista-con-galia-y-pilar-documentales-int/,,
1350,35450,gUJRalfDXUs,"La Frecuencia del Miedo 19 Hz, resonancia schumann, El DoQmentalista",,26 de agosto de 2017,6:29,documental,,Paranormal / Ocultismo y esoterismo / Conspiraciones,https://www.youtube.com/watch?v=gUJRalfDXUs,https://eldoqmentalista.github.io/v/la-frecuencia-del-miedo-19-hz-resonancia-schumann-el-doqmentalista/,,
1351,35417,OwxJ4fBgxyY,Documental: DESPERTAR ESPIRITUAL: 10 SEÑALES A CONSIDERAR - Documentales Interesantes,,4 de agosto de 2022,10:16,documental,,Ocultismo y esoterismo / Paranormal / Misterios de la Biblia,https://www.youtube.com/watch?v=OwxJ4fBgxyY,https://eldoqmentalista.github.io/v/documental-despertar-espiritual-10-senales-a-considerar-documentales-i/,,
1352,35398,pKjbEv-le5Y,Top 10 bibliotecas aterradoras que no querrás visitar ✅ El DoQmentalista,,13 de junio de 2021,13:20,documental,,Paranormal / Ocultismo y esoterismo / Misterios de la Biblia,https://www.youtube.com/watch?v=pKjbEv-le5Y,https://eldoqmentalista.github.io/v/top-10-bibliotecas-aterradoras-que-no-querras-visitar-el-doqmentalista/,,
1353,35335,MVPOggnB_qw,TOP 10:  Nombres Más Hermosos Del Mundo ¿Jesús? ¿Lucifer? ¿María Magdalena?,,21 de junio de 2025,26:41,documental,,Ángeles y demonios / Ocultismo y esoterismo / Misterios de la Biblia,https://www.youtube.com/watch?v=MVPOggnB_qw,https://eldoqmentalista.github.io/v/top-10-nombres-mas-hermosos-del-mundo-jesus-lucifer-maria-magdalena/,,
1354,35200,yQNWYJ655Uc,"Qué pasaría si la tierra fuera plana: Terraplanistas, tierra plana pruebas",,11 de enero de 2021,10:49,documental,,Paranormal / Ocultismo y esoterismo / Misterios de la Biblia,https://www.youtube.com/watch?v=yQNWYJ655Uc,https://eldoqmentalista.github.io/v/que-pasaria-si-la-tierra-fuera-plana-terraplanistas-tierra-plana-prueb/,,
1355,35019,S-dlfVxJda0,Audio Hipnosis Guiada Para Lograr Tus Objetivos - El Documentalista,,13 de septiembre de 2022,14:25,documental,,Paranormal / Ocultismo y esoterismo / Misterios de la Biblia,https://www.youtube.com/watch?v=S-dlfVxJda0,https://eldoqmentalista.github.io/v/audio-hipnosis-guiada-para-lograr-tus-objetivos-el-documentalista/,,
1356,35017,Pcu3PQqfJ1o,Santo en tiempo record. Los milagros y la canonización del Papa Francisco.,,21 de abril de 2025,19:04,documental,Misterios y Enigmas,Ocultismo y esoterismo / Misterios de la Biblia / Paranormal,https://www.youtube.com/watch?v=Pcu3PQqfJ1o,https://eldoqmentalista.github.io/v/santo-en-tiempo-record-los-milagros-y-la-canonizacion-del-papa-francis/,,
1357,34962,r7TOBzF5dRI,Clasificación De Encuentros OVNI,,23 de septiembre de 2019,13:50,documental,,Paranormal / Ocultismo y esoterismo / Misterios de la Biblia,https://www.youtube.com/watch?v=r7TOBzF5dRI,https://eldoqmentalista.github.io/v/clasificacion-de-encuentros-ovni/,,
1358,34780,YmcTSCsP8lQ,"Las siniestras verdades detrás de la historia de ""Los Dos Bueyes"" - Documentales en Español",,14 de agosto de 2023,7:07,documental,Documentales Completos,Paranormal / Ocultismo y esoterismo / Misterios de la Biblia,https://www.youtube.com/watch?v=YmcTSCsP8lQ,https://eldoqmentalista.github.io/v/las-siniestras-verdades-detras-de-la-historia-de-los-dos-bueyes-docume/,,
1359,34578,KPAZBMxIjY4,"El Extraño Caso del Hombre lobo de Bulgaria, Encuentran Cráneo de Hombre lobo",,17 de noviembre de 2018,5:39,documental,,Paranormal / Ocultismo y esoterismo / Misterios de la Biblia,https://www.youtube.com/watch?v=KPAZBMxIjY4,https://eldoqmentalista.github.io/v/el-extrano-caso-del-hombre-lobo-de-bulgaria-encuentran-craneo-de-hombr/,,
1360,34541,Yg1ND2kZNl8,"Boudicca La Guerrera, VIDEOS DE VIKINGOS",,9 de junio de 2019,10:51,documental,,Paranormal / Ocultismo y esoterismo / Misterios de la Biblia,https://www.youtube.com/watch?v=Yg1ND2kZNl8,https://eldoqmentalista.github.io/v/boudicca-la-guerrera-videos-de-vikingos/,,
1361,34449,l7qh449mKfM,"""Los Oscuros Misterios del Cerro del Tepeyac: Revelaciones Ocultas y Leyendas Prohibidas""",,17 de octubre de 2023,12:54,documental,Misterios y Enigmas,Paranormal / Ocultismo y esoterismo / Misterios de la Biblia,https://www.youtube.com/watch?v=l7qh449mKfM,https://eldoqmentalista.github.io/v/los-oscuros-misterios-del-cerro-del-tepeyac-revelaciones-ocultas-y-ley/,,
1362,34393,-aqHG2UmnGQ,"CHAT, mensajes de whatsapp desde el mas allá, historias de terror / El DoQmentalista  panda show",,13 de enero de 2019,7:42,documental,,Paranormal / Ocultismo y esoterismo / Misterios de la Biblia,https://www.youtube.com/watch?v=-aqHG2UmnGQ,https://eldoqmentalista.github.io/v/chat-mensajes-de-whatsapp-desde-el-mas-alla-historias-de-terror-el-doq/,,
1363,34334,fOwEcj_AyZQ,Magia: Los enigmas del Hada del Invierno y su historia fascinante,,3 de julio de 2022,8:36,documental,,Ocultismo y esoterismo / Paranormal / Misterios de la Biblia,https://www.youtube.com/watch?v=fOwEcj_AyZQ,https://eldoqmentalista.github.io/v/magia-los-enigmas-del-hada-del-invierno-y-su-historia-fascinante/,,
1364,34329,rXWiAfZodAw,El lado oscuro de la inteligencia artificial en Bestias Míticas - Documentales en Español,,18 de abril de 2023,21:07,documental,,Paranormal / Ocultismo y esoterismo / Misterios de la Biblia,https://www.youtube.com/watch?v=rXWiAfZodAw,https://eldoqmentalista.github.io/v/el-lado-oscuro-de-la-inteligencia-artificial-en-bestias-miticas-docume/,,
1365,34225,TpXOFl2-NOU,"NO FUE MI INTENCIÓN, El Fantasma De Un Gato Aparece, El DoQmentalista, Videos De Terror",,7 de noviembre de 2019,11:14,documental,,Paranormal / Ocultismo y esoterismo / Misterios de la Biblia,https://www.youtube.com/watch?v=TpXOFl2-NOU,https://eldoqmentalista.github.io/v/no-fue-mi-intencion-el-fantasma-de-un-gato-aparece-el-doqmentalista-vi/,,
1366,34225,ydzxzSq57gM,China El País Más Tóxico Del Mundo / la contaminación / impacto ambiental enfermedades respiratorias,,2 de noviembre de 2017,5:36,documental,,Paranormal / Ocultismo y esoterismo / Misterios de la Biblia,https://www.youtube.com/watch?v=ydzxzSq57gM,https://eldoqmentalista.github.io/v/china-el-pais-mas-toxico-del-mundo-la-contaminacion-impacto-ambiental-/,,
1367,34189,WnUWr6PiRZc,Domovoi El Amo De La Casa,,13 de diciembre de 2018,8:50,documental,,Paranormal / Ocultismo y esoterismo / Misterios de la Biblia,https://www.youtube.com/watch?v=WnUWr6PiRZc,https://eldoqmentalista.github.io/v/domovoi-el-amo-de-la-casa/,,
1368,34163,8OSKO515IgA,"Haití, La Cuna De La Zombificación - El Documentalista",,14 de octubre de 2023,0:59,short,,Paranormal / Ángeles y demonios / Ocultismo y esoterismo,https://www.youtube.com/watch?v=8OSKO515IgA,https://eldoqmentalista.github.io/v/haiti-la-cuna-de-la-zombificacion-el-documentalista/,,
1369,33987,LYRoO-FJyx4,"La Lectura En Tu Cerebro, Calma Tu Mente, Aumenta Tus Conocimientos",,24 de agosto de 2019,7:13,documental,,Paranormal / Ocultismo y esoterismo / Misterios de la Biblia,https://www.youtube.com/watch?v=LYRoO-FJyx4,https://eldoqmentalista.github.io/v/la-lectura-en-tu-cerebro-calma-tu-mente-aumenta-tus-conocimientos/,,
1370,33942,xc6dnYou8MQ,"Guerreros de élite, Antiguos Guerreros Persas Los Inmortales",,23 de septiembre de 2020,12:33,documental,,Paranormal / Ocultismo y esoterismo / Misterios de la Biblia,https://www.youtube.com/watch?v=xc6dnYou8MQ,https://eldoqmentalista.github.io/v/guerreros-de-elite-antiguos-guerreros-persas-los-inmortales/,,
1371,33856,9RWPNne2U28,Por qué antes era LOS DoQmentalistas y ahora es EL DoQmentalista,,12 de marzo de 2020,10:57,documental,,Paranormal / Ocultismo y esoterismo / Misterios de la Biblia,https://www.youtube.com/watch?v=9RWPNne2U28,https://eldoqmentalista.github.io/v/por-que-antes-era-los-doqmentalistas-y-ahora-es-el-doqmentalista/,,
1372,33762,eUll_heDMhM,"Ceromancia, VIDEOS DE MAGIA",,23 de junio de 2019,,documental,,Ocultismo y esoterismo / Paranormal / Misterios de la Biblia,https://www.youtube.com/watch?v=eUll_heDMhM,https://eldoqmentalista.github.io/v/ceromancia-videos-de-magia/,,
1373,33639,KisIYri2y-Q,Paranormal: El impactante secreto de Nostradamus sobre el fin del mundo cercano,,11 de septiembre de 2024,13:58,documental,,Paranormal / Ocultismo y esoterismo / Misterios de la Biblia,https://www.youtube.com/watch?v=KisIYri2y-Q,https://eldoqmentalista.github.io/v/paranormal-el-impactante-secreto-de-nostradamus-sobre-el-fin-del-mundo/,,
1374,33619,imzfOiWWtbQ,Religión y Guerra según el Corán. Los musulmanes confían en la victoria.,,23 de junio de 2025,10:10,documental,Misterios y Enigmas,Ocultismo y esoterismo / Misterios de la Biblia / Paranormal,https://www.youtube.com/watch?v=imzfOiWWtbQ,https://eldoqmentalista.github.io/v/religion-y-guerra-segun-el-coran-los-musulmanes-confian-en-la-victoria/,,
1375,33549,7M9BA1zFMw8,"MU, El continente Perdido del Pacífico - El DoQmentalista - El DoQmentalista",,3 de enero de 2024,15:19,documental,,Paranormal / Ocultismo y esoterismo / Misterios de la Biblia,https://www.youtube.com/watch?v=7M9BA1zFMw8,https://eldoqmentalista.github.io/v/mu-el-continente-perdido-del-pacifico-el-doqmentalista-el-doqmentalist/,,
1376,33531,ttX2bjaqngM,Halloween: 5 Rituales Prohibidos Revelados - El DoQmentalista,,30 de octubre de 2023,14:39,documental,Misterios y Enigmas,Ocultismo y esoterismo / Paranormal / Misterios de la Biblia,https://www.youtube.com/watch?v=ttX2bjaqngM,https://eldoqmentalista.github.io/v/halloween-5-rituales-prohibidos-revelados-el-doqmentalista/,,
1377,33503,XPS_4h8bFX8,El DoQmentalista Invitación 2021 - Suscríbete,,13 de marzo de 2021,1:46,short,,Paranormal / Ocultismo y esoterismo / Misterios de la Biblia,https://www.youtube.com/watch?v=XPS_4h8bFX8,https://eldoqmentalista.github.io/v/el-doqmentalista-invitacion-2021-suscribete/,,
1378,33501,dIUh5R4GW-Y,"Arcángel Selaphiel, El Ángel de la oración, te ayuda a escuchar a Dios",,21 de abril de 2021,8:16,documental,,Ángeles y demonios / Paranormal / Ocultismo y esoterismo,https://www.youtube.com/watch?v=dIUh5R4GW-Y,https://eldoqmentalista.github.io/v/arcangel-selaphiel-el-angel-de-la-oracion-te-ayuda-a-escuchar-a-dios/,,
1379,33415,C_AvWGw8PX0,"DESCUBRE MARTE EN 4k, Imágenes NUEVAS, mars perseverance",,27 de julio de 2020,10:33,documental,,Paranormal / Ocultismo y esoterismo / Misterios de la Biblia,https://www.youtube.com/watch?v=C_AvWGw8PX0,https://eldoqmentalista.github.io/v/descubre-marte-en-4k-imagenes-nuevas-mars-perseverance/,,
1380,33264,DZztZ41qjHM,Historias De Terror De Nintendo Switch,,5 de febrero de 2019,11:56,documental,,Paranormal / Ocultismo y esoterismo / Misterios de la Biblia,https://www.youtube.com/watch?v=DZztZ41qjHM,https://eldoqmentalista.github.io/v/historias-de-terror-de-nintendo-switch/,,
1381,33019,7WBB2KmRcyE,Meditación Guiada Para purificar El Cuerpo y Equilibrar el espíritu,,30 de marzo de 2020,10:18,documental,,Paranormal / Ocultismo y esoterismo / Misterios de la Biblia,https://www.youtube.com/watch?v=7WBB2KmRcyE,https://eldoqmentalista.github.io/v/meditacion-guiada-para-purificar-el-cuerpo-y-equilibrar-el-espiritu/,,
1382,32985,mz6pkNhspVE,Las bibliotecas más embrujadas de Estados Unidos,,25 de octubre de 2018,12:00,documental,,Paranormal / Ocultismo y esoterismo / Misterios de la Biblia,https://www.youtube.com/watch?v=mz6pkNhspVE,https://eldoqmentalista.github.io/v/las-bibliotecas-mas-embrujadas-de-estados-unidos/,,
1383,32981,O33FKzAy_tU,Las Diosas Vírginales de la Mitología Griega - Documentales en Español,,23 de julio de 2023,17:32,documental,Documentales Completos,Ocultismo y esoterismo / Paranormal / Misterios de la Biblia,https://www.youtube.com/watch?v=O33FKzAy_tU,https://eldoqmentalista.github.io/v/las-diosas-virginales-de-la-mitologia-griega-documentales-en-espanol/,,
1384,32978,piE0U0LFdTg,"Un Hombre Lobo Llamado Peter Stubbe, descubierto por los habitantes, torturado hasta morir",,16 de agosto de 2018,9:22,documental,,Paranormal / Ocultismo y esoterismo / Misterios de la Biblia,https://www.youtube.com/watch?v=piE0U0LFdTg,https://eldoqmentalista.github.io/v/un-hombre-lobo-llamado-peter-stubbe-descubierto-por-los-habitantes-tor/,,
1385,32817,pv-Q9EzdANs,NUEVA SERIE / Una Historia Que Contar Parte II / HOY EL MIEDO invadirá tu mente,,1 de julio de 2020,15:30,documental,,Paranormal / Ocultismo y esoterismo / Misterios de la Biblia,https://www.youtube.com/watch?v=pv-Q9EzdANs,https://eldoqmentalista.github.io/v/nueva-serie-una-historia-que-contar-parte-ii-hoy-el-miedo-invadira-tu-/,,
1386,32749,BdB2LSkICx0,El Joker: La Historia No Contada - El DoQmentalista,,30 de noviembre de 2023,20:49,documental,Documentales Completos,Paranormal / Ocultismo y esoterismo / Misterios de la Biblia,https://www.youtube.com/watch?v=BdB2LSkICx0,https://eldoqmentalista.github.io/v/el-joker-la-historia-no-contada-el-doqmentalista/,,
1387,32653,WTmGiJBUa9w,EXPLICACIÓN Católicos vs Cristianos - Qué es el Cristianismo primitivo ✅ El DoQmentalista,,31 de agosto de 2021,5:42,documental,,Vaticano e Iglesia / Ocultismo y esoterismo / Paranormal,https://www.youtube.com/watch?v=WTmGiJBUa9w,https://eldoqmentalista.github.io/v/explicacion-catolicos-vs-cristianos-que-es-el-cristianismo-primitivo-e/,,
1388,32634,v1oTeByyEYU,4 Mitos y leyendas fascinantes de Turquía,,4 de septiembre de 2018,8:37,documental,,Paranormal / Ocultismo y esoterismo / Misterios de la Biblia,https://www.youtube.com/watch?v=v1oTeByyEYU,https://eldoqmentalista.github.io/v/4-mitos-y-leyendas-fascinantes-de-turquia/,,
1389,32595,C3Q6A1dqigY,Entrevista: EL PODER DE LA HIPNOSIS: ENTREVISTA CON LUIS GIL - Documentales interesantes,,5 de abril de 2022,59:21,documental,El DoQmentalista Podcast,Paranormal / Ocultismo y esoterismo / Misterios de la Biblia,https://www.youtube.com/watch?v=C3Q6A1dqigY,https://eldoqmentalista.github.io/v/entrevista-el-poder-de-la-hipnosis-entrevista-con-luis-gil-documentale/,,
1390,32524,vclPuykO0xc,La bruja blanca de Rose Hall,,2 de septiembre de 2018,11:26,documental,,Paranormal / Ocultismo y esoterismo / Misterios de la Biblia,https://www.youtube.com/watch?v=vclPuykO0xc,https://eldoqmentalista.github.io/v/la-bruja-blanca-de-rose-hall/,,
1391,32522,OTivi0qamu0,Documental: Krishna: Asesino de Males - Documentales Interesantes,,24 de mayo de 2022,10:19,documental,,Paranormal / Ocultismo y esoterismo / Misterios de la Biblia,https://www.youtube.com/watch?v=OTivi0qamu0,https://eldoqmentalista.github.io/v/documental-krishna-asesino-de-males-documentales-interesantes/,,
1392,32360,rriDJj_vUrM,La Casa de Los Espantos En Saltillo Coahuila México vídeos de miedo,,26 de agosto de 2018,6:28,documental,,Paranormal / Ocultismo y esoterismo / Misterios de la Biblia,https://www.youtube.com/watch?v=rriDJj_vUrM,https://eldoqmentalista.github.io/v/la-casa-de-los-espantos-en-saltillo-coahuila-mexico-videos-de-miedo/,,
1393,32328,N66TIHa7SBo,Yo Antes Era Ateo - El Documentalista,,17 de octubre de 2023,0:57,short,,Paranormal / Ángeles y demonios / Ocultismo y esoterismo,https://www.youtube.com/watch?v=N66TIHa7SBo,https://eldoqmentalista.github.io/v/yo-antes-era-ateo-el-documentalista/,,
1394,32270,562_fwuq3Iw,"LA DAMA EN EL BAÑO, El DoQmentalista",,15 de agosto de 2018,7:08,documental,,Paranormal / Ocultismo y esoterismo / Misterios de la Biblia,https://www.youtube.com/watch?v=562_fwuq3Iw,https://eldoqmentalista.github.io/v/la-dama-en-el-bano-el-doqmentalista/,,
1395,32071,0TgqB3tZCak,"PAPÁ LIBORIO, curandero, ocultista, líder mesiánico y revolucionario de la República Dominicana.​",,12 de abril de 2018,8:23,documental,,Ocultismo y esoterismo / Paranormal / Vaticano e Iglesia,https://www.youtube.com/watch?v=0TgqB3tZCak,https://eldoqmentalista.github.io/v/papa-liborio-curandero-ocultista-lider-mesianico-y-revolucionario-de-l/,,
1396,31973,qu6iQdb-ph8,"Religión: Descubre los secretos de Vishnu, el Guardián de los Hombres",,18 de mayo de 2022,10:21,documental,,Paranormal / Ocultismo y esoterismo / Misterios de la Biblia,https://www.youtube.com/watch?v=qu6iQdb-ph8,https://eldoqmentalista.github.io/v/religion-descubre-los-secretos-de-vishnu-el-guardian-de-los-hombres/,,
1397,31924,SaG5VEsdJHQ,Entrevista: HISTORIAS DE UN EMBALSAMADOR DE CUERPOS - Documentales en Español,,5 de junio de 2023,43:49,documental,El DoQmentalista Podcast,Paranormal / Ocultismo y esoterismo / Misterios de la Biblia,https://www.youtube.com/watch?v=SaG5VEsdJHQ,https://eldoqmentalista.github.io/v/entrevista-historias-de-un-embalsamador-de-cuerpos-documentales-en-esp/,,
1398,31538,Alsbbfn74N0,Documental: Documentales Interesantes,SI (x9),7 de julio de 2023,0:53,short,,Paranormal / Ángeles y demonios / Ocultismo y esoterismo,https://www.youtube.com/watch?v=Alsbbfn74N0,https://eldoqmentalista.github.io/v/documental-documentales-interesantes-9/,,
1399,31457,ULC_rVJBCqk,"Documentales: Galileo Galilei contra la Iglesia Católica, la batalla por la verdad",,29 de septiembre de 2024,13:33,documental,Documentales Completos,Paranormal / Vaticano e Iglesia / Ocultismo y esoterismo,https://www.youtube.com/watch?v=ULC_rVJBCqk,https://eldoqmentalista.github.io/v/documentales-galileo-galilei-contra-la-iglesia-catolica-la-batalla-por/,,
1400,31296,JDqjOHG08C0,El DoQmentalista comete un grave error.,,28 de noviembre de 2019,2:56,short,,Paranormal / Ocultismo y esoterismo / Misterios de la Biblia,https://www.youtube.com/watch?v=JDqjOHG08C0,https://eldoqmentalista.github.io/v/el-doqmentalista-comete-un-grave-error/,,
1401,31260,iPj14hVA25M,"La Inteligencia Artificial, El Fin Del Mundo, Robots malvados",,27 de enero de 2020,14:27,documental,,Paranormal / Ocultismo y esoterismo / Misterios de la Biblia,https://www.youtube.com/watch?v=iPj14hVA25M,https://eldoqmentalista.github.io/v/la-inteligencia-artificial-el-fin-del-mundo-robots-malvados/,,
1402,31244,7wxqaWbtOio,El Sueño Prohibido: Latinoamérica Unida,,19 de enero de 2023,9:23,documental,,Paranormal / Ocultismo y esoterismo / Misterios de la Biblia,https://www.youtube.com/watch?v=7wxqaWbtOio,https://eldoqmentalista.github.io/v/el-sueno-prohibido-latinoamerica-unida/,,
1403,31121,fOjRcY89n0Y,Los 5 documentales que transformarán tu vida - Documentales en Español,,24 de abril de 2023,19:45,documental,,Paranormal / Ocultismo y esoterismo / Misterios de la Biblia,https://www.youtube.com/watch?v=fOjRcY89n0Y,https://eldoqmentalista.github.io/v/los-5-documentales-que-transformaran-tu-vida-documentales-en-espanol/,,
1404,31107,9OpdLyF94kw,"¿Qué es el Trastorno Bipolar? Trastornos psiquiátricos, Cura, Tratamiento",,18 de enero de 2021,5:40,documental,,Paranormal / Ocultismo y esoterismo / Misterios de la Biblia,https://www.youtube.com/watch?v=9OpdLyF94kw,https://eldoqmentalista.github.io/v/que-es-el-trastorno-bipolar-trastornos-psiquiatricos-cura-tratamiento/,,
1405,31085,b_-nnM-SBos,"El DoQmentalista UN “PEQUEÑO” PROBLEMA, Interrumpen Grabación",,24 de junio de 2019,7:12,documental,,Paranormal / Ocultismo y esoterismo / Misterios de la Biblia,https://www.youtube.com/watch?v=b_-nnM-SBos,https://eldoqmentalista.github.io/v/el-doqmentalista-un-pequeno-problema-interrumpen-grabacion/,,
1406,30981,A517rSyauiI,Documental: El Paranormal Caso del Crematorio: Rituales de Brujería reales.,,6 de julio de 2025,21:18,documental,,Ocultismo y esoterismo / Paranormal / Misterios de la Biblia,https://www.youtube.com/watch?v=A517rSyauiI,https://eldoqmentalista.github.io/v/documental-el-paranormal-caso-del-crematorio-rituales-de-brujeria-real/,,
1407,30979,ci83_CHcvdc,"Señales En El Cielo, El Meteorito Que Cambió El Curso Del Cristianismo Hace 2000 años",,9 de noviembre de 2018,11:14,documental,,Paranormal / Ocultismo y esoterismo / Misterios de la Biblia,https://www.youtube.com/watch?v=ci83_CHcvdc,https://eldoqmentalista.github.io/v/senales-en-el-cielo-el-meteorito-que-cambio-el-curso-del-cristianismo-/,,
1408,30866,2Dv7rV-qVC8,"El Mundo 2.0, Respondiendo Preguntas En Vivo, El DoQmentalista",,31 de mayo de 2020,2:13:44,documental,,Paranormal / Ángeles y demonios / Ocultismo y esoterismo,https://www.youtube.com/watch?v=2Dv7rV-qVC8,https://eldoqmentalista.github.io/v/el-mundo-2-0-respondiendo-preguntas-en-vivo-el-doqmentalista/,,
1409,30756,4-YPHcFgwZM,Enigma Documental: Revelando los Enigmas de la Luna y Su Historia,,18 de septiembre de 2017,11:47,documental,,Paranormal / Ocultismo y esoterismo / Misterios de la Biblia,https://www.youtube.com/watch?v=4-YPHcFgwZM,https://eldoqmentalista.github.io/v/enigma-documental-revelando-los-enigmas-de-la-luna-y-su-historia/,,
1410,30716,0-KDcqn1FXo,"El DoQmentalista En Vivo, Fin De Año",,17 de diciembre de 2019,1:30:14,documental,,Paranormal / Ángeles y demonios / Ocultismo y esoterismo,https://www.youtube.com/watch?v=0-KDcqn1FXo,https://eldoqmentalista.github.io/v/el-doqmentalista-en-vivo-fin-de-ano/,,
1411,30668,IPSQC84nBxg,Documental: Catastrofes Aereas: El 737 Max - Documentales Interesantes,,25 de mayo de 2022,8:53,documental,,Paranormal / Ocultismo y esoterismo / Misterios de la Biblia,https://www.youtube.com/watch?v=IPSQC84nBxg,https://eldoqmentalista.github.io/v/documental-catastrofes-aereas-el-737-max-documentales-interesantes/,,
1412,30650,rbzBmBxy2NU,5 veces en las que casi se EXTINGUE LA HUMANIDAD,,30 de junio de 2017,6:31,documental,,Paranormal / Ocultismo y esoterismo / Misterios de la Biblia,https://www.youtube.com/watch?v=rbzBmBxy2NU,https://eldoqmentalista.github.io/v/5-veces-en-las-que-casi-se-extingue-la-humanidad/,,
1413,30585,kHUv4ibMpj4,"Vinculación Animal, Invocando a un Tótem, Rituales, amuletos y Energía",,3 de marzo de 2019,10:30,documental,,Ocultismo y esoterismo / Paranormal / Misterios de la Biblia,https://www.youtube.com/watch?v=kHUv4ibMpj4,https://eldoqmentalista.github.io/v/vinculacion-animal-invocando-a-un-totem-rituales-amuletos-y-energia/,,
1414,30518,hEfd8mIy-JU,Leyenda Urbana / El Hombre Del Paraguas / EL DOQMENTALISTA,,19 de mayo de 2018,5:22,documental,,Paranormal / Ocultismo y esoterismo / Misterios de la Biblia,https://www.youtube.com/watch?v=hEfd8mIy-JU,https://eldoqmentalista.github.io/v/leyenda-urbana-el-hombre-del-paraguas-el-doqmentalista/,,
1415,30514,wJN3XufjbbE,"Historia: Bellona, la diosa romana de la guerra y su conexión con Marte",,3 de mayo de 2018,7:00,documental,,Paranormal / Ocultismo y esoterismo / Misterios de la Biblia,https://www.youtube.com/watch?v=wJN3XufjbbE,https://eldoqmentalista.github.io/v/historia-bellona-la-diosa-romana-de-la-guerra-y-su-conexion-con-marte/,,
1416,30413,l1GE7i0HwIE,Historia: Las Momias Más Sorprendentes y los Misterios que Encierran,,17 de septiembre de 2020,13:00,documental,,Paranormal / Ocultismo y esoterismo / Misterios de la Biblia,https://www.youtube.com/watch?v=l1GE7i0HwIE,https://eldoqmentalista.github.io/v/historia-las-momias-mas-sorprendentes-y-los-misterios-que-encierran/,,
1417,30320,_xStHofB42o,"Increíbles datos sobre el miedo a la oscuridad, NICTOFOBIA ✅ El DoQmentalista",,16 de mayo de 2021,12:11,documental,,Paranormal / Ocultismo y esoterismo / Misterios de la Biblia,https://www.youtube.com/watch?v=_xStHofB42o,https://eldoqmentalista.github.io/v/increibles-datos-sobre-el-miedo-a-la-oscuridad-nictofobia-el-doqmental/,,
1418,30184,U37QykBCdsI,"Misne Balam Parte 2, El Pueblo Fantasma Impresionante y Aterradora exploración",,20 de julio de 2019,56:47,documental,,Paranormal / Ocultismo y esoterismo / Misterios de la Biblia,https://www.youtube.com/watch?v=U37QykBCdsI,https://eldoqmentalista.github.io/v/misne-balam-parte-2-el-pueblo-fantasma-impresionante-y-aterradora-expl/,,
1419,30150,DHkpyP4eXks,La Mona Lisa La Pintura Mas Famosa Del Mundo,,4 de septiembre de 2017,11:46,documental,,Paranormal / Ocultismo y esoterismo / Misterios de la Biblia,https://www.youtube.com/watch?v=DHkpyP4eXks,https://eldoqmentalista.github.io/v/la-mona-lisa-la-pintura-mas-famosa-del-mundo/,,
1420,30145,FEVyoyYAaNI,Terror Real: Descubre las 3 Historias Más Inquietantes del Mundo - Documentales en Español,,23 de febrero de 2023,10:09,documental,,Paranormal / Ocultismo y esoterismo / Misterios de la Biblia,https://www.youtube.com/watch?v=FEVyoyYAaNI,https://eldoqmentalista.github.io/v/terror-real-descubre-las-3-historias-mas-inquietantes-del-mundo-docume/,,
1421,29998,TIuOmx7zN_Y,Misterios: Hanuman y su papel en los mitos de la fuerza divina y la fe,,22 de mayo de 2022,9:53,documental,,Paranormal / Ocultismo y esoterismo / Misterios de la Biblia,https://www.youtube.com/watch?v=TIuOmx7zN_Y,https://eldoqmentalista.github.io/v/misterios-hanuman-y-su-papel-en-los-mitos-de-la-fuerza-divina-y-la-fe/,,
1422,29995,zo24LpwUQ6c,"El Lado Oculto del Documentalista, ¿Qué Esconde?",,4 de marzo de 2023,1:14:43,documental,Misterios y Enigmas,Paranormal / Ocultismo y esoterismo / Misterios de la Biblia,https://www.youtube.com/watch?v=zo24LpwUQ6c,https://eldoqmentalista.github.io/v/el-lado-oculto-del-documentalista-que-esconde/,,
1423,29980,5uASojDwMGo,¿CUÁNTOS HUMANOS PUEDE SOPORTAR LA TIERRA? SOMOS 7.5 BILLONES Y CONTANDO,,9 de agosto de 2018,13:38,documental,,Paranormal / Ocultismo y esoterismo / Misterios de la Biblia,https://www.youtube.com/watch?v=5uASojDwMGo,https://eldoqmentalista.github.io/v/cuantos-humanos-puede-soportar-la-tierra-somos-7-5-billones-y-contando/,,
1424,29897,ivk8ZlqytO4,"El Terror En Mi Ventana, Videos De Terror",,24 de julio de 2019,14:17,documental,,Paranormal / Ocultismo y esoterismo / Misterios de la Biblia,https://www.youtube.com/watch?v=ivk8ZlqytO4,https://eldoqmentalista.github.io/v/el-terror-en-mi-ventana-videos-de-terror/,,
1425,29875,ySCdLJZgMvA,"Concurso El Rostro Del Macabro (Entretenimiento, El DoQmentalista)",,30 de noviembre de 2020,2:11,short,,Paranormal / Ocultismo y esoterismo / Misterios de la Biblia,https://www.youtube.com/watch?v=ySCdLJZgMvA,https://eldoqmentalista.github.io/v/concurso-el-rostro-del-macabro-entretenimiento-el-doqmentalista/,,
1426,29859,GFIzJ_nFq0I,"El DoQmentalista EN VIVO AHORA, Respondiendo Preguntas",SI (x2),4 de junio de 2021,1:37:32,documental,,Paranormal / Ángeles y demonios / Ocultismo y esoterismo,https://www.youtube.com/watch?v=GFIzJ_nFq0I,https://eldoqmentalista.github.io/v/el-doqmentalista-en-vivo-ahora-respondiendo-preguntas/,,
1427,29797,ib60BzYLdYI,"Audio 8D Los Aluxes, Duendes mayas duermen con los ojos abiertos, audio ASMR autor Roldán Peniche",,15 de julio de 2019,3:28,documental,,Paranormal / Ocultismo y esoterismo / Misterios de la Biblia,https://www.youtube.com/watch?v=ib60BzYLdYI,https://eldoqmentalista.github.io/v/audio-8d-los-aluxes-duendes-mayas-duermen-con-los-ojos-abiertos-audio-/,,
1428,29612,IZA4FjpOmVY,Documental: Los Exorcismos Judíos y sus Casos Reales de Demonios,,13 de julio de 2020,15:08,documental,,Paranormal / Ángeles y demonios / Ocultismo y esoterismo,https://www.youtube.com/watch?v=IZA4FjpOmVY,https://eldoqmentalista.github.io/v/documental-los-exorcismos-judios-y-sus-casos-reales-de-demonios/,,
1429,29455,3HVRfiimYSY,Documentales: El poder de la hostia y los secretos más ocultos de la Iglesia,,11 de agosto de 2024,13:28,documental,Misterios y Enigmas,Paranormal / Ocultismo y esoterismo / Vaticano e Iglesia,https://www.youtube.com/watch?v=3HVRfiimYSY,https://eldoqmentalista.github.io/v/documentales-el-poder-de-la-hostia-y-los-secretos-mas-ocultos-de-la-ig/,,
1430,29453,jzGGJjuUY2c,"Las Catacumbas de Arlés, La Fotografía de un Espectro en la Oscuridad",,10 de diciembre de 2019,11:34,documental,,Paranormal / Ocultismo y esoterismo / Misterios de la Biblia,https://www.youtube.com/watch?v=jzGGJjuUY2c,https://eldoqmentalista.github.io/v/las-catacumbas-de-arles-la-fotografia-de-un-espectro-en-la-oscuridad/,,
1431,29411,N51zzXA584w,Túneles Misteriosos y Sitios Subterráneos,,29 de noviembre de 2018,13:36,documental,Misterios y Enigmas,Paranormal / Ocultismo y esoterismo / Misterios de la Biblia,https://www.youtube.com/watch?v=N51zzXA584w,https://eldoqmentalista.github.io/v/tuneles-misteriosos-y-sitios-subterraneos/,,
1432,29165,MuAF2LWzcnM,"El DoQmentalista En Vivo Ahora, Respondiendo Preguntas",SI (x2),12 de febrero de 2021,1:17:45,documental,,Paranormal / Ángeles y demonios / Ocultismo y esoterismo,https://www.youtube.com/watch?v=MuAF2LWzcnM,https://eldoqmentalista.github.io/v/el-doqmentalista-en-vivo-ahora-respondiendo-preguntas-2/,,
1433,29085,QKdHzKWdaqM,Una Historia de Transformación: ¿Cómo Una Cartera Perdida Cambió Una Vida?,,18 de agosto de 2022,12:22,documental,,Paranormal / Ocultismo y esoterismo / Misterios de la Biblia,https://www.youtube.com/watch?v=QKdHzKWdaqM,https://eldoqmentalista.github.io/v/una-historia-de-transformacion-como-una-cartera-perdida-cambio-una-vid/,,
1434,29050,XUkHL4_iGSA,¡Los Armas Futuristas Más INCREÍBLES y Secretas Descubiertas!,,4 de mayo de 2021,10:19,documental,,Paranormal / Ocultismo y esoterismo / Misterios de la Biblia,https://www.youtube.com/watch?v=XUkHL4_iGSA,https://eldoqmentalista.github.io/v/los-armas-futuristas-mas-increibles-y-secretas-descubiertas/,,
1435,29036,ZJO-pD2vxtw,Misterios: Revelando las Profecías de Nostradamus sobre el Apocalipsis,,4 de julio de 2025,13:11,documental,,Misterios de la Biblia / Profecías / Ocultismo y esoterismo,https://www.youtube.com/watch?v=ZJO-pD2vxtw,https://eldoqmentalista.github.io/v/misterios-revelando-las-profecias-de-nostradamus-sobre-el-apocalipsis/,,
1436,28996,YRYtQbYwx9U,Descubre los misterios detrás del Ojo de la Cerradura ¡Vídeos de Terror!,,6 de junio de 2018,3:36,documental,,Paranormal / Ocultismo y esoterismo / Misterios de la Biblia,https://www.youtube.com/watch?v=YRYtQbYwx9U,https://eldoqmentalista.github.io/v/descubre-los-misterios-detras-del-ojo-de-la-cerradura-videos-de-terror/,,
1437,28908,xyLZ_j7l8kU,La Señal de la Cruz: ¿Gesto Sagrado o Portal a Secretos Prohibidos? - Documentales en Español,,7 de octubre de 2023,11:58,documental,Misterios y Enigmas,Paranormal / Ocultismo y esoterismo / Misterios de la Biblia,https://www.youtube.com/watch?v=xyLZ_j7l8kU,https://eldoqmentalista.github.io/v/la-senal-de-la-cruz-gesto-sagrado-o-portal-a-secretos-prohibidos-docum/,,
1438,28842,DLICA82QmkU,"El DoQ En Vivo, Hablo sobre Corona virus, conferencia en cdmx y la iglesia",,7 de febrero de 2020,1:24:35,documental,,Paranormal / Ángeles y demonios / Vaticano e Iglesia,https://www.youtube.com/watch?v=DLICA82QmkU,https://eldoqmentalista.github.io/v/el-doq-en-vivo-hablo-sobre-corona-virus-conferencia-en-cdmx-y-la-igles/,,
1439,28834,tkomzSq7Ouo,"La Historia Del Dinero, Del Trueque Al Bitcoin 5 mil años de Antigüedad al  crypto",,13 de marzo de 2019,10:48,documental,,Paranormal / Ocultismo y esoterismo / Misterios de la Biblia,https://www.youtube.com/watch?v=tkomzSq7Ouo,https://eldoqmentalista.github.io/v/la-historia-del-dinero-del-trueque-al-bitcoin-5-mil-anos-de-antiguedad/,,
1440,28795,jR_CHAK807s,Respondiendo EXTRAÑAS Preguntas De Mis Suscriptores creepypasta,,17 de noviembre de 2020,1:36:38,documental,,Paranormal / Ángeles y demonios / Ocultismo y esoterismo,https://www.youtube.com/watch?v=jR_CHAK807s,https://eldoqmentalista.github.io/v/respondiendo-extranas-preguntas-de-mis-suscriptores-creepypasta/,,
1441,28753,QszRv05t5tg,"El Hada de los Dulces, El DoQmentalista",,3 de junio de 2018,6:53,documental,,Paranormal / Ocultismo y esoterismo / Misterios de la Biblia,https://www.youtube.com/watch?v=QszRv05t5tg,https://eldoqmentalista.github.io/v/el-hada-de-los-dulces-el-doqmentalista/,,
1442,28692,1gnr2ycWAv8,La historia de Starbucks que nunca te contaron,,4 de octubre de 2023,13:39,documental,Misterios y Enigmas,Paranormal / Ocultismo y esoterismo / Misterios de la Biblia,https://www.youtube.com/watch?v=1gnr2ycWAv8,https://eldoqmentalista.github.io/v/la-historia-de-starbucks-que-nunca-te-contaron/,,
1443,28632,FrUfkXjojoA,Descubriendo los Misterios de los Bebedores de Sangre: ¿Deidades o Vampiros?,,17 de noviembre de 2018,12:08,documental,,Paranormal / Ocultismo y esoterismo / Misterios de la Biblia,https://www.youtube.com/watch?v=FrUfkXjojoA,https://eldoqmentalista.github.io/v/descubriendo-los-misterios-de-los-bebedores-de-sangre-deidades-o-vampi/,,
1444,28631,zobVwOE-7cA,"Te Cuento una Historia De Terror De Mi Libro, En Vivo",,5 de abril de 2020,1:01:01,documental,,Paranormal / Ángeles y demonios / Ocultismo y esoterismo,https://www.youtube.com/watch?v=zobVwOE-7cA,https://eldoqmentalista.github.io/v/te-cuento-una-historia-de-terror-de-mi-libro-en-vivo/,,
1445,28579,eNQV3ipG0CM,El Poderoso Berserker: ¿El Poder Prohibido De Los Vikingos? - Documentales en Español,,5 de octubre de 2023,11:29,documental,Misterios y Enigmas,Paranormal / Ocultismo y esoterismo / Misterios de la Biblia,https://www.youtube.com/watch?v=eNQV3ipG0CM,https://eldoqmentalista.github.io/v/el-poderoso-berserker-el-poder-prohibido-de-los-vikingos-documentales-/,,
1446,28568,wk9MI3Eefyc,LA HECHICERA SUPREMA - Brujeria y La Alquimia con MAGIA NATURAL - La Bruja Asterium Renneti,,24 de noviembre de 2023,1:01:07,documental,,Ocultismo y esoterismo / Paranormal / Misterios de la Biblia,https://www.youtube.com/watch?v=wk9MI3Eefyc,https://eldoqmentalista.github.io/v/la-hechicera-suprema-brujeria-y-la-alquimia-con-magia-natural-la-bruja/,,
1447,28556,5i5WfvlT8ms,Entrevista con @paranormando Los Misterios Están Desvelando su Verdad! - Documentales en Español,,17 de marzo de 2023,53:37,documental,Misterios y Enigmas,Paranormal / Ocultismo y esoterismo / Misterios de la Biblia,https://www.youtube.com/watch?v=5i5WfvlT8ms,https://eldoqmentalista.github.io/v/entrevista-con-paranormando-los-misterios-estan-desvelando-su-verdad-d/,,
1448,28477,ZBWeJrJ5qC0,Las Historías Más Aterradoras de Sueños Calcinados...¡No Durmiendo Jamás!,,19 de agosto de 2019,7:52,documental,,Paranormal / Ocultismo y esoterismo / Misterios de la Biblia,https://www.youtube.com/watch?v=ZBWeJrJ5qC0,https://eldoqmentalista.github.io/v/las-historias-mas-aterradoras-de-suenos-calcinados-no-durmiendo-jamas/,,
1449,28418,X1kHMz5wAXo,No metas a un bebé recien nacido al agua  #brujeria  #supersticiones  #mitos  #mitosyleyendas #bebés,,19 de marzo de 2024,0:28,short,,Paranormal / Misterios de la Biblia / Conspiraciones,https://www.youtube.com/watch?v=X1kHMz5wAXo,https://eldoqmentalista.github.io/v/no-metas-a-un-bebe-recien-nacido-al-agua-brujeria-supersticiones-mitos/,,
1450,28401,kPTfVHiOzoI,Reaccionando a video decovid-19en Tijuana,,16 de abril de 2020,27:28,documental,,Paranormal / Ángeles y demonios / Ocultismo y esoterismo,https://www.youtube.com/watch?v=kPTfVHiOzoI,https://eldoqmentalista.github.io/v/reaccionando-a-video-decovid-19en-tijuana/,,
1451,28288,gn6O62_GQLA,Historias De Terror | ENCUENTRAN UN BOSQUE EMBRUJADO - El DoQmentalista,,18 de junio de 2023,12:02,documental,Misterios y Enigmas,Paranormal / Ocultismo y esoterismo / Misterios de la Biblia,https://www.youtube.com/watch?v=gn6O62_GQLA,https://eldoqmentalista.github.io/v/historias-de-terror-encuentran-un-bosque-embrujado-el-doqmentalista/,,
1452,28270,6gIO3-VO_t4,"¿Cómo los Médiums Usan el ""Poder""? ¡Descúbrelo en este Documental Provocador!",,25 de abril de 2022,10:53,documental,,Paranormal / Ocultismo y esoterismo / Misterios de la Biblia,https://www.youtube.com/watch?v=6gIO3-VO_t4,https://eldoqmentalista.github.io/v/como-los-mediums-usan-el-poder-descubrelo-en-este-documental-provocado/,,
1453,28182,nMSGHX4toRM,Secretos Revelados de la Purificación del Cuerpo de Jesús - Documentales en Español,,17 de septiembre de 2023,15:58,documental,Misterios y Enigmas,Paranormal / Ocultismo y esoterismo / Misterios de la Biblia,https://www.youtube.com/watch?v=nMSGHX4toRM,https://eldoqmentalista.github.io/v/secretos-revelados-de-la-purificacion-del-cuerpo-de-jesus-documentales/,,
1454,28181,Ui-cK3mGcWQ,¡Descubre la Historia de Venganza de un Rey Santo!,,15 de mayo de 2018,10:08,documental,,Paranormal / Ocultismo y esoterismo / Misterios de la Biblia,https://www.youtube.com/watch?v=Ui-cK3mGcWQ,https://eldoqmentalista.github.io/v/descubre-la-historia-de-venganza-de-un-rey-santo/,,
1455,28095,-9_jAo4WVPI,"Documental : Criaturas Mitológicas, el hombre lobo y otras bestias de infierno.",,10 de julio de 2025,14:00,documental,Misterios y Enigmas,Ocultismo y esoterismo / Misterios de la Biblia / Paranormal,https://www.youtube.com/watch?v=-9_jAo4WVPI,https://eldoqmentalista.github.io/v/documental-criaturas-mitologicas-el-hombre-lobo-y-otras-bestias-de-inf/,,
1456,27888,Rgr4Y4Cnvyo,Artemisa La Diosa de la Cacería Y La Naturaleza - Mitología Griega ✅ El DoQmentalista,,1 de junio de 2021,8:02,documental,,Ocultismo y esoterismo / Paranormal / Misterios de la Biblia,https://www.youtube.com/watch?v=Rgr4Y4Cnvyo,https://eldoqmentalista.github.io/v/artemisa-la-diosa-de-la-caceria-y-la-naturaleza-mitologia-griega-el-do/,,
1457,27815,E5aGbu0LLe0,Enigma: Las 7 Muertes Más Impactantes en la Historia de la Biblia,,3 de septiembre de 2024,15:17,documental,Documentales Completos,Paranormal / Misterios de la Biblia / Ocultismo y esoterismo,https://www.youtube.com/watch?v=E5aGbu0LLe0,https://eldoqmentalista.github.io/v/enigma-las-7-muertes-mas-impactantes-en-la-historia-de-la-biblia/,,
1458,27806,lltm5QpzQhE,¿Quiénes Son los 10 Luchadores Más Peligrosos del Mundo? Descúbrelo Aquí.,,27 de julio de 2022,10:28,documental,,Paranormal / Ocultismo y esoterismo / Misterios de la Biblia,https://www.youtube.com/watch?v=lltm5QpzQhE,https://eldoqmentalista.github.io/v/quienes-son-los-10-luchadores-mas-peligrosos-del-mundo-descubrelo-aqui/,,
1459,27774,f-d6wwpjpHQ,La Ciudad Sumergida de Medellín #leyendas #paranormal,,28 de agosto de 2025,1:02,short,,Paranormal / Misterios de la Biblia / Ángeles y demonios,https://www.youtube.com/watch?v=f-d6wwpjpHQ,https://eldoqmentalista.github.io/v/la-ciudad-sumergida-de-medellin-leyendas-paranormal/,,
1460,27769,CF1PuiMnm9c,La Brujería en Haití - El Documentalista,,16 de octubre de 2023,0:59,short,,Paranormal / Ángeles y demonios / Ocultismo y esoterismo,https://www.youtube.com/watch?v=CF1PuiMnm9c,https://eldoqmentalista.github.io/v/la-brujeria-en-haiti-el-documentalista/,,
1461,27589,BW-vr1VxN5o,10 Montañas Mágicas Que Existen En Realidad - Investigación Histórica - Documentales en Español,,3 de octubre de 2023,17:52,documental,Misterios y Enigmas,Paranormal / Ocultismo y esoterismo / Misterios de la Biblia,https://www.youtube.com/watch?v=BW-vr1VxN5o,https://eldoqmentalista.github.io/v/10-montanas-magicas-que-existen-en-realidad-investigacion-historica-do/,,
1462,27587,2436rSimx0E,El misterio real detrás del Jinete sin Cabeza ⚔️ #leyendas #shorts #halloween #sleepyhollow,,12 de septiembre de 2025,0:43,short,,Paranormal / Misterios de la Biblia / Ángeles y demonios,https://www.youtube.com/watch?v=2436rSimx0E,https://eldoqmentalista.github.io/v/el-misterio-real-detras-del-jinete-sin-cabeza-leyendas-shorts-hallowee/,,
1463,27530,cRMI633KKrg,Versiculos Horrendos De La Biblia  #terrorymisterio #reflexion #historiascortasdehorror,,22 de marzo de 2024,0:35,short,,Misterios de la Biblia / Paranormal,https://www.youtube.com/watch?v=cRMI633KKrg,https://eldoqmentalista.github.io/v/versiculos-horrendos-de-la-biblia-terrorymisterio-reflexion-historiasc/,,
1464,27299,g_AzuAZos8o,Lilith: la primera esposa de adán borrada de la historia por insistir en la igualdad de género,,6 de diciembre de 2023,52:55,documental,Documentales Completos,Paranormal / Ocultismo y esoterismo / Misterios de la Biblia,https://www.youtube.com/watch?v=g_AzuAZos8o,https://eldoqmentalista.github.io/v/lilith-la-primera-esposa-de-adan-borrada-de-la-historia-por-insistir-e/,,
1465,27296,nsVcQJ88Evk,"El DoQmentalista en vivo, RESPONDIENDO PREGUNTAS - 14/11/2021",,13 de noviembre de 2021,2:09:45,documental,,Paranormal / Ángeles y demonios / Ocultismo y esoterismo,https://www.youtube.com/watch?v=nsVcQJ88Evk,https://eldoqmentalista.github.io/v/el-doqmentalista-en-vivo-respondiendo-preguntas-14-11-2021/,,
1466,27246,Jcf6fd5DqeM,Documentales: El fuego como arma espiritual y su verdad oculta en la biblia,,1 de septiembre de 2024,13:35,documental,Documentales Completos,Ocultismo y esoterismo / Paranormal / Misterios de la Biblia,https://www.youtube.com/watch?v=Jcf6fd5DqeM,https://eldoqmentalista.github.io/v/documentales-el-fuego-como-arma-espiritual-y-su-verdad-oculta-en-la-bi/,,
1467,27145,AWdkKUW6Nb4,"Entrevista a una bruja moderna, Conversación con una bruja moderna",,17 de marzo de 2025,0:20,short,,Paranormal / Misterios de la Biblia / Ocultismo y esoterismo,https://www.youtube.com/watch?v=AWdkKUW6Nb4,https://eldoqmentalista.github.io/v/entrevista-a-una-bruja-moderna-conversacion-con-una-bruja-moderna/,,
1468,27131,m7wnFWMkwL4,Top 5: Ángeles Más Peligrosos que Desafían la Imaginación,,8 de octubre de 2024,17:07,documental,,Paranormal / Ángeles y demonios / Ocultismo y esoterismo,https://www.youtube.com/watch?v=m7wnFWMkwL4,https://eldoqmentalista.github.io/v/top-5-angeles-mas-peligrosos-que-desafian-la-imaginacion/,,
1469,26942,3g5iCNDjYZU,Top 5: Demonios Menores que Desafían la Mitología de Ángeles,,6 de octubre de 2024,18:06,documental,,Ángeles y demonios / Ocultismo y esoterismo / Paranormal,https://www.youtube.com/watch?v=3g5iCNDjYZU,https://eldoqmentalista.github.io/v/top-5-demonios-menores-que-desafian-la-mitologia-de-angeles/,,
1470,26691,Rf8diE_uWVE,El Depredador Más Temible del Mundo: Los Humanos - El DoQmentalista,,15 de octubre de 2023,13:13,documental,Misterios y Enigmas,Paranormal / Ocultismo y esoterismo / Misterios de la Biblia,https://www.youtube.com/watch?v=Rf8diE_uWVE,https://eldoqmentalista.github.io/v/el-depredador-mas-temible-del-mundo-los-humanos-el-doqmentalista/,,
1471,26688,9sPjercX3zA,"Barachiel - El Arcángel de las Bendiciones, la Fortuna y los Milagros Divinos - El DoQmentalista",,7 de noviembre de 2023,14:08,documental,Misterios y Enigmas,Paranormal / Ángeles y demonios / Ocultismo y esoterismo,https://www.youtube.com/watch?v=9sPjercX3zA,https://eldoqmentalista.github.io/v/barachiel-el-arcangel-de-las-bendiciones-la-fortuna-y-los-milagros-div/,,
1472,26684,d8MfyZMVnU0,Historia: San Judas Tadeo y la verdad oculta que cambiará tu fe para siempre,,10 de septiembre de 2024,11:44,documental,,Paranormal / Ocultismo y esoterismo / Misterios de la Biblia,https://www.youtube.com/watch?v=d8MfyZMVnU0,https://eldoqmentalista.github.io/v/historia-san-judas-tadeo-y-la-verdad-oculta-que-cambiara-tu-fe-para-si/,,
1473,26474,0TDYAbeXiHM,"Pok-ta-pok Sacrificio, tradición Y Mu3r†3 - Documentales en Español",,25 de mayo de 2023,11:48,documental,,Paranormal / Ocultismo y esoterismo / Misterios de la Biblia,https://www.youtube.com/watch?v=0TDYAbeXiHM,https://eldoqmentalista.github.io/v/pok-ta-pok-sacrificio-tradicion-y-mu3r-3-documentales-en-espanol/,,
1474,26432,1oYzFnmvG1M,¿Por Qué Los Animales Eran Dioses Para Nuestros Ancestros?,,7 de junio de 2025,30:34,documental,Misterios y Enigmas,Ocultismo y esoterismo / Misterios de la Biblia / Paranormal,https://www.youtube.com/watch?v=1oYzFnmvG1M,https://eldoqmentalista.github.io/v/por-que-los-animales-eran-dioses-para-nuestros-ancestros/,,
1475,26429,6TWAOQPGXUk,Qué Dice La Biblia Sobre El Divorcio - PECADO,,25 de junio de 2022,13:21,documental,,Paranormal / Misterios de la Biblia / Ocultismo y esoterismo,https://www.youtube.com/watch?v=6TWAOQPGXUk,https://eldoqmentalista.github.io/v/que-dice-la-biblia-sobre-el-divorcio-pecado/,,
1476,26382,GAkmqN99cik,Documental: Historia de los 4 Animales Que Predicen El Futuro.,,12 de junio de 2025,20:14,documental,Misterios y Enigmas,Ocultismo y esoterismo / Misterios de la Biblia / Paranormal,https://www.youtube.com/watch?v=GAkmqN99cik,https://eldoqmentalista.github.io/v/documental-historia-de-los-4-animales-que-predicen-el-futuro/,,
1477,26239,qXvpE8S7aAA,El DoQmentalista En Vivo Respondiendo preguntas raras y haciendo unboxing,,20 de mayo de 2019,51:53,documental,,Paranormal / Ángeles y demonios / Ocultismo y esoterismo,https://www.youtube.com/watch?v=qXvpE8S7aAA,https://eldoqmentalista.github.io/v/el-doqmentalista-en-vivo-respondiendo-preguntas-raras-y-haciendo-unbox/,,
1478,25634,AAGAKJd3oac,5 Símbolos Oscuros de Halloween que Aterraran - El DoQmentalista,,30 de octubre de 2023,12:33,documental,Misterios y Enigmas,Paranormal / Ocultismo y esoterismo / Misterios de la Biblia,https://www.youtube.com/watch?v=AAGAKJd3oac,https://eldoqmentalista.github.io/v/5-simbolos-oscuros-de-halloween-que-aterraran-el-doqmentalista/,,
1479,25393,DMAhUloeiqc,#shorts El DoQmentalista: Explorando Misterios y Documentales,,8 de julio de 2023,0:58,short,,Paranormal / Ángeles y demonios / Ocultismo y esoterismo,https://www.youtube.com/watch?v=DMAhUloeiqc,https://eldoqmentalista.github.io/v/shorts-el-doqmentalista-explorando-misterios-y-documentales/,,
1480,25336,MjYvFx4YK1k,"Te Regalo Un Vademécum Del Terror, El DoQmentalista CONCURSA",,21 de marzo de 2020,1:34:15,documental,,Paranormal / Ángeles y demonios / Ocultismo y esoterismo,https://www.youtube.com/watch?v=MjYvFx4YK1k,https://eldoqmentalista.github.io/v/te-regalo-un-vademecum-del-terror-el-doqmentalista-concursa/,,
1481,25285,a1HMX2erhF0,"Religión bajo la lupa: Dios, El limbo: y los bebés no bautizados.",,1 de julio de 2025,11:44,documental,Misterios y Enigmas,Ocultismo y esoterismo / Misterios de la Biblia / Paranormal,https://www.youtube.com/watch?v=a1HMX2erhF0,https://eldoqmentalista.github.io/v/religion-bajo-la-lupa-dios-el-limbo-y-los-bebes-no-bautizados/,,
1482,25172,EKTVDY1SjFs,El cambio tras el pacto: ¿qué se pierde? #eldoqmentalista #alma,,13 de agosto de 2025,0:43,short,,Paranormal / Misterios de la Biblia / Ocultismo y esoterismo,https://www.youtube.com/watch?v=EKTVDY1SjFs,https://eldoqmentalista.github.io/v/el-cambio-tras-el-pacto-que-se-pierde-eldoqmentalista-alma/,,
1483,25088,WaBZXg9UVYc,La verdadera apariencia del diablo y nuestros miedos internos,,10 de enero de 2024,0:50,short,,Conspiraciones / Misterios de la Biblia / Paranormal,https://www.youtube.com/watch?v=WaBZXg9UVYc,https://eldoqmentalista.github.io/v/la-verdadera-apariencia-del-diablo-y-nuestros-miedos-internos/,,
1484,24928,4yRGFvumvsk,A Que Caray Otra Vez,,8 de abril de 2018,2:11:59,documental,,Paranormal / Ángeles y demonios / Ocultismo y esoterismo,https://www.youtube.com/watch?v=4yRGFvumvsk,https://eldoqmentalista.github.io/v/a-que-caray-otra-vez/,,
1485,24772,0FcuuJ2zvds,¡La Catrina Misterios y Sombras del Más Allá! - El DoQmentalista,,1 de noviembre de 2023,12:49,documental,Misterios y Enigmas,Paranormal / Ocultismo y esoterismo / Misterios de la Biblia,https://www.youtube.com/watch?v=0FcuuJ2zvds,https://eldoqmentalista.github.io/v/la-catrina-misterios-y-sombras-del-mas-alla-el-doqmentalista/,,
1486,24664,EVIlmZLeD_w,Terror En Las Catacumbas De París - #terrorymisterio #eldoqmentalista #terror #enigma,,27 de marzo de 2024,0:33,short,,Misterios de la Biblia / Paranormal,https://www.youtube.com/watch?v=EVIlmZLeD_w,https://eldoqmentalista.github.io/v/terror-en-las-catacumbas-de-paris-terrorymisterio-eldoqmentalista-terr/,,
1487,24418,bgE1_pura0M,Terror: 5 maldiciones bíblicas que te harán temer por tu vida,,25 de septiembre de 2024,13:19,documental,,Paranormal / Misterios de la Biblia / Ocultismo y esoterismo,https://www.youtube.com/watch?v=bgE1_pura0M,https://eldoqmentalista.github.io/v/terror-5-maldiciones-biblicas-que-te-haran-temer-por-tu-vida/,,
1488,24397,jB2Mrngk8eQ,¿Cómo Cambia tu Vida Después de Conversar con un Psicólogo Espiritual?,,22 de agosto de 2022,52:42,documental,,Ocultismo y esoterismo / Paranormal / Misterios de la Biblia,https://www.youtube.com/watch?v=jB2Mrngk8eQ,https://eldoqmentalista.github.io/v/como-cambia-tu-vida-despues-de-conversar-con-un-psicologo-espiritual/,,
1489,24352,OcNIe_nzTTM,De Adorables a Temibles: El Misterioso Origen de los Gremlins - Documentales en Español,,23 de agosto de 2023,12:48,documental,Documentales Completos,Paranormal / Ocultismo y esoterismo / Misterios de la Biblia,https://www.youtube.com/watch?v=OcNIe_nzTTM,https://eldoqmentalista.github.io/v/de-adorables-a-temibles-el-misterioso-origen-de-los-gremlins-documenta/,,
1490,24301,CDLii8reVCc,Paranormal: Historias de terror de brujas reales parte 1 | cuentos de brujería,,19 de septiembre de 2024,16:30,documental,,Paranormal / Ocultismo y esoterismo / Misterios de la Biblia,https://www.youtube.com/watch?v=CDLii8reVCc,https://eldoqmentalista.github.io/v/paranormal-historias-de-terror-de-brujas-reales-parte-1-cuentos-de-bru/,,
1491,24168,8N4RV3mHlkk,"Ángeles: Vehuiah, el ángel de la voluntad y del nuevo comienzo según la Biblia",,10 de octubre de 2024,12:21,documental,,Ángeles y demonios / Paranormal / Misterios de la Biblia,https://www.youtube.com/watch?v=8N4RV3mHlkk,https://eldoqmentalista.github.io/v/angeles-vehuiah-el-angel-de-la-voluntad-y-del-nuevo-comienzo-segun-la-/,,
1492,24128,P4xjk2BWrzU,Misterios del Mundo: 4 Criaturas Olvidadas por la Historia que Debes Conocer,,11 de octubre de 2023,13:24,documental,Misterios y Enigmas,Paranormal / Ocultismo y esoterismo / Misterios de la Biblia,https://www.youtube.com/watch?v=P4xjk2BWrzU,https://eldoqmentalista.github.io/v/misterios-del-mundo-4-criaturas-olvidadas-por-la-historia-que-debes-co/,,
1493,23714,RKjml0GBGgI,Platicando un Rato Con Ustedes,,21 de diciembre de 2019,1:15:38,documental,,Paranormal / Ángeles y demonios / Ocultismo y esoterismo,https://www.youtube.com/watch?v=RKjml0GBGgI,https://eldoqmentalista.github.io/v/platicando-un-rato-con-ustedes/,,
1494,23598,wydfWrBkCns,El secreto del Vaticano: Judas es un cazamonstruos y el Papa lo odia #shorts #vaticano #sabiasque,,1 de septiembre de 2025,0:55,short,,Vaticano e Iglesia,https://www.youtube.com/watch?v=wydfWrBkCns,https://eldoqmentalista.github.io/v/el-secreto-del-vaticano-judas-es-un-cazamonstruos-y-el-papa-lo-odia-sh/,,
1495,23358,rhaillxC1Iw,¡Cuidado! Lugares Resguardados por Rituales Y Magia Negra - El DoQmentalista,,6 de noviembre de 2023,21:24,documental,Misterios y Enigmas,Ocultismo y esoterismo / Paranormal / Misterios de la Biblia,https://www.youtube.com/watch?v=rhaillxC1Iw,https://eldoqmentalista.github.io/v/cuidado-lugares-resguardados-por-rituales-y-magia-negra-el-doqmentalis/,,
1496,23217,rAg5Bd3pmcQ,"Magia: La maga, la hechicera y la bruja | diferencias ocultas y poder prohibido",,13 de septiembre de 2024,12:45,documental,,Ocultismo y esoterismo / Paranormal / Misterios de la Biblia,https://www.youtube.com/watch?v=rAg5Bd3pmcQ,https://eldoqmentalista.github.io/v/magia-la-maga-la-hechicera-y-la-bruja-diferencias-ocultas-y-poder-proh/,,
1497,23070,sTjU6zGxqYc,"El DoQ En Vivo, Contestando Preguntas / 25 Abril 2020",,24 de abril de 2020,1:58:30,documental,,Paranormal / Ángeles y demonios / Ocultismo y esoterismo,https://www.youtube.com/watch?v=sTjU6zGxqYc,https://eldoqmentalista.github.io/v/el-doq-en-vivo-contestando-preguntas-25-abril-2020/,,
1498,22860,O6WVmVVqQ48,El DoQmentalista En Vivo / Llamando a algunos suscriptores y a una vidente,,15 de enero de 2019,51:56,documental,,Paranormal / Profecías / Ángeles y demonios,https://www.youtube.com/watch?v=O6WVmVVqQ48,https://eldoqmentalista.github.io/v/el-doqmentalista-en-vivo-llamando-a-algunos-suscriptores-y-a-una-viden/,,
1499,22840,oZc25pOcd68,Las Kunoichi: Las Mujeres Ninja Del Antiguo Japón - El DoQmentalista,,27 de octubre de 2023,13:08,documental,Misterios y Enigmas,Paranormal / Ocultismo y esoterismo / Misterios de la Biblia,https://www.youtube.com/watch?v=oZc25pOcd68,https://eldoqmentalista.github.io/v/las-kunoichi-las-mujeres-ninja-del-antiguo-japon-el-doqmentalista/,,
1500,22837,y7YnsSCkV1s,Debes Acabar Con Las Brujas - La biblia lo dice #biblia #brujeria #bruja  #terrorymisterio,,22 de marzo de 2024,0:20,short,,Misterios de la Biblia / Paranormal,https://www.youtube.com/watch?v=y7YnsSCkV1s,https://eldoqmentalista.github.io/v/debes-acabar-con-las-brujas-la-biblia-lo-dice-biblia-brujeria-bruja-te/,,
1501,22707,GnqCnKepVbw,La fecha del fin del mundo #short #paranormal #misterios,,30 de agosto de 2025,1:02,short,,Paranormal / Misterios de la Biblia / Fin del mundo,https://www.youtube.com/watch?v=GnqCnKepVbw,https://eldoqmentalista.github.io/v/la-fecha-del-fin-del-mundo-short-paranormal-misterios/,,
1502,22672,sGrhPZL0tYI,¡Tienes un Fragmento de Dios Dentro! #Dios #Urantia #misterio,,13 de septiembre de 2025,0:48,short,,Misterios de la Biblia / Ángeles y demonios / Ocultismo y esoterismo,https://www.youtube.com/watch?v=sGrhPZL0tYI,https://eldoqmentalista.github.io/v/tienes-un-fragmento-de-dios-dentro-dios-urantia-misterio/,,
1503,22631,MmBqDsAgU_A,La Bestia voraz. El problema mundial con el jabalí.,,4 de junio de 2025,26:44,documental,,Ocultismo y esoterismo / Misterios de la Biblia / Paranormal,https://www.youtube.com/watch?v=MmBqDsAgU_A,https://eldoqmentalista.github.io/v/la-bestia-voraz-el-problema-mundial-con-el-jabali/,,
1504,22603,UZX6cf5AfBw,"Gran Noticia De El DoQmentalista, Nuevo Libro, EL Vademécum Del Terror",,20 de noviembre de 2019,36:12,documental,,Paranormal / Ángeles y demonios / Ocultismo y esoterismo,https://www.youtube.com/watch?v=UZX6cf5AfBw,https://eldoqmentalista.github.io/v/gran-noticia-de-el-doqmentalista-nuevo-libro-el-vademecum-del-terror/,,
1505,22571,RhQhANf3Y9U,"El DoQmentalista En Vivo / Suscriptores sugiriendo temas, Historias de terror",,26 de enero de 2019,47:40,documental,,Paranormal / Ángeles y demonios / Ocultismo y esoterismo,https://www.youtube.com/watch?v=RhQhANf3Y9U,https://eldoqmentalista.github.io/v/el-doqmentalista-en-vivo-suscriptores-sugiriendo-temas-historias-de-te/,,
1506,22503,aeX-VyseDtg,"Canción ""Padre"" - Un Viaje Musical y Emocional",,1 de octubre de 2024,3:46,documental,,Paranormal / Ocultismo y esoterismo / Misterios de la Biblia,https://www.youtube.com/watch?v=aeX-VyseDtg,https://eldoqmentalista.github.io/v/cancion-padre-un-viaje-musical-y-emocional/,,
1507,22284,w10a2q4gCgw,Los Ángeles No Tienen Cuerpo Físico #youtube #tiktok #video #shorts,,30 de junio de 2023,0:58,short,,Paranormal / Ángeles y demonios / Ocultismo y esoterismo,https://www.youtube.com/watch?v=w10a2q4gCgw,https://eldoqmentalista.github.io/v/los-angeles-no-tienen-cuerpo-fisico-youtube-tiktok-video-shorts/,,
1508,22107,xsu7W0m-bH8,Historia de Naruto Shippuden:  Orochimaru. Secretos del terror de los ninjas.,,10 de julio de 2025,17:04,documental,Misterios y Enigmas,Ocultismo y esoterismo / Misterios de la Biblia / Paranormal,https://www.youtube.com/watch?v=xsu7W0m-bH8,https://eldoqmentalista.github.io/v/historia-de-naruto-shippuden-orochimaru-secretos-del-terror-de-los-nin/,,
1509,21977,aPrywXhO5Kk,¡Revelado! Los 4 Libros Prohibidos con Precios Astronómicos - Documentales en español,,10 de octubre de 2023,8:40,documental,Misterios y Enigmas,Paranormal / Ocultismo y esoterismo / Misterios de la Biblia,https://www.youtube.com/watch?v=aPrywXhO5Kk,https://eldoqmentalista.github.io/v/revelado-los-4-libros-prohibidos-con-precios-astronomicos-documentales/,,
1510,21857,dzE5XbxxWGo,El Doqmentalista En Vivo 21 sep 2019,,20 de septiembre de 2019,1:52:40,documental,,Paranormal / Ángeles y demonios / Ocultismo y esoterismo,https://www.youtube.com/watch?v=dzE5XbxxWGo,https://eldoqmentalista.github.io/v/el-doqmentalista-en-vivo-21-sep-2019/,,
1511,21775,xmnRHyOVm0g,¿Orbes o Entidades? ¡Descubre la Impactante Realidad!,,13 de febrero de 2023,56:48,documental,Misterios y Enigmas,Paranormal / Ocultismo y esoterismo / Misterios de la Biblia,https://www.youtube.com/watch?v=xmnRHyOVm0g,https://eldoqmentalista.github.io/v/orbes-o-entidades-descubre-la-impactante-realidad/,,
1512,21528,iNFocW13QpI,Satanás Humillado: Las 3 Tentaciones Que Jesús Venció,,9 de junio de 2025,18:49,documental,,Ocultismo y esoterismo / Misterios de la Biblia / Ángeles y demonios,https://www.youtube.com/watch?v=iNFocW13QpI,https://eldoqmentalista.github.io/v/satanas-humillado-las-3-tentaciones-que-jesus-vencio/,,
1513,21458,2izZSjD_meo,En Vivo: OBJETOS MALDITOS Y ENCANTADOS - Documentales Interesantes,,27 de mayo de 2023,1:07:13,documental,,Paranormal / Ángeles y demonios / Ocultismo y esoterismo,https://www.youtube.com/watch?v=2izZSjD_meo,https://eldoqmentalista.github.io/v/en-vivo-objetos-malditos-y-encantados-documentales-interesantes/,,
1514,21400,XSZQ8JVJJAU,"Prohibiciones de la Biblia, trabajar el septimo dia #biblia #bibliasagrada  #trabajo #trabajoduro",,19 de marzo de 2024,0:33,short,,Misterios de la Biblia / Paranormal / Conspiraciones,https://www.youtube.com/watch?v=XSZQ8JVJJAU,https://eldoqmentalista.github.io/v/prohibiciones-de-la-biblia-trabajar-el-septimo-dia-biblia-bibliasagrad/,,
1515,21240,IspKPMsQMjk,Historia: Revelando la infancia prohibida de Jesús en la Biblia,,9 de octubre de 2024,11:21,documental,,Paranormal / Misterios de la Biblia / Ocultismo y esoterismo,https://www.youtube.com/watch?v=IspKPMsQMjk,https://eldoqmentalista.github.io/v/historia-revelando-la-infancia-prohibida-de-jesus-en-la-biblia/,,
1516,21101,RBpw6pSnZbE,El DoQmentalista Enfermito Jajajajajaja,,6 de octubre de 2018,43:45,documental,,Paranormal / Ángeles y demonios / Ocultismo y esoterismo,https://www.youtube.com/watch?v=RBpw6pSnZbE,https://eldoqmentalista.github.io/v/el-doqmentalista-enfermito-jajajajajaja/,,
1517,21025,70B1NO5uyOI,Llegamos a los 2 Millones De Suscriptores,,31 de diciembre de 2019,50:34,documental,,Paranormal / Ángeles y demonios / Ocultismo y esoterismo,https://www.youtube.com/watch?v=70B1NO5uyOI,https://eldoqmentalista.github.io/v/llegamos-a-los-2-millones-de-suscriptores/,,
1518,20887,K97sjQCLODo,Artefactos Antiguos e Inexplicables - Misterios - El DoQmentalista,,20 de octubre de 2023,12:18,documental,Misterios y Enigmas,Paranormal / Ocultismo y esoterismo / Misterios de la Biblia,https://www.youtube.com/watch?v=K97sjQCLODo,https://eldoqmentalista.github.io/v/artefactos-antiguos-e-inexplicables-misterios-el-doqmentalista/,,
1519,20666,c-ZbBAPWJTY,Amarres de amor: ¿magia roja o negra? #eldoqmentalista #hechizos,,29 de julio de 2025,0:29,short,,Ocultismo y esoterismo / Paranormal / Misterios de la Biblia,https://www.youtube.com/watch?v=c-ZbBAPWJTY,https://eldoqmentalista.github.io/v/amarres-de-amor-magia-roja-o-negra-eldoqmentalista-hechizos/,,
1520,20657,JBSKmWqCj_w,Pactar es peligroso: abres portales #eldoqmentalista #demonios,,1 de agosto de 2025,0:35,short,,Ángeles y demonios / Paranormal / Misterios de la Biblia,https://www.youtube.com/watch?v=JBSKmWqCj_w,https://eldoqmentalista.github.io/v/pactar-es-peligroso-abres-portales-eldoqmentalista-demonios/,,
1521,20638,RaGgL9Vh_tc,"Pagina Falsa PIDE DINERO EN MI NOMBRE, Cuidado es estafa",,23 de mayo de 2020,57:25,documental,,Paranormal / Ángeles y demonios / Ocultismo y esoterismo,https://www.youtube.com/watch?v=RaGgL9Vh_tc,https://eldoqmentalista.github.io/v/pagina-falsa-pide-dinero-en-mi-nombre-cuidado-es-estafa/,,
1522,20315,8lwLbSEPKSc,El DoQmentalista En Vivo / Suscriptores sugiriendo temas,,16 de febrero de 2019,51:06,documental,,Paranormal / Ángeles y demonios / Ocultismo y esoterismo,https://www.youtube.com/watch?v=8lwLbSEPKSc,https://eldoqmentalista.github.io/v/el-doqmentalista-en-vivo-suscriptores-sugiriendo-temas/,,
1523,19701,y8Ojnx8bCkM,"El DoQ En Vivo, Cotorreando y respondiendo Preguntas de los suscriptores",,8 de febrero de 2020,1:46:35,documental,,Paranormal / Ángeles y demonios / Ocultismo y esoterismo,https://www.youtube.com/watch?v=y8Ojnx8bCkM,https://eldoqmentalista.github.io/v/el-doq-en-vivo-cotorreando-y-respondiendo-preguntas-de-los-suscriptore/,,
1524,19683,lYk3JCCGrGA,Paranormal: Vendí mi alma al Diablo y ahora él viene por mí | historias reales,,26 de septiembre de 2024,13:12,documental,,Paranormal / Ocultismo y esoterismo / Misterios de la Biblia,https://www.youtube.com/watch?v=lYk3JCCGrGA,https://eldoqmentalista.github.io/v/paranormal-vendi-mi-alma-al-diablo-y-ahora-el-viene-por-mi-historias-r/,,
1525,19657,N4qEIHyCXNU,Historia: La Impactante Vida de Lázaro y su Poder sobre Jesús en la Biblia,,4 de enero de 2024,13:14,documental,Documentales Completos,Paranormal / Misterios de la Biblia / Ocultismo y esoterismo,https://www.youtube.com/watch?v=N4qEIHyCXNU,https://eldoqmentalista.github.io/v/historia-la-impactante-vida-de-lazaro-y-su-poder-sobre-jesus-en-la-bib/,,
1526,19581,kjTTCsEDFp0,El DoQmentalista En Vivo,SI (x3),21 de abril de 2018,2:04:17,documental,,Paranormal / Ángeles y demonios / Ocultismo y esoterismo,https://www.youtube.com/watch?v=kjTTCsEDFp0,https://eldoqmentalista.github.io/v/el-doqmentalista-en-vivo-3/,,
1527,19473,ytPO9LJygM4,Descubre Cómo DESPIERTAR tu Máximo POTENCIAL ESPIRITUAL  - Documentales en Español,,13 de marzo de 2023,49:26,documental,,Ocultismo y esoterismo / Paranormal / Misterios de la Biblia,https://www.youtube.com/watch?v=ytPO9LJygM4,https://eldoqmentalista.github.io/v/descubre-como-despiertar-tu-maximo-potencial-espiritual-documentales-e/,,
1528,19465,JWuTyAACYYE,Paranormal: 7 Revelaciones Impactantes sobre Vidas Pasadas y Regresiones,,25 de abril de 2023,42:39,documental,El DoQmentalista Podcast,Paranormal / Ocultismo y esoterismo / Misterios de la Biblia,https://www.youtube.com/watch?v=JWuTyAACYYE,https://eldoqmentalista.github.io/v/paranormal-7-revelaciones-impactantes-sobre-vidas-pasadas-y-regresione/,,
1529,19172,RSsR9wpdaoI,El DoQmentalista EN VIVO 5 de noviembre 2018,,3 de noviembre de 2018,37:37,documental,,Paranormal / Ángeles y demonios / Ocultismo y esoterismo,https://www.youtube.com/watch?v=RSsR9wpdaoI,https://eldoqmentalista.github.io/v/el-doqmentalista-en-vivo-5-de-noviembre-2018/,,
1530,19148,wfrGLWVB0-4,Gánate Una tarjeta de Amazon en el DoQmentalista,,27 de marzo de 2020,1:36:13,documental,,Paranormal / Ángeles y demonios / Ocultismo y esoterismo,https://www.youtube.com/watch?v=wfrGLWVB0-4,https://eldoqmentalista.github.io/v/ganate-una-tarjeta-de-amazon-en-el-doqmentalista/,,
1531,18775,HAOf0koIae4,"Documental: ASESINA EN SERIE DE BEBÉS. Amelia Dyer, la Ogresa de Reading",,17 de junio de 2025,21:11,documental,,Ocultismo y esoterismo / Misterios de la Biblia / Paranormal,https://www.youtube.com/watch?v=HAOf0koIae4,https://eldoqmentalista.github.io/v/documental-asesina-en-serie-de-bebes-amelia-dyer-la-ogresa-de-reading/,,
1532,18674,qYa0KKF2twA,Vamos Por Una Pizza 2,,14 de abril de 2019,2:30,short,,Paranormal / Ángeles y demonios / Ocultismo y esoterismo,https://www.youtube.com/watch?v=qYa0KKF2twA,https://eldoqmentalista.github.io/v/vamos-por-una-pizza-2/,,
1533,18622,-MxdM6kCCl8,"Me tomé el dia libre, hoy no hubo videos",,9 de septiembre de 2019,46:14,documental,,Paranormal / Ángeles y demonios / Ocultismo y esoterismo,https://www.youtube.com/watch?v=-MxdM6kCCl8,https://eldoqmentalista.github.io/v/me-tome-el-dia-libre-hoy-no-hubo-videos/,,
1534,18288,ZBUkUD2kxB4,El DoQmentalista En Vivo,SI (x3),10 de abril de 2019,1:10:33,documental,,Paranormal / Ángeles y demonios / Ocultismo y esoterismo,https://www.youtube.com/watch?v=ZBUkUD2kxB4,https://eldoqmentalista.github.io/v/el-doqmentalista-en-vivo-2/,,
1535,18193,K4t0m5X6xXE,Profecías del Pasado que Sacudirán TU Mundo   Terror Ancestral 2,,14 de agosto de 2025,0:19,short,,Profecías / Misterios de la Biblia / Paranormal,https://www.youtube.com/watch?v=K4t0m5X6xXE,https://eldoqmentalista.github.io/v/profecias-del-pasado-que-sacudiran-tu-mundo-terror-ancestral-2/,,
1536,18169,PiueRTJtYfk,Historia de la Inquisición: El Inquisidor Enamorado en los pasillos del Vaticano,,19 de junio de 2025,15:59,documental,Misterios y Enigmas,Ocultismo y esoterismo / Misterios de la Biblia / Paranormal,https://www.youtube.com/watch?v=PiueRTJtYfk,https://eldoqmentalista.github.io/v/historia-de-la-inquisicion-el-inquisidor-enamorado-en-los-pasillos-del/,,
1537,18083,ErANf0eeH_8,REVELACIÓN IMPACTANTE Así Planea EE UU  Invadir Venezuela el documentalista el doqmentalista 9,,16 de agosto de 2025,0:49,short,,Misterios de la Biblia / Ocultismo y esoterismo / Paranormal,https://www.youtube.com/watch?v=ErANf0eeH_8,https://eldoqmentalista.github.io/v/revelacion-impactante-asi-planea-ee-uu-invadir-venezuela-el-documental-9/,,
1538,18074,v-r0tfopJhg,"TRANSMISION EN VIVO Illuminatis, Masones, Casa Poseida, Saludos, Angeles Caidos y mas",,17 de junio de 2018,1:35:17,documental,,Paranormal / Ángeles y demonios / Ocultismo y esoterismo,https://www.youtube.com/watch?v=v-r0tfopJhg,https://eldoqmentalista.github.io/v/transmision-en-vivo-illuminatis-masones-casa-poseida-saludos-angeles-c/,,
1539,18009,CFrmUhbnf6o,¿Qué es el ocultismo? #shorts #ocultismo #magia,,3 de septiembre de 2025,0:49,short,,Ocultismo y esoterismo,https://www.youtube.com/watch?v=CFrmUhbnf6o,https://eldoqmentalista.github.io/v/que-es-el-ocultismo-shorts-ocultismo-magia/,,
1540,17934,49vyGTM4CL4,TESLA Documental: Documentales Interesantes,,7 de julio de 2023,0:59,short,,Paranormal / Ángeles y demonios / Ocultismo y esoterismo,https://www.youtube.com/watch?v=49vyGTM4CL4,https://eldoqmentalista.github.io/v/tesla-documental-documentales-interesantes/,,
1541,17911,E3WcmDyDn6k,El Poder de Martín de Porres,,30 de julio de 2025,0:54,short,,Misterios de la Biblia / Ocultismo y esoterismo / Paranormal,https://www.youtube.com/watch?v=E3WcmDyDn6k,https://eldoqmentalista.github.io/v/el-poder-de-martin-de-porres/,,
1542,17877,1WVBG_K2csM,"El DoQmentalista Habla sobre Angeles Caidos, Judas, Demonios, Historias de Terror y Saludos",,7 de mayo de 2018,2:02:00,documental,,Paranormal / Ángeles y demonios / Ocultismo y esoterismo,https://www.youtube.com/watch?v=1WVBG_K2csM,https://eldoqmentalista.github.io/v/el-doqmentalista-habla-sobre-angeles-caidos-judas-demonios-historias-d/,,
1543,17875,Dd01lg5B4dg,Deseando Feliz Año Nuevo,,26 de diciembre de 2018,51:16,documental,,Paranormal / Ángeles y demonios / Ocultismo y esoterismo,https://www.youtube.com/watch?v=Dd01lg5B4dg,https://eldoqmentalista.github.io/v/deseando-feliz-ano-nuevo/,,
1544,17704,dJnhVGb_r50,Top 20 secretos oscuros y prohibidos de la mitología azteca y maya revelados,,12 de septiembre de 2024,17:07,documental,,Ocultismo y esoterismo / Paranormal / Misterios de la Biblia,https://www.youtube.com/watch?v=dJnhVGb_r50,https://eldoqmentalista.github.io/v/top-20-secretos-oscuros-y-prohibidos-de-la-mitologia-azteca-y-maya-rev/,,
1545,17581,Vw62IzZ6f8M,El DoQmentalista EN VIVO Ahora Mismo,,29 de junio de 2018,1:10:05,documental,,Paranormal / Ángeles y demonios / Ocultismo y esoterismo,https://www.youtube.com/watch?v=Vw62IzZ6f8M,https://eldoqmentalista.github.io/v/el-doqmentalista-en-vivo-ahora-mismo/,,
1546,17578,S0l4WlbSxZc,Hechizos prohibidos y poderes sobrenaturales.,,8 de abril de 2024,0:59,short,,Misterios de la Biblia / Paranormal,https://www.youtube.com/watch?v=S0l4WlbSxZc,https://eldoqmentalista.github.io/v/hechizos-prohibidos-y-poderes-sobrenaturales/,,
1547,17501,CWKv_vwkvoQ,Live: 🎙️🔴El DoQmentalista,,8 de septiembre de 2018,1:13:14,documental,,Paranormal / Ángeles y demonios / Ocultismo y esoterismo,https://www.youtube.com/watch?v=CWKv_vwkvoQ,https://eldoqmentalista.github.io/v/live-el-doqmentalista/,,
1548,17437,h_JooQTJpoQ,Secretos de las ofrendas en conjuraciones #eldoqmentalista #rituales,,5 de agosto de 2025,0:43,short,,Ocultismo y esoterismo / Paranormal / Misterios de la Biblia,https://www.youtube.com/watch?v=h_JooQTJpoQ,https://eldoqmentalista.github.io/v/secretos-de-las-ofrendas-en-conjuraciones-eldoqmentalista-rituales/,,
1549,17421,XW_wgl-qUZI,Entrevista - Blanca Mercado REVELA el SECRETO de la BioEnergía - Documentales en Español,,14 de septiembre de 2023,56:41,documental,Misterios y Enigmas,Paranormal / Ocultismo y esoterismo / Misterios de la Biblia,https://www.youtube.com/watch?v=XW_wgl-qUZI,https://eldoqmentalista.github.io/v/entrevista-blanca-mercado-revela-el-secreto-de-la-bioenergia-documenta/,,
1550,17357,GYDFw38tsoE,"Transmisión En Vivo, Sorteo Tarjeta",,4 de julio de 2020,1:32:05,documental,,Paranormal / Ángeles y demonios / Ocultismo y esoterismo,https://www.youtube.com/watch?v=GYDFw38tsoE,https://eldoqmentalista.github.io/v/transmision-en-vivo-sorteo-tarjeta/,,
1551,17348,uemCydPUn2M,El Limbo Un Lugar Sin Perdón Ni Castigo - El DoQmentalista ⭐,,30 de junio de 2025,0:35,short,,Vaticano e Iglesia / Paranormal / Ángeles y demonios,https://www.youtube.com/watch?v=uemCydPUn2M,https://eldoqmentalista.github.io/v/el-limbo-un-lugar-sin-perdon-ni-castigo-el-doqmentalista/,,
1552,17266,trZtfOxXK4o,Documental: La historia fascinante de los Elefantes de Guerra - El DoQmentalista,,8 de noviembre de 2023,14:16,documental,Misterios y Enigmas,Paranormal / Ocultismo y esoterismo / Misterios de la Biblia,https://www.youtube.com/watch?v=trZtfOxXK4o,https://eldoqmentalista.github.io/v/documental-la-historia-fascinante-de-los-elefantes-de-guerra-el-doqmen/,,
1553,17113,AOsm-GBUQb8,Saber Cuando Es Amor o Interés - #eldoqmentalista #frases #amor,,18 de septiembre de 2023,0:38,short,,Paranormal / Ángeles y demonios / Ocultismo y esoterismo,https://www.youtube.com/watch?v=AOsm-GBUQb8,https://eldoqmentalista.github.io/v/saber-cuando-es-amor-o-interes-eldoqmentalista-frases-amor/,,
1554,17029,5l_e-Hwdepw,2 hombres que viven de manera extraña #eldoqmentalista #shorts,,1 de octubre de 2023,0:57,short,,Paranormal / Ángeles y demonios / Ocultismo y esoterismo,https://www.youtube.com/watch?v=5l_e-Hwdepw,https://eldoqmentalista.github.io/v/2-hombres-que-viven-de-manera-extrana-eldoqmentalista-shorts/,,
1555,16958,yAdJqt4bwow,"Explora La Fascinante Historia Detrás Del Primer Dólar ""Flowing Hair""",,2 de agosto de 2025,0:33,short,,Misterios de la Biblia / Paranormal,https://www.youtube.com/watch?v=yAdJqt4bwow,https://eldoqmentalista.github.io/v/explora-la-fascinante-historia-detras-del-primer-dolar-flowing-hair/,,
1556,16909,FzB1R92x910,El DoQmentalista En Vivo,SI (x3),10 de mayo de 2019,43:31,documental,,Paranormal / Ángeles y demonios / Ocultismo y esoterismo,https://www.youtube.com/watch?v=FzB1R92x910,https://eldoqmentalista.github.io/v/el-doqmentalista-en-vivo/,,
1557,16874,HhkdzrMesy4,"Sorteo En Vivo, El DoQmentalista",,9 de abril de 2021,1:17:24,documental,,Paranormal / Ángeles y demonios / Ocultismo y esoterismo,https://www.youtube.com/watch?v=HhkdzrMesy4,https://eldoqmentalista.github.io/v/sorteo-en-vivo-el-doqmentalista/,,
1558,16737,7g_idLIYXvY,The 10 Most Beautiful and Dangerous Witches of the Ancient World - The DoQmentalist,,13 de septiembre de 2024,16:06,documental,,Paranormal / Ocultismo y esoterismo / Misterios de la Biblia,https://www.youtube.com/watch?v=7g_idLIYXvY,https://eldoqmentalista.github.io/v/the-10-most-beautiful-and-dangerous-witches-of-the-ancient-world-the-d/,,
1559,16732,SenpVCT7d_o,¿Es mejor orar en privado o en público? Exploramos las perspectivas religiosas. #documental #biblia,,30 de marzo de 2024,0:44,short,,Misterios de la Biblia / Paranormal,https://www.youtube.com/watch?v=SenpVCT7d_o,https://eldoqmentalista.github.io/v/es-mejor-orar-en-privado-o-en-publico-exploramos-las-perspectivas-reli/,,
1560,16693,NgvberAA4CQ,Las 7 Cosas Más Extrañas y Aterradoras #short #paranormal #misterios,SI (x4),30 de agosto de 2025,0:59,short,,Paranormal / Misterios de la Biblia / Ángeles y demonios,https://www.youtube.com/watch?v=NgvberAA4CQ,https://eldoqmentalista.github.io/v/las-7-cosas-mas-extranas-y-aterradoras-short-paranormal-misterios/,,
1561,16347,vmTo1ACSf1Q,sabes cuál es la diferencia entre un mago y un brujo? YT #eldoqmentalista,,15 de abril de 2024,0:39,short,,Conspiraciones / Misterios de la Biblia / Paranormal,https://www.youtube.com/watch?v=vmTo1ACSf1Q,https://eldoqmentalista.github.io/v/sabes-cual-es-la-diferencia-entre-un-mago-y-un-brujo-yt-eldoqmentalist/,,
1562,16327,9ih7Ev1usnw,El Demonio del Mar en el Golfo de México  #leyendas #paranormal,,28 de agosto de 2025,0:55,short,,Paranormal / Ángeles y demonios / Misterios de la Biblia,https://www.youtube.com/watch?v=9ih7Ev1usnw,https://eldoqmentalista.github.io/v/el-demonio-del-mar-en-el-golfo-de-mexico-leyendas-paranormal/,,
1563,16284,fO29PqFVjzI,"En Vivo, Se armó la trifulca en el facebook",,15 de diciembre de 2020,1:04:45,documental,,Paranormal / Ángeles y demonios / Ocultismo y esoterismo,https://www.youtube.com/watch?v=fO29PqFVjzI,https://eldoqmentalista.github.io/v/en-vivo-se-armo-la-trifulca-en-el-facebook/,,
1564,16280,F6Augwjtyi0,El Limbo De Los Niños - El DoQmentalista ⭐,,29 de junio de 2025,0:28,short,,Vaticano e Iglesia / Paranormal / Ángeles y demonios,https://www.youtube.com/watch?v=F6Augwjtyi0,https://eldoqmentalista.github.io/v/el-limbo-de-los-ninos-el-doqmentalista/,,
1565,16255,oPDvpnpT2gA,"""El Oscuro Secreto Detrás De Los Verdaderos Zoológicos Humanos: La Historia Prohibida""",,29 de abril de 2024,11:00,documental,,Paranormal / Ocultismo y esoterismo / Misterios de la Biblia,https://www.youtube.com/watch?v=oPDvpnpT2gA,https://eldoqmentalista.github.io/v/el-oscuro-secreto-detras-de-los-verdaderos-zoologicos-humanos-la-histo/,,
1566,15946,GglrTDjhbkU,¿Cómo es el infierno? - El DoQmentalista,,16 de diciembre de 2023,0:59,short,,Paranormal / Ángeles y demonios / Ocultismo y esoterismo,https://www.youtube.com/watch?v=GglrTDjhbkU,https://eldoqmentalista.github.io/v/como-es-el-infierno-el-doqmentalista/,,
1567,15798,ctEelb6VhrE,Los Demonios Fueron Creados Por Dios #frases #losmejoresdocumentales,,31 de octubre de 2023,0:26,short,,Paranormal / Ángeles y demonios / Ocultismo y esoterismo,https://www.youtube.com/watch?v=ctEelb6VhrE,https://eldoqmentalista.github.io/v/los-demonios-fueron-creados-por-dios-frases-losmejoresdocumentales/,,
1568,15759,MxE-zY1sv5c,El misterio del Arca de la Alianza #short #paranormal #misterios,,30 de agosto de 2025,0:44,short,,Paranormal / Misterios de la Biblia / Ángeles y demonios,https://www.youtube.com/watch?v=MxE-zY1sv5c,https://eldoqmentalista.github.io/v/el-misterio-del-arca-de-la-alianza-short-paranormal-misterios/,,
1569,15640,81JTHHzELVA,Top 5: Formas de Librarte del Pecado Según la Biblia - Historia Espiritual,,1 de octubre de 2024,16:04,documental,,Ocultismo y esoterismo / Paranormal / Misterios de la Biblia,https://www.youtube.com/watch?v=81JTHHzELVA,https://eldoqmentalista.github.io/v/top-5-formas-de-librarte-del-pecado-segun-la-biblia-historia-espiritua/,,
1570,15587,KuMHX2cv7Kw,Deshacerte de entidades Malignas con sal  #entidades  #espiritus  #espiritusmalignos #brujeria,,19 de marzo de 2024,0:24,short,,Misterios de la Biblia / Paranormal / Conspiraciones,https://www.youtube.com/watch?v=KuMHX2cv7Kw,https://eldoqmentalista.github.io/v/deshacerte-de-entidades-malignas-con-sal-entidades-espiritus-espiritus/,,
1571,15490,hLKI07S5qYA,El DoQmentalista En Vivo Haciendo Música para DoQmental En FL Studio,,22 de abril de 2019,20:49,documental,,Paranormal / Ángeles y demonios / Ocultismo y esoterismo,https://www.youtube.com/watch?v=hLKI07S5qYA,https://eldoqmentalista.github.io/v/el-doqmentalista-en-vivo-haciendo-musica-para-doqmental-en-fl-studio/,,
1572,15481,W4dOEJ_pU5U,El DoQmentalista EN VIVO Miércoles 4 De Julio,,4 de julio de 2018,2:17:22,documental,,Paranormal / Ángeles y demonios / Ocultismo y esoterismo,https://www.youtube.com/watch?v=W4dOEJ_pU5U,https://eldoqmentalista.github.io/v/el-doqmentalista-en-vivo-miercoles-4-de-julio/,,
1573,15415,Bs0or6lHyKM,Encender Velas A Los Difuntos #terrorymisterio #shorts  #reflexion,,22 de marzo de 2024,0:35,short,,Misterios de la Biblia / Paranormal,https://www.youtube.com/watch?v=Bs0or6lHyKM,https://eldoqmentalista.github.io/v/encender-velas-a-los-difuntos-terrorymisterio-shorts-reflexion/,,
1574,15384,NAs-HgALtYc,Imágenes con significado oculto #shorts,,15 de agosto de 2023,0:06,short,,Paranormal / Ángeles y demonios / Ocultismo y esoterismo,https://www.youtube.com/watch?v=NAs-HgALtYc,https://eldoqmentalista.github.io/v/imagenes-con-significado-oculto-shorts/,,
1575,15247,kGOTyrdNJTk,LOS ENEMIGOS DE LOS DRAGONES  #interesante #misterio #informacion,,7 de septiembre de 2025,0:47,short,,Misterios de la Biblia / Ángeles y demonios / Ocultismo y esoterismo,https://www.youtube.com/watch?v=kGOTyrdNJTk,https://eldoqmentalista.github.io/v/los-enemigos-de-los-dragones-interesante-misterio-informacion/,,
1576,15176,EGstn8jNzfg,Vampiros Temen el Regreso de Caín  #leyendas #originaloculto #billionaire,,2 de agosto de 2025,0:32,short,,Paranormal / Misterios de la Biblia / Ocultismo y esoterismo,https://www.youtube.com/watch?v=EGstn8jNzfg,https://eldoqmentalista.github.io/v/vampiros-temen-el-regreso-de-cain-leyendas-originaloculto-billionaire/,,
1577,15135,tHIkkkEUcu8,La “MOMIA GRITONA” Secretos De Egipto - Documentales en Español - El DoQmentalista,,26 de septiembre de 2023,12:23,documental,,Paranormal / Ocultismo y esoterismo / Misterios de la Biblia,https://www.youtube.com/watch?v=tHIkkkEUcu8,https://eldoqmentalista.github.io/v/la-momia-gritona-secretos-de-egipto-documentales-en-espanol-el-doqment/,,
1578,15041,MuB1OeD-wnY,En Vivo Con El Doq,,26 de marzo de 2019,22:40,documental,,Paranormal / Ángeles y demonios / Ocultismo y esoterismo,https://www.youtube.com/watch?v=MuB1OeD-wnY,https://eldoqmentalista.github.io/v/en-vivo-con-el-doq/,,
1579,14874,mM4FP5_oSno,La historia oculta del Jinete sin Cabeza 💀 #leyendas #shorts #halloween #sleepyhollow,,12 de septiembre de 2025,0:44,short,,Paranormal / Misterios de la Biblia / Ángeles y demonios,https://www.youtube.com/watch?v=mM4FP5_oSno,https://eldoqmentalista.github.io/v/la-historia-oculta-del-jinete-sin-cabeza-leyendas-shorts-halloween-sle/,,
1580,14836,tU9QIFGIEAA,El Papa visita a la bruja del Vaticano  #interesante #misterio #informacion,SI (x2),8 de septiembre de 2025,1:03,short,,Vaticano e Iglesia / Misterios de la Biblia / Ángeles y demonios,https://www.youtube.com/watch?v=tU9QIFGIEAA,https://eldoqmentalista.github.io/v/el-papa-visita-a-la-bruja-del-vaticano-interesante-misterio-informacio/,,
1581,14730,J3FRotvk4Rc,El DoQ En Vivo,,1 de junio de 2024,2:18:26,documental,,Paranormal,https://www.youtube.com/watch?v=J3FRotvk4Rc,https://eldoqmentalista.github.io/v/el-doq-en-vivo/,,
1582,14710,k127DkaI9x0,"Lo Que es Bueno y Malo, Los Demonios Son Inteligentes #entrevista",,29 de octubre de 2023,0:58,short,,Paranormal / Ángeles y demonios / Ocultismo y esoterismo,https://www.youtube.com/watch?v=k127DkaI9x0,https://eldoqmentalista.github.io/v/lo-que-es-bueno-y-malo-los-demonios-son-inteligentes-entrevista/,,
1583,14700,E6CHANQI3CA,"EN VIVO, El DoQmentalista, Próxima Conferencia En Ciudad De México",,4 de febrero de 2020,33:59,documental,,Paranormal / Ángeles y demonios / Ocultismo y esoterismo,https://www.youtube.com/watch?v=E6CHANQI3CA,https://eldoqmentalista.github.io/v/en-vivo-el-doqmentalista-proxima-conferencia-en-ciudad-de-mexico/,,
1584,14670,AJT1HqSSS8k,3i/Atlas: Dr. Abel Loew La Teoría que Nadie Quiso Escuchar,,2 de agosto de 2025,0:28,short,,Misterios de la Biblia / Ocultismo y esoterismo / Paranormal,https://www.youtube.com/watch?v=AJT1HqSSS8k,https://eldoqmentalista.github.io/v/3i-atlas-dr-abel-loew-la-teoria-que-nadie-quiso-escuchar/,,
1585,14498,GXfaaU9MAtM,Niños Fallecidos que no son bautizados  #reflexion #terrorymisterio #biblia  #bebes,,22 de marzo de 2024,1:00,short,,Misterios de la Biblia / Paranormal,https://www.youtube.com/watch?v=GXfaaU9MAtM,https://eldoqmentalista.github.io/v/ninos-fallecidos-que-no-son-bautizados-reflexion-terrorymisterio-bibli/,,
1586,14417,mDu445NRLHY,Belfegor el demonio de la pereza intelectual #shorts #demonios #terrorymisterio,,12 de septiembre de 2025,0:57,short,,Ángeles y demonios / Misterios de la Biblia / Ocultismo y esoterismo,https://www.youtube.com/watch?v=mDu445NRLHY,https://eldoqmentalista.github.io/v/belfegor-el-demonio-de-la-pereza-intelectual-shorts-demonios-terrorymi/,,
1587,14332,Ef-hHwelhlg,El DoQmentalista Domingo 24 EN VIVO a las 21:00 hrs de México,,23 de junio de 2018,1:15:30,documental,,Paranormal / Ángeles y demonios / Ocultismo y esoterismo,https://www.youtube.com/watch?v=Ef-hHwelhlg,https://eldoqmentalista.github.io/v/el-doqmentalista-domingo-24-en-vivo-a-las-21-00-hrs-de-mexico/,,
1588,14321,UembeYcAVIk,La Barba Del Doq ¿ Cuánto Vale ?,,17 de agosto de 2019,45:10,documental,,Paranormal / Ángeles y demonios / Ocultismo y esoterismo,https://www.youtube.com/watch?v=UembeYcAVIk,https://eldoqmentalista.github.io/v/la-barba-del-doq-cuanto-vale/,,
1589,14076,sVPtWkSJ3eo,LA ADVERTENCIA - Shorts De Terror - El DoQmentalista,,21 de mayo de 2024,0:55,short,,Paranormal / Conspiraciones / Misterios de la Biblia,https://www.youtube.com/watch?v=sVPtWkSJ3eo,https://eldoqmentalista.github.io/v/la-advertencia-shorts-de-terror-el-doqmentalista/,,
1590,14055,Oc7lfw9z1AA,Llego El Boton Del Millón Y Te Lo Muestro En Vivo,,16 de septiembre de 2018,12:55,documental,,Paranormal / Ángeles y demonios / Ocultismo y esoterismo,https://www.youtube.com/watch?v=Oc7lfw9z1AA,https://eldoqmentalista.github.io/v/llego-el-boton-del-millon-y-te-lo-muestro-en-vivo/,,
1591,13915,J4GRQf-aHHM,Las 7 Cosas Más Extrañas y Aterradoras  #short #paranormal #misterios,SI (x2),30 de agosto de 2025,0:57,short,,Paranormal / Misterios de la Biblia / Ángeles y demonios,https://www.youtube.com/watch?v=J4GRQf-aHHM,https://eldoqmentalista.github.io/v/las-7-cosas-mas-extranas-y-aterradoras-short-paranormal-misterios-5/,,
1592,13542,vTXTvLWKltw,"3I Atlas, Un objeto a 220 000 km h en el sistema solar #extraterrestre",,2 de agosto de 2025,0:32,short,,Extraterrestres y OVNIs / Misterios de la Biblia / Ocultismo y esoterismo,https://www.youtube.com/watch?v=vTXTvLWKltw,https://eldoqmentalista.github.io/v/3i-atlas-un-objeto-a-220-000-km-h-en-el-sistema-solar-extraterrestre/,,
1593,13508,GgcsJSwD9gI,Sumérgete En La Esencia Única Del Legendario Barrio De Tepito.,,2 de agosto de 2025,0:36,short,,Conspiraciones / Misterios de la Biblia / Paranormal,https://www.youtube.com/watch?v=GgcsJSwD9gI,https://eldoqmentalista.github.io/v/sumergete-en-la-esencia-unica-del-legendario-barrio-de-tepito/,,
1594,13439,j6Dd6A-UJbM,ME ESTÁN LEYENDO LAS CARTAS El DoQmentalista En Vivo,,29 de marzo de 2019,48:38,documental,,Paranormal / Ángeles y demonios / Ocultismo y esoterismo,https://www.youtube.com/watch?v=j6Dd6A-UJbM,https://eldoqmentalista.github.io/v/me-estan-leyendo-las-cartas-el-doqmentalista-en-vivo/,,
1595,13387,qO32XCfD9Uo,"El DoQmentalista En Vivo Conferencia en Guadalajara, Nuevos Productos",,22 de junio de 2019,,documental,,Paranormal / Ángeles y demonios / Ocultismo y esoterismo,https://www.youtube.com/watch?v=qO32XCfD9Uo,https://eldoqmentalista.github.io/v/el-doqmentalista-en-vivo-conferencia-en-guadalajara-nuevos-productos/,,
1596,13318,uc6gJ52sXw0,Las Tres Señales Antes del Fin del Mundo short 5,,10 de septiembre de 2025,1:03,short,,Misterios de la Biblia / Fin del mundo / Ángeles y demonios,https://www.youtube.com/watch?v=uc6gJ52sXw0,https://eldoqmentalista.github.io/v/las-tres-senales-antes-del-fin-del-mundo-short-5/,,
1597,13278,ZrMVjdbPCJ4,"La palabra 'Salario', El Calor De La Sal #etimologia #shorts #eldoqmentalista",,26 de marzo de 2024,0:30,short,,Ocultismo y esoterismo / Misterios de la Biblia / Paranormal,https://www.youtube.com/watch?v=ZrMVjdbPCJ4,https://eldoqmentalista.github.io/v/la-palabra-salario-el-calor-de-la-sal-etimologia-shorts-eldoqmentalist/,,
1598,13226,N5iNiZabnhU,El DoQmentalista EN VIVO AHORA,,4 de agosto de 2018,41:34,documental,,Paranormal / Ángeles y demonios / Ocultismo y esoterismo,https://www.youtube.com/watch?v=N5iNiZabnhU,https://eldoqmentalista.github.io/v/el-doqmentalista-en-vivo-ahora/,,
1599,13133,7CsQKQqcED8,La verdad oculta del Vaticano: ¡Judas es un héroe y protector! #shorts #vaticano #sabiasque,,1 de septiembre de 2025,0:46,short,,Vaticano e Iglesia,https://www.youtube.com/watch?v=7CsQKQqcED8,https://eldoqmentalista.github.io/v/la-verdad-oculta-del-vaticano-judas-es-un-heroe-y-protector-shorts-vat/,,
1600,13122,rTbDPzcf2ZQ,La Inundación Destruye la Primera Ciudad #leyendas #originaloculto #billionaire,,2 de agosto de 2025,0:30,short,,Paranormal / Misterios de la Biblia / Ocultismo y esoterismo,https://www.youtube.com/watch?v=rTbDPzcf2ZQ,https://eldoqmentalista.github.io/v/la-inundacion-destruye-la-primera-ciudad-leyendas-originaloculto-billi/,,
1601,13096,gebnRpU6PNo,Documental: Pirámides y Templos de la Geometría Sagrada. Religión secreta.,,8 de julio de 2025,12:29,documental,Documentales Completos,Ocultismo y esoterismo / Misterios de la Biblia / Paranormal,https://www.youtube.com/watch?v=gebnRpU6PNo,https://eldoqmentalista.github.io/v/documental-piramides-y-templos-de-la-geometria-sagrada-religion-secret/,,
1602,13079,LMWoscTPWVg,Descubre Cómo Un Dispositivo Médico Del Siglo XIX Cambió La Historia Del Placer Femenino,,2 de junio de 2024,0:51,short,,Misterios de la Biblia / Paranormal,https://www.youtube.com/watch?v=LMWoscTPWVg,https://eldoqmentalista.github.io/v/descubre-como-un-dispositivo-medico-del-siglo-xix-cambio-la-historia-d/,,
1603,12968,Mh425Q-R0wo,Bruja de Salem que fue desvivid@ en la histeria colec.  #terrorymisterio #historiascortasdehorror,,22 de marzo de 2024,0:58,short,,Misterios de la Biblia / Paranormal,https://www.youtube.com/watch?v=Mh425Q-R0wo,https://eldoqmentalista.github.io/v/bruja-de-salem-que-fue-desvivid-en-la-histeria-colec-terrorymisterio-h/,,
1604,12901,EbIME6Q6yuo,El Cordón De Plata - El Documentalista,,15 de octubre de 2023,0:41,short,,Paranormal / Ángeles y demonios / Ocultismo y esoterismo,https://www.youtube.com/watch?v=EbIME6Q6yuo,https://eldoqmentalista.github.io/v/el-cordon-de-plata-el-documentalista/,,
1605,12892,XMQAi4Ncf-8,Caza secreta del Vaticano ordenada por los Nephilim #eldoqmentalista #vaticano,,26 de julio de 2025,0:50,short,,Vaticano e Iglesia / Misterios de la Biblia / Ocultismo y esoterismo,https://www.youtube.com/watch?v=XMQAi4Ncf-8,https://eldoqmentalista.github.io/v/caza-secreta-del-vaticano-ordenada-por-los-nephilim-eldoqmentalista-va/,,
1606,12529,GqcD6fIJiFs,El trágico Destino de Santa Lucia #shorts #tiktok,,21 de agosto de 2023,0:56,short,,Paranormal / Conspiraciones / Ángeles y demonios,https://www.youtube.com/watch?v=GqcD6fIJiFs,https://eldoqmentalista.github.io/v/el-tragico-destino-de-santa-lucia-shorts-tiktok/,,
1607,12527,TQl94eSl2lE,El video Favorito De El DoQmentalista #shorts,,10 de julio de 2023,0:32,short,,Paranormal / Ángeles y demonios / Ocultismo y esoterismo,https://www.youtube.com/watch?v=TQl94eSl2lE,https://eldoqmentalista.github.io/v/el-video-favorito-de-el-doqmentalista-shorts/,,
1608,12427,NnYhGF9MMRU,El Río Misterioso que Corre Bajo las Aguas del Mar #shorts #tiktok,,21 de agosto de 2023,0:58,short,,Paranormal / Ángeles y demonios / Ocultismo y esoterismo,https://www.youtube.com/watch?v=NnYhGF9MMRU,https://eldoqmentalista.github.io/v/el-rio-misterioso-que-corre-bajo-las-aguas-del-mar-shorts-tiktok/,,
1609,12346,kzdVPTyK13w,¿Quién Va Al Limbo? - El DoQmentalista ⭐,,2 de julio de 2025,0:32,short,,Vaticano e Iglesia / Paranormal / Ángeles y demonios,https://www.youtube.com/watch?v=kzdVPTyK13w,https://eldoqmentalista.github.io/v/quien-va-al-limbo-el-doqmentalista/,,
1610,12251,UyKLrsDqwfs,La Historia de la Primera Ciudad y el Padre Oscuro,,2 de agosto de 2025,0:25,short,,Misterios de la Biblia / Ocultismo y esoterismo / Paranormal,https://www.youtube.com/watch?v=UyKLrsDqwfs,https://eldoqmentalista.github.io/v/la-historia-de-la-primera-ciudad-y-el-padre-oscuro/,,
1611,12232,y7M8JHeAp1g,Fotografía en locaciones extrañas #eldoqmentalista #estilo,,26 de julio de 2025,0:19,short,,Paranormal / Misterios de la Biblia,https://www.youtube.com/watch?v=y7M8JHeAp1g,https://eldoqmentalista.github.io/v/fotografia-en-locaciones-extranas-eldoqmentalista-estilo/,,
1612,12213,RWpPb3V0BHQ,La Tumba Trampa Del Héroe Nacional Un Robo Mortal,,16 de mayo de 2024,0:59,short,,Misterios de la Biblia / Paranormal,https://www.youtube.com/watch?v=RWpPb3V0BHQ,https://eldoqmentalista.github.io/v/la-tumba-trampa-del-heroe-nacional-un-robo-mortal/,,
1613,12128,zNYS_7lgMnI,El mal de ojo: una exploración de creencias ancestrales #maldeojo #brujeria #magia,,31 de marzo de 2024,0:29,short,,Ocultismo y esoterismo / Protección espiritual / Misterios de la Biblia,https://www.youtube.com/watch?v=zNYS_7lgMnI,https://eldoqmentalista.github.io/v/el-mal-de-ojo-una-exploracion-de-creencias-ancestrales-maldeojo-brujer/,,
1614,12027,iZtNL77QlXs,¿Desaparición Masiva? | El Aterrador Desierto que Devoró una Ciudad Entera #shorts,,21 de agosto de 2023,0:58,short,,Paranormal / Ángeles y demonios / Ocultismo y esoterismo,https://www.youtube.com/watch?v=iZtNL77QlXs,https://eldoqmentalista.github.io/v/desaparicion-masiva-el-aterrador-desierto-que-devoro-una-ciudad-entera/,,
1615,11969,diLSNkGtJIY,Cementerio maldito en Kansas Stool #leyendas #paranormal,,28 de agosto de 2025,0:53,short,,Paranormal / Misterios de la Biblia / Ángeles y demonios,https://www.youtube.com/watch?v=diLSNkGtJIY,https://eldoqmentalista.github.io/v/cementerio-maldito-en-kansas-stool-leyendas-paranormal/,,
1616,11866,7ap9Q6PRMIk,15 Formas De Respetarte A Ti Mismo,,3 de junio de 2024,1:00,short,,Misterios de la Biblia / Paranormal,https://www.youtube.com/watch?v=7ap9Q6PRMIk,https://eldoqmentalista.github.io/v/15-formas-de-respetarte-a-ti-mismo/,,
1617,11866,Qe5ejsbnEps,Gracias Radio Paulina De Chile,,28 de marzo de 2019,17:25,documental,,Paranormal / Ángeles y demonios / Ocultismo y esoterismo,https://www.youtube.com/watch?v=Qe5ejsbnEps,https://eldoqmentalista.github.io/v/gracias-radio-paulina-de-chile/,,
1618,11849,i-y3VY4Q4GE,El Mago que Quiso Comprar el Poder de Dios,,16 de agosto de 2025,0:54,short,,,https://www.youtube.com/watch?v=i-y3VY4Q4GE,https://eldoqmentalista.github.io/v/el-mago-que-quiso-comprar-el-poder-de-dios/,,
1619,11775,KDQFumeVE7s,La Primera Ciudad El Nacimiento de la Sociedad Vampírica #leyendas #originaloculto #billionaire,,2 de agosto de 2025,0:22,short,,Paranormal / Misterios de la Biblia / Ocultismo y esoterismo,https://www.youtube.com/watch?v=KDQFumeVE7s,https://eldoqmentalista.github.io/v/la-primera-ciudad-el-nacimiento-de-la-sociedad-vampirica-leyendas-orig/,,
1620,11731,faKjqtQ2J6Q,Daniel 12:4   Ciencia y los Tiempos del Fin,,3 de agosto de 2025,0:23,short,,Conspiraciones / Misterios de la Biblia / Ocultismo y esoterismo,https://www.youtube.com/watch?v=faKjqtQ2J6Q,https://eldoqmentalista.github.io/v/daniel-12-4-ciencia-y-los-tiempos-del-fin/,,
1621,11671,PHp7ZE_kNt8,"¿El Hongo más Valioso del Mundo? Cordyceps, el Oro Biológico. #shorts #tiktok",,21 de agosto de 2023,0:57,short,,Paranormal / Ángeles y demonios / Ocultismo y esoterismo,https://www.youtube.com/watch?v=PHp7ZE_kNt8,https://eldoqmentalista.github.io/v/el-hongo-mas-valioso-del-mundo-cordyceps-el-oro-biologico-shorts-tikto/,,
1622,11647,diw8FxYIN2M,Hechizos de amor: la verdad de los endulzamientos #eldoqmentalista #brujería,,30 de julio de 2025,0:12,short,,Paranormal / Misterios de la Biblia,https://www.youtube.com/watch?v=diw8FxYIN2M,https://eldoqmentalista.github.io/v/hechizos-de-amor-la-verdad-de-los-endulzamientos-eldoqmentalista-bruje/,,
1623,11556,Hx_IEmNsQyU,Profecías del Pasado que Sacudirán TU Mundo   Terror Ancestral 4,,14 de agosto de 2025,0:22,short,,Profecías / Misterios de la Biblia / Paranormal,https://www.youtube.com/watch?v=Hx_IEmNsQyU,https://eldoqmentalista.github.io/v/profecias-del-pasado-que-sacudiran-tu-mundo-terror-ancestral-4/,,
1624,11516,XP3s18DMaIk,Mi Pasión Por El Ocultismo - El Documentalista,,14 de octubre de 2023,0:46,short,,Paranormal / Ocultismo y esoterismo / Ángeles y demonios,https://www.youtube.com/watch?v=XP3s18DMaIk,https://eldoqmentalista.github.io/v/mi-pasion-por-el-ocultismo-el-documentalista/,,
1625,11321,6FfdRPL4110,Hechizos de amor con sangre menstrual #eldoqmentalista #brujería,,28 de julio de 2025,1:10,short,,Paranormal / Misterios de la Biblia / Ocultismo y esoterismo,https://www.youtube.com/watch?v=6FfdRPL4110,https://eldoqmentalista.github.io/v/hechizos-de-amor-con-sangre-menstrual-eldoqmentalista-brujeria/,,
1626,11237,BUZuyd1FrMQ,Explora La Vida De Los Valientes Mineros Del Volcán Ijen.,,2 de agosto de 2025,0:39,short,,Extraterrestres y OVNIs / Misterios de la Biblia / Paranormal,https://www.youtube.com/watch?v=BUZuyd1FrMQ,https://eldoqmentalista.github.io/v/explora-la-vida-de-los-valientes-mineros-del-volcan-ijen/,,
1627,11223,KHagE3t0L74,El Caso Extraordinario de Exorcismo de Padre Amorth,,29 de julio de 2025,0:53,short,,Exorcismos y posesiones / Misterios de la Biblia / Ocultismo y esoterismo,https://www.youtube.com/watch?v=KHagE3t0L74,https://eldoqmentalista.github.io/v/el-caso-extraordinario-de-exorcismo-de-padre-amorth/,,
1628,11209,gB_MamytSJ8,"""Descubre los demonios más poderosos del inframundo""",,15 de abril de 2024,1:00,short,,Ángeles y demonios / Misterios de la Biblia / Paranormal,https://www.youtube.com/watch?v=gB_MamytSJ8,https://eldoqmentalista.github.io/v/descubre-los-demonios-mas-poderosos-del-inframundo/,,
1629,11191,yTiKLAiKF2k,Papus: el mago que desafió prejuicios #eldoqmentalista #ocultismo,,8 de agosto de 2025,0:15,short,,Ocultismo y esoterismo / Paranormal / Misterios de la Biblia,https://www.youtube.com/watch?v=yTiKLAiKF2k,https://eldoqmentalista.github.io/v/papus-el-mago-que-desafio-prejuicios-eldoqmentalista-ocultismo/,,
1630,11141,13ZMVUUjO3U,Padre Gabriel Amorth El Exorcista Jefe del Vaticano,,31 de julio de 2025,0:49,short,,Vaticano e Iglesia / Exorcismos y posesiones / Misterios de la Biblia,https://www.youtube.com/watch?v=13ZMVUUjO3U,https://eldoqmentalista.github.io/v/padre-gabriel-amorth-el-exorcista-jefe-del-vaticano/,,
1631,11104,9h5pc9UyPT4,Respondiendo Preguntas De Mis Suscriptores,,17 de agosto de 2018,1:13:26,documental,,Paranormal / Ángeles y demonios / Ocultismo y esoterismo,https://www.youtube.com/watch?v=9h5pc9UyPT4,https://eldoqmentalista.github.io/v/respondiendo-preguntas-de-mis-suscriptores/,,
1632,11072,9prUs6ws0xI,"Colina misteriosa en León, Guanajuato",,16 de septiembre de 2025,0:30,short,,Paranormal / Ángeles y demonios / Vaticano e Iglesia,https://www.youtube.com/watch?v=9prUs6ws0xI,https://eldoqmentalista.github.io/v/colina-misteriosa-en-leon-guanajuato/,,
1633,11019,kFw0mK4-UBM,PROHIBIDO SOBREVOLAR EN LA ANTARTIDA #interesante #misterio #informacion,,7 de septiembre de 2025,1:00,short,,Misterios de la Biblia / Ángeles y demonios / Ocultismo y esoterismo,https://www.youtube.com/watch?v=kFw0mK4-UBM,https://eldoqmentalista.github.io/v/prohibido-sobrevolar-en-la-antartida-interesante-misterio-informacion/,,
1634,11004,Ns3nbLr3j0s,Profecía Bíblica   2030 y los 6000 Años de Historia,,5 de agosto de 2025,0:29,short,,Misterios de la Biblia / Profecías / Conspiraciones,https://www.youtube.com/watch?v=Ns3nbLr3j0s,https://eldoqmentalista.github.io/v/profecia-biblica-2030-y-los-6000-anos-de-historia/,,
1635,10916,14OInzdWVMg,¿Sabías Esto de la Brujería en la Biblia?,,16 de agosto de 2025,0:36,short,,Misterios de la Biblia,https://www.youtube.com/watch?v=14OInzdWVMg,https://eldoqmentalista.github.io/v/sabias-esto-de-la-brujeria-en-la-biblia/,,
1636,10869,1MKe--BqMec,La Biblia y la Brujería: ¡Castigo Capital!,,16 de agosto de 2025,1:18,short,,Misterios de la Biblia,https://www.youtube.com/watch?v=1MKe--BqMec,https://eldoqmentalista.github.io/v/la-biblia-y-la-brujeria-castigo-capital/,,
1637,10800,0Ef4wXd3L0c,"ADÁN Y EVA, ACLIMAshort 5",,9 de septiembre de 2025,0:59,short,,Misterios de la Biblia / Ángeles y demonios / Ocultismo y esoterismo,https://www.youtube.com/watch?v=0Ef4wXd3L0c,https://eldoqmentalista.github.io/v/adan-y-eva-aclimashort-5/,,
1638,10790,0NWYpA289os,Descubre la verdad detrás del antiguo mito egipcio: ¿orinar en trigo revelaba embarazo?,,6 de mayo de 2024,0:44,short,,Misterios de la Biblia / Paranormal,https://www.youtube.com/watch?v=0NWYpA289os,https://eldoqmentalista.github.io/v/descubre-la-verdad-detras-del-antiguo-mito-egipcio-orinar-en-trigo-rev/,,
1639,10687,wt8pJKEFxiY,¿Alguna vez te has arrepentido de un trabajo que has hecho - El DoQmentalista,,10 de junio de 2024,0:26,short,,Paranormal / Misterios de la Biblia,https://www.youtube.com/watch?v=wt8pJKEFxiY,https://eldoqmentalista.github.io/v/alguna-vez-te-has-arrepentido-de-un-trabajo-que-has-hecho-el-doqmental/,,
1640,10524,SJrbnGeFPX0,La desaparición de las 10 tribus perdidas de Israel #short #paranormal #misterios,,30 de agosto de 2025,0:45,short,,Paranormal / Misterios de la Biblia / Ángeles y demonios,https://www.youtube.com/watch?v=SJrbnGeFPX0,https://eldoqmentalista.github.io/v/la-desaparicion-de-las-10-tribus-perdidas-de-israel-short-paranormal-m/,,
1641,10480,mBfud1EcNRA,LOS COLORES DE LA SANTA MUERTE #santamuerte #interesante #misterio #informacion,,7 de septiembre de 2025,0:55,short,,Misterios de la Biblia / Ángeles y demonios / Ocultismo y esoterismo,https://www.youtube.com/watch?v=mBfud1EcNRA,https://eldoqmentalista.github.io/v/los-colores-de-la-santa-muerte-santamuerte-interesante-misterio-inform/,,
1642,10408,OWDWk8gi1aA,"El Verdadero Batman Descubre Un Nuevo Significado De La Palabra ""Batman""",,2 de junio de 2024,0:54,short,,Misterios de la Biblia / Paranormal,https://www.youtube.com/watch?v=OWDWk8gi1aA,https://eldoqmentalista.github.io/v/el-verdadero-batman-descubre-un-nuevo-significado-de-la-palabra-batman/,,
1643,10383,zvdDVuHQiuU,"El Limbo, Una Solución Teológica - El DoQmentalista ⭐",,1 de julio de 2025,0:48,short,,Vaticano e Iglesia / Paranormal / Ángeles y demonios,https://www.youtube.com/watch?v=zvdDVuHQiuU,https://eldoqmentalista.github.io/v/el-limbo-una-solucion-teologica-el-doqmentalista/,,
1644,10351,at2sgv7u2qo,Los Sacrificios Humanos De los vikingos,,27 de abril de 2024,0:56,short,,Paranormal / Misterios de la Biblia,https://www.youtube.com/watch?v=at2sgv7u2qo,https://eldoqmentalista.github.io/v/los-sacrificios-humanos-de-los-vikingos/,,
1645,10307,z4k-Mn7UZYE,Criaturas que han burlado a la muerte #shorts #paranormal #terrorymisterio,,5 de septiembre de 2025,0:25,short,,Paranormal,https://www.youtube.com/watch?v=z4k-Mn7UZYE,https://eldoqmentalista.github.io/v/criaturas-que-han-burlado-a-la-muerte-shorts-paranormal-terrorymisteri/,,
1646,10081,E72Prc48xPY,El primer extraterrestre del Área 51. #shorts #area51,,8 de septiembre de 2025,0:48,short,,Extraterrestres y OVNIs,https://www.youtube.com/watch?v=E72Prc48xPY,https://eldoqmentalista.github.io/v/el-primer-extraterrestre-del-area-51-shorts-area51/,,
1647,10012,NvNj1oQQj2Q,El Chile Habanero Es Veneno | #shorts #video #youtube #viral,,30 de junio de 2023,0:54,short,,Paranormal / Ángeles y demonios / Ocultismo y esoterismo,https://www.youtube.com/watch?v=NvNj1oQQj2Q,https://eldoqmentalista.github.io/v/el-chile-habanero-es-veneno-shorts-video-youtube-viral/,,
1648,9998,DR_4_-3TwGE,Los Secretos Ocultos de Nezahualcóyotl que la Historia Calla #shorts #mexico #documental,,5 de septiembre de 2025,0:54,short,,,https://www.youtube.com/watch?v=DR_4_-3TwGE,https://eldoqmentalista.github.io/v/los-secretos-ocultos-de-nezahualcoyotl-que-la-historia-calla-shorts-me/,,
1649,9970,9fzpwH8jtLw,La Brujería: ¿Pecado de Rebelión contra Dios?,,16 de agosto de 2025,1:14,short,,,https://www.youtube.com/watch?v=9fzpwH8jtLw,https://eldoqmentalista.github.io/v/la-brujeria-pecado-de-rebelion-contra-dios/,,
1650,9837,48VPZOMS4ew,¿Fantasía o Realidad? El Lago que Desaparece sin Dejar Rastro #shorts #tiktok,,21 de agosto de 2023,0:58,short,,Paranormal / Ángeles y demonios / Ocultismo y esoterismo,https://www.youtube.com/watch?v=48VPZOMS4ew,https://eldoqmentalista.github.io/v/fantasia-o-realidad-el-lago-que-desaparece-sin-dejar-rastro-shorts-tik/,,
1651,9607,1qILj6mT6-A,Documental El Sol Abrasador: Documentales Interesantes,,2 de octubre de 2023,0:56,short,,Paranormal / Ángeles y demonios / Ocultismo y esoterismo,https://www.youtube.com/watch?v=1qILj6mT6-A,https://eldoqmentalista.github.io/v/documental-el-sol-abrasador-documentales-interesantes/,,
1652,9581,RvulCHht0u4,Si pudieras viajar en el tiempo #shorts,,14 de agosto de 2023,0:05,short,,Paranormal / Ángeles y demonios / Ocultismo y esoterismo,https://www.youtube.com/watch?v=RvulCHht0u4,https://eldoqmentalista.github.io/v/si-pudieras-viajar-en-el-tiempo-shorts/,,
1653,9565,xe4S6uGVnoY,La Zombificación En Haití - El Documentalista,,18 de octubre de 2023,0:59,short,,Paranormal / Ángeles y demonios / Ocultismo y esoterismo,https://www.youtube.com/watch?v=xe4S6uGVnoY,https://eldoqmentalista.github.io/v/la-zombificacion-en-haiti-el-documentalista/,,
1654,9444,fnyXkOP-Kd4,Los Señores Mantis - Un misterio de 40 000 años #leyendas #terrorymisterio #demonios,,15 de septiembre de 2025,0:54,short,,Paranormal / Ángeles y demonios / Vaticano e Iglesia,https://www.youtube.com/watch?v=fnyXkOP-Kd4,https://eldoqmentalista.github.io/v/los-senores-mantis-un-misterio-de-40-000-anos-leyendas-terrorymisterio/,,
1655,9440,kqMABeIZLAk,El poder del semen en el vudú #eldoqmentalista #rituales,,5 de agosto de 2025,0:14,short,,Ocultismo y esoterismo / Paranormal / Misterios de la Biblia,https://www.youtube.com/watch?v=kqMABeIZLAk,https://eldoqmentalista.github.io/v/el-poder-del-semen-en-el-vudu-eldoqmentalista-rituales/,,
1656,9406,hCAehIw6ymw,La Muerte No Es El Fin -#shorts #youtube #tiktok #video,,1 de julio de 2023,0:49,short,,Paranormal / Ángeles y demonios / Ocultismo y esoterismo,https://www.youtube.com/watch?v=hCAehIw6ymw,https://eldoqmentalista.github.io/v/la-muerte-no-es-el-fin-shorts-youtube-tiktok-video/,,
1657,9387,ITWj9ZgS10c,Descubre La Historia Épica De Seiya De Pegaso,,21 de mayo de 2024,0:54,short,,Misterios de la Biblia / Paranormal,https://www.youtube.com/watch?v=ITWj9ZgS10c,https://eldoqmentalista.github.io/v/descubre-la-historia-epica-de-seiya-de-pegaso/,,
1658,9376,jzzTFNwnmX8,La Bruja De Las Catacumbas Del Vaticano #shorts #vaticano #historias,,5 de septiembre de 2025,0:57,short,,Vaticano e Iglesia,https://www.youtube.com/watch?v=jzzTFNwnmX8,https://eldoqmentalista.github.io/v/la-bruja-de-las-catacumbas-del-vaticano-shorts-vaticano-historias/,,
1659,9333,J1x3E6_HUoQ,Las Vacas Tienen Amigos,,18 de octubre de 2023,0:24,short,,Paranormal / Ángeles y demonios / Ocultismo y esoterismo,https://www.youtube.com/watch?v=J1x3E6_HUoQ,https://eldoqmentalista.github.io/v/las-vacas-tienen-amigos/,,
1660,9251,wG45bizKzFo,Mis hijos y Dios: creencias en conflicto #eldoqmentalista #fe,,2 de agosto de 2025,0:58,short,,Paranormal / Misterios de la Biblia / Ocultismo y esoterismo,https://www.youtube.com/watch?v=wG45bizKzFo,https://eldoqmentalista.github.io/v/mis-hijos-y-dios-creencias-en-conflicto-eldoqmentalista-fe/,,
1661,9236,Vrx524aPlyY,"Descubre los misterios de la Torre de Londres y sus cuervos, guardianes. #eldoqmentalista #misterio",,30 de marzo de 2024,0:38,short,,Misterios de la Biblia / Paranormal,https://www.youtube.com/watch?v=Vrx524aPlyY,https://eldoqmentalista.github.io/v/descubre-los-misterios-de-la-torre-de-londres-y-sus-cuervos-guardianes/,,
1662,9234,_Gm3GHsmTes,La guerra contra el crimen organizado en México - ¿Valió la pena?,,29 de mayo de 2024,0:22,short,,Paranormal / Misterios de la Biblia,https://www.youtube.com/watch?v=_Gm3GHsmTes,https://eldoqmentalista.github.io/v/la-guerra-contra-el-crimen-organizado-en-mexico-valio-la-pena/,,
1663,9169,IAtjjojo-zs,Los Vikingos Sacrificaban A Sus Esclavos Para...,,27 de abril de 2024,0:35,short,,Paranormal / Misterios de la Biblia,https://www.youtube.com/watch?v=IAtjjojo-zs,https://eldoqmentalista.github.io/v/los-vikingos-sacrificaban-a-sus-esclavos-para/,,
1664,9148,6HYO6jrGpMg,Grimorio:  #short Documentales Interesantes El Doqmentalista,,9 de octubre de 2023,0:30,short,,Paranormal / Ángeles y demonios / Ocultismo y esoterismo,https://www.youtube.com/watch?v=6HYO6jrGpMg,https://eldoqmentalista.github.io/v/grimorio-short-documentales-interesantes-el-doqmentalista/,,
1665,9146,eeSu7-g59sI,LOS TEXTOS APÓCRIFOS Documental: Documentales Interesantes,,7 de julio de 2023,0:48,short,,Paranormal / Ángeles y demonios / Misterios de la Biblia,https://www.youtube.com/watch?v=eeSu7-g59sI,https://eldoqmentalista.github.io/v/los-textos-apocrifos-documental-documentales-interesantes/,,
1666,9142,jC_ZXjXv-9w,Cuando No Le Importas A Las Personas - Frases Del DoQmentalista,,30 de abril de 2024,0:12,short,,Paranormal / Ángeles y demonios / Ocultismo y esoterismo,https://www.youtube.com/watch?v=jC_ZXjXv-9w,https://eldoqmentalista.github.io/v/cuando-no-le-importas-a-las-personas-frases-del-doqmentalista/,,
1667,9118,LzEIwYQqOxA,El poder vital de la sangre #eldoqmentalista #magia,,29 de julio de 2025,0:49,short,,Ocultismo y esoterismo / Paranormal / Misterios de la Biblia,https://www.youtube.com/watch?v=LzEIwYQqOxA,https://eldoqmentalista.github.io/v/el-poder-vital-de-la-sangre-eldoqmentalista-magia/,,
1668,9111,zy_EJbfMktg,Profecías del Pasado que Sacudirán TU Mundo   Terror Ancestral 1,,14 de agosto de 2025,0:15,short,,Profecías / Misterios de la Biblia / Paranormal,https://www.youtube.com/watch?v=zy_EJbfMktg,https://eldoqmentalista.github.io/v/profecias-del-pasado-que-sacudiran-tu-mundo-terror-ancestral-1/,,
1669,9051,NSzFfwZ8znM,"Enfrentando al Kraken a 10,000 metros #leyendas #paranormal",,28 de agosto de 2025,0:45,short,,Paranormal / Misterios de la Biblia / Ángeles y demonios,https://www.youtube.com/watch?v=NSzFfwZ8znM,https://eldoqmentalista.github.io/v/enfrentando-al-kraken-a-10-000-metros-leyendas-paranormal/,,
1670,9016,ssD1cOmUrQI,¿Cómo Convertirte en Ángel? El Viaje a la Eternidad,,26 de febrero de 2025,0:34,short,,Ángeles y demonios / Ocultismo y esoterismo / Conspiraciones,https://www.youtube.com/watch?v=ssD1cOmUrQI,https://eldoqmentalista.github.io/v/como-convertirte-en-angel-el-viaje-a-la-eternidad/,,
1671,8859,U77IcwV-iIk,entrevista al doqmentalista pt1,,21 de abril de 2024,1:00,short,,Misterios de la Biblia / Paranormal,https://www.youtube.com/watch?v=U77IcwV-iIk,https://eldoqmentalista.github.io/v/entrevista-al-doqmentalista-pt1/,,
1672,8816,FcprLZus5g4,Entrevista al doqmentalista pt2 #eldoqmentalista,,21 de abril de 2024,0:58,short,,Misterios de la Biblia / Paranormal,https://www.youtube.com/watch?v=FcprLZus5g4,https://eldoqmentalista.github.io/v/entrevista-al-doqmentalista-pt2-eldoqmentalista/,,
1673,8702,_-eKHA9Zk4U,REVELACIÓN IMPACTANTE Así Planea EE UU  Invadir Venezuela el documentalista el doqmentalista 10,,16 de agosto de 2025,0:33,short,,Misterios de la Biblia / Ocultismo y esoterismo / Paranormal,https://www.youtube.com/watch?v=_-eKHA9Zk4U,https://eldoqmentalista.github.io/v/revelacion-impactante-asi-planea-ee-uu-invadir-venezuela-el-documental-10/,,
1674,8668,QW80Xavgnmw,La sangre en la magia ceremonial #eldoqmentalista #ocultismo,,28 de julio de 2025,0:58,short,,Ocultismo y esoterismo / Paranormal / Misterios de la Biblia,https://www.youtube.com/watch?v=QW80Xavgnmw,https://eldoqmentalista.github.io/v/la-sangre-en-la-magia-ceremonial-eldoqmentalista-ocultismo/,,
1675,8653,DlMix3XqAeA,Magia y oscuridad - El DoQmentalista,,8 de abril de 2024,0:50,short,,Ocultismo y esoterismo / Misterios de la Biblia / Paranormal,https://www.youtube.com/watch?v=DlMix3XqAeA,https://eldoqmentalista.github.io/v/magia-y-oscuridad-el-doqmentalista/,,
1676,8651,BHFg81QUlVM,"ADÁN Y EVA, ACLIMA short 4",,9 de septiembre de 2025,1:05,short,,Misterios de la Biblia / Ángeles y demonios / Ocultismo y esoterismo,https://www.youtube.com/watch?v=BHFg81QUlVM,https://eldoqmentalista.github.io/v/adan-y-eva-aclima-short-4/,,
1677,8649,4Q6wCea0R6M,Profecías del Pasado que Sacudirán TU Mundo   Terror Ancestral 5,,14 de agosto de 2025,0:24,short,,Profecías / Misterios de la Biblia / Paranormal,https://www.youtube.com/watch?v=4Q6wCea0R6M,https://eldoqmentalista.github.io/v/profecias-del-pasado-que-sacudiran-tu-mundo-terror-ancestral-5/,,
1678,8631,boyZSyJUgGY,Vikingos En America - #video #youtube #viral #2023,,30 de junio de 2023,0:59,short,,Paranormal / Ángeles y demonios / Ocultismo y esoterismo,https://www.youtube.com/watch?v=boyZSyJUgGY,https://eldoqmentalista.github.io/v/vikingos-en-america-video-youtube-viral-2023/,,
1679,8604,-1Bu5pVcAXk,Magia blanca: endulzamientos y encantamientos #eldoqmentalista #hechizos,,28 de julio de 2025,0:31,short,,Ocultismo y esoterismo / Paranormal / Misterios de la Biblia,https://www.youtube.com/watch?v=-1Bu5pVcAXk,https://eldoqmentalista.github.io/v/magia-blanca-endulzamientos-y-encantamientos-eldoqmentalista-hechizos/,,
1680,8589,N_fub7DNUZA,GRAN NOTICIA - Lo Prometido Es Deuda - El DoQmentalista,,16 de octubre de 2024,11:45,documental,,Conspiraciones / Ocultismo y esoterismo,https://www.youtube.com/watch?v=N_fub7DNUZA,https://eldoqmentalista.github.io/v/gran-noticia-lo-prometido-es-deuda-el-doqmentalista/,,
1681,8575,Vf_FJLs2U8w,Profecías del Pasado que Sacudirán TU Mundo   Terror Ancestral 3,,14 de agosto de 2025,0:19,short,,Profecías / Misterios de la Biblia / Paranormal,https://www.youtube.com/watch?v=Vf_FJLs2U8w,https://eldoqmentalista.github.io/v/profecias-del-pasado-que-sacudiran-tu-mundo-terror-ancestral-3/,,
1682,8563,k9zBGNm5728,Encuentro con el hermano fallecido #eldoqmentalista #másallá,,3 de agosto de 2025,1:12,short,,Paranormal / Misterios de la Biblia / Ocultismo y esoterismo,https://www.youtube.com/watch?v=k9zBGNm5728,https://eldoqmentalista.github.io/v/encuentro-con-el-hermano-fallecido-eldoqmentalista-masalla/,,
1683,8551,07Yf9TWI8Go,"Veneración de los Espiritus, NO LO HAGAS - El DoQmentalista",,16 de diciembre de 2023,0:58,short,,Paranormal / Ángeles y demonios / Ocultismo y esoterismo,https://www.youtube.com/watch?v=07Yf9TWI8Go,https://eldoqmentalista.github.io/v/veneracion-de-los-espiritus-no-lo-hagas-el-doqmentalista/,,
1684,8537,3yAc1n1_Z78,Si te gusta alguien... Frases Interesantes El Doqmentalista,,5 de octubre de 2023,0:35,short,,Paranormal / Ángeles y demonios / Ocultismo y esoterismo,https://www.youtube.com/watch?v=3yAc1n1_Z78,https://eldoqmentalista.github.io/v/si-te-gusta-alguien-frases-interesantes-el-doqmentalista/,,
1685,8401,cusf_7J2pV8,"¡Papa Francisco estalla! '¿Conocer a Judas, el traidor de Jesús?' #shorts #vaticano #sabiasque",,1 de septiembre de 2025,0:38,short,,Vaticano e Iglesia / Jesús y María,https://www.youtube.com/watch?v=cusf_7J2pV8,https://eldoqmentalista.github.io/v/papa-francisco-estalla-conocer-a-judas-el-traidor-de-jesus-shorts-vati/,,
1686,8378,mOSwt49O3xQ,La Primer Trompeta Del Apocalipsis - #video #youtube #viral #2023,,30 de junio de 2023,0:30,short,,Paranormal / Ángeles y demonios / Ocultismo y esoterismo,https://www.youtube.com/watch?v=mOSwt49O3xQ,https://eldoqmentalista.github.io/v/la-primer-trompeta-del-apocalipsis-video-youtube-viral-2023/,,
1687,8320,W760U3rJGlA,Cuando Tus Sueños Deforman a Dios #sueños #Urantia #espíritu,,13 de septiembre de 2025,0:44,short,,Misterios de la Biblia / Ángeles y demonios / Ocultismo y esoterismo,https://www.youtube.com/watch?v=W760U3rJGlA,https://eldoqmentalista.github.io/v/cuando-tus-suenos-deforman-a-dios-suenos-urantia-espiritu/,,
1688,8281,7If_xaIeXG8,Padre Exorcista Martín 650 Casos Documentados,,28 de julio de 2025,0:49,short,,Exorcismos y posesiones / Misterios de la Biblia / Ocultismo y esoterismo,https://www.youtube.com/watch?v=7If_xaIeXG8,https://eldoqmentalista.github.io/v/padre-exorcista-martin-650-casos-documentados/,,
1689,8230,9DzMGUbBVkM,Serafiel El Príncipe de los Serafines #paranormal #terror #misterio #shorts,,28 de agosto de 2025,0:58,short,,Ángeles y demonios / Paranormal / Misterios de la Biblia,https://www.youtube.com/watch?v=9DzMGUbBVkM,https://eldoqmentalista.github.io/v/serafiel-el-principe-de-los-serafines-paranormal-terror-misterio-short/,,
1690,8221,66kJdzg_tJw,Se casaron entre hermanos. #Shorts,,8 de septiembre de 2025,0:44,short,,,https://www.youtube.com/watch?v=66kJdzg_tJw,https://eldoqmentalista.github.io/v/se-casaron-entre-hermanos-shorts/,,
1691,8167,LYo-tPqNu10,CÓMO MURIÓ LA VIRGEN MARIA #biblia #misterios #virgenmaria,,6 de septiembre de 2025,0:55,short,,Misterios de la Biblia / Jesús y María / Ángeles y demonios,https://www.youtube.com/watch?v=LYo-tPqNu10,https://eldoqmentalista.github.io/v/como-murio-la-virgen-maria-biblia-misterios-virgenmaria/,,
1692,8118,iX3bUcHKj4U,Ayunar puede cerrar la puerta al enemigo ¿Te atreves a intentarlo?,,15 de agosto de 2025,1:12,short,,Ocultismo y esoterismo / Misterios de la Biblia / Paranormal,https://www.youtube.com/watch?v=iX3bUcHKj4U,https://eldoqmentalista.github.io/v/ayunar-puede-cerrar-la-puerta-al-enemigo-te-atreves-a-intentarlo/,,
1693,8092,sWvBhjjhAXU,Rituales de adolescentes #eldoqmentalista #ocultismo,,31 de julio de 2025,1:12,short,,Ocultismo y esoterismo / Paranormal / Misterios de la Biblia,https://www.youtube.com/watch?v=sWvBhjjhAXU,https://eldoqmentalista.github.io/v/rituales-de-adolescentes-eldoqmentalista-ocultismo/,,
1694,8044,eSFxnD7Fvtw,El DoQmentalista Se Convierte En Zombie,,13 de octubre de 2023,0:50,short,,Paranormal / Ángeles y demonios / Ocultismo y esoterismo,https://www.youtube.com/watch?v=eSFxnD7Fvtw,https://eldoqmentalista.github.io/v/el-doqmentalista-se-convierte-en-zombie/,,
1695,8034,a-mepNnjFI0,"Ritos Satánicos, Marilyn Manson, Tres Objetivos",,13 de agosto de 2025,0:28,short,,Ángeles y demonios / Misterios de la Biblia / Ocultismo y esoterismo,https://www.youtube.com/watch?v=a-mepNnjFI0,https://eldoqmentalista.github.io/v/ritos-satanicos-marilyn-manson-tres-objetivos/,,
1696,7979,E1mSDtpmVUw,Descubre Los Devastadores Abrasadores De Árboles En La India.,,2 de junio de 2024,0:51,short,,Misterios de la Biblia / Paranormal,https://www.youtube.com/watch?v=E1mSDtpmVUw,https://eldoqmentalista.github.io/v/descubre-los-devastadores-abrasadores-de-arboles-en-la-india/,,
1697,7952,ttCB3kQgJqo,El peligro de una superinteligencia fuera de control,,17 de septiembre de 2025,0:32,short,,Paranormal / Ángeles y demonios / Vaticano e Iglesia,https://www.youtube.com/watch?v=ttCB3kQgJqo,https://eldoqmentalista.github.io/v/el-peligro-de-una-superinteligencia-fuera-de-control/,,
1698,7916,4Hvoyk062YA,Ubicación del Jardín del Edén #short #paranormal #misterios,,30 de agosto de 2025,0:43,short,,Paranormal / Misterios de la Biblia / Ángeles y demonios,https://www.youtube.com/watch?v=4Hvoyk062YA,https://eldoqmentalista.github.io/v/ubicacion-del-jardin-del-eden-short-paranormal-misterios/,,
1699,7892,UqcPXmrxzas,Misterios de una raza subterránea y sus poderes mentales,,17 de septiembre de 2025,1:10,short,,Paranormal / Ángeles y demonios / Vaticano e Iglesia,https://www.youtube.com/watch?v=UqcPXmrxzas,https://eldoqmentalista.github.io/v/misterios-de-una-raza-subterranea-y-sus-poderes-mentales/,,
1700,7867,O5XAh0i0tK4,La madre de todas las gárgolas #eldoqmentalista #misterio,,27 de julio de 2025,0:31,short,,Misterios de la Biblia / Ocultismo y esoterismo / Paranormal,https://www.youtube.com/watch?v=O5XAh0i0tK4,https://eldoqmentalista.github.io/v/la-madre-de-todas-las-gargolas-eldoqmentalista-misterio/,,
1701,7864,PjZLf0eBVuQ,Prisioneros de las catacumbas del Vaticano #shorts #vaticano,,8 de septiembre de 2025,0:57,short,,Vaticano e Iglesia,https://www.youtube.com/watch?v=PjZLf0eBVuQ,https://eldoqmentalista.github.io/v/prisioneros-de-las-catacumbas-del-vaticano-shorts-vaticano/,,
1702,7802,apaPLCQ-0Pg,"Jesús, El sanador, milagros #jesus #jesucristo jesu",,9 de julio de 2023,0:49,short,,Paranormal / Jesús y María / Ángeles y demonios,https://www.youtube.com/watch?v=apaPLCQ-0Pg,https://eldoqmentalista.github.io/v/jesus-el-sanador-milagros-jesus-jesucristo-jesu/,,
1703,7776,-GJixRB7Aik,Quien te ataca por la espalda tiene muy claro que...  #youtube #eldoqmentalista,,27 de septiembre de 2023,0:08,short,,Paranormal / Ángeles y demonios / Ocultismo y esoterismo,https://www.youtube.com/watch?v=-GJixRB7Aik,https://eldoqmentalista.github.io/v/quien-te-ataca-por-la-espalda-tiene-muy-claro-que-youtube-eldoqmentali/,,
1704,7749,OUYlpZepkvs,Ruccacu y El Papa Visitan a los Vampiros del Vaticano #shorts #misterios,,8 de septiembre de 2025,1:00,short,,Vaticano e Iglesia,https://www.youtube.com/watch?v=OUYlpZepkvs,https://eldoqmentalista.github.io/v/ruccacu-y-el-papa-visitan-a-los-vampiros-del-vaticano-shorts-misterios/,,
1705,7719,7nFXk8AONNI,Las Tres Señales Antes del Fin del Mundo short 1,,9 de septiembre de 2025,0:59,short,,Misterios de la Biblia / Fin del mundo / Ángeles y demonios,https://www.youtube.com/watch?v=7nFXk8AONNI,https://eldoqmentalista.github.io/v/las-tres-senales-antes-del-fin-del-mundo-short-1/,,
1706,7661,1BAr-8gHfMU,La tarántula pecaminosa del Vaticano fue real #eldoqmentalista #criaturas,,26 de julio de 2025,0:31,short,,Vaticano e Iglesia / Misterios de la Biblia / Ocultismo y esoterismo,https://www.youtube.com/watch?v=1BAr-8gHfMU,https://eldoqmentalista.github.io/v/la-tarantula-pecaminosa-del-vaticano-fue-real-eldoqmentalista-criatura/,,
1707,7643,chg67s4QVZg,Durante la Segunda Guerra Mundial.Descubre sus historias de amor y valentía,,6 de mayo de 2024,0:48,short,,Misterios de la Biblia / Paranormal,https://www.youtube.com/watch?v=chg67s4QVZg,https://eldoqmentalista.github.io/v/durante-la-segunda-guerra-mundial-descubre-sus-historias-de-amor-y-val/,,
1708,7637,W13yk-6Xx7A,Entrevista Con Un Exorcista PT 1,,16 de mayo de 2024,0:53,short,,Exorcismos y posesiones / Misterios de la Biblia / Paranormal,https://www.youtube.com/watch?v=W13yk-6Xx7A,https://eldoqmentalista.github.io/v/entrevista-con-un-exorcista-pt-1/,,
1709,7526,czaSmTyh-T8,La Potencia De Las Hormigas,,18 de octubre de 2023,0:37,short,,Paranormal / Ángeles y demonios / Conspiraciones,https://www.youtube.com/watch?v=czaSmTyh-T8,https://eldoqmentalista.github.io/v/la-potencia-de-las-hormigas/,,
1710,7509,KQwJHcPdaZY,El Papa visita a la bruja del Vaticano  short 4,,8 de septiembre de 2025,1:06,short,,Vaticano e Iglesia / Misterios de la Biblia / Ángeles y demonios,https://www.youtube.com/watch?v=KQwJHcPdaZY,https://eldoqmentalista.github.io/v/el-papa-visita-a-la-bruja-del-vaticano-short-4/,,
1711,7460,eXzXdksGHXw,Números Sagrados y Su Poder #numerología #misterio #espiritualidad,,26 de julio de 2024,1:00,short,,Ocultismo y esoterismo / Misterios de la Biblia / Paranormal,https://www.youtube.com/watch?v=eXzXdksGHXw,https://eldoqmentalista.github.io/v/numeros-sagrados-y-su-poder-numerologia-misterio-espiritualidad/,,
1712,7440,BhX6ooFso3g,"ADÁN Y EVA, ACLIMA short 3",,9 de septiembre de 2025,1:08,short,,Misterios de la Biblia / Ángeles y demonios / Ocultismo y esoterismo,https://www.youtube.com/watch?v=BhX6ooFso3g,https://eldoqmentalista.github.io/v/adan-y-eva-aclima-short-3/,,
1713,7428,1UuKQh47F3I,Entrevista Con Sacerdotiza Satanica #4 - El DoQmentalista,,29 de mayo de 2024,1:00,short,,Ángeles y demonios / Paranormal / Misterios de la Biblia,https://www.youtube.com/watch?v=1UuKQh47F3I,https://eldoqmentalista.github.io/v/entrevista-con-sacerdotiza-satanica-4-el-doqmentalista/,,
1714,7409,9EjCI1vmrvw,Los Elefantes Escuchan Con Las Patas,,20 de octubre de 2023,0:43,short,,Paranormal / Ángeles y demonios / Ocultismo y esoterismo,https://www.youtube.com/watch?v=9EjCI1vmrvw,https://eldoqmentalista.github.io/v/los-elefantes-escuchan-con-las-patas/,,
1715,7355,yBKsrGErKyg,Los Harenes de Ashurbanipal El Hombre más poderoso del mundo,,9 de julio de 2023,0:47,short,,Paranormal / Ángeles y demonios / Ocultismo y esoterismo,https://www.youtube.com/watch?v=yBKsrGErKyg,https://eldoqmentalista.github.io/v/los-harenes-de-ashurbanipal-el-hombre-mas-poderoso-del-mundo/,,
1716,7336,8sjZpY5bB6A,entrevista al doqmentalista pt3 #eldoqmentalista #entrevista,,22 de abril de 2024,0:56,short,,Misterios de la Biblia / Paranormal,https://www.youtube.com/watch?v=8sjZpY5bB6A,https://eldoqmentalista.github.io/v/entrevista-al-doqmentalista-pt3-eldoqmentalista-entrevista/,,
1717,7333,nxZw905LPuw,La Advertencia Del Fantasma Un Matrimonio Mortal,,16 de mayo de 2024,0:57,short,,Paranormal / Conspiraciones / Misterios de la Biblia,https://www.youtube.com/watch?v=nxZw905LPuw,https://eldoqmentalista.github.io/v/la-advertencia-del-fantasma-un-matrimonio-mortal/,,
1718,7317,d65eUefZP5A,Explora la oscura leyenda de la mina maldita! ¿Te atreves a adentrarte en lo desconocido?,,15 de abril de 2024,0:54,short,,Paranormal / Misterios de la Biblia,https://www.youtube.com/watch?v=d65eUefZP5A,https://eldoqmentalista.github.io/v/explora-la-oscura-leyenda-de-la-mina-maldita-te-atreves-a-adentrarte-e/,,
1719,7316,vg2pOxRJrpI,Libros De Magia Mala magia Buena #youtube #shorts,,9 de julio de 2023,0:48,short,,Paranormal / Ocultismo y esoterismo / Ángeles y demonios,https://www.youtube.com/watch?v=vg2pOxRJrpI,https://eldoqmentalista.github.io/v/libros-de-magia-mala-magia-buena-youtube-shorts/,,
1720,7283,vVsiiKxblyg,sumérgete en el oscuro mundo de los seres infernales en solo unos minutos.,SI (x2),15 de abril de 2024,0:59,short,,Misterios de la Biblia / Paranormal,https://www.youtube.com/watch?v=vVsiiKxblyg,https://eldoqmentalista.github.io/v/sumergete-en-el-oscuro-mundo-de-los-seres-infernales-en-solo-unos-minu-2/,,
1721,7259,Vuc23FCRVoQ,El Papa visita a la bruja del Vaticano 2  #interesante #misterio #informacion,,7 de septiembre de 2025,1:05,short,,Vaticano e Iglesia / Misterios de la Biblia / Ángeles y demonios,https://www.youtube.com/watch?v=Vuc23FCRVoQ,https://eldoqmentalista.github.io/v/el-papa-visita-a-la-bruja-del-vaticano-2-interesante-misterio-informac/,,
1722,7240,6tkPJbPUjU4,Arcángel Gabriel #youtube #viral #mitología,,9 de julio de 2023,0:44,short,,Paranormal / Ángeles y demonios / Ocultismo y esoterismo,https://www.youtube.com/watch?v=6tkPJbPUjU4,https://eldoqmentalista.github.io/v/arcangel-gabriel-youtube-viral-mitologia/,,
1723,7221,gknGMkplglk,"El Joker desenmascarado, El DoQmentalista",,30 de noviembre de 2023,0:35,short,,Paranormal / Ángeles y demonios / Ocultismo y esoterismo,https://www.youtube.com/watch?v=gknGMkplglk,https://eldoqmentalista.github.io/v/el-joker-desenmascarado-el-doqmentalista/,,
1724,7204,9wjuSb4Uo48,El Día de los Muertos: Antes de los colonizadores,,31 de octubre de 2023,0:19,short,,Paranormal / Ángeles y demonios / Ocultismo y esoterismo,https://www.youtube.com/watch?v=9wjuSb4Uo48,https://eldoqmentalista.github.io/v/el-dia-de-los-muertos-antes-de-los-colonizadores/,,
1725,7175,Cf6Mmh17GWI,La Sirena del Foso Mar de Plata #leyendas #paranormal,,28 de agosto de 2025,0:54,short,,Paranormal / Misterios de la Biblia / Ángeles y demonios,https://www.youtube.com/watch?v=Cf6Mmh17GWI,https://eldoqmentalista.github.io/v/la-sirena-del-foso-mar-de-plata-leyendas-paranormal/,,
1726,7165,6PUti_aamWE,Nigromancia: El Arte Prohibido,,4 de junio de 2024,1:00,short,,Conspiraciones / Misterios de la Biblia / Paranormal,https://www.youtube.com/watch?v=6PUti_aamWE,https://eldoqmentalista.github.io/v/nigromancia-el-arte-prohibido/,,
1727,7048,YLzAcHTBR0c,Entrevista Con Un Exorcista Pt 2,,16 de mayo de 2024,0:51,short,,Exorcismos y posesiones / Misterios de la Biblia / Paranormal,https://www.youtube.com/watch?v=YLzAcHTBR0c,https://eldoqmentalista.github.io/v/entrevista-con-un-exorcista-pt-2/,,
1728,7044,w-xOLRYD1So,El poderoso significado del verbo en el Evangelio de Juan,,13 de enero de 2024,0:46,short,,Misterios de la Biblia / Ángeles y demonios,https://www.youtube.com/watch?v=w-xOLRYD1So,https://eldoqmentalista.github.io/v/el-poderoso-significado-del-verbo-en-el-evangelio-de-juan/,,
1729,7029,CeIbd0utyqI,¿Quién es Raziel? El Arcángel #youtube #video #historias,,9 de julio de 2023,0:39,short,,Paranormal / Ángeles y demonios / Ocultismo y esoterismo,https://www.youtube.com/watch?v=CeIbd0utyqI,https://eldoqmentalista.github.io/v/quien-es-raziel-el-arcangel-youtube-video-historias/,,
1730,7017,kEA-33YBkcU,Sueños con el diablo #eldoqmentalista #demonios,,30 de julio de 2025,1:16,short,,Ángeles y demonios / Paranormal / Misterios de la Biblia,https://www.youtube.com/watch?v=kEA-33YBkcU,https://eldoqmentalista.github.io/v/suenos-con-el-diablo-eldoqmentalista-demonios/,,
1731,7017,q4xrBUOswHQ,Los Ángeles Guerreros #angeles #arcangeles,,20 de febrero de 2024,0:28,short,,Ángeles y demonios / Misterios de la Biblia / Paranormal,https://www.youtube.com/watch?v=q4xrBUOswHQ,https://eldoqmentalista.github.io/v/los-angeles-guerreros-angeles-arcangeles/,,
1732,6983,N5gXCYEADaI,Sumérgete en la fascinante vida de Genghis Khan: desde sus conquistas hasta su legado.,,6 de mayo de 2024,0:55,short,,Misterios de la Biblia / Paranormal,https://www.youtube.com/watch?v=N5gXCYEADaI,https://eldoqmentalista.github.io/v/sumergete-en-la-fascinante-vida-de-genghis-khan-desde-sus-conquistas-h/,,
1733,6977,T3D3QytRIjk,Rituales de sangre en el vodú #eldoqmentalista #voodoo,,26 de julio de 2025,1:07,short,,Ocultismo y esoterismo / Paranormal / Misterios de la Biblia,https://www.youtube.com/watch?v=T3D3QytRIjk,https://eldoqmentalista.github.io/v/rituales-de-sangre-en-el-vodu-eldoqmentalista-voodoo/,,
1734,6941,JaIFIFJvY_U,"El oscuro ritual que promete vida eterna, pero a un precio devastador",,16 de diciembre de 2023,0:39,short,,Ocultismo y esoterismo / Misterios de la Biblia / Paranormal,https://www.youtube.com/watch?v=JaIFIFJvY_U,https://eldoqmentalista.github.io/v/el-oscuro-ritual-que-promete-vida-eterna-pero-a-un-precio-devastador/,,
1735,6935,EOoiFb3_sp4,¿Cómo Hacer milagros? Moisés hacia milagros #youtube #shorts #viral,,9 de julio de 2023,0:46,short,,Paranormal / Ángeles y demonios / Ocultismo y esoterismo,https://www.youtube.com/watch?v=EOoiFb3_sp4,https://eldoqmentalista.github.io/v/como-hacer-milagros-moises-hacia-milagros-youtube-shorts-viral/,,
1736,6925,ABiN_QEdHpM,Entrevista al doqmentalista #doqmentalista #entrevista,,22 de abril de 2024,0:56,short,,Misterios de la Biblia / Paranormal,https://www.youtube.com/watch?v=ABiN_QEdHpM,https://eldoqmentalista.github.io/v/entrevista-al-doqmentalista-doqmentalista-entrevista/,,
1737,6887,grk83tH3PZw,Entrevista Con Un Exorcista Pt 4 Final,,16 de mayo de 2024,0:58,short,,Exorcismos y posesiones / Misterios de la Biblia / Paranormal,https://www.youtube.com/watch?v=grk83tH3PZw,https://eldoqmentalista.github.io/v/entrevista-con-un-exorcista-pt-4-final/,,
1738,6884,ECAEhtzl3Zg,"El crimen organizado en la actualidad - Retos, equipamiento y combate",,29 de mayo de 2024,0:35,short,,Paranormal / Misterios de la Biblia,https://www.youtube.com/watch?v=ECAEhtzl3Zg,https://eldoqmentalista.github.io/v/el-crimen-organizado-en-la-actualidad-retos-equipamiento-y-combate/,,
1739,6857,eo157Q-4pEg,3i/Atlas: Dr. Loeb Todas las posibilidades  #leyendas #originaloculto #billionaire,,2 de agosto de 2025,0:23,short,,Paranormal / Misterios de la Biblia / Ocultismo y esoterismo,https://www.youtube.com/watch?v=eo157Q-4pEg,https://eldoqmentalista.github.io/v/3i-atlas-dr-loeb-todas-las-posibilidades-leyendas-originaloculto-billi/,,
1740,6857,TpOE0sge-SY,El Día de los Muertos no es solo una festividad,,31 de octubre de 2023,0:35,short,,Paranormal / Ángeles y demonios / Ocultismo y esoterismo,https://www.youtube.com/watch?v=TpOE0sge-SY,https://eldoqmentalista.github.io/v/el-dia-de-los-muertos-no-es-solo-una-festividad/,,
1741,6839,bE0SHUI8H9I,Magia Popular vs. Verdad Bíblica: ¿Quién Miente?,,16 de agosto de 2025,0:49,short,,Misterios de la Biblia / Ocultismo y esoterismo,https://www.youtube.com/watch?v=bE0SHUI8H9I,https://eldoqmentalista.github.io/v/magia-popular-vs-verdad-biblica-quien-miente/,,
1742,6821,CJ2q20cyXug,Morfeo (Μορφεύς) #shorts #mitología,,3 de julio de 2023,1:00,short,,Paranormal / Ocultismo y esoterismo / Ángeles y demonios,https://www.youtube.com/watch?v=CJ2q20cyXug,https://eldoqmentalista.github.io/v/morfeo-shorts-mitologia/,,
1743,6737,8BrSzp1MJBY,Tiamat | Símbolo Del Caos Primordial | diosa Babilonia,,3 de julio de 2023,1:00,short,,Paranormal / Ángeles y demonios / Ocultismo y esoterismo,https://www.youtube.com/watch?v=8BrSzp1MJBY,https://eldoqmentalista.github.io/v/tiamat-simbolo-del-caos-primordial-diosa-babilonia/,,
1744,6727,V_ArwhkWMGM,"¿Mujeres Samuráis? ¡Sí, existieron! 🌸🗡️",,11 de octubre de 2023,0:39,short,,Paranormal / Ángeles y demonios / Ocultismo y esoterismo,https://www.youtube.com/watch?v=V_ArwhkWMGM,https://eldoqmentalista.github.io/v/mujeres-samurais-si-existieron/,,
1745,6617,1P4u4rxrAiM,El pacto: un proceso peligroso #eldoqmentalista #ocultismo,,5 de agosto de 2025,0:56,short,,Ocultismo y esoterismo / Paranormal / Misterios de la Biblia,https://www.youtube.com/watch?v=1P4u4rxrAiM,https://eldoqmentalista.github.io/v/el-pacto-un-proceso-peligroso-eldoqmentalista-ocultismo/,,
1746,6606,YF-RjmMhCVM,Los Delfines Tienen Nombre,,19 de octubre de 2023,0:34,short,,Paranormal / Ángeles y demonios / Ocultismo y esoterismo,https://www.youtube.com/watch?v=YF-RjmMhCVM,https://eldoqmentalista.github.io/v/los-delfines-tienen-nombre/,,
1747,6599,-gxuQzzK9A4,"Gracias por lo que tuve, por lo que tengo y por lo que está por venir  #eldoqmentalista",,27 de septiembre de 2023,0:10,short,,Paranormal / Ángeles y demonios / Ocultismo y esoterismo,https://www.youtube.com/watch?v=-gxuQzzK9A4,https://eldoqmentalista.github.io/v/gracias-por-lo-que-tuve-por-lo-que-tengo-y-por-lo-que-esta-por-venir-e/,,
1748,6597,qFWBj9IkCkQ,La Caja Musical Asesina: ¡Su Melodía te Obliga a Matar! #shorts #fbi #misterios,,2 de septiembre de 2025,1:59,short,,,https://www.youtube.com/watch?v=qFWBj9IkCkQ,https://eldoqmentalista.github.io/v/la-caja-musical-asesina-su-melodia-te-obliga-a-matar-shorts-fbi-mister/,,
1749,6563,qpox4lF5h3M,REVELACIÓN IMPACTANTE Así Planea EE UU  Invadir Venezuela el documentalista el doqmentalista 3,,16 de agosto de 2025,0:54,short,,Misterios de la Biblia / Ocultismo y esoterismo / Paranormal,https://www.youtube.com/watch?v=qpox4lF5h3M,https://eldoqmentalista.github.io/v/revelacion-impactante-asi-planea-ee-uu-invadir-venezuela-el-documental/,,
1750,6490,adru6VaQSpw,El Papa visita a la bruja del Vaticano  #interesante #misterio #informacion,SI (x2),7 de septiembre de 2025,0:57,short,,Vaticano e Iglesia / Misterios de la Biblia / Ángeles y demonios,https://www.youtube.com/watch?v=adru6VaQSpw,https://eldoqmentalista.github.io/v/el-papa-visita-a-la-bruja-del-vaticano-interesante-misterio-informacio-2/,,
1751,6488,LqvmzQcFhY4,El Espejo que Atrapa Almas: ¡Voces Claman Libertad! #shorts #fbi #misterios,,2 de septiembre de 2025,1:08,short,,,https://www.youtube.com/watch?v=LqvmzQcFhY4,https://eldoqmentalista.github.io/v/el-espejo-que-atrapa-almas-voces-claman-libertad-shorts-fbi-misterios/,,
1752,6487,JcvJ_HrK7IQ,El Papa visita a la bruja del Vaticano #interesante #misterio #informacion,,7 de septiembre de 2025,1:08,short,,Vaticano e Iglesia / Misterios de la Biblia / Ángeles y demonios,https://www.youtube.com/watch?v=JcvJ_HrK7IQ,https://eldoqmentalista.github.io/v/el-papa-visita-a-la-bruja-del-vaticano-interesante-misterio-informacio-3/,,
1753,6468,sTg9QxLBz5I,REVELACIÓN IMPACTANTE Así Planea EE UU  Invadir Venezuela el documentalista el doqmentalista 1,,16 de agosto de 2025,0:33,short,,Misterios de la Biblia / Ocultismo y esoterismo / Paranormal,https://www.youtube.com/watch?v=sTg9QxLBz5I,https://eldoqmentalista.github.io/v/revelacion-impactante-asi-planea-ee-uu-invadir-venezuela-el-documental-2/,,
1754,6468,SVfct1sj_NU,Entrevista Con Sacerdotiza Satanica #10 - El DoQmentalista,,29 de mayo de 2024,0:57,short,,Ángeles y demonios / Misterios de la Biblia / Paranormal,https://www.youtube.com/watch?v=SVfct1sj_NU,https://eldoqmentalista.github.io/v/entrevista-con-sacerdotiza-satanica-10-el-doqmentalista/,,
1755,6409,q5g3vJwjnCo,5 PODERES Ocultos que Tienes Contra el Mal el documentalista el doqmentalista 9,,16 de agosto de 2025,1:06,short,,Misterios de la Biblia / Ocultismo y esoterismo / Paranormal,https://www.youtube.com/watch?v=q5g3vJwjnCo,https://eldoqmentalista.github.io/v/5-poderes-ocultos-que-tienes-contra-el-mal-el-documentalista-el-doqmen-2/,,
1756,6387,c9Ibg6JYEuM,Cannibal Warriors in Samoa The Head Hunting Ritual,,19 de septiembre de 2025,0:42,short,,Paranormal / Ángeles y demonios / Ocultismo y esoterismo,https://www.youtube.com/watch?v=c9Ibg6JYEuM,https://eldoqmentalista.github.io/v/cannibal-warriors-in-samoa-the-head-hunting-ritual/,,
1757,6377,Osehe11ONX0,El increíble enigma de las lápidas en el suelo del edificio,,13 de enero de 2024,0:27,short,,Misterios de la Biblia / Paranormal,https://www.youtube.com/watch?v=Osehe11ONX0,https://eldoqmentalista.github.io/v/el-increible-enigma-de-las-lapidas-en-el-suelo-del-edificio/,,
1758,6372,i2p_J5zgX_0,La influencia misteriosa que marcó a Hitler: el mago ocultista #eldoqmentalista,,10 de enero de 2024,0:46,short,,Ocultismo y esoterismo / Conspiraciones / Misterios de la Biblia,https://www.youtube.com/watch?v=i2p_J5zgX_0,https://eldoqmentalista.github.io/v/la-influencia-misteriosa-que-marco-a-hitler-el-mago-ocultista-eldoqmen/,,
1759,6356,UaEVxCbOf30,"diferencia entre alma, espiritu y cuerpo - El DoQmentalista",,16 de diciembre de 2023,0:59,short,,Paranormal / Ángeles y demonios / Conspiraciones,https://www.youtube.com/watch?v=UaEVxCbOf30,https://eldoqmentalista.github.io/v/diferencia-entre-alma-espiritu-y-cuerpo-el-doqmentalista/,,
1760,6344,ZqQlJ7gRGUY,"NASA, 3I Atlas es un cometa interestelar natural",,2 de agosto de 2025,0:28,short,,Misterios de la Biblia / Ocultismo y esoterismo / Paranormal,https://www.youtube.com/watch?v=ZqQlJ7gRGUY,https://eldoqmentalista.github.io/v/nasa-3i-atlas-es-un-cometa-interestelar-natural/,,
1761,6317,dh-wha0She8,La leyenda del Jinete sin Cabeza. El caso real. #leyendas #shorts #sleepyhollow #halloween,,12 de septiembre de 2025,0:29,short,,Paranormal,https://www.youtube.com/watch?v=dh-wha0She8,https://eldoqmentalista.github.io/v/la-leyenda-del-jinete-sin-cabeza-el-caso-real-leyendas-shorts-sleepyho/,,
1762,6316,nYaXd32k67M,Serafiel El Archivista Cósmico #paranormal #terror #misterio #shorts,,28 de agosto de 2025,0:47,short,,Paranormal / Misterios de la Biblia / Ángeles y demonios,https://www.youtube.com/watch?v=nYaXd32k67M,https://eldoqmentalista.github.io/v/serafiel-el-archivista-cosmico-paranormal-terror-misterio-shorts/,,
1763,6250,qRDXMzQW2sc,Advertencias de un Brujo Maya #video #shorts #youtube #maya #brujo #viral,,30 de junio de 2023,0:48,short,,Paranormal / Ángeles y demonios / Ocultismo y esoterismo,https://www.youtube.com/watch?v=qRDXMzQW2sc,https://eldoqmentalista.github.io/v/advertencias-de-un-brujo-maya-video-shorts-youtube-maya-brujo-viral/,,
1764,6213,mFSWKrnjkWY,Máscara de Obsidiana: ¿Hecha de Material Alienígena? #shorts #fbi #misterios,,2 de septiembre de 2025,0:53,short,,Extraterrestres y OVNIs,https://www.youtube.com/watch?v=mFSWKrnjkWY,https://eldoqmentalista.github.io/v/mascara-de-obsidiana-hecha-de-material-alienigena-shorts-fbi-misterios/,,
1765,6185,zcRJyu4rJXQ,El pájaro gigante secreto del Vaticano fue clasificado por el Ziz #eldoqmentalista #misterio,,26 de julio de 2025,0:23,short,,Vaticano e Iglesia / Misterios de la Biblia / Ocultismo y esoterismo,https://www.youtube.com/watch?v=zcRJyu4rJXQ,https://eldoqmentalista.github.io/v/el-pajaro-gigante-secreto-del-vaticano-fue-clasificado-por-el-ziz-eldo/,,
1766,6153,EW-XbE34AbU,Descubre los misterios del Hospital San Juan de Dios en Colombia.,,4 de mayo de 2024,0:45,short,,Misterios de la Biblia / Paranormal,https://www.youtube.com/watch?v=EW-XbE34AbU,https://eldoqmentalista.github.io/v/descubre-los-misterios-del-hospital-san-juan-de-dios-en-colombia/,,
1767,6152,Cnqig0IigZU,"Paciente en coma: ""Ella me quiere llevar"" ¡Murió!",,30 de agosto de 2025,0:40,short,,,https://www.youtube.com/watch?v=Cnqig0IigZU,https://eldoqmentalista.github.io/v/paciente-en-coma-ella-me-quiere-llevar-murio/,,
1768,6110,IMN7Hm13XOA,Soldados en una cueva en Guanajuato,,16 de septiembre de 2025,0:53,short,,Paranormal / Ángeles y demonios / Vaticano e Iglesia,https://www.youtube.com/watch?v=IMN7Hm13XOA,https://eldoqmentalista.github.io/v/soldados-en-una-cueva-en-guanajuato/,,
1769,6103,9_XofXSz_hs,Batallas espirituales: Sumérgete en el mundo de lo sobrenatural,,16 de diciembre de 2023,0:47,short,,Ocultismo y esoterismo / Misterios de la Biblia / Paranormal,https://www.youtube.com/watch?v=9_XofXSz_hs,https://eldoqmentalista.github.io/v/batallas-espirituales-sumergete-en-el-mundo-de-lo-sobrenatural/,,
1770,6058,AmQupZO_g14,El DoQmentalista #shorts #frases  Documentales Interesantes,,10 de julio de 2023,0:16,short,,Paranormal / Ángeles y demonios / Ocultismo y esoterismo,https://www.youtube.com/watch?v=AmQupZO_g14,https://eldoqmentalista.github.io/v/el-doqmentalista-shorts-frases-documentales-interesantes/,,
1771,6043,7TXj8_Qvb5Q,Chamanes: Puentes entre Vidas y Muertos,,26 de septiembre de 2024,0:59,short,,Ocultismo y esoterismo / Misterios de la Biblia / Paranormal,https://www.youtube.com/watch?v=7TXj8_Qvb5Q,https://eldoqmentalista.github.io/v/chamanes-puentes-entre-vidas-y-muertos/,,
1772,6037,7ZOhcqlwWyM,La Oscura Masa de la Edad Media,,19 de septiembre de 2025,0:40,short,,Paranormal / Ángeles y demonios / Vaticano e Iglesia,https://www.youtube.com/watch?v=7ZOhcqlwWyM,https://eldoqmentalista.github.io/v/la-oscura-masa-de-la-edad-media/,,
1773,6030,rjnvrHc_Y0c,Mantis en el río   8 pies de altura y transparente,,17 de septiembre de 2025,0:50,short,,Paranormal / Ángeles y demonios / Vaticano e Iglesia,https://www.youtube.com/watch?v=rjnvrHc_Y0c,https://eldoqmentalista.github.io/v/mantis-en-el-rio-8-pies-de-altura-y-transparente/,,
1774,6023,FSTutZxKTNM,Entrevista Con Un Exorcista Pt 3,,16 de mayo de 2024,0:51,short,,Exorcismos y posesiones / Misterios de la Biblia / Paranormal,https://www.youtube.com/watch?v=FSTutZxKTNM,https://eldoqmentalista.github.io/v/entrevista-con-un-exorcista-pt-3/,,
1775,6007,pbI2zJGhyFI,5 PODERES Ocultos que Tienes Contra el Mal el documentalista el doqmentalista 5,,16 de agosto de 2025,1:16,short,,Misterios de la Biblia / Ocultismo y esoterismo / Paranormal,https://www.youtube.com/watch?v=pbI2zJGhyFI,https://eldoqmentalista.github.io/v/5-poderes-ocultos-que-tienes-contra-el-mal-el-documentalista-el-doqmen/,,
1776,6005,hArzqnTq4BY,¿Qué llevarías al apocalipsis Zombie? - El Documentalista,,15 de octubre de 2023,0:52,short,,Paranormal / Misterios de la Biblia / Ángeles y demonios,https://www.youtube.com/watch?v=hArzqnTq4BY,https://eldoqmentalista.github.io/v/que-llevarias-al-apocalipsis-zombie-el-documentalista/,,
1777,5988,Id2O1z7IFqY,"""Exploramos la fascinante teoría: ¿El arcángel Miguel y Jesucristo son uno solo? #eldoqmentalista",,15 de abril de 2024,0:36,short,,Ángeles y demonios / Jesús y María / Misterios de la Biblia,https://www.youtube.com/watch?v=Id2O1z7IFqY,https://eldoqmentalista.github.io/v/exploramos-la-fascinante-teoria-el-arcangel-miguel-y-jesucristo-son-un/,,
1778,5973,z9HHJ1BACgw,El violista muerto en el Titanic en 21 días #leyendas #paranormal,,28 de agosto de 2025,0:58,short,,Paranormal / Misterios de la Biblia / Ángeles y demonios,https://www.youtube.com/watch?v=z9HHJ1BACgw,https://eldoqmentalista.github.io/v/el-violista-muerto-en-el-titanic-en-21-dias-leyendas-paranormal/,,
1779,5971,GPyG_q7wtHI,La Sirena Abisal del Mar de Plata  #leyendas #paranormal,,28 de agosto de 2025,0:41,short,,Paranormal / Misterios de la Biblia / Ángeles y demonios,https://www.youtube.com/watch?v=GPyG_q7wtHI,https://eldoqmentalista.github.io/v/la-sirena-abisal-del-mar-de-plata-leyendas-paranormal/,,
1780,5959,x4jidk-VJIw,Exploramos la fascinante historia de los ángeles caídos desde su mítica rebelión,,15 de abril de 2024,0:59,short,,Ángeles y demonios / Misterios de la Biblia / Paranormal,https://www.youtube.com/watch?v=x4jidk-VJIw,https://eldoqmentalista.github.io/v/exploramos-la-fascinante-historia-de-los-angeles-caidos-desde-su-mitic/,,
1781,5925,4_tIg5SNWzY,Hay personas...:  #short  Frases Interesantes El Doqmentalista,,8 de octubre de 2023,0:23,short,,Paranormal / Ángeles y demonios / Ocultismo y esoterismo,https://www.youtube.com/watch?v=4_tIg5SNWzY,https://eldoqmentalista.github.io/v/hay-personas-short-frases-interesantes-el-doqmentalista/,,
1782,5874,78jH1iE3wpk,Aviso Para Miembros De El DoQmentalista,,25 de agosto de 2024,8:19,documental,,,https://www.youtube.com/watch?v=78jH1iE3wpk,https://eldoqmentalista.github.io/v/aviso-para-miembros-de-el-doqmentalista/,,
1783,5847,KWxC76kR7uU,Brujo Maya Me Muestra Su Altar #shorts #paranormal #maya #mexico #video,,30 de junio de 2023,0:19,short,,Paranormal / Ángeles y demonios / Ocultismo y esoterismo,https://www.youtube.com/watch?v=KWxC76kR7uU,https://eldoqmentalista.github.io/v/brujo-maya-me-muestra-su-altar-shorts-paranormal-maya-mexico-video/,,
1784,5784,Yo-EvZAymMQ,El Búnker Secreto del FBI: ¡Artefactos Malditos! #shorts #fbi #misterios,,2 de septiembre de 2025,1:13,short,,,https://www.youtube.com/watch?v=Yo-EvZAymMQ,https://eldoqmentalista.github.io/v/el-bunker-secreto-del-fbi-artefactos-malditos-shorts-fbi-misterios/,,
1785,5781,lj3Lf4L4TRM,Los bebés deformes de los vikingos,,27 de abril de 2024,0:42,short,,Paranormal / Misterios de la Biblia,https://www.youtube.com/watch?v=lj3Lf4L4TRM,https://eldoqmentalista.github.io/v/los-bebes-deformes-de-los-vikingos/,,
1786,5771,qhsnjta5SOI,"Doctor, no me deje ir solo: ¡Lo que vio fue aterrador!",,30 de agosto de 2025,0:41,short,,,https://www.youtube.com/watch?v=qhsnjta5SOI,https://eldoqmentalista.github.io/v/doctor-no-me-deje-ir-solo-lo-que-vio-fue-aterrador/,,
1787,5767,nYKRTaZvp8c,Belfegor el demonio de la invención perversa. #shorts #demonios #terrorymisterio,,12 de septiembre de 2025,1:05,short,,Ángeles y demonios / Misterios de la Biblia / Ocultismo y esoterismo,https://www.youtube.com/watch?v=nYKRTaZvp8c,https://eldoqmentalista.github.io/v/belfegor-el-demonio-de-la-invencion-perversa-shorts-demonios-terrorymi/,,
1788,5762,tQWVKqGmurk,Brujo Maya Me Muestra Su Bastón De Mando #maya #brujo #video #shorts #youtube,,30 de junio de 2023,0:33,short,,Paranormal / Ángeles y demonios / Ocultismo y esoterismo,https://www.youtube.com/watch?v=tQWVKqGmurk,https://eldoqmentalista.github.io/v/brujo-maya-me-muestra-su-baston-de-mando-maya-brujo-video-shorts-youtu/,,
1789,5756,kYjwkDYb6ig,El enigma de los años perdidos de Jesús: un viaje que cambió la historia,,13 de enero de 2024,0:48,short,,Jesús y María,https://www.youtube.com/watch?v=kYjwkDYb6ig,https://eldoqmentalista.github.io/v/el-enigma-de-los-anos-perdidos-de-jesus-un-viaje-que-cambio-la-histori/,,
1790,5748,xMzBb2N3y4U,Frankenstein en la vida real  short 2 #frankenstein #terror #historias,,3 de septiembre de 2025,1:06,short,,Misterios de la Biblia / Ángeles y demonios / Ocultismo y esoterismo,https://www.youtube.com/watch?v=xMzBb2N3y4U,https://eldoqmentalista.github.io/v/frankenstein-en-la-vida-real-short-2-frankenstein-terror-historias/,,
1791,5726,peVCNqthNnM,Sacrificios humanos en Mesoamérica #eldoqmentalista #historia,,26 de julio de 2025,1:14,short,,Paranormal / Misterios de la Biblia / Ocultismo y esoterismo,https://www.youtube.com/watch?v=peVCNqthNnM,https://eldoqmentalista.github.io/v/sacrificios-humanos-en-mesoamerica-eldoqmentalista-historia/,,
1792,5715,YjHYzJiBWlM,El Aguila De Sangre,,27 de abril de 2024,0:43,short,,Paranormal / Misterios de la Biblia,https://www.youtube.com/watch?v=YjHYzJiBWlM,https://eldoqmentalista.github.io/v/el-aguila-de-sangre/,,
1793,5664,0Fmc0TT8Oz8,Un sabio dijo... Frases Interesantes El Doqmentalista,,4 de octubre de 2023,0:17,short,,Paranormal / Ángeles y demonios / Ocultismo y esoterismo,https://www.youtube.com/watch?v=0Fmc0TT8Oz8,https://eldoqmentalista.github.io/v/un-sabio-dijo-frases-interesantes-el-doqmentalista/,,
1794,5643,5xmEfuVRYhw,Frankenstein en la vida real  short 4 #frankenstein #terror #historias,,3 de septiembre de 2025,1:06,short,,Misterios de la Biblia / Ángeles y demonios / Ocultismo y esoterismo,https://www.youtube.com/watch?v=5xmEfuVRYhw,https://eldoqmentalista.github.io/v/frankenstein-en-la-vida-real-short-4-frankenstein-terror-historias/,,
1795,5618,U1RwAduscVc,Isla de la Cereza: Laboratorio de Investigación Genética Abandonado,,28 de agosto de 2025,0:55,short,,Misterios de la Biblia / Ángeles y demonios / Ocultismo y esoterismo,https://www.youtube.com/watch?v=U1RwAduscVc,https://eldoqmentalista.github.io/v/isla-de-la-cereza-laboratorio-de-investigacion-genetica-abandonado/,,
1796,5613,ZShi08eTE1Q,Profecías del Pasado que Sacudirán TU Mundo   Terror Ancestral 7,,14 de agosto de 2025,0:28,short,,Profecías / Misterios de la Biblia / Paranormal,https://www.youtube.com/watch?v=ZShi08eTE1Q,https://eldoqmentalista.github.io/v/profecias-del-pasado-que-sacudiran-tu-mundo-terror-ancestral-7/,,
1797,5588,Jf4PYFzDOFA,Hackean El DoQmentalista #shorts,,7 de julio de 2023,0:42,short,,Paranormal / Ángeles y demonios / Ocultismo y esoterismo,https://www.youtube.com/watch?v=Jf4PYFzDOFA,https://eldoqmentalista.github.io/v/hackean-el-doqmentalista-shorts/,,
1798,5560,CxRqWh7XQfg,Serafiel El Guardián de los Archivos Divinos #paranormal #terror #misterio #shorts,,28 de agosto de 2025,0:42,short,,Paranormal / Misterios de la Biblia / Ángeles y demonios,https://www.youtube.com/watch?v=CxRqWh7XQfg,https://eldoqmentalista.github.io/v/serafiel-el-guardian-de-los-archivos-divinos-paranormal-terror-misteri/,,
1799,5547,UDwwco9AfZc,Manipulación Divina del Tiempo para el Regreso de Cristo,,2 de agosto de 2025,0:25,short,,Jesús y María / Misterios de la Biblia / Ocultismo y esoterismo,https://www.youtube.com/watch?v=UDwwco9AfZc,https://eldoqmentalista.github.io/v/manipulacion-divina-del-tiempo-para-el-regreso-de-cristo/,,
1800,5536,9CDYKdk1NMc,El Diablo: ¿Reflejo de nuestros miedos y tentaciones más profundos? #eldoqmentalista,,10 de enero de 2024,0:47,short,,Misterios de la Biblia / Paranormal,https://www.youtube.com/watch?v=9CDYKdk1NMc,https://eldoqmentalista.github.io/v/el-diablo-reflejo-de-nuestros-miedos-y-tentaciones-mas-profundos-eldoq/,,
1801,5519,quWU0l-UD7Y,Descubre los poderes extraordinarios de Yadis Reina en esta entrevista especial - El DoQmentalista,,11 de junio de 2024,0:44,short,,Paranormal / Misterios de la Biblia,https://www.youtube.com/watch?v=quWU0l-UD7Y,https://eldoqmentalista.github.io/v/descubre-los-poderes-extraordinarios-de-yadis-reina-en-esta-entrevista/,,
1802,5500,2jghvOZP0vQ,Robin Hood Documental: Documentales Interesantes,,7 de julio de 2023,0:59,short,,Paranormal / Ángeles y demonios / Ocultismo y esoterismo,https://www.youtube.com/watch?v=2jghvOZP0vQ,https://eldoqmentalista.github.io/v/robin-hood-documental-documentales-interesantes/,,
1803,5484,3qP1DEJlVfc,Los errores: Frases El Doqmentalista,,4 de octubre de 2023,0:15,short,,Paranormal / Ángeles y demonios / Ocultismo y esoterismo,https://www.youtube.com/watch?v=3qP1DEJlVfc,https://eldoqmentalista.github.io/v/los-errores-frases-el-doqmentalista/,,
1804,5471,5mgNgpiaPlw,Descubre la vida y legado del hombre que desafió al mal. #GabrielAmorth #eldoqmentalista,,15 de abril de 2024,0:59,short,,Misterios de la Biblia / Paranormal,https://www.youtube.com/watch?v=5mgNgpiaPlw,https://eldoqmentalista.github.io/v/descubre-la-vida-y-legado-del-hombre-que-desafio-al-mal-gabrielamorth-/,,
1805,5452,7JrmN7FIheQ,Un padre...: Frases Interesantes #short El Doqmentalista,,11 de octubre de 2023,0:21,short,,Paranormal / Ángeles y demonios / Ocultismo y esoterismo,https://www.youtube.com/watch?v=7JrmN7FIheQ,https://eldoqmentalista.github.io/v/un-padre-frases-interesantes-short-el-doqmentalista/,,
1806,5439,yVhWtCMJKwM,Sexto Sentido. La verdadera historia. #shorts,,8 de septiembre de 2025,0:35,short,,,https://www.youtube.com/watch?v=yVhWtCMJKwM,https://eldoqmentalista.github.io/v/sexto-sentido-la-verdadera-historia-shorts/,,
1807,5377,B_OEAzf_HIs,Desarrollando habilidades espirituales Aprende de mis maestros y del Padre Eterno - El DoQmentalista,,10 de junio de 2024,0:20,short,,Ocultismo y esoterismo / Paranormal / Misterios de la Biblia,https://www.youtube.com/watch?v=B_OEAzf_HIs,https://eldoqmentalista.github.io/v/desarrollando-habilidades-espirituales-aprende-de-mis-maestros-y-del-p/,,
1808,5334,n3Q2wwEMVzw,Mi Ángel De La Guarda Es Mudo - #video #youtube #viral #shorts,,1 de julio de 2023,0:04,short,,Paranormal / Ángeles y demonios / Ocultismo y esoterismo,https://www.youtube.com/watch?v=n3Q2wwEMVzw,https://eldoqmentalista.github.io/v/mi-angel-de-la-guarda-es-mudo-video-youtube-viral-shorts/,,
1809,5292,z8rUcFHrPiw,Brujo Maya Con El DoQmentalista Revelaciones,,2 de julio de 2023,0:30,short,,Paranormal / Ángeles y demonios / Ocultismo y esoterismo,https://www.youtube.com/watch?v=z8rUcFHrPiw,https://eldoqmentalista.github.io/v/brujo-maya-con-el-doqmentalista-revelaciones/,,
1810,5259,7ag5fBhPWa8,El verdadero origen del Jinete sin Cabeza 👻 #leyendas #shorts #halloween #sleepyhollow,,12 de septiembre de 2025,0:47,short,,Paranormal,https://www.youtube.com/watch?v=7ag5fBhPWa8,https://eldoqmentalista.github.io/v/el-verdadero-origen-del-jinete-sin-cabeza-leyendas-shorts-halloween-sl/,,
1811,5256,7LHxU6Dh4Us,Te das cuenta... #short Frases Interesantes El Doqmentalista,,12 de octubre de 2023,0:17,short,,Paranormal / Ángeles y demonios / Ocultismo y esoterismo,https://www.youtube.com/watch?v=7LHxU6Dh4Us,https://eldoqmentalista.github.io/v/te-das-cuenta-short-frases-interesantes-el-doqmentalista/,,
1812,5245,vzf_V1uI6Qo,Misterioso explorador confirma conexión entre Palestina y monasterios tibetanos,,13 de enero de 2024,0:55,short,,,https://www.youtube.com/watch?v=vzf_V1uI6Qo,https://eldoqmentalista.github.io/v/misterioso-explorador-confirma-conexion-entre-palestina-y-monasterios-/,,
1813,5162,rh0WmYfmWNk,La tarántula pecaminosa y el origen del tarantela #eldoqmentalista #misterio,,26 de julio de 2025,0:49,short,,Misterios de la Biblia / Ocultismo y esoterismo / Paranormal,https://www.youtube.com/watch?v=rh0WmYfmWNk,https://eldoqmentalista.github.io/v/la-tarantula-pecaminosa-y-el-origen-del-tarantela-eldoqmentalista-mist/,,
1814,5142,lJhwzTakaeU,Conexión y Empatía_ Potencia tus Relaciones con el Color Azul - El DoQmentalista,,10 de junio de 2024,0:16,short,,Paranormal / Conspiraciones / Misterios de la Biblia,https://www.youtube.com/watch?v=lJhwzTakaeU,https://eldoqmentalista.github.io/v/conexion-y-empatia-potencia-tus-relaciones-con-el-color-azul-el-doqmen/,,
1815,5118,XikgqROAzao,Marilyn Manson VS Satanismo: ¿Cuál es la Verdadera Oportunidad?,,13 de agosto de 2025,0:20,short,,Ángeles y demonios / Misterios de la Biblia / Ocultismo y esoterismo,https://www.youtube.com/watch?v=XikgqROAzao,https://eldoqmentalista.github.io/v/marilyn-manson-vs-satanismo-cual-es-la-verdadera-oportunidad/,,
1816,5115,colbR3Jxez4,"Cristoforo Colombo y el ""Descubrimiento"" de América 🌎⛵",,11 de octubre de 2023,0:46,short,,Paranormal / Ángeles y demonios / Ocultismo y esoterismo,https://www.youtube.com/watch?v=colbR3Jxez4,https://eldoqmentalista.github.io/v/cristoforo-colombo-y-el-descubrimiento-de-america/,,
1817,5110,OeS_e6U172k,El Códex Gigas: El objeto de la DESGRACIA que no debes tocar,,16 de diciembre de 2023,0:17,short,,Conspiraciones / Misterios de la Biblia / Paranormal,https://www.youtube.com/watch?v=OeS_e6U172k,https://eldoqmentalista.github.io/v/el-codex-gigas-el-objeto-de-la-desgracia-que-no-debes-tocar/,,
1818,5098,2VSawEh5g2U,Descubriendo antiguos manuscritos en un monasterio: La fascinante historia de Notovitch,,13 de enero de 2024,0:31,short,,Arqueología y hallazgos / Misterios de la Biblia / Paranormal,https://www.youtube.com/watch?v=2VSawEh5g2U,https://eldoqmentalista.github.io/v/descubriendo-antiguos-manuscritos-en-un-monasterio-la-fascinante-histo/,,
1819,5064,2Mseq9DRHA4,La Enfermera de Blanco: El fantasma que ayuda a morir.,,30 de agosto de 2025,0:27,short,,Paranormal,https://www.youtube.com/watch?v=2Mseq9DRHA4,https://eldoqmentalista.github.io/v/la-enfermera-de-blanco-el-fantasma-que-ayuda-a-morir/,,
1820,5054,-kKY4rM7JSA,Descubre el misterioso arte de la alquimia: transformando la ciencia y la magia #eldoqmentalista,,10 de enero de 2024,0:26,short,,Ocultismo y esoterismo / Conspiraciones / Misterios de la Biblia,https://www.youtube.com/watch?v=-kKY4rM7JSA,https://eldoqmentalista.github.io/v/descubre-el-misterioso-arte-de-la-alquimia-transformando-la-ciencia-y-/,,
1821,5036,oclUXD1IlCE,Soldados Encuentran Seres Reptilianos en Guanajuato,,16 de septiembre de 2025,0:50,short,,Paranormal / Ángeles y demonios / Vaticano e Iglesia,https://www.youtube.com/watch?v=oclUXD1IlCE,https://eldoqmentalista.github.io/v/soldados-encuentran-seres-reptilianos-en-guanajuato/,,
1822,5032,kn-p8UipnaM,"""Los libros envenenados: una mirada a las obras prohibidas y censuradas a lo largo de la historia.",,15 de abril de 2024,0:27,short,,Misterios de la Biblia / Paranormal,https://www.youtube.com/watch?v=kn-p8UipnaM,https://eldoqmentalista.github.io/v/los-libros-envenenados-una-mirada-a-las-obras-prohibidas-y-censuradas-/,,
1823,5011,ZCAXj6vBQk0,En Youtube Hay Censura - El DoQmentalista,,15 de junio de 2024,0:22,short,,Misterios de la Biblia / Paranormal,https://www.youtube.com/watch?v=ZCAXj6vBQk0,https://eldoqmentalista.github.io/v/en-youtube-hay-censura-el-doqmentalista/,,
1824,4995,aR2AvnClsrc,Driadas #shorts,,5 de julio de 2023,0:50,short,,Paranormal / Ángeles y demonios / Ocultismo y esoterismo,https://www.youtube.com/watch?v=aR2AvnClsrc,https://eldoqmentalista.github.io/v/driadas-shorts/,,
1825,4963,KSfTt5aLkEA,Civilizaciones Antiguas Sacrificios de Niños y Virgenes para los Dioses,,18 de septiembre de 2025,0:42,short,,Paranormal / Ángeles y demonios / Vaticano e Iglesia,https://www.youtube.com/watch?v=KSfTt5aLkEA,https://eldoqmentalista.github.io/v/civilizaciones-antiguas-sacrificios-de-ninos-y-virgenes-para-los-diose/,,
1826,4953,IH8d37JrRsk,Las Tres Señales Antes del Fin del Mundo short 3,,9 de septiembre de 2025,1:04,short,,Misterios de la Biblia / Fin del mundo / Ángeles y demonios,https://www.youtube.com/watch?v=IH8d37JrRsk,https://eldoqmentalista.github.io/v/las-tres-senales-antes-del-fin-del-mundo-short-3/,,
1827,4927,_N-d4-xpJC4,El Día De Los Muertos,,31 de octubre de 2023,0:23,short,,Paranormal / Ángeles y demonios / Ocultismo y esoterismo,https://www.youtube.com/watch?v=_N-d4-xpJC4,https://eldoqmentalista.github.io/v/el-dia-de-los-muertos/,,
1828,4917,2_efwrS_UHo,¡Judas revela la VERDAD de su 'traición' a Jesús! ¿Lo creerías? #shorts #vaticano #sabiasque,,1 de septiembre de 2025,1:46,short,,Vaticano e Iglesia / Jesús y María,https://www.youtube.com/watch?v=2_efwrS_UHo,https://eldoqmentalista.github.io/v/judas-revela-la-verdad-de-su-traicion-a-jesus-lo-creerias-shorts-vatic/,,
1829,4916,piz9knyTu-8,Cirujano ve fantasma en quirófano: ¡La verdad te dejará helado!,,30 de agosto de 2025,0:42,short,,Paranormal,https://www.youtube.com/watch?v=piz9knyTu-8,https://eldoqmentalista.github.io/v/cirujano-ve-fantasma-en-quirofano-la-verdad-te-dejara-helado/,,
1830,4895,gJY57xLVAYA,El Santo de Internet #shorts #carloacutis #santo,,9 de septiembre de 2025,0:32,short,,,https://www.youtube.com/watch?v=gJY57xLVAYA,https://eldoqmentalista.github.io/v/el-santo-de-internet-shorts-carloacutis-santo/,,
1831,4886,Rlv_9HfoT5M,La Biblioteca Secreta Del Vaticano - #youtube #tiktok #video #shorts,,2 de julio de 2023,0:50,short,,Paranormal / Ángeles y demonios / Ocultismo y esoterismo,https://www.youtube.com/watch?v=Rlv_9HfoT5M,https://eldoqmentalista.github.io/v/la-biblioteca-secreta-del-vaticano-youtube-tiktok-video-shorts/,,
1832,4855,e9_ESzWJ69U,El Fantasma del Policía #shorts #casosreales #aterrador,,1 de septiembre de 2025,0:55,short,,Paranormal / Misterios de la Biblia / Ángeles y demonios,https://www.youtube.com/watch?v=e9_ESzWJ69U,https://eldoqmentalista.github.io/v/el-fantasma-del-policia-shorts-casosreales-aterrador/,,
1833,4831,VenoajMtxaY,"Casa misteriosa en Anguiano, España #leyendas #paranormal",,28 de agosto de 2025,0:56,short,,Paranormal / Misterios de la Biblia / Ángeles y demonios,https://www.youtube.com/watch?v=VenoajMtxaY,https://eldoqmentalista.github.io/v/casa-misteriosa-en-anguiano-espana-leyendas-paranormal/,,
1834,4817,Dbi3KC4GDpM,¿Conoces las 3 embarcaciones famosas de Cristóbal Colón? ⛵🌎,,11 de octubre de 2023,0:41,short,,Paranormal / Ángeles y demonios / Ocultismo y esoterismo,https://www.youtube.com/watch?v=Dbi3KC4GDpM,https://eldoqmentalista.github.io/v/conoces-las-3-embarcaciones-famosas-de-cristobal-colon/,,
1835,4787,Wnl1acKP_VE,La Brujería no siempre funciona,,27 de abril de 2024,0:55,short,,Paranormal / Ángeles y demonios / Ocultismo y esoterismo,https://www.youtube.com/watch?v=Wnl1acKP_VE,https://eldoqmentalista.github.io/v/la-brujeria-no-siempre-funciona/,,
1836,4782,DlKReYoGG2Q,La Poderosa Pureza de San Benito: Clave contra el Mal,,2 de agosto de 2024,0:27,short,,Conspiraciones / Misterios de la Biblia / Vaticano e Iglesia,https://www.youtube.com/watch?v=DlKReYoGG2Q,https://eldoqmentalista.github.io/v/la-poderosa-pureza-de-san-benito-clave-contra-el-mal/,,
1837,4779,SUea1U_ZL18,¿El Vaticano OCULTA la VERDAD de la Torre de Babel?,,30 de agosto de 2025,1:51,short,,Vaticano e Iglesia,https://www.youtube.com/watch?v=SUea1U_ZL18,https://eldoqmentalista.github.io/v/el-vaticano-oculta-la-verdad-de-la-torre-de-babel/,,
1838,4766,FW-4rjjhvqU,Sacrificios en la santería #eldoqmentalista #rituales,,26 de julio de 2025,0:54,short,,Ocultismo y esoterismo / Paranormal / Misterios de la Biblia,https://www.youtube.com/watch?v=FW-4rjjhvqU,https://eldoqmentalista.github.io/v/sacrificios-en-la-santeria-eldoqmentalista-rituales/,,
1839,4719,WUWfVBZXXbw,El Don de Ver a los Muertos: ¿Mito o Realidad?,,26 de septiembre de 2024,0:54,short,,Ocultismo y esoterismo / Conspiraciones / Misterios de la Biblia,https://www.youtube.com/watch?v=WUWfVBZXXbw,https://eldoqmentalista.github.io/v/el-don-de-ver-a-los-muertos-mito-o-realidad/,,
1840,4695,AagQ-LB7RPg,La historia real del verdadero Scorpion. #mortalkombat #ninja #shorts #subzero,,17 de septiembre de 2025,0:56,short,,,https://www.youtube.com/watch?v=AagQ-LB7RPg,https://eldoqmentalista.github.io/v/la-historia-real-del-verdadero-scorpion-mortalkombat-ninja-shorts-subz/,,
1841,4675,qts33DWDHAE,Luz Y Oscuridad - Frases del DoQmentalista,,29 de abril de 2024,0:10,short,,Paranormal / Ángeles y demonios / Ocultismo y esoterismo,https://www.youtube.com/watch?v=qts33DWDHAE,https://eldoqmentalista.github.io/v/luz-y-oscuridad-frases-del-doqmentalista/,,
1842,4668,0nd6Y2j0Yuk,Documental: La Bruja De Endor - Documentales Interesantes,,1 de octubre de 2023,0:42,short,,Paranormal / Ángeles y demonios / Ocultismo y esoterismo,https://www.youtube.com/watch?v=0nd6Y2j0Yuk,https://eldoqmentalista.github.io/v/documental-la-bruja-de-endor-documentales-interesantes/,,
1843,4665,UZ0OV8G73bk,El DoQmentalista 4 millones en YouTube,,17 de septiembre de 2025,0:39,short,,Paranormal / Ángeles y demonios / Vaticano e Iglesia,https://www.youtube.com/watch?v=UZ0OV8G73bk,https://eldoqmentalista.github.io/v/el-doqmentalista-4-millones-en-youtube/,,
1844,4645,kJIJMw7TSh0,"Adan y Eva, la verdadera historia de Caín. #shorts #adanyeva #historiasdelabiblia",,11 de septiembre de 2025,0:43,short,,Misterios de la Biblia,https://www.youtube.com/watch?v=kJIJMw7TSh0,https://eldoqmentalista.github.io/v/adan-y-eva-la-verdadera-historia-de-cain-shorts-adanyeva-historiasdela/,,
1845,4628,TUqiV2Ftrkk,Un Sabio Dijo: 3 Cosas Que Nunca Vuelven atras - Frases del DoQmentalista,,29 de abril de 2024,0:13,short,,Paranormal / Ángeles y demonios / Ocultismo y esoterismo,https://www.youtube.com/watch?v=TUqiV2Ftrkk,https://eldoqmentalista.github.io/v/un-sabio-dijo-3-cosas-que-nunca-vuelven-atras-frases-del-doqmentalista/,,
1846,4617,pcw8XakdQv8,El Exorcista Supremo: Poder de la Oración y la Gracia de Dios,,1 de agosto de 2024,0:24,short,,Protección espiritual / Conspiraciones / Exorcismos y posesiones,https://www.youtube.com/watch?v=pcw8XakdQv8,https://eldoqmentalista.github.io/v/el-exorcista-supremo-poder-de-la-oracion-y-la-gracia-de-dios/,,
1847,4617,ndWCv3Z6Q7U,Explora la majestuosidad del Parque Bridger-Teton,,4 de mayo de 2024,0:43,short,,Misterios de la Biblia / Paranormal,https://www.youtube.com/watch?v=ndWCv3Z6Q7U,https://eldoqmentalista.github.io/v/explora-la-majestuosidad-del-parque-bridger-teton/,,
1848,4614,tfDPLAl5-fU,Sumérgete en la mitología de estos vampiros eslavos y descubre su fascinante legado de inmortalidad,,15 de abril de 2024,0:23,short,,Ocultismo y esoterismo / Misterios de la Biblia / Paranormal,https://www.youtube.com/watch?v=tfDPLAl5-fU,https://eldoqmentalista.github.io/v/sumergete-en-la-mitologia-de-estos-vampiros-eslavos-y-descubre-su-fasc/,,
1849,4601,-8ydC2tLU_U,De los cielos lloverá fuego,,10 de julio de 2023,0:48,short,,Paranormal / Ángeles y demonios / Ocultismo y esoterismo,https://www.youtube.com/watch?v=-8ydC2tLU_U,https://eldoqmentalista.github.io/v/de-los-cielos-llovera-fuego/,,
1850,4591,0hbCByZTrA0,¿Poder Sobrenatural? ¡Busca Solo a Dios!,,16 de agosto de 2025,1:06,short,,,https://www.youtube.com/watch?v=0hbCByZTrA0,https://eldoqmentalista.github.io/v/poder-sobrenatural-busca-solo-a-dios/,,
1851,4555,JqCLM30HsT4,El DoQmentalista La detención de la enfermera roja #shorts #casosreales #aterrador,,1 de septiembre de 2025,0:54,short,,Misterios de la Biblia / Ángeles y demonios / Ocultismo y esoterismo,https://www.youtube.com/watch?v=JqCLM30HsT4,https://eldoqmentalista.github.io/v/el-doqmentalista-la-detencion-de-la-enfermera-roja-shorts-casosreales-/,,
1852,4549,gM71D3_VWDo,La Brújula del Diablo: ¡Puntero a tu Último Aliento! #shorts #fbi #misterios,,2 de septiembre de 2025,1:25,short,,Extraterrestres y OVNIs,https://www.youtube.com/watch?v=gM71D3_VWDo,https://eldoqmentalista.github.io/v/la-brujula-del-diablo-puntero-a-tu-ultimo-aliento-shorts-fbi-misterios/,,
1853,4520,Dfx_rWOUqMA,Revelaciones del Casino del Ejército - Los secretos detrás de la comida de mala calidad,,29 de mayo de 2024,0:41,short,,Paranormal / Misterios de la Biblia,https://www.youtube.com/watch?v=Dfx_rWOUqMA,https://eldoqmentalista.github.io/v/revelaciones-del-casino-del-ejercito-los-secretos-detras-de-la-comida-/,,
1854,4504,83qU4_xGI4w,El Pentagrama: #short Documentales  Interesantes El Doqmentalista,,12 de octubre de 2023,0:58,short,,Paranormal / Ángeles y demonios / Ocultismo y esoterismo,https://www.youtube.com/watch?v=83qU4_xGI4w,https://eldoqmentalista.github.io/v/el-pentagrama-short-documentales-interesantes-el-doqmentalista/,,
1855,4491,4sUjvjelnmQ,El amor:  #short  Frases Interesantes El Doqmentalista,,9 de octubre de 2023,0:23,short,,Paranormal / Ángeles y demonios / Ocultismo y esoterismo,https://www.youtube.com/watch?v=4sUjvjelnmQ,https://eldoqmentalista.github.io/v/el-amor-short-frases-interesantes-el-doqmentalista/,,
1856,4486,1jJOkyHkELQ,Perderte ti mismo - frases El DoQmentalista,,2 de octubre de 2023,0:14,short,,Paranormal / Ángeles y demonios / Ocultismo y esoterismo,https://www.youtube.com/watch?v=1jJOkyHkELQ,https://eldoqmentalista.github.io/v/perderte-ti-mismo-frases-el-doqmentalista/,,
1857,4461,STMky08bZoE,Vikingos - Las Cabezas De Los Caudillos Vencidos Eran,,27 de abril de 2024,0:33,short,,Paranormal / Misterios de la Biblia,https://www.youtube.com/watch?v=STMky08bZoE,https://eldoqmentalista.github.io/v/vikingos-las-cabezas-de-los-caudillos-vencidos-eran/,,
1858,4460,rdsgZ6-yNj4,Limpia con Brujo maya y El DoQmentalista,,2 de julio de 2023,0:30,short,,Paranormal / Ángeles y demonios / Ocultismo y esoterismo,https://www.youtube.com/watch?v=rdsgZ6-yNj4,https://eldoqmentalista.github.io/v/limpia-con-brujo-maya-y-el-doqmentalista/,,
1859,4438,k_HG6XK_wtE,¡Portal secreto en el Vaticano! El Papa convoca a un Arcángel! #shorts #vaticano #sabiasque,,1 de septiembre de 2025,1:02,short,,Vaticano e Iglesia / Ángeles y demonios,https://www.youtube.com/watch?v=k_HG6XK_wtE,https://eldoqmentalista.github.io/v/portal-secreto-en-el-vaticano-el-papa-convoca-a-un-arcangel-shorts-vat/,,
1860,4436,1NC9Y4meC3k,Belfegor el demonio de la corrupción política. #shorts #demonios #terrorymisterio,,12 de septiembre de 2025,1:07,short,,Ángeles y demonios / Misterios de la Biblia / Ocultismo y esoterismo,https://www.youtube.com/watch?v=1NC9Y4meC3k,https://eldoqmentalista.github.io/v/belfegor-el-demonio-de-la-corrupcion-politica-shorts-demonios-terrorym/,,
1861,4427,2Nky_FE6Py8,Documental La Biblia: Documentales Interesantes,,3 de octubre de 2023,0:59,short,,Paranormal / Ángeles y demonios / Ocultismo y esoterismo,https://www.youtube.com/watch?v=2Nky_FE6Py8,https://eldoqmentalista.github.io/v/documental-la-biblia-documentales-interesantes/,,
1862,4425,IyF4jUF1K_s,El Mal En Los Hombres - Frases Del DoQmentalista,,30 de abril de 2024,0:18,short,,Paranormal / Ángeles y demonios / Ocultismo y esoterismo,https://www.youtube.com/watch?v=IyF4jUF1K_s,https://eldoqmentalista.github.io/v/el-mal-en-los-hombres-frases-del-doqmentalista/,,
1863,4424,52K9MA0HiGc,Batallas espirituales: testimonios de un mundo oculto y aterrador,,16 de diciembre de 2023,0:39,short,,Ocultismo y esoterismo / Misterios de la Biblia / Paranormal,https://www.youtube.com/watch?v=52K9MA0HiGc,https://eldoqmentalista.github.io/v/batallas-espirituales-testimonios-de-un-mundo-oculto-y-aterrador/,,
1864,4401,bbwxUUGZjYo,El Diario de Sangre: ¿Tinta de Humana y 500 Años Fresca? #shorts #fbi #misterios,,2 de septiembre de 2025,0:41,short,,,https://www.youtube.com/watch?v=bbwxUUGZjYo,https://eldoqmentalista.github.io/v/el-diario-de-sangre-tinta-de-humana-y-500-anos-fresca-shorts-fbi-miste/,,
1865,4398,x2iRiWMD6UY,10 Secretos Ocultos del Vaticano que el Papa León XIV no puede nombrar El documentalista el doqmenta,SI (x8),16 de agosto de 2025,0:54,short,,Vaticano e Iglesia / Misterios de la Biblia / Ocultismo y esoterismo,https://www.youtube.com/watch?v=x2iRiWMD6UY,https://eldoqmentalista.github.io/v/10-secretos-ocultos-del-vaticano-que-el-papa-leon-xiv-no-puede-nombrar-2/,,
1866,4351,Yz0qYu7pP6M,El terror insondable del Códex Sigas desafía nuestra realidad,,16 de diciembre de 2023,0:44,short,,Misterios de la Biblia / Paranormal,https://www.youtube.com/watch?v=Yz0qYu7pP6M,https://eldoqmentalista.github.io/v/el-terror-insondable-del-codex-sigas-desafia-nuestra-realidad/,,
1867,4338,dO0RNnnkGd8,REVELACIÓN IMPACTANTE Así Planea EE UU  Invadir Venezuela el documentalista el doqmentalista 2,,16 de agosto de 2025,0:34,short,,Misterios de la Biblia / Ocultismo y esoterismo / Paranormal,https://www.youtube.com/watch?v=dO0RNnnkGd8,https://eldoqmentalista.github.io/v/revelacion-impactante-asi-planea-ee-uu-invadir-venezuela-el-documental-5/,,
1868,4323,FS15U5qrPtw,Cómo Plantar Una Idea En El Subconsciente De Una Persona,,2 de junio de 2024,0:48,short,,Misterios de la Biblia / Paranormal,https://www.youtube.com/watch?v=FS15U5qrPtw,https://eldoqmentalista.github.io/v/como-plantar-una-idea-en-el-subconsciente-de-una-persona/,,
1869,4321,uiDe497-PFE,El poder de los magos y brujas para controlar el clima,,10 de enero de 2024,0:49,short,,Misterios de la Biblia / Paranormal,https://www.youtube.com/watch?v=uiDe497-PFE,https://eldoqmentalista.github.io/v/el-poder-de-los-magos-y-brujas-para-controlar-el-clima/,,
1870,4318,mZsn223qov8,Si Algo Es Para Ti... - Frases Del DoQmentalista,,30 de abril de 2024,0:08,short,,Paranormal / Ángeles y demonios / Ocultismo y esoterismo,https://www.youtube.com/watch?v=mZsn223qov8,https://eldoqmentalista.github.io/v/si-algo-es-para-ti-frases-del-doqmentalista/,,
1871,4314,71VmkNGW8JM,Problemas: #short Frases  Interesantes El Doqmenatlista,,10 de octubre de 2023,0:10,short,,Paranormal / Ángeles y demonios / Ocultismo y esoterismo,https://www.youtube.com/watch?v=71VmkNGW8JM,https://eldoqmentalista.github.io/v/problemas-short-frases-interesantes-el-doqmenatlista/,,
1872,4306,O4iqz4WwswE,La Vida Y El Tiempo - Frases Del DoQmentalista,,30 de abril de 2024,0:20,short,,Paranormal / Ángeles y demonios / Ocultismo y esoterismo,https://www.youtube.com/watch?v=O4iqz4WwswE,https://eldoqmentalista.github.io/v/la-vida-y-el-tiempo-frases-del-doqmentalista/,,
1873,4288,j2hu6nG3oGc,Los guerreros caníbales en Samoa usaban cráneos de enemigos como almohadas,,19 de septiembre de 2025,0:42,short,,Paranormal / Ángeles y demonios / Vaticano e Iglesia,https://www.youtube.com/watch?v=j2hu6nG3oGc,https://eldoqmentalista.github.io/v/los-guerreros-canibales-en-samoa-usaban-craneos-de-enemigos-como-almoh/,,
1874,4275,JVeavhpARYU,El Judío Errante: Inmortalidad como Maldición #shorts #enigma #documental,,1 de septiembre de 2025,1:31,short,,,https://www.youtube.com/watch?v=JVeavhpARYU,https://eldoqmentalista.github.io/v/el-judio-errante-inmortalidad-como-maldicion-shorts-enigma-documental/,,
1875,4274,JAJ79XbiSHU,La Ciguapa - Se Dice Que En Las Noches Más Oscuras #videosdeterror #terror,,23 de abril de 2024,0:34,short,,Extraterrestres y OVNIs / Paranormal / Misterios de la Biblia,https://www.youtube.com/watch?v=JAJ79XbiSHU,https://eldoqmentalista.github.io/v/la-ciguapa-se-dice-que-en-las-noches-mas-oscuras-videosdeterror-terror/,,
1876,4272,I25ANCVPYas,Entrevista Con Sacerdotiza Satanica #9 - El DoQmentalista,,29 de mayo de 2024,1:00,short,,Ángeles y demonios / Misterios de la Biblia / Paranormal,https://www.youtube.com/watch?v=I25ANCVPYas,https://eldoqmentalista.github.io/v/entrevista-con-sacerdotiza-satanica-9-el-doqmentalista/,,
1877,4270,xN8qJVVKoFA,"Vende tus bienes y dáselos a los pobres, La Biblia y el dinero #religion #youtube #jesus",,9 de julio de 2023,1:00,short,,Paranormal / Ángeles y demonios / Misterios de la Biblia,https://www.youtube.com/watch?v=xN8qJVVKoFA,https://eldoqmentalista.github.io/v/vende-tus-bienes-y-daselos-a-los-pobres-la-biblia-y-el-dinero-religion/,,
1878,4269,7L2RGoHOwHI,ángeles caídos: seres celestiales desterrados por su rebelión contra el orden divino,,15 de abril de 2024,0:46,short,,Ángeles y demonios / Misterios de la Biblia / Paranormal,https://www.youtube.com/watch?v=7L2RGoHOwHI,https://eldoqmentalista.github.io/v/angeles-caidos-seres-celestiales-desterrados-por-su-rebelion-contra-el/,,
1879,4245,nueg9Jj5Tg4,Sacrificios a los dioses en civilizaciones antiguas,,18 de septiembre de 2025,0:37,short,,Paranormal / Ángeles y demonios / Vaticano e Iglesia,https://www.youtube.com/watch?v=nueg9Jj5Tg4,https://eldoqmentalista.github.io/v/sacrificios-a-los-dioses-en-civilizaciones-antiguas/,,
1880,4169,KPgs_X6sxug,"La señora Mabel, vudeos de terror El DoQmentalista",,10 de julio de 2023,0:58,short,,Paranormal / Ángeles y demonios / Ocultismo y esoterismo,https://www.youtube.com/watch?v=KPgs_X6sxug,https://eldoqmentalista.github.io/v/la-senora-mabel-vudeos-de-terror-el-doqmentalista/,,
1881,4149,6mSDUvQM68U,No pueden igualarte: #short Frases Interesantes El Doqmentalista,,10 de octubre de 2023,0:20,short,,Paranormal / Ángeles y demonios / Ocultismo y esoterismo,https://www.youtube.com/watch?v=6mSDUvQM68U,https://eldoqmentalista.github.io/v/no-pueden-igualarte-short-frases-interesantes-el-doqmentalista/,,
1882,4143,ft1zA1isQJ8,La Maldad De Los Humanos - Frases del DoQmentalista,,28 de abril de 2024,0:08,short,,Paranormal / Ángeles y demonios / Ocultismo y esoterismo,https://www.youtube.com/watch?v=ft1zA1isQJ8,https://eldoqmentalista.github.io/v/la-maldad-de-los-humanos-frases-del-doqmentalista/,,
1883,4136,YRpbQpgjfSg,Profecías del Pasado que Sacudirán TU Mundo   Terror Ancestral 9,,14 de agosto de 2025,0:42,short,,Profecías / Misterios de la Biblia / Paranormal,https://www.youtube.com/watch?v=YRpbQpgjfSg,https://eldoqmentalista.github.io/v/profecias-del-pasado-que-sacudiran-tu-mundo-terror-ancestral-9/,,
1884,4122,Q_wcunJHzXg,El Clarividente: Leyenda de Milagros y Visiones futuras,,2 de agosto de 2024,0:33,short,,Paranormal / Profecías / Conspiraciones,https://www.youtube.com/watch?v=Q_wcunJHzXg,https://eldoqmentalista.github.io/v/el-clarividente-leyenda-de-milagros-y-visiones-futuras/,,
1885,4109,DoGZI0aoSMA,¡DESCUBRE los 12 Nahuales REALES que Aterrorizarán México! #short #eldoqmentalista #nahual 14,,14 de agosto de 2025,1:03,short,,Misterios de la Biblia / Ocultismo y esoterismo / Paranormal,https://www.youtube.com/watch?v=DoGZI0aoSMA,https://eldoqmentalista.github.io/v/descubre-los-12-nahuales-reales-que-aterrorizaran-mexico-short-eldoqme-7/,,
1886,4109,1lxfWCuAG-s,No te rindas - Frases El Doqmentalista,,2 de octubre de 2023,0:20,short,,Paranormal / Ángeles y demonios / Ocultismo y esoterismo,https://www.youtube.com/watch?v=1lxfWCuAG-s,https://eldoqmentalista.github.io/v/no-te-rindas-frases-el-doqmentalista/,,
1887,4089,mILJtvAq5nw,Descubrimiento épico: Manuscritos ocultos revelan impactantes revelaciones del profeta Isa,,13 de enero de 2024,0:48,short,,Arqueología y hallazgos / Misterios de la Biblia / Paranormal,https://www.youtube.com/watch?v=mILJtvAq5nw,https://eldoqmentalista.github.io/v/descubrimiento-epico-manuscritos-ocultos-revelan-impactantes-revelacio/,,
1888,4055,4W3mJCIfioE,Q.E.P.D. Abuela Alicia Matías Teodoro. #Shorts #abuela #explosion,,13 de septiembre de 2025,0:50,short,,Conspiraciones,https://www.youtube.com/watch?v=4W3mJCIfioE,https://eldoqmentalista.github.io/v/q-e-p-d-abuela-alicia-matias-teodoro-shorts-abuela-explosion/,,
1889,4045,dq5j6hNIVxE,El terrorífico caso real del Jinete sin Cabeza 💀 #leyendas #shorts #halloween #sleepyhollow,,12 de septiembre de 2025,0:45,short,,Paranormal / Misterios de la Biblia / Ángeles y demonios,https://www.youtube.com/watch?v=dq5j6hNIVxE,https://eldoqmentalista.github.io/v/el-terrorifico-caso-real-del-jinete-sin-cabeza-leyendas-shorts-hallowe/,,
1890,4024,9LZa9DVrXtE,sumérgete en el oscuro mundo de los seres infernales en solo unos minutos.,SI (x2),15 de abril de 2024,0:53,short,,Misterios de la Biblia / Paranormal,https://www.youtube.com/watch?v=9LZa9DVrXtE,https://eldoqmentalista.github.io/v/sumergete-en-el-oscuro-mundo-de-los-seres-infernales-en-solo-unos-minu/,,
1891,4015,HfrpeRJmLmU,La verdadera historia de Mortal Kombat #leyendas #shorts #mortalkombat #scorpion,,16 de septiembre de 2025,1:00,short,,Paranormal,https://www.youtube.com/watch?v=HfrpeRJmLmU,https://eldoqmentalista.github.io/v/la-verdadera-historia-de-mortal-kombat-leyendas-shorts-mortalkombat-sc/,,
1892,3996,i3VZkyjoCn4,Conecta con tu Pareja_ Descubre el Secreto del Amor Verdadero - El DoQmentalista,,10 de junio de 2024,0:18,short,,Paranormal / Misterios de la Biblia,https://www.youtube.com/watch?v=i3VZkyjoCn4,https://eldoqmentalista.github.io/v/conecta-con-tu-pareja-descubre-el-secreto-del-amor-verdadero-el-doqmen/,,
1893,3993,vMrD3k633Sk,¿Día de la Raza o Día de la Resistencia Indígena? 🌎🤔,,11 de octubre de 2023,0:43,short,,Paranormal / Ángeles y demonios / Conspiraciones,https://www.youtube.com/watch?v=vMrD3k633Sk,https://eldoqmentalista.github.io/v/dia-de-la-raza-o-dia-de-la-resistencia-indigena/,,
1894,3963,RO5C7BGj4pw,El DoQmentalista #shorts - Revelaciones Impactantes,,8 de julio de 2023,1:00,short,,Paranormal / Ángeles y demonios / Ocultismo y esoterismo,https://www.youtube.com/watch?v=RO5C7BGj4pw,https://eldoqmentalista.github.io/v/el-doqmentalista-shorts-revelaciones-impactantes/,,
1895,3948,010mHPKmofA,conocías el libro maldito? YT #eldoqmentalista,,15 de abril de 2024,0:39,short,,Misterios de la Biblia / Paranormal,https://www.youtube.com/watch?v=010mHPKmofA,https://eldoqmentalista.github.io/v/conocias-el-libro-maldito-yt-eldoqmentalista/,,
1896,3943,OgzsRbPkKqQ,Ashurbanipal ElmCazador De Leones #shorts El DoQmentalista,,9 de julio de 2023,0:27,short,,Paranormal / Ángeles y demonios / Ocultismo y esoterismo,https://www.youtube.com/watch?v=OgzsRbPkKqQ,https://eldoqmentalista.github.io/v/ashurbanipal-elmcazador-de-leones-shorts-el-doqmentalista/,,
1897,3913,jfY2eJ-22Ew,Las Tres Señales Antes del Fin del Mundo short 2,,9 de septiembre de 2025,1:04,short,,Misterios de la Biblia / Fin del mundo / Ángeles y demonios,https://www.youtube.com/watch?v=jfY2eJ-22Ew,https://eldoqmentalista.github.io/v/las-tres-senales-antes-del-fin-del-mundo-short-2/,,
1898,3895,W3eJ3chTwxg,¡La fascinante historia del misterioso Jacobo Grimberg! - El DoQmentalista,,10 de junio de 2024,0:24,short,,Paranormal / Misterios de la Biblia,https://www.youtube.com/watch?v=W3eJ3chTwxg,https://eldoqmentalista.github.io/v/la-fascinante-historia-del-misterioso-jacobo-grimberg-el-doqmentalista/,,
1899,3865,O_dUiHlRYPo,El DoQmentalista: Entra en el Mundo de los Documentales #Shorts YouTube,,8 de julio de 2023,1:00,short,,Paranormal / Ángeles y demonios / Ocultismo y esoterismo,https://www.youtube.com/watch?v=O_dUiHlRYPo,https://eldoqmentalista.github.io/v/el-doqmentalista-entra-en-el-mundo-de-los-documentales-shorts-youtube/,,
1900,3864,aeOSJfJHO2w,Extrañar a los muertos,,28 de abril de 2024,0:13,short,,Paranormal / Ángeles y demonios / Ocultismo y esoterismo,https://www.youtube.com/watch?v=aeOSJfJHO2w,https://eldoqmentalista.github.io/v/extranar-a-los-muertos/,,
1901,3858,YYZR7KJud2c,Profecías del Pasado que Sacudirán TU Mundo   Terror Ancestral 8,,14 de agosto de 2025,0:31,short,,Profecías / Misterios de la Biblia / Paranormal,https://www.youtube.com/watch?v=YYZR7KJud2c,https://eldoqmentalista.github.io/v/profecias-del-pasado-que-sacudiran-tu-mundo-terror-ancestral-8/,,
1902,3854,rgCG2J0gLo8,El DoQmentalista Con Un Brujo Maya (X´men),,2 de julio de 2023,0:26,short,,Paranormal / Ángeles y demonios / Ocultismo y esoterismo,https://www.youtube.com/watch?v=rgCG2J0gLo8,https://eldoqmentalista.github.io/v/el-doqmentalista-con-un-brujo-maya-x-men/,,
1903,3853,7dQmDRJTEQg,"""Tezcatlipoca: La deidad azteca del cielo y la tierra. #eldoqmentalista  #tezcatlipoca",,15 de abril de 2024,1:00,short,,Misterios de la Biblia / Paranormal,https://www.youtube.com/watch?v=7dQmDRJTEQg,https://eldoqmentalista.github.io/v/tezcatlipoca-la-deidad-azteca-del-cielo-y-la-tierra-eldoqmentalista-te/,,
1904,3843,p37qcNyl4Rw,"En las sombras de la mitología, yace el relato de ángeles caídos, seres celestiales corrompidos.",,15 de abril de 2024,0:47,short,,Ángeles y demonios / Ocultismo y esoterismo / Misterios de la Biblia,https://www.youtube.com/watch?v=p37qcNyl4Rw,https://eldoqmentalista.github.io/v/en-las-sombras-de-la-mitologia-yace-el-relato-de-angeles-caidos-seres-/,,
1905,3842,lPkZDYqESeQ,Descubre cómo equilibrar tu chakra raíz para una vida plena - El DoQmentalista,,10 de junio de 2024,0:28,short,,Paranormal / Misterios de la Biblia,https://www.youtube.com/watch?v=lPkZDYqESeQ,https://eldoqmentalista.github.io/v/descubre-como-equilibrar-tu-chakra-raiz-para-una-vida-plena-el-doqment/,,
1906,3800,01ke8fwhm04,Los misteriosos secretos ocultos en páginas perdidas revelados,,16 de diciembre de 2023,0:28,short,,Misterios de la Biblia / Paranormal,https://www.youtube.com/watch?v=01ke8fwhm04,https://eldoqmentalista.github.io/v/los-misteriosos-secretos-ocultos-en-paginas-perdidas-revelados/,,
1907,3799,Z7VRlDoZ0VY,REVELACIÓN IMPACTANTE Así Planea EE UU  Invadir Venezuela el documentalista el doqmentalista 6,,16 de agosto de 2025,0:40,short,,Misterios de la Biblia / Ocultismo y esoterismo / Paranormal,https://www.youtube.com/watch?v=Z7VRlDoZ0VY,https://eldoqmentalista.github.io/v/revelacion-impactante-asi-planea-ee-uu-invadir-venezuela-el-documental-4/,,
1908,3780,xUjj8kRXPLA,¿usamos el 10% de nuestro cerebro?,,30 de abril de 2024,0:59,short,,Paranormal / Ángeles y demonios / Ocultismo y esoterismo,https://www.youtube.com/watch?v=xUjj8kRXPLA,https://eldoqmentalista.github.io/v/usamos-el-10-de-nuestro-cerebro/,,
1909,3780,aJuyMTX7IFI,¿Quienes Somos? - El DoQmentalista,,16 de diciembre de 2023,0:38,short,,Paranormal / Ángeles y demonios / Ocultismo y esoterismo,https://www.youtube.com/watch?v=aJuyMTX7IFI,https://eldoqmentalista.github.io/v/quienes-somos-el-doqmentalista/,,
1910,3770,85olI1jODuw,Soñar con un tigre de Bengala: #short Documentales Interesantes El Doqmentalista,,12 de octubre de 2023,0:51,short,,Paranormal / Ángeles y demonios / Ocultismo y esoterismo,https://www.youtube.com/watch?v=85olI1jODuw,https://eldoqmentalista.github.io/v/sonar-con-un-tigre-de-bengala-short-documentales-interesantes-el-doqme/,,
1911,3758,sb-bM2Pgxx8,¿Quién era Marduk? ¡Dios de cuernos y alas! ¿Miente la Biblia?,,30 de agosto de 2025,0:49,short,,Misterios de la Biblia,https://www.youtube.com/watch?v=sb-bM2Pgxx8,https://eldoqmentalista.github.io/v/quien-era-marduk-dios-de-cuernos-y-alas-miente-la-biblia/,,
1912,3736,VLfLkFP6AdY,Somos seres Tripartitos porque Dios...,,27 de abril de 2024,0:59,short,,Paranormal / Ángeles y demonios / Ocultismo y esoterismo,https://www.youtube.com/watch?v=VLfLkFP6AdY,https://eldoqmentalista.github.io/v/somos-seres-tripartitos-porque-dios/,,
1913,3732,wHgWLMKCGj0,San Benito de Nurcia: El Guerrero Espiritual y Exorcista Supremo,,1 de agosto de 2024,0:20,short,,Exorcismos y posesiones / Ocultismo y esoterismo / Conspiraciones,https://www.youtube.com/watch?v=wHgWLMKCGj0,https://eldoqmentalista.github.io/v/san-benito-de-nurcia-el-guerrero-espiritual-y-exorcista-supremo/,,
1914,3698,5OwB8tZacCI,Profecías del Pasado que Sacudirán TU Mundo   Terror Ancestral 6,,14 de agosto de 2025,0:26,short,,Profecías / Misterios de la Biblia / Paranormal,https://www.youtube.com/watch?v=5OwB8tZacCI,https://eldoqmentalista.github.io/v/profecias-del-pasado-que-sacudiran-tu-mundo-terror-ancestral-6/,,
1915,3698,aWcdJsQ-Yrk,La Biblioteca de Ashurbanipal El Hombre Más Poderoso #viral,,9 de julio de 2023,0:48,short,,Paranormal / Ángeles y demonios / Ocultismo y esoterismo,https://www.youtube.com/watch?v=aWcdJsQ-Yrk,https://eldoqmentalista.github.io/v/la-biblioteca-de-ashurbanipal-el-hombre-mas-poderoso-viral/,,
1916,3680,PlyVxus5bqY,Cerrar Puertas - Frases Del DoQmentalista,,30 de abril de 2024,0:10,short,,Paranormal / Ángeles y demonios / Ocultismo y esoterismo,https://www.youtube.com/watch?v=PlyVxus5bqY,https://eldoqmentalista.github.io/v/cerrar-puertas-frases-del-doqmentalista/,,
1917,3670,3FmIhqAsgf0,El Chocolate y los Mexicas #viral,,10 de julio de 2023,0:51,short,,Paranormal / Ángeles y demonios / Ocultismo y esoterismo,https://www.youtube.com/watch?v=3FmIhqAsgf0,https://eldoqmentalista.github.io/v/el-chocolate-y-los-mexicas-viral/,,
1918,3664,RIZbvLeuEQg,Entrevista Con Sacerdotiza Satanista #1 - El DoQmentalista,,29 de mayo de 2024,0:54,short,,Ángeles y demonios / Misterios de la Biblia / Paranormal,https://www.youtube.com/watch?v=RIZbvLeuEQg,https://eldoqmentalista.github.io/v/entrevista-con-sacerdotiza-satanista-1-el-doqmentalista/,,
1919,3658,WKfLeZdMQLk,Abuelas que salvaron a sus nietos de catástrofes. #shorts #abuela #tornado #explosion,,13 de septiembre de 2025,1:00,short,,,https://www.youtube.com/watch?v=WKfLeZdMQLk,https://eldoqmentalista.github.io/v/abuelas-que-salvaron-a-sus-nietos-de-catastrofes-shorts-abuela-tornado/,,
1920,3647,W3b3IdLPEIc,Profundizando en la Cábala: Descubre los secretos místicos de la Torah,,10 de enero de 2024,0:42,short,,Ocultismo y esoterismo / Misterios de la Biblia / Paranormal,https://www.youtube.com/watch?v=W3b3IdLPEIc,https://eldoqmentalista.github.io/v/profundizando-en-la-cabala-descubre-los-secretos-misticos-de-la-torah/,,
1921,3637,RJf5voEBDGc,Lo Que La Gente Piensa De Ti  - Frases del DoQmentalista,,28 de abril de 2024,0:07,short,,Paranormal / Ángeles y demonios / Ocultismo y esoterismo,https://www.youtube.com/watch?v=RJf5voEBDGc,https://eldoqmentalista.github.io/v/lo-que-la-gente-piensa-de-ti-frases-del-doqmentalista/,,
1922,3628,7HP1esjyrXE,Los Alquimistas: #short Documentales Interesantes El Doqmentalista,,11 de octubre de 2023,0:59,short,,Paranormal / Ángeles y demonios / Ocultismo y esoterismo,https://www.youtube.com/watch?v=7HP1esjyrXE,https://eldoqmentalista.github.io/v/los-alquimistas-short-documentales-interesantes-el-doqmentalista/,,
1923,3624,Ikbx4kRdZf0,REVELACIÓN IMPACTANTE Así Planea EE UU  Invadir Venezuela el documentalista el doqmentalista 5,,16 de agosto de 2025,0:40,short,,Misterios de la Biblia / Ocultismo y esoterismo / Paranormal,https://www.youtube.com/watch?v=Ikbx4kRdZf0,https://eldoqmentalista.github.io/v/revelacion-impactante-asi-planea-ee-uu-invadir-venezuela-el-documental-8/,,
1924,3622,34_MjX68xvc,Cómo deshacerse de un embrujo #eldoqmentalista #brujería,,13 de agosto de 2025,0:31,short,,Paranormal / Misterios de la Biblia,https://www.youtube.com/watch?v=34_MjX68xvc,https://eldoqmentalista.github.io/v/como-deshacerse-de-un-embrujo-eldoqmentalista-brujeria/,,
1925,3606,Z_xj4uW2MLE,Son los humanoides Mantis reales,,17 de septiembre de 2025,0:52,short,,Paranormal / Ángeles y demonios / Vaticano e Iglesia,https://www.youtube.com/watch?v=Z_xj4uW2MLE,https://eldoqmentalista.github.io/v/son-los-humanoides-mantis-reales/,,
1926,3604,mpOn0xJBaSk,Atrevete a Leer Textos Prohibidos y Descubre un Mundo Oculto,,16 de diciembre de 2023,0:23,short,,Misterios de la Biblia / Paranormal,https://www.youtube.com/watch?v=mpOn0xJBaSk,https://eldoqmentalista.github.io/v/atrevete-a-leer-textos-prohibidos-y-descubre-un-mundo-oculto/,,
1927,3603,sY00or1l2U8,Conéctate con tus Ángeles de la Guarda: Guía Espiritual,,26 de septiembre de 2024,0:25,short,,Ocultismo y esoterismo / Ángeles y demonios / Protección espiritual,https://www.youtube.com/watch?v=sY00or1l2U8,https://eldoqmentalista.github.io/v/conectate-con-tus-angeles-de-la-guarda-guia-espiritual/,,
1928,3602,yw0qmA_aOOQ,huracanes tienen 'niveles,,13 de enero de 2024,0:39,short,,Paranormal / Misterios de la Biblia / Ocultismo y esoterismo,https://www.youtube.com/watch?v=yw0qmA_aOOQ,https://eldoqmentalista.github.io/v/huracanes-tienen-niveles/,,
1929,3576,qkVPP0a5PEI,"Los Strigoi, criaturas de la mitología rumana, inspiran temor y fascinación. #terrorymisterio",,15 de abril de 2024,0:26,short,,Ocultismo y esoterismo / Misterios de la Biblia / Paranormal,https://www.youtube.com/watch?v=qkVPP0a5PEI,https://eldoqmentalista.github.io/v/los-strigoi-criaturas-de-la-mitologia-rumana-inspiran-temor-y-fascinac/,,
1930,3572,SRGGfuEj5gI,Día de los muertos: Honrando La Muerte,,31 de octubre de 2023,0:20,short,,Paranormal / Ángeles y demonios / Ocultismo y esoterismo,https://www.youtube.com/watch?v=SRGGfuEj5gI,https://eldoqmentalista.github.io/v/dia-de-los-muertos-honrando-la-muerte/,,
1931,3570,4SRi2dNwtgs,Duda: Frases Interesantes El Doqmentalista,,5 de octubre de 2023,0:09,short,,Paranormal / Ángeles y demonios / Ocultismo y esoterismo,https://www.youtube.com/watch?v=4SRi2dNwtgs,https://eldoqmentalista.github.io/v/duda-frases-interesantes-el-doqmentalista/,,
1932,3557,2UjB5N_EGdw,Inmortalidad: ¿Sueño o Pesadilla Eterna? #shorts #enigma #documental,,1 de septiembre de 2025,0:37,short,,,https://www.youtube.com/watch?v=2UjB5N_EGdw,https://eldoqmentalista.github.io/v/inmortalidad-sueno-o-pesadilla-eterna-shorts-enigma-documental/,,
1933,3556,BpnvjkQ1Oh8,Dos tipo de personas: Con las que realmente cuentas - Frases del DoQmentalista,,27 de abril de 2024,0:17,short,,Paranormal / Ángeles y demonios / Ocultismo y esoterismo,https://www.youtube.com/watch?v=BpnvjkQ1Oh8,https://eldoqmentalista.github.io/v/dos-tipo-de-personas-con-las-que-realmente-cuentas-frases-del-doqmenta/,,
1934,3554,ISM7bqBSNDE,El DoQmentalista #youtuber #suscriptores,,6 de julio de 2023,0:08,short,,Paranormal / Ángeles y demonios / Ocultismo y esoterismo,https://www.youtube.com/watch?v=ISM7bqBSNDE,https://eldoqmentalista.github.io/v/el-doqmentalista-youtuber-suscriptores/,,
1935,3553,b_SzYSLlGq8,Documental: Documentales Interesantes,SI (x9),27 de septiembre de 2023,0:36,short,,Paranormal / Ángeles y demonios / Ocultismo y esoterismo,https://www.youtube.com/watch?v=b_SzYSLlGq8,https://eldoqmentalista.github.io/v/documental-documentales-interesantes-3/,,
1936,3547,cJpIOdnFS48,Ritual de Limpieza con un X'men Maya #brujeria #limpieza #video #viral #maya #youtube,,30 de junio de 2023,0:21,short,,Paranormal / Ocultismo y esoterismo / Ángeles y demonios,https://www.youtube.com/watch?v=cJpIOdnFS48,https://eldoqmentalista.github.io/v/ritual-de-limpieza-con-un-x-men-maya-brujeria-limpieza-video-viral-may/,,
1937,3544,nFmxuHnt88Q,Las profecías que desafían nuestra realidad: ¿Fin de los tiempos?,,16 de diciembre de 2023,0:20,short,,Profecías / Misterios de la Biblia / Paranormal,https://www.youtube.com/watch?v=nFmxuHnt88Q,https://eldoqmentalista.github.io/v/las-profecias-que-desafian-nuestra-realidad-fin-de-los-tiempos/,,
1938,3543,jkpJ2b4OkTw,No Confíes tan Rapido En la Gente - Frase del DoQmentalista,,28 de abril de 2024,0:11,short,,Paranormal / Ángeles y demonios / Ocultismo y esoterismo,https://www.youtube.com/watch?v=jkpJ2b4OkTw,https://eldoqmentalista.github.io/v/no-confies-tan-rapido-en-la-gente-frase-del-doqmentalista/,,
1939,3521,1GYj0xyYr5Q,El amor: Frases Interesantes El doqmentalista,,5 de octubre de 2023,0:21,short,,Paranormal / Ángeles y demonios / Ocultismo y esoterismo,https://www.youtube.com/watch?v=1GYj0xyYr5Q,https://eldoqmentalista.github.io/v/el-amor-frases-interesantes-el-doqmentalista/,,
1940,3509,cDnC43CqzRk,¿Dónde Vamos Después de Morir? Reflexiones Sobre la Vida y la Muerte,,23 de febrero de 2025,0:25,short,,Misterios de la Biblia / Ocultismo y esoterismo / Paranormal,https://www.youtube.com/watch?v=cDnC43CqzRk,https://eldoqmentalista.github.io/v/donde-vamos-despues-de-morir-reflexiones-sobre-la-vida-y-la-muerte/,,
1941,3507,TccvlWAQ66w,Quemar la bandera de México #viral,,10 de julio de 2023,0:38,short,,Paranormal / Ángeles y demonios / Ocultismo y esoterismo,https://www.youtube.com/watch?v=TccvlWAQ66w,https://eldoqmentalista.github.io/v/quemar-la-bandera-de-mexico-viral/,,
1942,3498,QKy2Ndsq77s,¿Qué Pasó con los Monjes que Encontraron la Misteriosa Estatua del Niño?,,16 de agosto de 2025,1:31,short,,Misterios de la Biblia / Ocultismo y esoterismo / Paranormal,https://www.youtube.com/watch?v=QKy2Ndsq77s,https://eldoqmentalista.github.io/v/que-paso-con-los-monjes-que-encontraron-la-misteriosa-estatua-del-nino/,,
1943,3472,15C4WarH3yE,La maldición del Códix: un objeto que trae desgracias y calamidades,,16 de diciembre de 2023,0:25,short,,Misterios de la Biblia / Paranormal,https://www.youtube.com/watch?v=15C4WarH3yE,https://eldoqmentalista.github.io/v/la-maldicion-del-codix-un-objeto-que-trae-desgracias-y-calamidades/,,
1944,3458,oj75HRPTX-8,"ADÁN Y EVA, ACLIMA short 2",,9 de septiembre de 2025,1:04,short,,Misterios de la Biblia / Ángeles y demonios / Ocultismo y esoterismo,https://www.youtube.com/watch?v=oj75HRPTX-8,https://eldoqmentalista.github.io/v/adan-y-eva-aclima-short-2/,,
1945,3455,NmzUcw2ooK8,Frankenstein en la vida real #frankenstein #terror #historias,,3 de septiembre de 2025,1:05,short,,Misterios de la Biblia / Ángeles y demonios / Ocultismo y esoterismo,https://www.youtube.com/watch?v=NmzUcw2ooK8,https://eldoqmentalista.github.io/v/frankenstein-en-la-vida-real-frankenstein-terror-historias/,,
1946,3414,STX9vpVYlEo,La Esclavitud Era Una Realidad Brutal En La Sociedad vikinga,,27 de abril de 2024,0:39,short,,Paranormal / Misterios de la Biblia,https://www.youtube.com/watch?v=STX9vpVYlEo,https://eldoqmentalista.github.io/v/la-esclavitud-era-una-realidad-brutal-en-la-sociedad-vikinga/,,
1947,3399,3mp107H2Jis,La determinación: Frases El Doqmentalista,,4 de octubre de 2023,0:25,short,,Paranormal / Ángeles y demonios / Ocultismo y esoterismo,https://www.youtube.com/watch?v=3mp107H2Jis,https://eldoqmentalista.github.io/v/la-determinacion-frases-el-doqmentalista/,,
1948,3393,AuDaKf3rS1o,Un ser inesperado aparece en el DoQmentalista,,17 de septiembre de 2025,0:49,short,,Paranormal / Ángeles y demonios / Vaticano e Iglesia,https://www.youtube.com/watch?v=AuDaKf3rS1o,https://eldoqmentalista.github.io/v/un-ser-inesperado-aparece-en-el-doqmentalista/,,
1949,3380,a1-393fobd4,Limpieza espiritual y conexión verdadera #eldoqmentalista #energía,,13 de agosto de 2025,0:27,short,,Ocultismo y esoterismo / Paranormal / Protección espiritual,https://www.youtube.com/watch?v=a1-393fobd4,https://eldoqmentalista.github.io/v/limpieza-espiritual-y-conexion-verdadera-eldoqmentalista-energia/,,
1950,3360,3idjWBPxvYA,Frankenstein en la vida real  short 1 #frankenstein #terror #historias,,3 de septiembre de 2025,1:00,short,,Misterios de la Biblia / Ángeles y demonios / Ocultismo y esoterismo,https://www.youtube.com/watch?v=3idjWBPxvYA,https://eldoqmentalista.github.io/v/frankenstein-en-la-vida-real-short-1-frankenstein-terror-historias/,,
1951,3331,YKAoogLGtb0,lilith y sus crias demonios,,27 de abril de 2024,0:43,short,,Paranormal / Ángeles y demonios / Ocultismo y esoterismo,https://www.youtube.com/watch?v=YKAoogLGtb0,https://eldoqmentalista.github.io/v/lilith-y-sus-crias-demonios/,,
1952,3310,yLBzY91Mm5E,Documental: Documentales Interesantes,SI (x9),27 de septiembre de 2023,0:47,short,,Paranormal / Ángeles y demonios / Ocultismo y esoterismo,https://www.youtube.com/watch?v=yLBzY91Mm5E,https://eldoqmentalista.github.io/v/documental-documentales-interesantes-7/,,
1953,3305,4ImioYxMKG4,REVELACIÓN IMPACTANTE Así Planea EE UU  Invadir Venezuela el documentalista el doqmentalista 4,,16 de agosto de 2025,0:35,short,,Misterios de la Biblia / Ocultismo y esoterismo / Paranormal,https://www.youtube.com/watch?v=4ImioYxMKG4,https://eldoqmentalista.github.io/v/revelacion-impactante-asi-planea-ee-uu-invadir-venezuela-el-documental-6/,,
1954,3293,asju5d3O0ls,El Auge del Cristianismo: Del Edicto de Milán al Imperio,,20 de septiembre de 2024,0:38,short,,Misterios de la Biblia / Vaticano e Iglesia / Paranormal,https://www.youtube.com/watch?v=asju5d3O0ls,https://eldoqmentalista.github.io/v/el-auge-del-cristianismo-del-edicto-de-milan-al-imperio/,,
1955,3292,hLBUFu2-18c,Celebramos Halloween,,13 de enero de 2024,0:36,short,,Paranormal / Ocultismo y esoterismo / Misterios de la Biblia,https://www.youtube.com/watch?v=hLBUFu2-18c,https://eldoqmentalista.github.io/v/celebramos-halloween/,,
1956,3291,hv-mA1yS6SI,El Número Más Temido de la Biblia 666,,19 de septiembre de 2025,0:35,short,,Paranormal / Ángeles y demonios / Misterios de la Biblia,https://www.youtube.com/watch?v=hv-mA1yS6SI,https://eldoqmentalista.github.io/v/el-numero-mas-temido-de-la-biblia-666/,,
1957,3291,p-3VyxjX374,Belfegor el demonio de la tentación del poder. #shorts #demonios #terrorymisterio,,12 de septiembre de 2025,1:09,short,,Ángeles y demonios / Misterios de la Biblia / Ocultismo y esoterismo,https://www.youtube.com/watch?v=p-3VyxjX374,https://eldoqmentalista.github.io/v/belfegor-el-demonio-de-la-tentacion-del-poder-shorts-demonios-terrorym/,,
1958,3279,mcDJz2PTvEQ,Frases Perdidad De Jesús #religion #youtube,,9 de julio de 2023,1:00,short,,Paranormal / Ángeles y demonios / Ocultismo y esoterismo,https://www.youtube.com/watch?v=mcDJz2PTvEQ,https://eldoqmentalista.github.io/v/frases-perdidad-de-jesus-religion-youtube/,,
1959,3267,hittDBhtYus,La Verdadera Historia De Pocahontas,,2 de agosto de 2025,0:58,short,,Misterios de la Biblia / Paranormal,https://www.youtube.com/watch?v=hittDBhtYus,https://eldoqmentalista.github.io/v/la-verdadera-historia-de-pocahontas/,,
1960,3228,WUZTeTbayU8,5 PODERES Ocultos que Tienes Contra el Mal el documentalista el doqmentalista 11,,16 de agosto de 2025,1:45,short,,Misterios de la Biblia / Ocultismo y esoterismo / Paranormal,https://www.youtube.com/watch?v=WUZTeTbayU8,https://eldoqmentalista.github.io/v/5-poderes-ocultos-que-tienes-contra-el-mal-el-documentalista-el-doqmen-3/,,
1961,3222,m1r4nJffsQI,Explora la magia de Lamia  Sumérgete en su misteriosa belleza. #eldoqmentalista,,15 de abril de 2024,0:23,short,,Ocultismo y esoterismo / Misterios de la Biblia / Paranormal,https://www.youtube.com/watch?v=m1r4nJffsQI,https://eldoqmentalista.github.io/v/explora-la-magia-de-lamia-sumergete-en-su-misteriosa-belleza-eldoqment/,,
1962,3212,w-CKadE2C3w,10 Secretos Ocultos del Vaticano que el Papa León XIV no puede nombrar El documentalista el doqmenta,SI (x8),16 de agosto de 2025,0:55,short,,Vaticano e Iglesia / Misterios de la Biblia / Ocultismo y esoterismo,https://www.youtube.com/watch?v=w-CKadE2C3w,https://eldoqmentalista.github.io/v/10-secretos-ocultos-del-vaticano-que-el-papa-leon-xiv-no-puede-nombrar/,,
1963,3212,NFb5lyk7zwY,La Revolución de Lutero: 95 Tesis que Cambiaron la Historia,,20 de septiembre de 2024,0:29,short,,Vaticano e Iglesia / Misterios de la Biblia / Paranormal,https://www.youtube.com/watch?v=NFb5lyk7zwY,https://eldoqmentalista.github.io/v/la-revolucion-de-lutero-95-tesis-que-cambiaron-la-historia/,,
1964,3208,IPuu2E03P8M,Las mujeres de Weinsberg que salvaron a sus maridos | #youtube #misterio #historia,,27 de septiembre de 2023,0:57,short,,Paranormal / Ángeles y demonios / Ocultismo y esoterismo,https://www.youtube.com/watch?v=IPuu2E03P8M,https://eldoqmentalista.github.io/v/las-mujeres-de-weinsberg-que-salvaron-a-sus-maridos-youtube-misterio-h/,,
1965,3205,4aEZiZuOyng,Estaba furioso...:  #short Frases Interesantes el Doqmentalista,,9 de octubre de 2023,0:19,short,,Paranormal / Ángeles y demonios / Ocultismo y esoterismo,https://www.youtube.com/watch?v=4aEZiZuOyng,https://eldoqmentalista.github.io/v/estaba-furioso-short-frases-interesantes-el-doqmentalista/,,
1966,3199,YaFQZohePmo,Documental: Documentales Interesantes,SI (x9),27 de septiembre de 2023,0:25,short,,Paranormal / Ángeles y demonios / Ocultismo y esoterismo,https://www.youtube.com/watch?v=YaFQZohePmo,https://eldoqmentalista.github.io/v/documental-documentales-interesantes-2/,,
1967,3185,19R5BG2Lwwk,Documental: Documentales Interesantes,SI (x9),27 de septiembre de 2023,0:10,short,,Paranormal / Ángeles y demonios / Ocultismo y esoterismo,https://www.youtube.com/watch?v=19R5BG2Lwwk,https://eldoqmentalista.github.io/v/documental-documentales-interesantes-8/,,
1968,3184,CwvMsJV1p2g,Mantis - El Profeta o Vidente #shorts #leyendas #criptozoología,,15 de septiembre de 2025,0:31,short,,Paranormal / Ángeles y demonios / Ocultismo y esoterismo,https://www.youtube.com/watch?v=CwvMsJV1p2g,https://eldoqmentalista.github.io/v/mantis-el-profeta-o-vidente-shorts-leyendas-criptozoologia/,,
1969,3168,Smm1lftvHmE,El Poder Militar de Ashurbanipal #poder #persia #viral,,10 de julio de 2023,0:46,short,,Paranormal / Ángeles y demonios / Ocultismo y esoterismo,https://www.youtube.com/watch?v=Smm1lftvHmE,https://eldoqmentalista.github.io/v/el-poder-militar-de-ashurbanipal-poder-persia-viral/,,
1970,3162,Mtb9LfOrQ0E,Los Mantis   Seres que nos observan y gobiernan,,16 de septiembre de 2025,0:51,short,,Paranormal / Ángeles y demonios / Vaticano e Iglesia,https://www.youtube.com/watch?v=Mtb9LfOrQ0E,https://eldoqmentalista.github.io/v/los-mantis-seres-que-nos-observan-y-gobiernan/,,
1971,3121,1gAjz0u9fN4,Conexiones con seres queridos fallecidos #eldoqmentalista #espiritismo,,27 de julio de 2025,0:53,short,,Paranormal / Misterios de la Biblia,https://www.youtube.com/watch?v=1gAjz0u9fN4,https://eldoqmentalista.github.io/v/conexiones-con-seres-queridos-fallecidos-eldoqmentalista-espiritismo/,,
1972,3119,_0UteRr6kNU,¡Libérate de las etiquetas! Vive tu espiritualidad sin restricciones - El DoQmentalista,,8 de junio de 2024,0:15,short,,Ocultismo y esoterismo / Paranormal / Misterios de la Biblia,https://www.youtube.com/watch?v=_0UteRr6kNU,https://eldoqmentalista.github.io/v/liberate-de-las-etiquetas-vive-tu-espiritualidad-sin-restricciones-el-/,,
1973,3109,1qOmMkdHajQ,Documental: Documentales Interesantes,SI (x9),27 de septiembre de 2023,0:23,short,,Paranormal / Ángeles y demonios / Ocultismo y esoterismo,https://www.youtube.com/watch?v=1qOmMkdHajQ,https://eldoqmentalista.github.io/v/documental-documentales-interesantes-4/,,
1974,3105,PXtV0H-wsd0,"Los Aluxes y El Balché, Entrevista Brujo Maya El DoQmentalista",,9 de julio de 2023,0:22,short,,Paranormal / Ángeles y demonios / Ocultismo y esoterismo,https://www.youtube.com/watch?v=PXtV0H-wsd0,https://eldoqmentalista.github.io/v/los-aluxes-y-el-balche-entrevista-brujo-maya-el-doqmentalista/,,
1975,3099,YnOi7afM7JQ,El Fantasma y la Bailarina #shorts #casosreales #aterrador,,1 de septiembre de 2025,0:43,short,,Paranormal / Misterios de la Biblia / Ángeles y demonios,https://www.youtube.com/watch?v=YnOi7afM7JQ,https://eldoqmentalista.github.io/v/el-fantasma-y-la-bailarina-shorts-casosreales-aterrador/,,
1976,3094,L_HOtiRESrc,Santo Adolescente #shorts #carloacutis,,11 de septiembre de 2025,1:00,short,,,https://www.youtube.com/watch?v=L_HOtiRESrc,https://eldoqmentalista.github.io/v/santo-adolescente-shorts-carloacutis/,,
1977,3078,y14pm4j98i8,La Enciclopedia Del Miedo El DoQmentalista,,10 de julio de 2023,0:24,short,,Paranormal / Ángeles y demonios / Ocultismo y esoterismo,https://www.youtube.com/watch?v=y14pm4j98i8,https://eldoqmentalista.github.io/v/la-enciclopedia-del-miedo-el-doqmentalista/,,
1978,3070,jc90cxU-L7E,"Poltergeist, short5 #frankenstein #terror #historias",,3 de septiembre de 2025,0:42,short,,Paranormal / Misterios de la Biblia / Ángeles y demonios,https://www.youtube.com/watch?v=jc90cxU-L7E,https://eldoqmentalista.github.io/v/poltergeist-short5-frankenstein-terror-historias/,,
1979,3068,_Tc8D8_-cIs,La Leyenda de La Ciguapa,,22 de abril de 2024,0:36,short,,Paranormal / Extraterrestres y OVNIs / Misterios de la Biblia,https://www.youtube.com/watch?v=_Tc8D8_-cIs,https://eldoqmentalista.github.io/v/la-leyenda-de-la-ciguapa/,,
1980,3051,4tiqRWmyD-A,El DoQmentalista El Verdadero Significado del Satanismo de Marilyn Manson,,13 de agosto de 2025,0:32,short,,Ángeles y demonios / Misterios de la Biblia / Ocultismo y esoterismo,https://www.youtube.com/watch?v=4tiqRWmyD-A,https://eldoqmentalista.github.io/v/el-doqmentalista-el-verdadero-significado-del-satanismo-de-marilyn-man/,,
1981,3051,y-VGFz8eIJA,El DoQmentalista Habla Con Brujo Maya,,2 de julio de 2023,0:19,short,,Paranormal / Ángeles y demonios / Ocultismo y esoterismo,https://www.youtube.com/watch?v=y-VGFz8eIJA,https://eldoqmentalista.github.io/v/el-doqmentalista-habla-con-brujo-maya/,,
1982,3048,XUChZdcjVdA,unknown,,2 de julio de 2024,0:32,short,,Misterios de la Biblia / Paranormal,https://www.youtube.com/watch?v=XUChZdcjVdA,https://eldoqmentalista.github.io/v/unknown/,,
1983,3019,c60A2b2VctU,"ADÁN Y EVA, ACLIMAshort 1",,9 de septiembre de 2025,1:03,short,,Misterios de la Biblia / Ángeles y demonios / Ocultismo y esoterismo,https://www.youtube.com/watch?v=c60A2b2VctU,https://eldoqmentalista.github.io/v/adan-y-eva-aclimashort-1/,,
1984,3018,OOgQlP39PEc,La Verdadera Naturaleza de Dios: Entendiendo Su Esencia,,22 de febrero de 2025,0:40,short,,Ocultismo y esoterismo / Conspiraciones / Misterios de la Biblia,https://www.youtube.com/watch?v=OOgQlP39PEc,https://eldoqmentalista.github.io/v/la-verdadera-naturaleza-de-dios-entendiendo-su-esencia/,,
1985,3013,4ZMOg5dfYjI,Mensajes conmovedores de los espíritus #eldoqmentalista #espiritismo,,13 de agosto de 2025,0:49,short,,Paranormal / Conspiraciones / Misterios de la Biblia,https://www.youtube.com/watch?v=4ZMOg5dfYjI,https://eldoqmentalista.github.io/v/mensajes-conmovedores-de-los-espiritus-eldoqmentalista-espiritismo/,,
1986,2999,WxMUr35wRWU,El Mago merlín,,27 de abril de 2024,0:58,short,,Paranormal / Ángeles y demonios / Ocultismo y esoterismo,https://www.youtube.com/watch?v=WxMUr35wRWU,https://eldoqmentalista.github.io/v/el-mago-merlin/,,
1987,2982,FSiIJI_uqgo,El DoQmentalista #videosdeterror Los Berlanga #shorts,,9 de julio de 2023,0:40,short,,Paranormal / Ángeles y demonios / Ocultismo y esoterismo,https://www.youtube.com/watch?v=FSiIJI_uqgo,https://eldoqmentalista.github.io/v/el-doqmentalista-videosdeterror-los-berlanga-shorts/,,
1988,2978,Q9DRHmh-oRk,EL LEGADO SECRETO DE LOS BRUJOS MAYAS: Verdades Reveladas - Serie de Misterio,,16 de diciembre de 2023,0:36,short,,Paranormal / Ángeles y demonios / Ocultismo y esoterismo,https://www.youtube.com/watch?v=Q9DRHmh-oRk,https://eldoqmentalista.github.io/v/el-legado-secreto-de-los-brujos-mayas-verdades-reveladas-serie-de-mist/,,
1989,2949,qZ-_yp5DmvE,El Impacto de Jesús de Nazaret en el Cristianismo,,20 de septiembre de 2024,0:34,short,,Jesús y María / Misterios de la Biblia / Ocultismo y esoterismo,https://www.youtube.com/watch?v=qZ-_yp5DmvE,https://eldoqmentalista.github.io/v/el-impacto-de-jesus-de-nazaret-en-el-cristianismo/,,
1990,2943,WE5ppMBZ_P4,REVELACIÓN IMPACTANTE Así Planea EE UU  Invadir Venezuela el documentalista el doqmentalista 7,,16 de agosto de 2025,0:46,short,,Misterios de la Biblia / Ocultismo y esoterismo / Paranormal,https://www.youtube.com/watch?v=WE5ppMBZ_P4,https://eldoqmentalista.github.io/v/revelacion-impactante-asi-planea-ee-uu-invadir-venezuela-el-documental-3/,,
1991,2914,TIa3undK8dY,Belfegor el demonio de la riqueza maldita. #shorts #demonios #terrorymisterio,,12 de septiembre de 2025,1:08,short,,Ángeles y demonios / Misterios de la Biblia / Ocultismo y esoterismo,https://www.youtube.com/watch?v=TIa3undK8dY,https://eldoqmentalista.github.io/v/belfegor-el-demonio-de-la-riqueza-maldita-shorts-demonios-terrorymiste/,,
1992,2913,6dffwYZ7-Lw,REVELACIÓN IMPACTANTE Así Planea EE UU  Invadir Venezuela el documentalista el doqmentalista 8,,16 de agosto de 2025,0:56,short,,Misterios de la Biblia / Ocultismo y esoterismo / Paranormal,https://www.youtube.com/watch?v=6dffwYZ7-Lw,https://eldoqmentalista.github.io/v/revelacion-impactante-asi-planea-ee-uu-invadir-venezuela-el-documental-7/,,
1993,2909,IsmXuTE2AZg,MAGIA MAYA DESVELADA: Un Brujo Rompe el Silencio - Historias Sorprendentes,,16 de diciembre de 2023,0:24,short,,Paranormal / Ocultismo y esoterismo / Ángeles y demonios,https://www.youtube.com/watch?v=IsmXuTE2AZg,https://eldoqmentalista.github.io/v/magia-maya-desvelada-un-brujo-rompe-el-silencio-historias-sorprendente/,,
1994,2896,SYjrlwJowdM,Brujo Maya y El DoQmentalista,,2 de julio de 2023,0:28,short,,Paranormal / Ángeles y demonios / Ocultismo y esoterismo,https://www.youtube.com/watch?v=SYjrlwJowdM,https://eldoqmentalista.github.io/v/brujo-maya-y-el-doqmentalista/,,
1995,2878,aOcJDhBF4tg,DoQmentalista: Sumérgete en Intrigantes Documentales #Shorts en YouTube,,8 de julio de 2023,0:42,short,,Paranormal / Ángeles y demonios / Ocultismo y esoterismo,https://www.youtube.com/watch?v=aOcJDhBF4tg,https://eldoqmentalista.github.io/v/doqmentalista-sumergete-en-intrigantes-documentales-shorts-en-youtube/,,
1996,2877,p99QACkezLc,Cómo leer los colores del aura #eldoqmentalista #energía,,13 de agosto de 2025,0:30,short,,Paranormal / Misterios de la Biblia,https://www.youtube.com/watch?v=p99QACkezLc,https://eldoqmentalista.github.io/v/como-leer-los-colores-del-aura-eldoqmentalista-energia/,,
1997,2841,S-T1i8o7Vjk,¿Solo usamos el 10% de nuestro cerebro? #eldoqmentalista #shorts,,1 de octubre de 2023,0:59,short,,Paranormal / Ángeles y demonios / Ocultismo y esoterismo,https://www.youtube.com/watch?v=S-T1i8o7Vjk,https://eldoqmentalista.github.io/v/solo-usamos-el-10-de-nuestro-cerebro-eldoqmentalista-shorts/,,
1998,2819,DjzaclHlxqY,Adéntrate En La Enigmática Mansión Witchester Descubre Sus Leyendas Y Su Historia Oculta,,2 de agosto de 2025,0:39,short,,Paranormal / Misterios de la Biblia,https://www.youtube.com/watch?v=DjzaclHlxqY,https://eldoqmentalista.github.io/v/adentrate-en-la-enigmatica-mansion-witchester-descubre-sus-leyendas-y-/,,
1999,2805,DgcaZOmKhck,Un Sabio Dijo... El Chiste,,27 de abril de 2024,0:48,short,,Paranormal / Ángeles y demonios / Ocultismo y esoterismo,https://www.youtube.com/watch?v=DgcaZOmKhck,https://eldoqmentalista.github.io/v/un-sabio-dijo-el-chiste/,,
2000,2785,vvmQ1Bipt6g,El Fantasma en 'La Bella y la Bestia' #shorts #casosreales #aterrador,,1 de septiembre de 2025,0:45,short,,Paranormal / Misterios de la Biblia / Ángeles y demonios,https://www.youtube.com/watch?v=vvmQ1Bipt6g,https://eldoqmentalista.github.io/v/el-fantasma-en-la-bella-y-la-bestia-shorts-casosreales-aterrador/,,
2001,2760,CltV63WtxRg,El Principe Azul - Frases del DoQmentalista,,29 de abril de 2024,0:14,short,,Paranormal / Ángeles y demonios / Ocultismo y esoterismo,https://www.youtube.com/watch?v=CltV63WtxRg,https://eldoqmentalista.github.io/v/el-principe-azul-frases-del-doqmentalista/,,
2002,2723,S6Sj73B56UY,El Versiculo más oscuro de la biblia,,27 de abril de 2024,1:00,short,,Paranormal / Ángeles y demonios / Misterios de la Biblia,https://www.youtube.com/watch?v=S6Sj73B56UY,https://eldoqmentalista.github.io/v/el-versiculo-mas-oscuro-de-la-biblia/,,
2003,2719,XnwpqQt4vPE,Documental: Documentales Interesantes,SI (x9),27 de septiembre de 2023,0:58,short,,Paranormal / Ángeles y demonios / Ocultismo y esoterismo,https://www.youtube.com/watch?v=XnwpqQt4vPE,https://eldoqmentalista.github.io/v/documental-documentales-interesantes/,,
2004,2716,mjwwGQWnxiM,Código de Hammurabi short 2,,4 de septiembre de 2025,1:03,short,,Misterios de la Biblia / Ángeles y demonios / Ocultismo y esoterismo,https://www.youtube.com/watch?v=mjwwGQWnxiM,https://eldoqmentalista.github.io/v/codigo-de-hammurabi-short-2/,,
2005,2715,HpyfmzKGIcA,El misterioso códex chigas: el libro del diablo que desafía al entendimiento humano,,16 de diciembre de 2023,0:25,short,,Misterios de la Biblia / Paranormal,https://www.youtube.com/watch?v=HpyfmzKGIcA,https://eldoqmentalista.github.io/v/el-misterioso-codex-chigas-el-libro-del-diablo-que-desafia-al-entendim/,,
2006,2712,6aBpmWIh6cY,La Mente:  #short  Frases Interesantes El Doqmentalista,,10 de octubre de 2023,0:15,short,,Paranormal / Ángeles y demonios / Ocultismo y esoterismo,https://www.youtube.com/watch?v=6aBpmWIh6cY,https://eldoqmentalista.github.io/v/la-mente-short-frases-interesantes-el-doqmentalista/,,
2007,2706,DgtkCX96SVc,¡Horror en el Vaticano! El Papa cara a cara con la mujer lobo #shorts #vaticano #sabiasque,,1 de septiembre de 2025,1:00,short,,Vaticano e Iglesia,https://www.youtube.com/watch?v=DgtkCX96SVc,https://eldoqmentalista.github.io/v/horror-en-el-vaticano-el-papa-cara-a-cara-con-la-mujer-lobo-shorts-vat/,,
2008,2696,kXeFntc0OXg,"Alienigenas y agujeros negros - Documental, Documentales Interesantes",,10 de julio de 2023,0:59,short,,Paranormal / Extraterrestres y OVNIs / Ángeles y demonios,https://www.youtube.com/watch?v=kXeFntc0OXg,https://eldoqmentalista.github.io/v/alienigenas-y-agujeros-negros-documental-documentales-interesantes/,,
2009,2694,-xHrpTmTRVQ,El misterioso y apocalíptico poder del Códix Chigas revelado,,16 de diciembre de 2023,0:33,short,,Misterios de la Biblia / Paranormal,https://www.youtube.com/watch?v=-xHrpTmTRVQ,https://eldoqmentalista.github.io/v/el-misterioso-y-apocaliptico-poder-del-codix-chigas-revelado/,,
2010,2685,llPUZRbRC78,La energia no se crea ni se destruye ¿y Dios?,,27 de abril de 2024,0:47,short,,Paranormal / Ángeles y demonios / Ocultismo y esoterismo,https://www.youtube.com/watch?v=llPUZRbRC78,https://eldoqmentalista.github.io/v/la-energia-no-se-crea-ni-se-destruye-y-dios/,,
2011,2679,mK3i3AWnlJ0,"Poltergeist,short 1 #frankenstein #terror #historias",,3 de septiembre de 2025,0:51,short,,Paranormal / Misterios de la Biblia / Ángeles y demonios,https://www.youtube.com/watch?v=mK3i3AWnlJ0,https://eldoqmentalista.github.io/v/poltergeist-short-1-frankenstein-terror-historias/,,
2012,2677,iu74JoQbK7c,Las Tres Señales Antes del Fin del Mundo short 4,,9 de septiembre de 2025,0:59,short,,Misterios de la Biblia / Fin del mundo / Ángeles y demonios,https://www.youtube.com/watch?v=iu74JoQbK7c,https://eldoqmentalista.github.io/v/las-tres-senales-antes-del-fin-del-mundo-short-4/,,
2013,2667,jUg85os5j34,Brujo Maya confiesa sus SECRETOS - Videos Increibles de @YouTube,,16 de diciembre de 2023,0:59,short,,Paranormal / Ángeles y demonios / Ocultismo y esoterismo,https://www.youtube.com/watch?v=jUg85os5j34,https://eldoqmentalista.github.io/v/brujo-maya-confiesa-sus-secretos-videos-increibles-de-youtube/,,
2014,2654,5Hl_Exz8ff0,5 PODERES Ocultos que Tienes Contra el Mal el documentalista el doqmentalista 10,,16 de agosto de 2025,0:34,short,,Misterios de la Biblia / Ocultismo y esoterismo / Paranormal,https://www.youtube.com/watch?v=5Hl_Exz8ff0,https://eldoqmentalista.github.io/v/5-poderes-ocultos-que-tienes-contra-el-mal-el-documentalista-el-doqmen-5/,,
2015,2645,ns02_PHVKtI,"Fuerzas Divinas, El Brujo Maya Con El DoQmentalista",,2 de julio de 2023,0:43,short,,Paranormal / Ángeles y demonios / Ocultismo y esoterismo,https://www.youtube.com/watch?v=ns02_PHVKtI,https://eldoqmentalista.github.io/v/fuerzas-divinas-el-brujo-maya-con-el-doqmentalista/,,
2016,2607,jbvkUjQrV88,Encuentros perturbadores   El efecto en cuerpo y mente,,17 de septiembre de 2025,0:29,short,,Paranormal / Ángeles y demonios / Vaticano e Iglesia,https://www.youtube.com/watch?v=jbvkUjQrV88,https://eldoqmentalista.github.io/v/encuentros-perturbadores-el-efecto-en-cuerpo-y-mente/,,
2017,2591,yB4U84mo1zw,"Poltergeist,short 3 #frankenstein #terror #historias",,3 de septiembre de 2025,0:46,short,,Paranormal / Misterios de la Biblia / Ángeles y demonios,https://www.youtube.com/watch?v=yB4U84mo1zw,https://eldoqmentalista.github.io/v/poltergeist-short-3-frankenstein-terror-historias/,,
2018,2585,xpekDqOmwvU,La persona con la que pasrás el resto de tu vida - Frases del DoQmentalista,,27 de abril de 2024,0:14,short,,Paranormal / Ángeles y demonios / Ocultismo y esoterismo,https://www.youtube.com/watch?v=xpekDqOmwvU,https://eldoqmentalista.github.io/v/la-persona-con-la-que-pasras-el-resto-de-tu-vida-frases-del-doqmentali/,,
2019,2584,ryo4KCZJhxM,La Guía del Experto en Documentales para Entender tus PODERES Ocultos,,16 de agosto de 2025,1:17,short,,Misterios de la Biblia / Ocultismo y esoterismo / Paranormal,https://www.youtube.com/watch?v=ryo4KCZJhxM,https://eldoqmentalista.github.io/v/la-guia-del-experto-en-documentales-para-entender-tus-poderes-ocultos/,,
2020,2581,wgz2g_1L4EQ,¡DESCUBRE los 12 Nahuales REALES que Aterrorizarán México! #short #eldoqmentalista #nahual 2,,16 de agosto de 2025,1:12,short,,Misterios de la Biblia / Ocultismo y esoterismo / Paranormal,https://www.youtube.com/watch?v=wgz2g_1L4EQ,https://eldoqmentalista.github.io/v/descubre-los-12-nahuales-reales-que-aterrorizaran-mexico-short-eldoqme/,,
2021,2572,vFxL8FMdIV0,SECRETOS OCULTOS DEL MUNDO MAYA: El Brujo Lo Cuenta Todo - Descubrimientos en @YouTube,,16 de diciembre de 2023,0:42,short,,Paranormal / Ángeles y demonios / Ocultismo y esoterismo,https://www.youtube.com/watch?v=vFxL8FMdIV0,https://eldoqmentalista.github.io/v/secretos-ocultos-del-mundo-maya-el-brujo-lo-cuenta-todo-descubrimiento/,,
2022,2539,Xn3aQU3e5H8,Entrevista Con Sacerdotiza Satanica #6 - El DoQmentalista,,29 de mayo de 2024,0:59,short,,Ángeles y demonios / Paranormal / Misterios de la Biblia,https://www.youtube.com/watch?v=Xn3aQU3e5H8,https://eldoqmentalista.github.io/v/entrevista-con-sacerdotiza-satanica-6-el-doqmentalista/,,
2023,2525,xSfEiQnKgBk,Descubre el SECRETO detrás de la Leyenda de los Nahuales en México,,16 de agosto de 2025,0:43,short,,Paranormal / Misterios de la Biblia / Ocultismo y esoterismo,https://www.youtube.com/watch?v=xSfEiQnKgBk,https://eldoqmentalista.github.io/v/descubre-el-secreto-detras-de-la-leyenda-de-los-nahuales-en-mexico/,,
2024,2513,uS9HkMbkDk0,El tiempo con los hijos - Frases del DoQmentalista,,27 de abril de 2024,0:16,short,,Paranormal / Ángeles y demonios / Ocultismo y esoterismo,https://www.youtube.com/watch?v=uS9HkMbkDk0,https://eldoqmentalista.github.io/v/el-tiempo-con-los-hijos-frases-del-doqmentalista/,,
2025,2511,iyVu97c0AbA,¿Qué celebramos el 12 de octubre en México? 🇲🇽🤔,,11 de octubre de 2023,0:43,short,,Paranormal / Ángeles y demonios / Ocultismo y esoterismo,https://www.youtube.com/watch?v=iyVu97c0AbA,https://eldoqmentalista.github.io/v/que-celebramos-el-12-de-octubre-en-mexico/,,
2026,2491,QwEq2KiZGTU,El Historiador Revela el Misterio de la Cripta de Marsella en 10 Minutos,,16 de agosto de 2025,1:28,short,,Misterios de la Biblia / Ocultismo y esoterismo / Paranormal,https://www.youtube.com/watch?v=QwEq2KiZGTU,https://eldoqmentalista.github.io/v/el-historiador-revela-el-misterio-de-la-cripta-de-marsella-en-10-minut/,,
2027,2488,rfJIbGq6tno,La Ciguapa - Se Dice Que Roba La Vitalidad De Los Hombres #miedo #eldoqmentalista #terror,,23 de abril de 2024,0:47,short,,Extraterrestres y OVNIs / Paranormal / Misterios de la Biblia,https://www.youtube.com/watch?v=rfJIbGq6tno,https://eldoqmentalista.github.io/v/la-ciguapa-se-dice-que-roba-la-vitalidad-de-los-hombres-miedo-eldoqmen/,,
2028,2484,3W0pUmyfVrc,Documental Astartea: Documentales Interesantes,,3 de octubre de 2023,0:21,short,,Paranormal / Ángeles y demonios / Ocultismo y esoterismo,https://www.youtube.com/watch?v=3W0pUmyfVrc,https://eldoqmentalista.github.io/v/documental-astartea-documentales-interesantes/,,
2029,2466,uxvxI-weYHY,#shorts Documentales Fascinantes con El DoQmentalista,,8 de julio de 2023,0:58,short,,Paranormal / Ángeles y demonios / Ocultismo y esoterismo,https://www.youtube.com/watch?v=uxvxI-weYHY,https://eldoqmentalista.github.io/v/shorts-documentales-fascinantes-con-el-doqmentalista/,,
2030,2454,iegSI8uHOHQ,¿Por Qué Reencarnamos? Descubre Nuestro Destino Tras la Muerte,,22 de febrero de 2025,0:14,short,,Ocultismo y esoterismo / Misterios de la Biblia / Paranormal,https://www.youtube.com/watch?v=iegSI8uHOHQ,https://eldoqmentalista.github.io/v/por-que-reencarnamos-descubre-nuestro-destino-tras-la-muerte/,,
2031,2426,8VNRKEyeX2w,Visitas Nocturnas: Mensajes de Nuestros Seres Queridos,,24 de septiembre de 2024,0:24,short,,Conspiraciones / Misterios de la Biblia / Ocultismo y esoterismo,https://www.youtube.com/watch?v=8VNRKEyeX2w,https://eldoqmentalista.github.io/v/visitas-nocturnas-mensajes-de-nuestros-seres-queridos/,,
2032,2415,NiZKuHdJEmg,El secreto del éxito_ Cómo manejar las adversidades de la vida - El DoQmentalista,,10 de junio de 2024,0:38,short,,Paranormal / Misterios de la Biblia,https://www.youtube.com/watch?v=NiZKuHdJEmg,https://eldoqmentalista.github.io/v/el-secreto-del-exito-como-manejar-las-adversidades-de-la-vida-el-doqme/,,
2033,2398,Gq8iGo61xcs,Frankenstein en la vida real  short 3 #frankenstein #terror #historias,,3 de septiembre de 2025,1:01,short,,Misterios de la Biblia / Ángeles y demonios / Ocultismo y esoterismo,https://www.youtube.com/watch?v=Gq8iGo61xcs,https://eldoqmentalista.github.io/v/frankenstein-en-la-vida-real-short-3-frankenstein-terror-historias/,,
2034,2387,zb6Em6g_qCg,Libre Albedrío: ¿Puede el Tarot Predecir Nuestro Destino?,,23 de febrero de 2025,1:12,short,,Conspiraciones / Misterios de la Biblia / Paranormal,https://www.youtube.com/watch?v=zb6Em6g_qCg,https://eldoqmentalista.github.io/v/libre-albedrio-puede-el-tarot-predecir-nuestro-destino/,,
2035,2368,5Ra7i2FyROw,Qué es magia natural #documentary #paranormal #documental #diadelosmuertos,,16 de diciembre de 2023,0:57,short,,Paranormal / Ocultismo y esoterismo / Ángeles y demonios,https://www.youtube.com/watch?v=5Ra7i2FyROw,https://eldoqmentalista.github.io/v/que-es-magia-natural-documentary-paranormal-documental-diadelosmuertos/,,
2036,2368,d70RnlmvNxk,"Boda Maya, Explicación Brujo Maya El DoQmentalista",,2 de julio de 2023,0:42,short,,Paranormal / Ángeles y demonios / Ocultismo y esoterismo,https://www.youtube.com/watch?v=d70RnlmvNxk,https://eldoqmentalista.github.io/v/boda-maya-explicacion-brujo-maya-el-doqmentalista/,,
2037,2364,KjFPaBDbKDc,El versiculo más hermoso de la biblia es...,,27 de abril de 2024,0:30,short,,Paranormal / Ángeles y demonios / Misterios de la Biblia,https://www.youtube.com/watch?v=KjFPaBDbKDc,https://eldoqmentalista.github.io/v/el-versiculo-mas-hermoso-de-la-biblia-es/,,
2038,2358,GzbBi3zXDLY,¡DESCUBRE los 12 Nahuales REALES que Aterrorizarán México! #short #eldoqmentalista #nahual 12,,14 de agosto de 2025,0:40,short,,Misterios de la Biblia / Ocultismo y esoterismo / Paranormal,https://www.youtube.com/watch?v=GzbBi3zXDLY,https://eldoqmentalista.github.io/v/descubre-los-12-nahuales-reales-que-aterrorizaran-mexico-short-eldoqme-12/,,
2039,2351,2rC-sXxt0Jo,CONFESIONES DE UN HECHICERO MAYA: Rituales y Encantos Antiguos - Documental Exclusivo,,16 de diciembre de 2023,0:43,short,,Paranormal / Ocultismo y esoterismo / Ángeles y demonios,https://www.youtube.com/watch?v=2rC-sXxt0Jo,https://eldoqmentalista.github.io/v/confesiones-de-un-hechicero-maya-rituales-y-encantos-antiguos-document/,,
2040,2344,3P8v1SP43Sg,Documental Asima: Documentales Interesantes,,3 de octubre de 2023,0:17,short,,Paranormal / Ángeles y demonios / Ocultismo y esoterismo,https://www.youtube.com/watch?v=3P8v1SP43Sg,https://eldoqmentalista.github.io/v/documental-asima-documentales-interesantes/,,
2041,2335,kGyB-CvuyAE,"Un Sabio Dijo, Las Oportunidades - Frases del DoQmentalista",,27 de abril de 2024,0:19,short,,Paranormal / Ángeles y demonios / Ocultismo y esoterismo,https://www.youtube.com/watch?v=kGyB-CvuyAE,https://eldoqmentalista.github.io/v/un-sabio-dijo-las-oportunidades-frases-del-doqmentalista/,,
2042,2333,perJUHPgSsI,"Poltergeist, short 2 #frankenstein #terror #historias",,3 de septiembre de 2025,0:53,short,,Paranormal / Misterios de la Biblia / Ángeles y demonios,https://www.youtube.com/watch?v=perJUHPgSsI,https://eldoqmentalista.github.io/v/poltergeist-short-2-frankenstein-terror-historias/,,
2043,2311,M_M3n9-YvlA,La Profecía del Diario de Sangre para 2025: ¡Alienígenas! #shorts #fbi #misterios,,2 de septiembre de 2025,0:59,short,,Profecías / Extraterrestres y OVNIs / Conspiraciones,https://www.youtube.com/watch?v=M_M3n9-YvlA,https://eldoqmentalista.github.io/v/la-profecia-del-diario-de-sangre-para-2025-alienigenas-shorts-fbi-mist/,,
2044,2306,m5TSWRrmy-E,El Santo con cabeza de perro que te mata #shorts #vaticano #cristianismo,,2 de septiembre de 2025,1:09,short,,Vaticano e Iglesia,https://www.youtube.com/watch?v=m5TSWRrmy-E,https://eldoqmentalista.github.io/v/el-santo-con-cabeza-de-perro-que-te-mata-shorts-vaticano-cristianismo/,,
2045,2306,QFOO6HHr3tk,Entrevista Con Sacerdotiza Satanica #8 - El DoQmentalista,,29 de mayo de 2024,0:58,short,,Ángeles y demonios / Misterios de la Biblia / Paranormal,https://www.youtube.com/watch?v=QFOO6HHr3tk,https://eldoqmentalista.github.io/v/entrevista-con-sacerdotiza-satanica-8-el-doqmentalista/,,
2046,2302,YcYMMPuhXB0,10 Secretos Ocultos del Vaticano que el Papa León XIV no puede nombrar El documentalista el doqmenta,SI (x8),16 de agosto de 2025,0:53,short,,Vaticano e Iglesia / Misterios de la Biblia / Ocultismo y esoterismo,https://www.youtube.com/watch?v=YcYMMPuhXB0,https://eldoqmentalista.github.io/v/10-secretos-ocultos-del-vaticano-que-el-papa-leon-xiv-no-puede-nombrar-4/,,
2047,2257,2knk--HEEXs,Misterios Revelados en Corto con El DoQmentalista💡 #shorts,,9 de julio de 2023,0:58,short,,Paranormal / Ángeles y demonios / Ocultismo y esoterismo,https://www.youtube.com/watch?v=2knk--HEEXs,https://eldoqmentalista.github.io/v/misterios-revelados-en-corto-con-el-doqmentalista-shorts/,,
2048,2251,wngHB5Ta74Y,Las civilizaciones antiguas ofrecían niños y vírgenes a los dioses,,19 de septiembre de 2025,0:42,short,,Paranormal / Ángeles y demonios / Vaticano e Iglesia,https://www.youtube.com/watch?v=wngHB5Ta74Y,https://eldoqmentalista.github.io/v/las-civilizaciones-antiguas-ofrecian-ninos-y-virgenes-a-los-dioses/,,
2049,2248,_hIZyykrpyk,¡Descubren criaturas prehistóricas en los sótanos secretos! 10,,13 de agosto de 2025,0:40,short,,Misterios de la Biblia / Ocultismo y esoterismo / Paranormal,https://www.youtube.com/watch?v=_hIZyykrpyk,https://eldoqmentalista.github.io/v/descubren-criaturas-prehistoricas-en-los-sotanos-secretos-10/,,
2050,2245,enHqfWOjECs,Magia negra vs magia roja: ¿cuál potencia más? #eldoqmentalista #magia,,13 de agosto de 2025,0:13,short,,Ocultismo y esoterismo / Paranormal / Conspiraciones,https://www.youtube.com/watch?v=enHqfWOjECs,https://eldoqmentalista.github.io/v/magia-negra-vs-magia-roja-cual-potencia-mas-eldoqmentalista-magia/,,
2051,2239,dVU1zhV9QE8,Descubre el Poder de los Chakras para Equilibrar tu Energía - El DoQmentalista,,11 de junio de 2024,0:30,short,,Paranormal / Misterios de la Biblia,https://www.youtube.com/watch?v=dVU1zhV9QE8,https://eldoqmentalista.github.io/v/descubre-el-poder-de-los-chakras-para-equilibrar-tu-energia-el-doqment/,,
2052,2229,Ycg6-qfAMjU,Algunos Rituales Requerían Beber La Sangre De..,,27 de abril de 2024,0:38,short,,Ocultismo y esoterismo / Paranormal / Misterios de la Biblia,https://www.youtube.com/watch?v=Ycg6-qfAMjU,https://eldoqmentalista.github.io/v/algunos-rituales-requerian-beber-la-sangre-de/,,
2053,2217,4XOrmDQz8as,Aini:  #short  Documentales Interesantes El Doqmentalista,,8 de octubre de 2023,0:30,short,,Paranormal / Ángeles y demonios / Ocultismo y esoterismo,https://www.youtube.com/watch?v=4XOrmDQz8as,https://eldoqmentalista.github.io/v/aini-short-documentales-interesantes-el-doqmentalista/,,
2054,2204,WXZemnp1fQc,Doctor Muere Mirando el Espejo: ¡Su Voz AÚN Advierte! #shorts #fbi #misterios,,2 de septiembre de 2025,0:47,short,,,https://www.youtube.com/watch?v=WXZemnp1fQc,https://eldoqmentalista.github.io/v/doctor-muere-mirando-el-espejo-su-voz-aun-advierte-shorts-fbi-misterio/,,
2055,2196,R0v_nl_GEyU,Comprender A Dios Siendo Humano,,27 de abril de 2024,0:59,short,,Misterios de la Biblia / Paranormal / Conspiraciones,https://www.youtube.com/watch?v=R0v_nl_GEyU,https://eldoqmentalista.github.io/v/comprender-a-dios-siendo-humano/,,
2056,2187,ZyZan9-b6j8,5 PODERES Ocultos que Tienes Contra el Mal el documentalista el doqmentalista 7,,16 de agosto de 2025,1:58,short,,Misterios de la Biblia / Ocultismo y esoterismo / Paranormal,https://www.youtube.com/watch?v=ZyZan9-b6j8,https://eldoqmentalista.github.io/v/5-poderes-ocultos-que-tienes-contra-el-mal-el-documentalista-el-doqmen-4/,,
2057,2162,KdFzwIQ11KA,El Concilio que Transformó la Iglesia Católica,,20 de septiembre de 2024,0:39,short,,Vaticano e Iglesia / Misterios de la Biblia / Paranormal,https://www.youtube.com/watch?v=KdFzwIQ11KA,https://eldoqmentalista.github.io/v/el-concilio-que-transformo-la-iglesia-catolica/,,
2058,2128,J_3C73TL-6c,"Poltergeist, short 4 #frankenstein #terror #historias",,3 de septiembre de 2025,0:53,short,,Paranormal / Misterios de la Biblia / Ángeles y demonios,https://www.youtube.com/watch?v=J_3C73TL-6c,https://eldoqmentalista.github.io/v/poltergeist-short-4-frankenstein-terror-historias/,,
2059,2124,KO1Jn1CFhm0,Derrota al diablo: La verdad que la iglesia te esconde #shorts #vaticano #cristianismo,,2 de septiembre de 2025,0:49,short,,Vaticano e Iglesia,https://www.youtube.com/watch?v=KO1Jn1CFhm0,https://eldoqmentalista.github.io/v/derrota-al-diablo-la-verdad-que-la-iglesia-te-esconde-shorts-vaticano-/,,
2060,2123,oAkwsHOIiNk,"El Códice Gigas: Un Poder Oscuro, Inexplicable y Peligroso",,16 de diciembre de 2023,0:29,short,,Misterios de la Biblia / Paranormal,https://www.youtube.com/watch?v=oAkwsHOIiNk,https://eldoqmentalista.github.io/v/el-codice-gigas-un-poder-oscuro-inexplicable-y-peligroso/,,
2061,2100,i-mtDZvyDMU,"Documentales Breves, Misterios Insondables con El DoQmentalista🔍 #shorts",,9 de julio de 2023,0:15,short,,Paranormal / Ángeles y demonios / Ocultismo y esoterismo,https://www.youtube.com/watch?v=i-mtDZvyDMU,https://eldoqmentalista.github.io/v/documentales-breves-misterios-insondables-con-el-doqmentalista-shorts/,,
2062,2089,bz9pZAL1tpE,Código de Hammurabi short 5,,4 de septiembre de 2025,1:08,short,,Misterios de la Biblia / Ángeles y demonios / Ocultismo y esoterismo,https://www.youtube.com/watch?v=bz9pZAL1tpE,https://eldoqmentalista.github.io/v/codigo-de-hammurabi-short-5/,,
2063,2046,OzaAduiHTD8,Adéntrate en el oscuro folclore del Nachzehrer.Descubre los secretos de este monstruo legendario,,15 de abril de 2024,0:27,short,,Misterios de la Biblia / Paranormal,https://www.youtube.com/watch?v=OzaAduiHTD8,https://eldoqmentalista.github.io/v/adentrate-en-el-oscuro-folclore-del-nachzehrer-descubre-los-secretos-d/,,
2064,2013,CntymEvLe9g,5 debilidades del diablo que te sorprenderán #shorts #vaticano #cristianismo,,2 de septiembre de 2025,0:33,short,,Vaticano e Iglesia,https://www.youtube.com/watch?v=CntymEvLe9g,https://eldoqmentalista.github.io/v/5-debilidades-del-diablo-que-te-sorprenderan-shorts-vaticano-cristiani/,,
2065,2013,60jRyyzvNTI,Arcontes Sumérgete En Sus Misterios Secretos Y Su Influencia En La Historia Y La Humanidad.,,8 de junio de 2024,0:59,short,,Conspiraciones / Misterios de la Biblia / Paranormal,https://www.youtube.com/watch?v=60jRyyzvNTI,https://eldoqmentalista.github.io/v/arcontes-sumergete-en-sus-misterios-secretos-y-su-influencia-en-la-his/,,
2066,2011,VOF4pl1uZ_g,Documental: Documentales Interesantes,SI (x9),27 de septiembre de 2023,0:30,short,,Paranormal / Ángeles y demonios / Ocultismo y esoterismo,https://www.youtube.com/watch?v=VOF4pl1uZ_g,https://eldoqmentalista.github.io/v/documental-documentales-interesantes-6/,,
2067,2004,kP-znE_iqGg,La Influencia Política del Papado en la Iglesia Antigua,,20 de septiembre de 2024,0:29,short,,Vaticano e Iglesia / Conspiraciones / Misterios de la Biblia,https://www.youtube.com/watch?v=kP-znE_iqGg,https://eldoqmentalista.github.io/v/la-influencia-politica-del-papado-en-la-iglesia-antigua/,,
2068,1964,SP7Axsiddbk,¿Cuantos Dioses Hay?,,27 de abril de 2024,0:59,short,,Misterios de la Biblia / Paranormal / Conspiraciones,https://www.youtube.com/watch?v=SP7Axsiddbk,https://eldoqmentalista.github.io/v/cuantos-dioses-hay/,,
2069,1938,TFpEvjAOAWY,¡Descubren criaturas prehistóricas en los sótanos secretos! 12,,13 de agosto de 2025,1:00,short,,Misterios de la Biblia / Ocultismo y esoterismo / Paranormal,https://www.youtube.com/watch?v=TFpEvjAOAWY,https://eldoqmentalista.github.io/v/descubren-criaturas-prehistoricas-en-los-sotanos-secretos-12/,,
2070,1930,MUWk-71HgUU,Un Artista con 20 Años de Experiencia Explica el Misterio de los Ojos que Lloran Tinta,,16 de agosto de 2025,1:32,short,,Conspiraciones / Misterios de la Biblia / Ocultismo y esoterismo,https://www.youtube.com/watch?v=MUWk-71HgUU,https://eldoqmentalista.github.io/v/un-artista-con-20-anos-de-experiencia-explica-el-misterio-de-los-ojos-/,,
2071,1890,bUP7mi0d37Y,Revelando la verdad - Lo que realmente sucede en el ejército,,29 de mayo de 2024,0:45,short,,Paranormal / Misterios de la Biblia,https://www.youtube.com/watch?v=bUP7mi0d37Y,https://eldoqmentalista.github.io/v/revelando-la-verdad-lo-que-realmente-sucede-en-el-ejercito/,,
2072,1874,3ooqZj9mfp4,"El DoQmentalista: Videos Breves, Misterios Grandes🌐 #shorts",,9 de julio de 2023,0:16,short,,Paranormal / Ángeles y demonios / Ocultismo y esoterismo,https://www.youtube.com/watch?v=3ooqZj9mfp4,https://eldoqmentalista.github.io/v/el-doqmentalista-videos-breves-misterios-grandes-shorts/,,
2073,1863,f5eyddbtTP8,Enciclopedia del miedo,,27 de septiembre de 2023,0:51,short,,Paranormal / Ángeles y demonios / Ocultismo y esoterismo,https://www.youtube.com/watch?v=f5eyddbtTP8,https://eldoqmentalista.github.io/v/enciclopedia-del-miedo/,,
2074,1854,EMt3kZ3ThI4,Cómo elegir el nombre adecuado sin dar información a los delincuentes,,29 de mayo de 2024,0:20,short,,Paranormal / Misterios de la Biblia,https://www.youtube.com/watch?v=EMt3kZ3ThI4,https://eldoqmentalista.github.io/v/como-elegir-el-nombre-adecuado-sin-dar-informacion-a-los-delincuentes/,,
2075,1817,ZgS1zEBveGI,"📚 El DoQmentalista, Sumérgete en Videos de Misterio #shorts",,9 de julio de 2023,0:58,short,,Paranormal / Ángeles y demonios / Ocultismo y esoterismo,https://www.youtube.com/watch?v=ZgS1zEBveGI,https://eldoqmentalista.github.io/v/el-doqmentalista-sumergete-en-videos-de-misterio-shorts/,,
2076,1815,2w_0sxZ5itU,Los secretos mágicos que podrían cambiarlo todo,,16 de diciembre de 2023,0:24,short,,Misterios de la Biblia / Paranormal,https://www.youtube.com/watch?v=2w_0sxZ5itU,https://eldoqmentalista.github.io/v/los-secretos-magicos-que-podrian-cambiarlo-todo/,,
2077,1809,xudqYRsxddg,Ofrenda y vínculo en rituales oscuros #eldoqmentalista #ritual,,27 de julio de 2025,1:01,short,,Ocultismo y esoterismo / Paranormal / Misterios de la Biblia,https://www.youtube.com/watch?v=xudqYRsxddg,https://eldoqmentalista.github.io/v/ofrenda-y-vinculo-en-rituales-oscuros-eldoqmentalista-ritual/,,
2078,1806,AzZ0x6XhcNI,Dedicate a sentirte bien contigo mismo Frases del DoQmentalista,,28 de abril de 2024,0:14,short,,Paranormal / Ángeles y demonios / Ocultismo y esoterismo,https://www.youtube.com/watch?v=AzZ0x6XhcNI,https://eldoqmentalista.github.io/v/dedicate-a-sentirte-bien-contigo-mismo-frases-del-doqmentalista/,,
2079,1799,Gq1SlL9gYss,Entrevista Con Sacerdotiza Satanica - El DoQmentalista,,29 de mayo de 2024,0:43,short,,Ángeles y demonios / Paranormal / Misterios de la Biblia,https://www.youtube.com/watch?v=Gq1SlL9gYss,https://eldoqmentalista.github.io/v/entrevista-con-sacerdotiza-satanica-el-doqmentalista/,,
2080,1793,X8r1Nj1KIys,¡Descubren criaturas prehistóricas en los sótanos secretos! 3,,13 de agosto de 2025,0:40,short,,Misterios de la Biblia / Ocultismo y esoterismo / Paranormal,https://www.youtube.com/watch?v=X8r1Nj1KIys,https://eldoqmentalista.github.io/v/descubren-criaturas-prehistoricas-en-los-sotanos-secretos-3/,,
2081,1773,C8Ur9TFh8YI,"Las 3 Verdad, La Lealtad, La confianza y las Acciones - Frases Del DoQmentalista",,27 de abril de 2024,0:20,short,,Paranormal / Ángeles y demonios / Ocultismo y esoterismo,https://www.youtube.com/watch?v=C8Ur9TFh8YI,https://eldoqmentalista.github.io/v/las-3-verdad-la-lealtad-la-confianza-y-las-acciones-frases-del-doqment/,,
2082,1772,IV_gQ2Nl5rk,10 Secretos Ocultos del Vaticano que el Papa León XIV no puede nombrar El documentalista el doqmenta,SI (x8),16 de agosto de 2025,0:58,short,,Vaticano e Iglesia / Misterios de la Biblia / Ocultismo y esoterismo,https://www.youtube.com/watch?v=IV_gQ2Nl5rk,https://eldoqmentalista.github.io/v/10-secretos-ocultos-del-vaticano-que-el-papa-leon-xiv-no-puede-nombrar-7/,,
2083,1766,HHR7JGMTnI4,Documental: Documentales Interesantes,SI (x9),27 de septiembre de 2023,0:20,short,,Paranormal / Ángeles y demonios / Ocultismo y esoterismo,https://www.youtube.com/watch?v=HHR7JGMTnI4,https://eldoqmentalista.github.io/v/documental-documentales-interesantes-5/,,
2084,1760,yVr3q6RrxAM,El estético oscuro de Marilyn Manson y las teorías de conspiración,,13 de agosto de 2025,0:21,short,,Conspiraciones / Misterios de la Biblia / Ocultismo y esoterismo,https://www.youtube.com/watch?v=yVr3q6RrxAM,https://eldoqmentalista.github.io/v/el-estetico-oscuro-de-marilyn-manson-y-las-teorias-de-conspiracion/,,
2085,1752,RP2PDzWUJZw,Entrevista Con Sacerdotiza Satanica #2 - El DoQmentalista,,29 de mayo de 2024,0:42,short,,Ángeles y demonios / Paranormal / Misterios de la Biblia,https://www.youtube.com/watch?v=RP2PDzWUJZw,https://eldoqmentalista.github.io/v/entrevista-con-sacerdotiza-satanica-2-el-doqmentalista/,,
2086,1750,7z7BbWf8_9s,La Despedida Inesperada: Un Mensaje de Mi Madre,,24 de septiembre de 2024,0:37,short,,Conspiraciones / Misterios de la Biblia / Ocultismo y esoterismo,https://www.youtube.com/watch?v=7z7BbWf8_9s,https://eldoqmentalista.github.io/v/la-despedida-inesperada-un-mensaje-de-mi-madre/,,
2087,1750,cXGatHvWchI,🎥El DoQmentalista: Cortos Inquietantes y Misteriosos #shorts,,9 de julio de 2023,0:17,short,,Paranormal / Ángeles y demonios / Ocultismo y esoterismo,https://www.youtube.com/watch?v=cXGatHvWchI,https://eldoqmentalista.github.io/v/el-doqmentalista-cortos-inquietantes-y-misteriosos-shorts/,,
2088,1744,0mynP36NOoA,10 Secretos Ocultos del Vaticano que el Papa León XIV no puede nombrar El documentalista el doqmenta,SI (x8),16 de agosto de 2025,1:11,short,,Vaticano e Iglesia / Misterios de la Biblia / Ocultismo y esoterismo,https://www.youtube.com/watch?v=0mynP36NOoA,https://eldoqmentalista.github.io/v/10-secretos-ocultos-del-vaticano-que-el-papa-leon-xiv-no-puede-nombrar-5/,,
2089,1740,5ZGS6EQCyXU,REVELACIONES DE UN CHAMÁN MAYA: Misterios Ancestrales Al Descubierto -Revelaciones en @YouTube,,16 de diciembre de 2023,0:59,short,,Paranormal / Ángeles y demonios / Ocultismo y esoterismo,https://www.youtube.com/watch?v=5ZGS6EQCyXU,https://eldoqmentalista.github.io/v/revelaciones-de-un-chaman-maya-misterios-ancestrales-al-descubierto-re/,,
2090,1716,Dj6K-4svZ7I,Archivos secretos del Vaticano: Gente común venció #shorts #vaticano #cristianismo,,2 de septiembre de 2025,0:39,short,,Vaticano e Iglesia,https://www.youtube.com/watch?v=Dj6K-4svZ7I,https://eldoqmentalista.github.io/v/archivos-secretos-del-vaticano-gente-comun-vencio-shorts-vaticano-cris/,,
2091,1710,LO464qw0SSg,El DoQmentalista #shorts: Tu Guía a los Documentales y Misterios Intrigantes,,8 de julio de 2023,0:53,short,,Paranormal / Ángeles y demonios / Ocultismo y esoterismo,https://www.youtube.com/watch?v=LO464qw0SSg,https://eldoqmentalista.github.io/v/el-doqmentalista-shorts-tu-guia-a-los-documentales-y-misterios-intriga/,,
2092,1698,2Fazfpoi6uA,Código de Hammurabi short 3,,4 de septiembre de 2025,1:07,short,,Misterios de la Biblia / Ángeles y demonios / Ocultismo y esoterismo,https://www.youtube.com/watch?v=2Fazfpoi6uA,https://eldoqmentalista.github.io/v/codigo-de-hammurabi-short-3/,,
2093,1694,wCZbqCnH2yA,¡Descubren criaturas prehistóricas en los sótanos secretos! 9,,13 de agosto de 2025,0:56,short,,Misterios de la Biblia / Ocultismo y esoterismo / Paranormal,https://www.youtube.com/watch?v=wCZbqCnH2yA,https://eldoqmentalista.github.io/v/descubren-criaturas-prehistoricas-en-los-sotanos-secretos-9/,,
2094,1692,qk6vKyHziq0,¡DESCUBRE los 12 Nahuales REALES que Aterrorizarán México! #short #eldoqmentalista #nahual 10,,14 de agosto de 2025,0:45,short,,Misterios de la Biblia / Ocultismo y esoterismo / Paranormal,https://www.youtube.com/watch?v=qk6vKyHziq0,https://eldoqmentalista.github.io/v/descubre-los-12-nahuales-reales-que-aterrorizaran-mexico-short-eldoqme-3/,,
2095,1681,mIVhbkHeYrM,¡DESCUBRE los 12 Nahuales REALES que Aterrorizarán México! #short #eldoqmentalista #nahual 13,,14 de agosto de 2025,0:45,short,,Misterios de la Biblia / Ocultismo y esoterismo / Paranormal,https://www.youtube.com/watch?v=mIVhbkHeYrM,https://eldoqmentalista.github.io/v/descubre-los-12-nahuales-reales-que-aterrorizaran-mexico-short-eldoqme-2/,,
2096,1663,3U73WFOFdZ8,El DoQmentalista Los Sisimites videos de Terror #youtube,,8 de julio de 2023,0:38,short,,Paranormal / Ángeles y demonios / Ocultismo y esoterismo,https://www.youtube.com/watch?v=3U73WFOFdZ8,https://eldoqmentalista.github.io/v/el-doqmentalista-los-sisimites-videos-de-terror-youtube/,,
2097,1650,SoEYx1ETVDs,Decisiones que tranquilizan el alma - Frases del DoQmentalista,,27 de abril de 2024,0:15,short,,Paranormal / Ángeles y demonios / Ocultismo y esoterismo,https://www.youtube.com/watch?v=SoEYx1ETVDs,https://eldoqmentalista.github.io/v/decisiones-que-tranquilizan-el-alma-frases-del-doqmentalista/,,
2098,1650,s6HXjUAX7vw,El DoQmentalista en YouTube: Descubre Documentales Fascinantes #Shorts,,8 de julio de 2023,0:59,short,,Paranormal / Ángeles y demonios / Ocultismo y esoterismo,https://www.youtube.com/watch?v=s6HXjUAX7vw,https://eldoqmentalista.github.io/v/el-doqmentalista-en-youtube-descubre-documentales-fascinantes-shorts/,,
2099,1646,tHVkTqZUwHE,El DoQmentalista ✅ Documentales que Cambiarán tu Visión #Shorts YouTube,,8 de julio de 2023,0:59,short,,Paranormal / Ángeles y demonios / Ocultismo y esoterismo,https://www.youtube.com/watch?v=tHVkTqZUwHE,https://eldoqmentalista.github.io/v/el-doqmentalista-documentales-que-cambiaran-tu-vision-shorts-youtube/,,
2100,1633,tljZvraw97g,¡Descubren criaturas prehistóricas en los sótanos secretos! 6,,13 de agosto de 2025,0:52,short,,Misterios de la Biblia / Ocultismo y esoterismo / Paranormal,https://www.youtube.com/watch?v=tljZvraw97g,https://eldoqmentalista.github.io/v/descubren-criaturas-prehistoricas-en-los-sotanos-secretos-6/,,
2101,1629,7AiwvSsIo6Q,Sirath: #short Documentales  Interesantes El Doqmentalista,,11 de octubre de 2023,0:24,short,,Paranormal / Ángeles y demonios / Ocultismo y esoterismo,https://www.youtube.com/watch?v=7AiwvSsIo6Q,https://eldoqmentalista.github.io/v/sirath-short-documentales-interesantes-el-doqmentalista/,,
2102,1623,5Sba-eDgaMM,Cómo la Sal Expulsa Demonios y Energías Oscuras #shorts #secretos #sal,,1 de septiembre de 2025,0:45,short,,Ángeles y demonios,https://www.youtube.com/watch?v=5Sba-eDgaMM,https://eldoqmentalista.github.io/v/como-la-sal-expulsa-demonios-y-energias-oscuras-shorts-secretos-sal/,,
2103,1619,M8Mh-Vcj398,El DoQmentalista #shorts: Un Viaje Fascinante a través de Misterios y Documentales,,8 de julio de 2023,0:38,short,,Paranormal / Ángeles y demonios / Ocultismo y esoterismo,https://www.youtube.com/watch?v=M8Mh-Vcj398,https://eldoqmentalista.github.io/v/el-doqmentalista-shorts-un-viaje-fascinante-a-traves-de-misterios-y-do/,,
2104,1600,dwvgZITTV7E,¡DESCUBRE los 12 Nahuales REALES que Aterrorizarán México! #short #eldoqmentalista #nahual 15,,14 de agosto de 2025,0:51,short,,Misterios de la Biblia / Ocultismo y esoterismo / Paranormal,https://www.youtube.com/watch?v=dwvgZITTV7E,https://eldoqmentalista.github.io/v/descubre-los-12-nahuales-reales-que-aterrorizaran-mexico-short-eldoqme-10/,,
2105,1573,1hu_3K6dWdg,Los libros perdidos de la Biblia #short #paranormal #misterios,,30 de agosto de 2025,0:44,short,,Misterios de la Biblia / Paranormal / Ángeles y demonios,https://www.youtube.com/watch?v=1hu_3K6dWdg,https://eldoqmentalista.github.io/v/los-libros-perdidos-de-la-biblia-short-paranormal-misterios/,,
2106,1555,48QQydGNuXY,Ayuno: Tu arma secreta contra ataques demoníacos #shorts #vaticano #cristianismo,,2 de septiembre de 2025,0:58,short,,Vaticano e Iglesia,https://www.youtube.com/watch?v=48QQydGNuXY,https://eldoqmentalista.github.io/v/ayuno-tu-arma-secreta-contra-ataques-demoniacos-shorts-vaticano-cristi/,,
2107,1555,qmHRLk5139k,#shorts El DoQmentalista: Viaje al Mundo de los Misterios y Documentales,,8 de julio de 2023,0:50,short,,Paranormal / Ángeles y demonios / Ocultismo y esoterismo,https://www.youtube.com/watch?v=qmHRLk5139k,https://eldoqmentalista.github.io/v/shorts-el-doqmentalista-viaje-al-mundo-de-los-misterios-y-documentales/,,
2108,1554,Yrg4VvAjiiA,¿Humanidad creada de SANGRE y BARRO? ¡Descubre el Dios olvidado!,,30 de agosto de 2025,0:50,short,,,https://www.youtube.com/watch?v=Yrg4VvAjiiA,https://eldoqmentalista.github.io/v/humanidad-creada-de-sangre-y-barro-descubre-el-dios-olvidado/,,
2109,1541,PtEu2--gd08,#shorts El DoQmentalista: Misterios Descifrados y Documentales Conmovedores,,8 de julio de 2023,1:00,short,,Paranormal / Ángeles y demonios / Ocultismo y esoterismo,https://www.youtube.com/watch?v=PtEu2--gd08,https://eldoqmentalista.github.io/v/shorts-el-doqmentalista-misterios-descifrados-y-documentales-conmovedo/,,
2110,1527,KtHqTRm0LMI,¿Por qué la iglesia te oculta este poder espiritual? #shorts #vaticano #cristianismo,,2 de septiembre de 2025,0:36,short,,Vaticano e Iglesia / Ocultismo y esoterismo,https://www.youtube.com/watch?v=KtHqTRm0LMI,https://eldoqmentalista.github.io/v/por-que-la-iglesia-te-oculta-este-poder-espiritual-shorts-vaticano-cri/,,
2111,1520,E3MobsE94T4,Entrevista Con Sacerdotiza Satanica #7 - El DoQmentalista,,29 de mayo de 2024,0:59,short,,Ángeles y demonios / Paranormal / Misterios de la Biblia,https://www.youtube.com/watch?v=E3MobsE94T4,https://eldoqmentalista.github.io/v/entrevista-con-sacerdotiza-satanica-7-el-doqmentalista/,,
2112,1516,3l6CwTDkPSs,¿Funciona la Brujería? La Biblia Responde.,,16 de agosto de 2025,0:44,short,,Misterios de la Biblia,https://www.youtube.com/watch?v=3l6CwTDkPSs,https://eldoqmentalista.github.io/v/funciona-la-brujeria-la-biblia-responde/,,
2113,1503,u7pv83LOLNA,Invocación o Evocación - Diferencias...,,27 de abril de 2024,0:57,short,,Paranormal / Ángeles y demonios / Ocultismo y esoterismo,https://www.youtube.com/watch?v=u7pv83LOLNA,https://eldoqmentalista.github.io/v/invocacion-o-evocacion-diferencias/,,
2114,1503,LQV0z0UQmz0,El oscuro poder del Libro del Diablo: ¡Adéntrate bajo tu propio riesgo!,,16 de diciembre de 2023,0:44,short,,Misterios de la Biblia / Paranormal,https://www.youtube.com/watch?v=LQV0z0UQmz0,https://eldoqmentalista.github.io/v/el-oscuro-poder-del-libro-del-diablo-adentrate-bajo-tu-propio-riesgo/,,
2115,1498,JdulfPl-7jg,¿Reloj que predice la caída del Vaticano? #shorts #vaticano #cristianismo,,2 de septiembre de 2025,1:12,short,,Vaticano e Iglesia,https://www.youtube.com/watch?v=JdulfPl-7jg,https://eldoqmentalista.github.io/v/reloj-que-predice-la-caida-del-vaticano-shorts-vaticano-cristianismo/,,
2116,1498,J6EJ9LoeEuc,5 PODERES Ocultos que Tienes Contra el Mal el documentalista el doqmentalista 4,,16 de agosto de 2025,1:10,short,,Misterios de la Biblia / Ocultismo y esoterismo / Paranormal,https://www.youtube.com/watch?v=J6EJ9LoeEuc,https://eldoqmentalista.github.io/v/5-poderes-ocultos-que-tienes-contra-el-mal-el-documentalista-el-doqmen-6/,,
2117,1492,bb2ZloMp1Ds,¡Anula pactos espirituales! Libérate del pasado oculto #shorts #vaticano #cristianismo,,2 de septiembre de 2025,0:54,short,,Vaticano e Iglesia / Ocultismo y esoterismo,https://www.youtube.com/watch?v=bb2ZloMp1Ds,https://eldoqmentalista.github.io/v/anula-pactos-espirituales-liberate-del-pasado-oculto-shorts-vaticano-c/,,
2118,1488,B-cHyLJ1Bxg,¡Descubren criaturas prehistóricas en los sótanos secretos! 8,,13 de agosto de 2025,0:56,short,,Misterios de la Biblia / Ocultismo y esoterismo / Paranormal,https://www.youtube.com/watch?v=B-cHyLJ1Bxg,https://eldoqmentalista.github.io/v/descubren-criaturas-prehistoricas-en-los-sotanos-secretos-8/,,
2119,1487,JdG6D1TIer4,Entrevista Con Sacerdotiza Satanica #5 - El DoQmentalista,,29 de mayo de 2024,0:57,short,,Ángeles y demonios / Paranormal / Misterios de la Biblia,https://www.youtube.com/watch?v=JdG6D1TIer4,https://eldoqmentalista.github.io/v/entrevista-con-sacerdotiza-satanica-5-el-doqmentalista/,,
2120,1481,RUNDEUt7j04,¡DESCUBRE los 12 Nahuales REALES que Aterrorizarán México! #short #eldoqmentalista #nahual 7,,14 de agosto de 2025,0:44,short,,Misterios de la Biblia / Ocultismo y esoterismo / Paranormal,https://www.youtube.com/watch?v=RUNDEUt7j04,https://eldoqmentalista.github.io/v/descubre-los-12-nahuales-reales-que-aterrorizaran-mexico-short-eldoqme-14/,,
2121,1465,zmvsSfqCe1Q,Los Vikingos Buscaban Desentrañar Los Misterios de...,,27 de abril de 2024,0:41,short,,Paranormal / Misterios de la Biblia,https://www.youtube.com/watch?v=zmvsSfqCe1Q,https://eldoqmentalista.github.io/v/los-vikingos-buscaban-desentranar-los-misterios-de/,,
2122,1459,kcONNxZv0pA,"🎬 El DoQmentalista, desentrañando misterios en #shorts",,9 de julio de 2023,0:39,short,,Paranormal / Ángeles y demonios / Ocultismo y esoterismo,https://www.youtube.com/watch?v=kcONNxZv0pA,https://eldoqmentalista.github.io/v/el-doqmentalista-desentranando-misterios-en-shorts/,,
2123,1450,clFYqFw1rKA,Una mujer... Frases de El DoQmentalista,,27 de abril de 2024,0:18,short,,Paranormal / Ángeles y demonios / Ocultismo y esoterismo,https://www.youtube.com/watch?v=clFYqFw1rKA,https://eldoqmentalista.github.io/v/una-mujer-frases-de-el-doqmentalista/,,
2124,1446,vksakiU-1ZI,El DoQmentalista: Tú Portal a Documentales Fascinantes #Shorts en YouTube,,8 de julio de 2023,0:20,short,,Paranormal / Ángeles y demonios / Ocultismo y esoterismo,https://www.youtube.com/watch?v=vksakiU-1ZI,https://eldoqmentalista.github.io/v/el-doqmentalista-tu-portal-a-documentales-fascinantes-shorts-en-youtub/,,
2125,1426,UGgiXHJ85dA,¡Descubren criaturas prehistóricas en los sótanos secretos! 1,,13 de agosto de 2025,0:32,short,,Misterios de la Biblia / Ocultismo y esoterismo / Paranormal,https://www.youtube.com/watch?v=UGgiXHJ85dA,https://eldoqmentalista.github.io/v/descubren-criaturas-prehistoricas-en-los-sotanos-secretos-1/,,
2126,1388,TBrg4WLMzlA,"En El DoQmentalista, los documentales y misterios más allá de lo conocido #shorts",,8 de julio de 2023,1:00,short,,Paranormal / Ángeles y demonios / Ocultismo y esoterismo,https://www.youtube.com/watch?v=TBrg4WLMzlA,https://eldoqmentalista.github.io/v/en-el-doqmentalista-los-documentales-y-misterios-mas-alla-de-lo-conoci/,,
2127,1384,qO_NijG29HI,Código de Hammurabi short 4,,4 de septiembre de 2025,1:07,short,,Misterios de la Biblia / Ángeles y demonios / Ocultismo y esoterismo,https://www.youtube.com/watch?v=qO_NijG29HI,https://eldoqmentalista.github.io/v/codigo-de-hammurabi-short-4/,,
2128,1380,baJc64VQCjw,Amarres con magia roja: poder y efectividad #eldoqmentalista #hechizos,,13 de agosto de 2025,0:32,short,,Ocultismo y esoterismo / Paranormal / Misterios de la Biblia,https://www.youtube.com/watch?v=baJc64VQCjw,https://eldoqmentalista.github.io/v/amarres-con-magia-roja-poder-y-efectividad-eldoqmentalista-hechizos/,,
2129,1379,8b4rChp0xnQ,¡DESCUBRE los 12 Nahuales REALES que Aterrorizarán México! #short #eldoqmentalista #nahual 3,,14 de agosto de 2025,0:52,short,,Misterios de la Biblia / Ocultismo y esoterismo / Paranormal,https://www.youtube.com/watch?v=8b4rChp0xnQ,https://eldoqmentalista.github.io/v/descubre-los-12-nahuales-reales-que-aterrorizaran-mexico-short-eldoqme-6/,,
2130,1371,X9QTEC_qUSk,La Marca de Caín: ¿Inmortalidad o Condena? #shorts #enigma #documental,,1 de septiembre de 2025,1:59,short,,,https://www.youtube.com/watch?v=X9QTEC_qUSk,https://eldoqmentalista.github.io/v/la-marca-de-cain-inmortalidad-o-condena-shorts-enigma-documental/,,
2131,1362,gzpiTAJCCB0,Mi bisabuelo vendió su alma al diablo,,27 de abril de 2024,0:54,short,,Paranormal / Ángeles y demonios / Ocultismo y esoterismo,https://www.youtube.com/watch?v=gzpiTAJCCB0,https://eldoqmentalista.github.io/v/mi-bisabuelo-vendio-su-alma-al-diablo/,,
2132,1357,ZTOQcAdhl9s,DoQmentalista: Documentales Reveladores en YouTube #Shorts,,8 de julio de 2023,0:59,short,,Paranormal / Ángeles y demonios / Ocultismo y esoterismo,https://www.youtube.com/watch?v=ZTOQcAdhl9s,https://eldoqmentalista.github.io/v/doqmentalista-documentales-reveladores-en-youtube-shorts/,,
2133,1335,EmfQZvwH234,Lección de Caín: Evita la Maldición Eterna #shorts #enigma #documental,,1 de septiembre de 2025,0:51,short,,,https://www.youtube.com/watch?v=EmfQZvwH234,https://eldoqmentalista.github.io/v/leccion-de-cain-evita-la-maldicion-eterna-shorts-enigma-documental/,,
2134,1335,1ekBHJLNP5A,"La Ciguapa - En Las Profundidades De Los Bosques de Terror, (Mitos Y Leyendas del Mundo)",,23 de abril de 2024,0:46,short,,Paranormal / Extraterrestres y OVNIs / Misterios de la Biblia,https://www.youtube.com/watch?v=1ekBHJLNP5A,https://eldoqmentalista.github.io/v/la-ciguapa-en-las-profundidades-de-los-bosques-de-terror-mitos-y-leyen/,,
2135,1331,4LvGzHS8zP0,Adéntrate en el enigma con El DoQmentalista - Documentales y misterios #shorts #youtube,,8 de julio de 2023,0:46,short,,Paranormal / Ángeles y demonios / Ocultismo y esoterismo,https://www.youtube.com/watch?v=4LvGzHS8zP0,https://eldoqmentalista.github.io/v/adentrate-en-el-enigma-con-el-doqmentalista-documentales-y-misterios-s/,,
2136,1330,Ehld05hAhOY,El DoQmentalista #shorts - Historias Desconocidas,,8 de julio de 2023,0:54,short,,Paranormal / Ángeles y demonios / Ocultismo y esoterismo,https://www.youtube.com/watch?v=Ehld05hAhOY,https://eldoqmentalista.github.io/v/el-doqmentalista-shorts-historias-desconocidas/,,
2137,1327,LDYEfvudpl0,Nuevas reglas de Inés y Olivia para el río #shorts #casosreales #aterrador,,1 de septiembre de 2025,0:31,short,,Misterios de la Biblia / Ángeles y demonios / Ocultismo y esoterismo,https://www.youtube.com/watch?v=LDYEfvudpl0,https://eldoqmentalista.github.io/v/nuevas-reglas-de-ines-y-olivia-para-el-rio-shorts-casosreales-aterrado/,,
2138,1321,2PIXuAhtjMo,La oscura realidad de la Inquisición #short #paranormal #misterios,,30 de agosto de 2025,0:45,short,,Paranormal / Misterios de la Biblia / Ángeles y demonios,https://www.youtube.com/watch?v=2PIXuAhtjMo,https://eldoqmentalista.github.io/v/la-oscura-realidad-de-la-inquisicion-short-paranormal-misterios/,,
2139,1312,d0KdATtb8QE,Las antiguas civilizaciones,,27 de abril de 2024,0:59,short,,Paranormal / Ángeles y demonios / Ocultismo y esoterismo,https://www.youtube.com/watch?v=d0KdATtb8QE,https://eldoqmentalista.github.io/v/las-antiguas-civilizaciones/,,
2140,1308,zdMt8WBA7k4,¡DESCUBRE los 12 Nahuales REALES que Aterrorizarán México! #short #eldoqmentalista #nahual 4,,14 de agosto de 2025,0:51,short,,Misterios de la Biblia / Ocultismo y esoterismo / Paranormal,https://www.youtube.com/watch?v=zdMt8WBA7k4,https://eldoqmentalista.github.io/v/descubre-los-12-nahuales-reales-que-aterrorizaran-mexico-short-eldoqme-4/,,
2141,1305,J5nZU1iNl8Y,La estatua que te muestra el fin del mundo #shorts #vaticano #cristianismo,,2 de septiembre de 2025,1:31,short,,Vaticano e Iglesia / Fin del mundo,https://www.youtube.com/watch?v=J5nZU1iNl8Y,https://eldoqmentalista.github.io/v/la-estatua-que-te-muestra-el-fin-del-mundo-shorts-vaticano-cristianism/,,
2142,1305,ONJEVi_Z7OQ,¡Descubren criaturas prehistóricas en los sótanos secretos! 4,,13 de agosto de 2025,0:42,short,,Misterios de la Biblia / Ocultismo y esoterismo / Paranormal,https://www.youtube.com/watch?v=ONJEVi_Z7OQ,https://eldoqmentalista.github.io/v/descubren-criaturas-prehistoricas-en-los-sotanos-secretos-4/,,
2143,1300,ccdFSXwm7Tk,¡Descubren criaturas prehistóricas en los sótanos secretos! 2,,13 de agosto de 2025,0:49,short,,Misterios de la Biblia / Ocultismo y esoterismo / Paranormal,https://www.youtube.com/watch?v=ccdFSXwm7Tk,https://eldoqmentalista.github.io/v/descubren-criaturas-prehistoricas-en-los-sotanos-secretos-2/,,
2144,1285,mynRZpfMoBw,Explora lo desconocido con El DoQmentalista🔮 #shorts,,9 de julio de 2023,0:17,short,,Paranormal / Ángeles y demonios / Ocultismo y esoterismo,https://www.youtube.com/watch?v=mynRZpfMoBw,https://eldoqmentalista.github.io/v/explora-lo-desconocido-con-el-doqmentalista-shorts/,,
2145,1275,k5VpoyKHnwU,Prácticas Indígenas No Inherente Malas #short #paranormal #misterios,,30 de agosto de 2025,0:55,short,,Paranormal / Misterios de la Biblia / Ángeles y demonios,https://www.youtube.com/watch?v=k5VpoyKHnwU,https://eldoqmentalista.github.io/v/practicas-indigenas-no-inherente-malas-short-paranormal-misterios/,,
2146,1275,9KS1fsKcIFI,¡Protegiendo tus Límites! Cómo Establecer Barreras para tu Protección Personal - El DoQmentalista,,8 de junio de 2024,0:24,short,,Paranormal / Protección espiritual / Misterios de la Biblia,https://www.youtube.com/watch?v=9KS1fsKcIFI,https://eldoqmentalista.github.io/v/protegiendo-tus-limites-como-establecer-barreras-para-tu-proteccion-pe/,,
2147,1238,hbiOtxTTCOA,10 Secretos Ocultos del Vaticano que el Papa León XIV no puede nombrar El documentalista el doqmenta,SI (x8),16 de agosto de 2025,1:18,short,,Vaticano e Iglesia / Misterios de la Biblia / Ocultismo y esoterismo,https://www.youtube.com/watch?v=hbiOtxTTCOA,https://eldoqmentalista.github.io/v/10-secretos-ocultos-del-vaticano-que-el-papa-leon-xiv-no-puede-nombrar-3/,,
2148,1229,IrFlXHymYVQ,Amarás A Dios Sobre Todas Las Cosas...,,27 de abril de 2024,0:55,short,,Misterios de la Biblia / Paranormal / Conspiraciones,https://www.youtube.com/watch?v=IrFlXHymYVQ,https://eldoqmentalista.github.io/v/amaras-a-dios-sobre-todas-las-cosas/,,
2149,1215,IH8Tmv7cxZs,10 Secretos Ocultos del Vaticano que el Papa León XIV no puede nombrar El documentalista el doqmenta,SI (x8),16 de agosto de 2025,1:08,short,,Vaticano e Iglesia / Misterios de la Biblia / Ocultismo y esoterismo,https://www.youtube.com/watch?v=IH8Tmv7cxZs,https://eldoqmentalista.github.io/v/10-secretos-ocultos-del-vaticano-que-el-papa-leon-xiv-no-puede-nombrar-6/,,
2150,1211,DAZzSICjnbs,El DoQmentalista #shorts: Descubriendo Enigmas y Documentales,,8 de julio de 2023,0:53,short,,Paranormal / Ángeles y demonios / Ocultismo y esoterismo,https://www.youtube.com/watch?v=DAZzSICjnbs,https://eldoqmentalista.github.io/v/el-doqmentalista-shorts-descubriendo-enigmas-y-documentales/,,
2151,1178,3BvOqYpN7YE,Descubre los #Shorts de Documentales Increíbles con El DoQmentalista en YouTube,,8 de julio de 2023,0:59,short,,Paranormal / Ángeles y demonios / Ocultismo y esoterismo,https://www.youtube.com/watch?v=3BvOqYpN7YE,https://eldoqmentalista.github.io/v/descubre-los-shorts-de-documentales-increibles-con-el-doqmentalista-en/,,
2152,1171,IySgFRnN2Hg,Videos Intrigantes de Misterios con El DoQmentalista🔎 #shorts,,9 de julio de 2023,0:15,short,,Paranormal / Ángeles y demonios / Ocultismo y esoterismo,https://www.youtube.com/watch?v=IySgFRnN2Hg,https://eldoqmentalista.github.io/v/videos-intrigantes-de-misterios-con-el-doqmentalista-shorts/,,
2153,1166,rLskNjBDqJY,Una Daga Extraterrestre,,27 de abril de 2024,0:59,short,,Paranormal / Ángeles y demonios / Ocultismo y esoterismo,https://www.youtube.com/watch?v=rLskNjBDqJY,https://eldoqmentalista.github.io/v/una-daga-extraterrestre/,,
2154,1158,OWR4jtFYO3s,¡El demonio Satanaquia está atrapado aquí! #shorts #vaticano #cristianismo,,2 de septiembre de 2025,0:54,short,,Ángeles y demonios / Vaticano e Iglesia,https://www.youtube.com/watch?v=OWR4jtFYO3s,https://eldoqmentalista.github.io/v/el-demonio-satanaquia-esta-atrapado-aqui-shorts-vaticano-cristianismo/,,
2155,1149,GjmJYEU6tdU,Einstein y la bomba atómica,,27 de abril de 2024,0:59,short,,Paranormal / Ángeles y demonios / Ocultismo y esoterismo,https://www.youtube.com/watch?v=GjmJYEU6tdU,https://eldoqmentalista.github.io/v/einstein-y-la-bomba-atomica/,,
2156,1147,7lATuPzj3ic,¿Cómo Evitar la Inmortalidad Indeseada? #shorts #enigma #documental,,1 de septiembre de 2025,0:34,short,,,https://www.youtube.com/watch?v=7lATuPzj3ic,https://eldoqmentalista.github.io/v/como-evitar-la-inmortalidad-indeseada-shorts-enigma-documental/,,
2157,1122,A7OGy8F_2Yw,Enoch: Sabiduría y Humildad para la Eternidad #shorts #enigma #documental,,1 de septiembre de 2025,0:32,short,,,https://www.youtube.com/watch?v=A7OGy8F_2Yw,https://eldoqmentalista.github.io/v/enoch-sabiduria-y-humildad-para-la-eternidad-shorts-enigma-documental/,,
2158,1121,omBLUGneKQc,¡Descubren criaturas prehistóricas en los sótanos secretos! 5,,13 de agosto de 2025,0:49,short,,Misterios de la Biblia / Ocultismo y esoterismo / Paranormal,https://www.youtube.com/watch?v=omBLUGneKQc,https://eldoqmentalista.github.io/v/descubren-criaturas-prehistoricas-en-los-sotanos-secretos-5/,,
2159,1100,2HcS41Tzfjw,El juicio de brujas de 1730 en México colonial #short #paranormal #misterios,,30 de agosto de 2025,0:53,short,,Paranormal / Misterios de la Biblia / Ángeles y demonios,https://www.youtube.com/watch?v=2HcS41Tzfjw,https://eldoqmentalista.github.io/v/el-juicio-de-brujas-de-1730-en-mexico-colonial-short-paranormal-mister/,,
2160,1100,MOBGTGfa8H4,Ser tan grande que todos quieran alcanzarte y tan humilde...,,27 de abril de 2024,0:17,short,,Paranormal / Ángeles y demonios / Ocultismo y esoterismo,https://www.youtube.com/watch?v=MOBGTGfa8H4,https://eldoqmentalista.github.io/v/ser-tan-grande-que-todos-quieran-alcanzarte-y-tan-humilde/,,
2161,1096,VsE8NctUUpo,Los Annunaki y el tiempo,,27 de abril de 2024,1:00,short,,Paranormal / Ángeles y demonios / Ocultismo y esoterismo,https://www.youtube.com/watch?v=VsE8NctUUpo,https://eldoqmentalista.github.io/v/los-annunaki-y-el-tiempo/,,
2162,1085,0VwmO4l6Srk,El DoQmentalista #shorts - Despliegue de Curiosidades,,8 de julio de 2023,0:59,short,,Paranormal / Ángeles y demonios / Ocultismo y esoterismo,https://www.youtube.com/watch?v=0VwmO4l6Srk,https://eldoqmentalista.github.io/v/el-doqmentalista-shorts-despliegue-de-curiosidades/,,
2163,1064,DVKE9SdC1mY,El Nombre que hace temblar demonios: ¿Lo conoces? #shorts #vaticano #cristianismo,,2 de septiembre de 2025,1:11,short,,Vaticano e Iglesia / Ángeles y demonios,https://www.youtube.com/watch?v=DVKE9SdC1mY,https://eldoqmentalista.github.io/v/el-nombre-que-hace-temblar-demonios-lo-conoces-shorts-vaticano-cristia/,,
2164,1051,-xVEb8s8hfE,¡DESCUBRE los 12 Nahuales REALES que Aterrorizarán México! #short #eldoqmentalista #nahual 11,,14 de agosto de 2025,0:55,short,,Misterios de la Biblia / Ocultismo y esoterismo / Paranormal,https://www.youtube.com/watch?v=-xVEb8s8hfE,https://eldoqmentalista.github.io/v/descubre-los-12-nahuales-reales-que-aterrorizaran-mexico-short-eldoqme-11/,,
2165,1048,6ZumyINBg8w,¡Descubren criaturas prehistóricas en los sótanos secretos! 11,,13 de agosto de 2025,0:49,short,,Misterios de la Biblia / Ocultismo y esoterismo / Paranormal,https://www.youtube.com/watch?v=6ZumyINBg8w,https://eldoqmentalista.github.io/v/descubren-criaturas-prehistoricas-en-los-sotanos-secretos-11/,,
2166,1021,YM5YwN4Uar0,Cómo Vencer a la Muerte: La Conexión Divina #shorts #enigma #documental,,1 de septiembre de 2025,0:51,short,,,https://www.youtube.com/watch?v=YM5YwN4Uar0,https://eldoqmentalista.github.io/v/como-vencer-a-la-muerte-la-conexion-divina-shorts-enigma-documental/,,
2167,1021,SVdgidISl8c,¡DESCUBRE los 12 Nahuales REALES que Aterrorizarán México! #short #eldoqmentalista #nahual 6,,14 de agosto de 2025,0:44,short,,Misterios de la Biblia / Ocultismo y esoterismo / Paranormal,https://www.youtube.com/watch?v=SVdgidISl8c,https://eldoqmentalista.github.io/v/descubre-los-12-nahuales-reales-que-aterrorizaran-mexico-short-eldoqme-8/,,
2168,1005,QBaZciFqpcc,El DoQmentalista - Enfrentándote a los misterios y maravillas del mundo #shorts #youtube,,8 de julio de 2023,0:12,short,,Paranormal / Ángeles y demonios / Ocultismo y esoterismo,https://www.youtube.com/watch?v=QBaZciFqpcc,https://eldoqmentalista.github.io/v/el-doqmentalista-enfrentandote-a-los-misterios-y-maravillas-del-mundo-/,,
2169,1001,LAO9ciMDh-k,¡Judas Iscariote vs. Monstruos! El Papa ve al cazamonstruos en acción #shorts #vaticano #sabiasque,,1 de septiembre de 2025,1:09,short,,Vaticano e Iglesia,https://www.youtube.com/watch?v=LAO9ciMDh-k,https://eldoqmentalista.github.io/v/judas-iscariote-vs-monstruos-el-papa-ve-al-cazamonstruos-en-accion-sho/,,
2170,993,dSN9bj7hzkc,Bruja Satánica revela: Los rituales de medianoche son solo el principio de nuestro poder,,13 de agosto de 2025,1:00,short,,Ocultismo y esoterismo / Ángeles y demonios / Paranormal,https://www.youtube.com/watch?v=dSN9bj7hzkc,https://eldoqmentalista.github.io/v/bruja-satanica-revela-los-rituales-de-medianoche-son-solo-el-principio/,,
2171,990,E8C5-AjQ63c,Explora con El DoQmentalista: Documentales Fascinantes #Shorts YouTube,,8 de julio de 2023,0:20,short,,Paranormal / Ángeles y demonios / Ocultismo y esoterismo,https://www.youtube.com/watch?v=E8C5-AjQ63c,https://eldoqmentalista.github.io/v/explora-con-el-doqmentalista-documentales-fascinantes-shorts-youtube/,,
2172,987,6gyr3b88xI0,Cómo eliminar maleficios y entidades #eldoqmentalista #protección,,13 de agosto de 2025,0:26,short,,Paranormal / Protección espiritual / Misterios de la Biblia,https://www.youtube.com/watch?v=6gyr3b88xI0,https://eldoqmentalista.github.io/v/como-eliminar-maleficios-y-entidades-eldoqmentalista-proteccion/,,
2173,979,XPEdWM1CGNQ,"Pensar, Sentir y Actuar...",,27 de abril de 2024,0:15,short,,Paranormal / Ángeles y demonios / Ocultismo y esoterismo,https://www.youtube.com/watch?v=XPEdWM1CGNQ,https://eldoqmentalista.github.io/v/pensar-sentir-y-actuar/,,
2174,979,Rssqy_yGpAM,#Shorts El DoQmentalista | Documentales Conmovedores en YouTube,,8 de julio de 2023,0:20,short,,Paranormal / Ángeles y demonios / Ocultismo y esoterismo,https://www.youtube.com/watch?v=Rssqy_yGpAM,https://eldoqmentalista.github.io/v/shorts-el-doqmentalista-documentales-conmovedores-en-youtube/,,
2175,977,MfWFfpzrKu4,¡DESCUBRE los 12 Nahuales REALES que Aterrorizarán México! #short #eldoqmentalista #nahual 5,,14 de agosto de 2025,0:40,short,,Misterios de la Biblia / Ocultismo y esoterismo / Paranormal,https://www.youtube.com/watch?v=MfWFfpzrKu4,https://eldoqmentalista.github.io/v/descubre-los-12-nahuales-reales-que-aterrorizaran-mexico-short-eldoqme-13/,,
2176,957,X5jwdQL08KY,Son reales los humanoides mantis   El DoQmentalista analiza los testimonios,,17 de septiembre de 2025,0:30,short,,Paranormal / Ángeles y demonios / Vaticano e Iglesia,https://www.youtube.com/watch?v=X5jwdQL08KY,https://eldoqmentalista.github.io/v/son-reales-los-humanoides-mantis-el-doqmentalista-analiza-los-testimon/,,
2177,954,f6KFUs8vNHw,Mitos y Leyendas de la Sal: Del Génesis al Sumo #shorts #secretos #sal,,1 de septiembre de 2025,1:48,short,,Misterios de la Biblia / Paranormal,https://www.youtube.com/watch?v=f6KFUs8vNHw,https://eldoqmentalista.github.io/v/mitos-y-leyendas-de-la-sal-del-genesis-al-sumo-shorts-secretos-sal/,,
2178,925,Up7n5gVxDmM,El DoQmentalista #shorts - Lecciones del Pasado,,8 de julio de 2023,0:12,short,,Paranormal / Ángeles y demonios / Ocultismo y esoterismo,https://www.youtube.com/watch?v=Up7n5gVxDmM,https://eldoqmentalista.github.io/v/el-doqmentalista-shorts-lecciones-del-pasado/,,
2179,924,Qzj53e5Bkjs,#shorts Con El DoQmentalista: Inmersión en Misterios y Documentales,,8 de julio de 2023,0:30,short,,Paranormal / Ángeles y demonios / Ocultismo y esoterismo,https://www.youtube.com/watch?v=Qzj53e5Bkjs,https://eldoqmentalista.github.io/v/shorts-con-el-doqmentalista-inmersion-en-misterios-y-documentales/,,
2180,913,FyZjr89KbEg,El verdadero significado del color blanco #eldoqmentalista #simbolismo,,13 de agosto de 2025,0:22,short,,Paranormal / Misterios de la Biblia,https://www.youtube.com/watch?v=FyZjr89KbEg,https://eldoqmentalista.github.io/v/el-verdadero-significado-del-color-blanco-eldoqmentalista-simbolismo/,,
2181,908,irnhkICsxwA,El Primer astronauta Chino experimento algo muy...,,27 de abril de 2024,0:58,short,,Paranormal / Ángeles y demonios / Ocultismo y esoterismo,https://www.youtube.com/watch?v=irnhkICsxwA,https://eldoqmentalista.github.io/v/el-primer-astronauta-chino-experimento-algo-muy/,,
2182,897,3Wns-rt2wXo,"Creo en un ser superior, no en un dios castigador #eldoqmentalista #fe",,13 de agosto de 2025,0:25,short,,Paranormal / Misterios de la Biblia,https://www.youtube.com/watch?v=3Wns-rt2wXo,https://eldoqmentalista.github.io/v/creo-en-un-ser-superior-no-en-un-dios-castigador-eldoqmentalista-fe/,,
2183,891,xLQnxYev4oQ,El esqueleto que reza por sus pecados eternos #shorts #vaticano #cristianismo,,2 de septiembre de 2025,1:17,short,,Vaticano e Iglesia,https://www.youtube.com/watch?v=xLQnxYev4oQ,https://eldoqmentalista.github.io/v/el-esqueleto-que-reza-por-sus-pecados-eternos-shorts-vaticano-cristian/,,
2184,890,mHZIRuQNalU,Viaje al corazón de los misterios con El DoQmentalista y sus documentales #shorts #youtube,,8 de julio de 2023,0:20,short,,Paranormal / Ángeles y demonios / Ocultismo y esoterismo,https://www.youtube.com/watch?v=mHZIRuQNalU,https://eldoqmentalista.github.io/v/viaje-al-corazon-de-los-misterios-con-el-doqmentalista-y-sus-documenta/,,
2185,882,w6GjEOz5JGw,La Sal: Un Rito Ancestral para la Abundancia #shorts #secretos #sal,,1 de septiembre de 2025,0:48,short,,Conspiraciones,https://www.youtube.com/watch?v=w6GjEOz5JGw,https://eldoqmentalista.github.io/v/la-sal-un-rito-ancestral-para-la-abundancia-shorts-secretos-sal/,,
2186,882,2nOaBtbkKvE,¡Descubren criaturas prehistóricas en los sótanos secretos! 7,,13 de agosto de 2025,0:49,short,,Misterios de la Biblia / Ocultismo y esoterismo / Paranormal,https://www.youtube.com/watch?v=2nOaBtbkKvE,https://eldoqmentalista.github.io/v/descubren-criaturas-prehistoricas-en-los-sotanos-secretos-7/,,
2187,873,einLOkab7fY,Cómo escuchaban el corazón en la antiguedad?,,27 de abril de 2024,0:59,short,,Paranormal / Ángeles y demonios / Ocultismo y esoterismo,https://www.youtube.com/watch?v=einLOkab7fY,https://eldoqmentalista.github.io/v/como-escuchaban-el-corazon-en-la-antiguedad/,,
2188,854,KSHr1iMjwvw,¡La espada de Judas! Un mensaje oculto de Jesús cambia todo #shorts #vaticano #sabiasque,,1 de septiembre de 2025,1:11,short,,Vaticano e Iglesia / Conspiraciones / Jesús y María,https://www.youtube.com/watch?v=KSHr1iMjwvw,https://eldoqmentalista.github.io/v/la-espada-de-judas-un-mensaje-oculto-de-jesus-cambia-todo-shorts-vatic/,,
2189,853,0LbRBBddNmA,¡DESCUBRE los 12 Nahuales REALES que Aterrorizarán México! #short #eldoqmentalista #nahual 9,,14 de agosto de 2025,0:42,short,,Misterios de la Biblia / Ocultismo y esoterismo / Paranormal,https://www.youtube.com/watch?v=0LbRBBddNmA,https://eldoqmentalista.github.io/v/descubre-los-12-nahuales-reales-que-aterrorizaran-mexico-short-eldoqme-5/,,
2190,836,nIdAsI5_XWM,Código de Hammurabi short 1,,4 de septiembre de 2025,1:07,short,,Misterios de la Biblia / Ángeles y demonios / Ocultismo y esoterismo,https://www.youtube.com/watch?v=nIdAsI5_XWM,https://eldoqmentalista.github.io/v/codigo-de-hammurabi-short-1/,,
2191,833,zsNpGuBDUFA,El manto que te transforma en bestia salvaje #shorts #vaticano #cristianismo,,2 de septiembre de 2025,1:30,short,,Vaticano e Iglesia,https://www.youtube.com/watch?v=zsNpGuBDUFA,https://eldoqmentalista.github.io/v/el-manto-que-te-transforma-en-bestia-salvaje-shorts-vaticano-cristiani/,,
2192,799,0E4x6ILx-es,El DoQmentalista #shorts - Indagando Enigmas,,8 de julio de 2023,0:20,short,,Paranormal / Ángeles y demonios / Ocultismo y esoterismo,https://www.youtube.com/watch?v=0E4x6ILx-es,https://eldoqmentalista.github.io/v/el-doqmentalista-shorts-indagando-enigmas/,,
2193,780,yaOjbvCEn5c,La Magia SI EXISTE,,27 de abril de 2024,0:17,short,,Paranormal / Ocultismo y esoterismo / Ángeles y demonios,https://www.youtube.com/watch?v=yaOjbvCEn5c,https://eldoqmentalista.github.io/v/la-magia-si-existe/,,
2194,776,SqzTAT0uIzc,Los Alienigenas pueden usar agujeros negros,,27 de abril de 2024,0:59,short,,Paranormal / Ángeles y demonios / Ocultismo y esoterismo,https://www.youtube.com/watch?v=SqzTAT0uIzc,https://eldoqmentalista.github.io/v/los-alienigenas-pueden-usar-agujeros-negros/,,
2195,770,dt3C_UbwuYM,La primera dimensión,,27 de abril de 2024,0:38,short,,Paranormal / Ángeles y demonios / Ocultismo y esoterismo,https://www.youtube.com/watch?v=dt3C_UbwuYM,https://eldoqmentalista.github.io/v/la-primera-dimension/,,
2196,758,iu8cm_cMHaA,El DoQmentalista #shorts - Guía a lo Inexplorado,,8 de julio de 2023,0:20,short,,Paranormal / Ángeles y demonios / Ocultismo y esoterismo,https://www.youtube.com/watch?v=iu8cm_cMHaA,https://eldoqmentalista.github.io/v/el-doqmentalista-shorts-guia-a-lo-inexplorado/,,
2197,728,JOLQenldRCc,El DoQmentalista - Tu portal a lo desconocido #shorts #youtube,,8 de julio de 2023,0:20,short,,Paranormal / Ángeles y demonios / Ocultismo y esoterismo,https://www.youtube.com/watch?v=JOLQenldRCc,https://eldoqmentalista.github.io/v/el-doqmentalista-tu-portal-a-lo-desconocido-shorts-youtube/,,
2198,728,vriC3DfuAAY,El DoQmentalista #shorts - Sabiduría Sin Fronteras,,8 de julio de 2023,0:19,short,,Paranormal / Ángeles y demonios / Ocultismo y esoterismo,https://www.youtube.com/watch?v=vriC3DfuAAY,https://eldoqmentalista.github.io/v/el-doqmentalista-shorts-sabiduria-sin-fronteras/,,
2199,716,l_lgOUV-rtI,La cruz de huesos que te hace revivir el dolor #shorts #vaticano #cristianismo,,2 de septiembre de 2025,1:28,short,,Vaticano e Iglesia,https://www.youtube.com/watch?v=l_lgOUV-rtI,https://eldoqmentalista.github.io/v/la-cruz-de-huesos-que-te-hace-revivir-el-dolor-shorts-vaticano-cristia/,,
2200,715,JQZKN2xxrwE,10 Secretos Ocultos del Vaticano que el Papa León XIV no puede nombrar El documentalista el doqmenta,SI (x8),16 de agosto de 2025,1:34,short,,Vaticano e Iglesia / Misterios de la Biblia / Ocultismo y esoterismo,https://www.youtube.com/watch?v=JQZKN2xxrwE,https://eldoqmentalista.github.io/v/10-secretos-ocultos-del-vaticano-que-el-papa-leon-xiv-no-puede-nombrar-8/,,
2201,715,Cr_9f3lwiHw,Se muere el amor?,,27 de abril de 2024,0:28,short,,Paranormal / Ángeles y demonios / Ocultismo y esoterismo,https://www.youtube.com/watch?v=Cr_9f3lwiHw,https://eldoqmentalista.github.io/v/se-muere-el-amor/,,
2202,714,Mz8SJ1mnYg8,Los Hopis y las serpientes,,27 de abril de 2024,0:59,short,,Paranormal / Ángeles y demonios / Ocultismo y esoterismo,https://www.youtube.com/watch?v=Mz8SJ1mnYg8,https://eldoqmentalista.github.io/v/los-hopis-y-las-serpientes/,,
2203,710,HuzAUI22MeU,Cómo Limpiar tus Cristales y Amuletos con Sal #shorts #secretos #sal,,1 de septiembre de 2025,0:34,short,,,https://www.youtube.com/watch?v=HuzAUI22MeU,https://eldoqmentalista.github.io/v/como-limpiar-tus-cristales-y-amuletos-con-sal-shorts-secretos-sal/,,
2204,708,Z_0BOFVrVUw,¡DESCUBRE los 12 Nahuales REALES que Aterrorizarán México! #short #eldoqmentalista #nahual 8,,14 de agosto de 2025,0:41,short,,Misterios de la Biblia / Ocultismo y esoterismo / Paranormal,https://www.youtube.com/watch?v=Z_0BOFVrVUw,https://eldoqmentalista.github.io/v/descubre-los-12-nahuales-reales-que-aterrorizaran-mexico-short-eldoqme-9/,,
2205,705,xwIWFVicWu0,El DoQmentalista #shorts - Aprendizaje Intrigante,,8 de julio de 2023,1:00,short,,Paranormal / Ángeles y demonios / Ocultismo y esoterismo,https://www.youtube.com/watch?v=xwIWFVicWu0,https://eldoqmentalista.github.io/v/el-doqmentalista-shorts-aprendizaje-intrigante/,,
2206,702,ytZcXeOCS6I,Interrogatorios brutales de la Iglesia Católica #short #paranormal #misterios,,30 de agosto de 2025,0:49,short,,Vaticano e Iglesia / Paranormal / Misterios de la Biblia,https://www.youtube.com/watch?v=ytZcXeOCS6I,https://eldoqmentalista.github.io/v/interrogatorios-brutales-de-la-iglesia-catolica-short-paranormal-miste/,,
2207,702,pYiR1DVK3_g,"El Pentagrama, Qué es...",,27 de abril de 2024,0:58,short,,Paranormal / Ángeles y demonios / Ocultismo y esoterismo,https://www.youtube.com/watch?v=pYiR1DVK3_g,https://eldoqmentalista.github.io/v/el-pentagrama-que-es/,,
2208,696,nnI1cY5IDw0,La cuna que roba la vida y grita sin parar #shorts #vaticano #cristianismo,,2 de septiembre de 2025,1:06,short,,Vaticano e Iglesia,https://www.youtube.com/watch?v=nnI1cY5IDw0,https://eldoqmentalista.github.io/v/la-cuna-que-roba-la-vida-y-grita-sin-parar-shorts-vaticano-cristianism/,,
2209,693,K45DBZovXBk,5 PODERES Ocultos que Tienes Contra el Mal el documentalista el doqmentalista 12,,16 de agosto de 2025,1:19,short,,Misterios de la Biblia / Ocultismo y esoterismo / Paranormal,https://www.youtube.com/watch?v=K45DBZovXBk,https://eldoqmentalista.github.io/v/5-poderes-ocultos-que-tienes-contra-el-mal-el-documentalista-el-doqmen-7/,,
2210,687,zDyKdusa9TE,Baños de Sal y Trucos para Proteger tu Hogar #shorts #secretos #sal,,1 de septiembre de 2025,0:36,short,,,https://www.youtube.com/watch?v=zDyKdusa9TE,https://eldoqmentalista.github.io/v/banos-de-sal-y-trucos-para-proteger-tu-hogar-shorts-secretos-sal/,,
2211,681,d1v--Ri_KnM,¿Quieres saber la verdad? ¡Cuidado con tus ojos! #shorts #vaticano #cristianismo,,2 de septiembre de 2025,1:31,short,,Vaticano e Iglesia,https://www.youtube.com/watch?v=d1v--Ri_KnM,https://eldoqmentalista.github.io/v/quieres-saber-la-verdad-cuidado-con-tus-ojos-shorts-vaticano-cristiani/,,
2212,678,Tfj5Xb30iuU,"Arma secreta: Biblia contra el diablo, ¡sin pastores! #shorts #vaticano #cristianismo",,2 de septiembre de 2025,1:07,short,,Misterios de la Biblia / Vaticano e Iglesia,https://www.youtube.com/watch?v=Tfj5Xb30iuU,https://eldoqmentalista.github.io/v/arma-secreta-biblia-contra-el-diablo-sin-pastores-shorts-vaticano-cris/,,
2213,675,GwYODjP5FLU,El DoQmentalista #shorts: Enigmas Desvelados y Documentales Atractivos,,8 de julio de 2023,0:22,short,,Paranormal / Ángeles y demonios / Ocultismo y esoterismo,https://www.youtube.com/watch?v=GwYODjP5FLU,https://eldoqmentalista.github.io/v/el-doqmentalista-shorts-enigmas-desvelados-y-documentales-atractivos/,,
2214,673,zLxjz5srW84,La Sal: El Pilar Secreto de la Alquimia #shorts #secretos #sal,,1 de septiembre de 2025,0:36,short,,,https://www.youtube.com/watch?v=zLxjz5srW84,https://eldoqmentalista.github.io/v/la-sal-el-pilar-secreto-de-la-alquimia-shorts-secretos-sal/,,
2215,669,vBGfJIz3YLo,El DoQmentalista #shorts - Aventuras en lo Profundo,,8 de julio de 2023,0:46,short,,Paranormal / Ángeles y demonios / Ocultismo y esoterismo,https://www.youtube.com/watch?v=vBGfJIz3YLo,https://eldoqmentalista.github.io/v/el-doqmentalista-shorts-aventuras-en-lo-profundo/,,
2216,665,bxnoZL6ypRA,"Con El DoQmentalista, descubrirás un mundo lleno de misterios y documentales fascinantes #shorts",,8 de julio de 2023,0:20,short,,Paranormal / Ángeles y demonios / Ocultismo y esoterismo,https://www.youtube.com/watch?v=bxnoZL6ypRA,https://eldoqmentalista.github.io/v/con-el-doqmentalista-descubriras-un-mundo-lleno-de-misterios-y-documen/,,
2217,664,8bwB3afVBUA,Misterios Revelados con El DoQmentalista #shorts,,8 de julio de 2023,0:53,short,,Paranormal / Ángeles y demonios / Ocultismo y esoterismo,https://www.youtube.com/watch?v=8bwB3afVBUA,https://eldoqmentalista.github.io/v/misterios-revelados-con-el-doqmentalista-shorts/,,
2218,661,KgHpH_DrQpY,"Las 7 Trompetas, La 2",,27 de abril de 2024,0:38,short,,Paranormal / Ángeles y demonios / Ocultismo y esoterismo,https://www.youtube.com/watch?v=KgHpH_DrQpY,https://eldoqmentalista.github.io/v/las-7-trompetas-la-2/,,
2219,660,jThkDR82XW8,Conexiones demoníacas #eldoqmentalista #posesión,,13 de agosto de 2025,1:09,short,,Exorcismos y posesiones / Paranormal / Misterios de la Biblia,https://www.youtube.com/watch?v=jThkDR82XW8,https://eldoqmentalista.github.io/v/conexiones-demoniacas-eldoqmentalista-posesion/,,
2220,655,eWsJ0NhY-EM,Controla tu hogar: El gobierno espiritual contra el mal #shorts #vaticano #cristianismo,,2 de septiembre de 2025,0:53,short,,Vaticano e Iglesia / Ocultismo y esoterismo,https://www.youtube.com/watch?v=eWsJ0NhY-EM,https://eldoqmentalista.github.io/v/controla-tu-hogar-el-gobierno-espiritual-contra-el-mal-shorts-vaticano/,,
2221,648,DfsMzFw5tUA,"los djins, demonios islamicos",,27 de abril de 2024,0:30,short,,Paranormal / Ángeles y demonios / Ocultismo y esoterismo,https://www.youtube.com/watch?v=DfsMzFw5tUA,https://eldoqmentalista.github.io/v/los-djins-demonios-islamicos/,,
2222,643,iejFNNYqo4M,La Fe Vence a la Muerte: ¡Todo es Posible! #shorts #enigma #documental,,1 de septiembre de 2025,0:43,short,,,https://www.youtube.com/watch?v=iejFNNYqo4M,https://eldoqmentalista.github.io/v/la-fe-vence-a-la-muerte-todo-es-posible-shorts-enigma-documental/,,
2223,625,cOVwi3o6d2c,La máscara que atrapa demonios... y almas #shorts #vaticano #cristianismo,,2 de septiembre de 2025,1:58,short,,Vaticano e Iglesia / Ángeles y demonios,https://www.youtube.com/watch?v=cOVwi3o6d2c,https://eldoqmentalista.github.io/v/la-mascara-que-atrapa-demonios-y-almas-shorts-vaticano-cristianismo/,,
2224,624,7lZM9-_nYR0,El Secreto de los Baños de Sal alrededor del Mundo #shorts #secretos #sal,,1 de septiembre de 2025,1:30,short,,,https://www.youtube.com/watch?v=7lZM9-_nYR0,https://eldoqmentalista.github.io/v/el-secreto-de-los-banos-de-sal-alrededor-del-mundo-shorts-secretos-sal/,,
2225,613,eW0O5vMEgu0,La Cuarta dimensión,,27 de abril de 2024,0:42,short,,Paranormal / Ángeles y demonios / Ocultismo y esoterismo,https://www.youtube.com/watch?v=eW0O5vMEgu0,https://eldoqmentalista.github.io/v/la-cuarta-dimension/,,
2226,610,QH1k8umgowo,El Animal más caro del mundo,,27 de abril de 2024,0:59,short,,Paranormal / Ángeles y demonios / Ocultismo y esoterismo,https://www.youtube.com/watch?v=QH1k8umgowo,https://eldoqmentalista.github.io/v/el-animal-mas-caro-del-mundo/,,
2227,610,DjNceCmhoBc,La Escopofobia - El Miedo a ser visto,,27 de abril de 2024,0:59,short,,Paranormal / Ángeles y demonios / Ocultismo y esoterismo,https://www.youtube.com/watch?v=DjNceCmhoBc,https://eldoqmentalista.github.io/v/la-escopofobia-el-miedo-a-ser-visto/,,
2228,603,-VRDgkO0tlE,Documentales intrigantes y misterios sin resolver en El DoQmentalista #shorts #youtube,,8 de julio de 2023,0:20,short,,Paranormal / Ángeles y demonios / Ocultismo y esoterismo,https://www.youtube.com/watch?v=-VRDgkO0tlE,https://eldoqmentalista.github.io/v/documentales-intrigantes-y-misterios-sin-resolver-en-el-doqmentalista-/,,
2229,600,WZk1AnCoD44,El mueble secreto del Papa: ¡Así se accede a las catacumbas! #shorts #vaticano #sabiasque,,1 de septiembre de 2025,0:49,short,,Vaticano e Iglesia,https://www.youtube.com/watch?v=WZk1AnCoD44,https://eldoqmentalista.github.io/v/el-mueble-secreto-del-papa-asi-se-accede-a-las-catacumbas-shorts-vatic/,,
2230,587,wZHjogAEuS8,El DoQmentalista #shorts - Descubrimientos Asombrosos,,8 de julio de 2023,0:42,short,,Paranormal / Ángeles y demonios / Ocultismo y esoterismo,https://www.youtube.com/watch?v=wZHjogAEuS8,https://eldoqmentalista.github.io/v/el-doqmentalista-shorts-descubrimientos-asombrosos/,,
2231,564,zL6-DuXV-zo,Misterios y curiosidades desentrañados en El DoQmentalista #shorts #youtube,,8 de julio de 2023,0:53,short,,Paranormal / Ángeles y demonios / Ocultismo y esoterismo,https://www.youtube.com/watch?v=zL6-DuXV-zo,https://eldoqmentalista.github.io/v/misterios-y-curiosidades-desentranados-en-el-doqmentalista-shorts-yout/,,
2232,554,GemqSLbAD-E,El DoQmentalista: Descubre Documentales Fascinantes #Shorts YouTube,,8 de julio de 2023,0:59,short,,Paranormal / Ángeles y demonios / Ocultismo y esoterismo,https://www.youtube.com/watch?v=GemqSLbAD-E,https://eldoqmentalista.github.io/v/el-doqmentalista-descubre-documentales-fascinantes-shorts-youtube/,,
2233,549,u0al9Ke-edY,El DoQmentalista #shorts - Misterios Desentrañados,,8 de julio de 2023,0:15,short,,Paranormal / Ángeles y demonios / Ocultismo y esoterismo,https://www.youtube.com/watch?v=u0al9Ke-edY,https://eldoqmentalista.github.io/v/el-doqmentalista-shorts-misterios-desentranados/,,
2234,548,W2xEC3XqLvM,Hombre lobo clasico,,27 de abril de 2024,0:24,short,,Paranormal / Ángeles y demonios / Ocultismo y esoterismo,https://www.youtube.com/watch?v=W2xEC3XqLvM,https://eldoqmentalista.github.io/v/hombre-lobo-clasico/,,
2235,534,vmihim_ZPmU,El DoQmentalista #shorts - Retratos de la Realidad,,8 de julio de 2023,0:48,short,,Paranormal / Ángeles y demonios / Ocultismo y esoterismo,https://www.youtube.com/watch?v=vmihim_ZPmU,https://eldoqmentalista.github.io/v/el-doqmentalista-shorts-retratos-de-la-realidad/,,
2236,530,nfvyofYnAHE,"Escarnios, batallas verbales, raperos antiguos?",,27 de abril de 2024,0:46,short,,Paranormal / Ángeles y demonios / Ocultismo y esoterismo,https://www.youtube.com/watch?v=nfvyofYnAHE,https://eldoqmentalista.github.io/v/escarnios-batallas-verbales-raperos-antiguos/,,
2237,518,fjIQ5o4CBn0,"Soy Raro Y Me Amo Por Eso, Pero...",,27 de abril de 2024,0:15,short,,Paranormal / Ángeles y demonios / Ocultismo y esoterismo,https://www.youtube.com/watch?v=fjIQ5o4CBn0,https://eldoqmentalista.github.io/v/soy-raro-y-me-amo-por-eso-pero/,,
2238,511,Q9ghXEOFrvE,El DoQmentalista #shorts - Expediciones Inusuales,,8 de julio de 2023,0:20,short,,Paranormal / Ángeles y demonios / Ocultismo y esoterismo,https://www.youtube.com/watch?v=Q9ghXEOFrvE,https://eldoqmentalista.github.io/v/el-doqmentalista-shorts-expediciones-inusuales/,,
2239,510,v1qYWr2ZObY,Elías y el Carro de Fuego: ¿Venció la Muerte? #shorts #enigma #documental,,1 de septiembre de 2025,1:48,short,,,https://www.youtube.com/watch?v=v1qYWr2ZObY,https://eldoqmentalista.github.io/v/elias-y-el-carro-de-fuego-vencio-la-muerte-shorts-enigma-documental/,,
2240,502,rsXyvN9Q0oc,El DoQmentalista #shorts - Mirada al Misterio,,8 de julio de 2023,0:20,short,,Paranormal / Ángeles y demonios / Ocultismo y esoterismo,https://www.youtube.com/watch?v=rsXyvN9Q0oc,https://eldoqmentalista.github.io/v/el-doqmentalista-shorts-mirada-al-misterio/,,
2241,495,ek_NK4Hgt3E,Los crucificados con Jesús,,27 de abril de 2024,0:56,short,,Paranormal / Jesús y María / Ángeles y demonios,https://www.youtube.com/watch?v=ek_NK4Hgt3E,https://eldoqmentalista.github.io/v/los-crucificados-con-jesus/,,
2242,493,VG5qRyk6ZUQ,El hombre que se burló de Jesús,,27 de abril de 2024,0:40,short,,Paranormal / Ángeles y demonios / Ocultismo y esoterismo,https://www.youtube.com/watch?v=VG5qRyk6ZUQ,https://eldoqmentalista.github.io/v/el-hombre-que-se-burlo-de-jesus/,,
2243,489,wuMjfyClcOc,¡El Papa Francisco desata su ira con el bastón de Jesús! #shorts #vaticano #sabiasque,,1 de septiembre de 2025,1:08,short,,Vaticano e Iglesia / Jesús y María,https://www.youtube.com/watch?v=wuMjfyClcOc,https://eldoqmentalista.github.io/v/el-papa-francisco-desata-su-ira-con-el-baston-de-jesus-shorts-vaticano/,,
2244,476,VlRbzpD8Yn8,4 Maneras de Vencer a la Muerte: ¿Bendición? #shorts #enigma #documental,,1 de septiembre de 2025,0:51,short,,,https://www.youtube.com/watch?v=VlRbzpD8Yn8,https://eldoqmentalista.github.io/v/4-maneras-de-vencer-a-la-muerte-bendicion-shorts-enigma-documental/,,
2245,474,9IuAse3kUK0,La Sal: Un Secreto Milenario en Cada Cristal #shorts #secretos #sal,,1 de septiembre de 2025,0:49,short,,,https://www.youtube.com/watch?v=9IuAse3kUK0,https://eldoqmentalista.github.io/v/la-sal-un-secreto-milenario-en-cada-cristal-shorts-secretos-sal/,,
2246,470,z4tUZmE2Y4s,"Riqeuza en los bolsillos, pobreza en el corazón",,27 de abril de 2024,0:15,short,,Paranormal / Ángeles y demonios / Ocultismo y esoterismo,https://www.youtube.com/watch?v=z4tUZmE2Y4s,https://eldoqmentalista.github.io/v/riqeuza-en-los-bolsillos-pobreza-en-el-corazon/,,
2247,469,DQk9b1nYNoM,El DoQmentalista #shorts - Exploración de Maravillas,,8 de julio de 2023,0:20,short,,Paranormal / Ángeles y demonios / Ocultismo y esoterismo,https://www.youtube.com/watch?v=DQk9b1nYNoM,https://eldoqmentalista.github.io/v/el-doqmentalista-shorts-exploracion-de-maravillas/,,
2248,453,RRPUM71KwkE,Si los humanos evolucionaramos,,27 de abril de 2024,0:46,short,,Paranormal / Ángeles y demonios / Ocultismo y esoterismo,https://www.youtube.com/watch?v=RRPUM71KwkE,https://eldoqmentalista.github.io/v/si-los-humanos-evolucionaramos/,,
2249,453,G2-AxDNldx8,Alquimia - La busqueda de ...,,27 de abril de 2024,0:59,short,,Paranormal / Ángeles y demonios / Ocultismo y esoterismo,https://www.youtube.com/watch?v=G2-AxDNldx8,https://eldoqmentalista.github.io/v/alquimia-la-busqueda-de/,,
2250,447,UDhscUF-vNM,El tesoro del templo del dragón,,27 de abril de 2024,0:24,short,,Paranormal / Ángeles y demonios / Ocultismo y esoterismo,https://www.youtube.com/watch?v=UDhscUF-vNM,https://eldoqmentalista.github.io/v/el-tesoro-del-templo-del-dragon/,,
2251,439,p0KxSlasD_Y,Para ser felices hay que...,,27 de abril de 2024,0:14,short,,Paranormal / Ángeles y demonios / Ocultismo y esoterismo,https://www.youtube.com/watch?v=p0KxSlasD_Y,https://eldoqmentalista.github.io/v/para-ser-felices-hay-que/,,
2252,435,7VRdagB4d-g,El DoQmentalista #shorts - Perspectivas Fascinantes,,8 de julio de 2023,0:20,short,,Paranormal / Ángeles y demonios / Ocultismo y esoterismo,https://www.youtube.com/watch?v=7VRdagB4d-g,https://eldoqmentalista.github.io/v/el-doqmentalista-shorts-perspectivas-fascinantes/,,
2253,429,qtDl5TQoE3s,El DoQmentalista #shorts - Conociendo lo Increíble,,8 de julio de 2023,0:19,short,,Paranormal / Ángeles y demonios / Ocultismo y esoterismo,https://www.youtube.com/watch?v=qtDl5TQoE3s,https://eldoqmentalista.github.io/v/el-doqmentalista-shorts-conociendo-lo-increible/,,
2254,421,5i_Q20rqC0c,Descubre lo inexplicado con El DoQmentalista - Documentales y misterios cautivadores #shorts,,8 de julio de 2023,0:20,short,,Paranormal / Ángeles y demonios / Ocultismo y esoterismo,https://www.youtube.com/watch?v=5i_Q20rqC0c,https://eldoqmentalista.github.io/v/descubre-lo-inexplicado-con-el-doqmentalista-documentales-y-misterios-/,,
2255,418,TwOgJbUdwWc,La tecnologia no acerca y nos aleja,,27 de abril de 2024,0:11,short,,Paranormal / Ocultismo y esoterismo / Ángeles y demonios,https://www.youtube.com/watch?v=TwOgJbUdwWc,https://eldoqmentalista.github.io/v/la-tecnologia-no-acerca-y-nos-aleja/,,
2256,408,d3lsutrrRxw,La ciudad mas poblada del mundo,,27 de abril de 2024,0:54,short,,Paranormal / Ángeles y demonios / Ocultismo y esoterismo,https://www.youtube.com/watch?v=d3lsutrrRxw,https://eldoqmentalista.github.io/v/la-ciudad-mas-poblada-del-mundo/,,
2257,391,LMhIQbqVQuk,Abusos de pacientes en hospitales,,27 de abril de 2024,1:00,short,,Paranormal / Ángeles y demonios / Ocultismo y esoterismo,https://www.youtube.com/watch?v=LMhIQbqVQuk,https://eldoqmentalista.github.io/v/abusos-de-pacientes-en-hospitales/,,
2258,379,esAhuDHSb9s,Los Textos apócrifos,,27 de abril de 2024,0:48,short,,Paranormal / Ángeles y demonios / Misterios de la Biblia,https://www.youtube.com/watch?v=esAhuDHSb9s,https://eldoqmentalista.github.io/v/los-textos-apocrifos/,,
2259,372,7GEGl3G6WHQ,Derramar Sal: ¿Mala Suerte o Protección Mágica? #shorts #secretos #sal,,1 de septiembre de 2025,1:37,short,,Protección espiritual,https://www.youtube.com/watch?v=7GEGl3G6WHQ,https://eldoqmentalista.github.io/v/derramar-sal-mala-suerte-o-proteccion-magica-shorts-secretos-sal/,,
2260,360,2NEeEXBBavQ,Descubre el Poder Mágico y Místico de la Sal #shorts #secretos #sal,,1 de septiembre de 2025,0:48,short,,,https://www.youtube.com/watch?v=2NEeEXBBavQ,https://eldoqmentalista.github.io/v/descubre-el-poder-magico-y-mistico-de-la-sal-shorts-secretos-sal/,,
2261,347,-UaZuzWF37o,Enoch: Caminar con Dios para Vencer a Muerte #shorts #enigma #documental,,1 de septiembre de 2025,1:57,short,,,https://www.youtube.com/watch?v=-UaZuzWF37o,https://eldoqmentalista.github.io/v/enoch-caminar-con-dios-para-vencer-a-muerte-shorts-enigma-documental/,,
2262,341,_yPhnqTk9LA,Sal Negra: El Secreto Más Oscuro de la Brujería #shorts #secretos #sal,,1 de septiembre de 2025,1:59,short,,,https://www.youtube.com/watch?v=_yPhnqTk9LA,https://eldoqmentalista.github.io/v/sal-negra-el-secreto-mas-oscuro-de-la-brujeria-shorts-secretos-sal/,,
2263,336,Yj3F6kTL7j0,Tu Yo Del Futuro,,27 de abril de 2024,0:13,short,,Paranormal / Ángeles y demonios / Ocultismo y esoterismo,https://www.youtube.com/watch?v=Yj3F6kTL7j0,https://eldoqmentalista.github.io/v/tu-yo-del-futuro/,,
2264,325,hJHwWxKL0LI,El DoQmentalista - Explorando los secretos del mundo #shorts #youtube,,8 de julio de 2023,0:20,short,,Paranormal / Ángeles y demonios / Ocultismo y esoterismo,https://www.youtube.com/watch?v=hJHwWxKL0LI,https://eldoqmentalista.github.io/v/el-doqmentalista-explorando-los-secretos-del-mundo-shorts-youtube/,,
2265,305,HoELgx_kOPc,Limpia tu Casa de Energías Negativas con Sal #shorts #secretos #sal,,1 de septiembre de 2025,1:08,short,,,https://www.youtube.com/watch?v=HoELgx_kOPc,https://eldoqmentalista.github.io/v/limpia-tu-casa-de-energias-negativas-con-sal-shorts-secretos-sal/,,
2266,262,ibnzAxBDeN4,Feng Shui: Equilibra la Energía de tu Hogar con Sal #shorts #secretos #sal,,1 de septiembre de 2025,0:55,short,,,https://www.youtube.com/watch?v=ibnzAxBDeN4,https://eldoqmentalista.github.io/v/feng-shui-equilibra-la-energia-de-tu-hogar-con-sal-shorts-secretos-sal/,,
2267,240,8AIDsq11Rmk,La Sal: Un Símbolo Sagrado en la Biblia y la Iglesia #shorts #secretos #sal,,1 de septiembre de 2025,1:45,short,,Misterios de la Biblia / Vaticano e Iglesia,https://www.youtube.com/watch?v=8AIDsq11Rmk,https://eldoqmentalista.github.io/v/la-sal-un-simbolo-sagrado-en-la-biblia-y-la-iglesia-shorts-secretos-sa/,,
2268,0,J3kT_INaA-0,Caceria de #extraterrestres por #donaldtrump,,12 de agosto de 2026,2:07,short,,Extraterrestres y OVNIs,https://www.youtube.com/watch?v=J3kT_INaA-0,https://eldoqmentalista.github.io/v/caceria-de-extraterrestres-por-donaldtrump/,,
